date,hour,department,demand
2026-08-19 01:00:00,1,ADMISSION,0.2615446599963168
2026-08-19 01:00:00,1,ANAESTHESIA,0.0004894227732387
2026-08-19 01:00:00,1,Audiology,0.0061726256108759
2026-08-19 01:00:00,1,CARDIOLOGY,0.0004894227732387
2026-08-19 01:00:00,1,CASUALTY,0.0294735180883501
2026-08-19 01:00:00,1,CHRONIC CARE CLINIC (DM/HTN/TB/CCC),1.7688309738133832
2026-08-19 01:00:00,1,DAYCASE,0.2544502631486973
2026-08-19 01:00:00,1,DENTAL,0.977934026511606
2026-08-19 01:00:00,1,DIABETIC CLINIC,0.0004894227732387
2026-08-19 01:00:00,1,EYE CLINIC,0.2959822979442676
2026-08-19 01:00:00,1,FAMILY CLINIC,0.0004629283637439
2026-08-19 01:00:00,1,FAMILY MEDICINE,0.0013855107639608
2026-08-19 01:00:00,1,GENERAL OPD ,14.860156418113789
2026-08-19 01:00:00,1,Gen Surg OPD,0.1921297053389657
2026-08-19 01:00:00,1,Gynae OPD,0.0004629283637439
2026-08-19 01:00:00,1,HTS,0.0004894227732387
2026-08-19 01:00:00,1,MATERNITY NURSERY,0.0004894227732387
2026-08-19 01:00:00,1,MCH,2.050101934774731
2026-08-19 01:00:00,1,MEB PHYSIOTHERAPY,0.0004894227732387
2026-08-19 01:00:00,1,MEB SPECIALITY CLINIC,0.3855876842689798
2026-08-19 01:00:00,1,MENTAL HEALTH,0.0004894227732387
2026-08-19 01:00:00,1,MORGUE,0.0004894227732387
2026-08-19 01:00:00,1,NEURO SURGERY CONSULTATION,0.0004894227732387
2026-08-19 01:00:00,1,NEUROSURGERY,0.4626460727109118
2026-08-19 01:00:00,1,NUTRITION,0.2298222050839471
2026-08-19 01:00:00,1,OCCUPATIONAL THERAPY,0.0069548646124112
2026-08-19 01:00:00,1,OHNS,0.3236242578466051
2026-08-19 01:00:00,1,ONCOLOGY,2.3677947652571825
2026-08-19 01:00:00,1,Ortho OPD,0.1878390154285438
2026-08-19 01:00:00,1,PAEDS,0.0004894227732387
2026-08-19 01:00:00,1,PAEDS BKKH,2.645506989212941
2026-08-19 01:00:00,1,PALLIATIVE,0.0020570316176379
2026-08-19 01:00:00,1,PATHOLOGY,0.0004894227732387
2026-08-19 01:00:00,1,PEDIATRIC NEUROLOGY,0.0004894227732387
2026-08-19 01:00:00,1,PHYSIOTHERAPY,0.517037481624327
2026-08-19 01:00:00,1,PRIVATE CLINIC,0.3875243098707266
2026-08-19 01:00:00,1,PSYCHOLOGY,0.3414255926834205
2026-08-19 01:00:00,1,RENAL,0.0
2026-08-19 01:00:00,1,RESPIRATORY CENTER,0.0004894227732387
2026-08-19 01:00:00,1,SPECIALITY CLINIC,1.485598111095304
2026-08-19 01:00:00,1,TELEMEDICINE,0.0054990678675711
2026-08-19 02:00:00,2,ADMISSION,0.6698418265460968
2026-08-19 02:00:00,2,ANAESTHESIA,0.1928485619457723
2026-08-19 02:00:00,2,Audiology,0.1038478758984408
2026-08-19 02:00:00,2,CARDIOLOGY,0.1273816414501629
2026-08-19 02:00:00,2,CASUALTY,0.093131865803844
2026-08-19 02:00:00,2,CHRONIC CARE CLINIC (DM/HTN/TB/CCC),0.0
2026-08-19 02:00:00,2,DAYCASE,0.1700191858585885
2026-08-19 02:00:00,2,DENTAL,0.279882178081217
2026-08-19 02:00:00,2,DIABETIC CLINIC,0.1273816414501629
2026-08-19 02:00:00,2,EYE CLINIC,0.2866173887836042
2026-08-19 02:00:00,2,FAMILY CLINIC,0.1273551470406681
2026-08-19 02:00:00,2,FAMILY MEDICINE,0.1315016050780292
2026-08-19 02:00:00,2,GENERAL OPD ,15.920413545903443
2026-08-19 02:00:00,2,Gen Surg OPD,0.2019040645967251
2026-08-19 02:00:00,2,Gynae OPD,0.1273551470406681
2026-08-19 02:00:00,2,HTS,0.1928485619457723
2026-08-19 02:00:00,2,MATERNITY NURSERY,0.1273816414501629
2026-08-19 02:00:00,2,MCH,0.0
2026-08-19 02:00:00,2,MEB PHYSIOTHERAPY,0.1928485619457723
2026-08-19 02:00:00,2,MEB SPECIALITY CLINIC,0.4722063552833204
2026-08-19 02:00:00,2,MENTAL HEALTH,0.1928485619457723
2026-08-19 02:00:00,2,MORGUE,0.1928485619457723
2026-08-19 02:00:00,2,NEURO SURGERY CONSULTATION,0.1273816414501629
2026-08-19 02:00:00,2,NEUROSURGERY,0.4557053610564014
2026-08-19 02:00:00,2,NUTRITION,0.2477046608430265
2026-08-19 02:00:00,2,OCCUPATIONAL THERAPY,0.1238996389212164
2026-08-19 02:00:00,2,OHNS,0.2995263996410194
2026-08-19 02:00:00,2,ONCOLOGY,1.4492767164037623
2026-08-19 02:00:00,2,Ortho OPD,0.1784689388827328
2026-08-19 02:00:00,2,PAEDS,0.1928485619457723
2026-08-19 02:00:00,2,PAEDS BKKH,2.69399462626732
2026-08-19 02:00:00,2,PALLIATIVE,0.073687960571217
2026-08-19 02:00:00,2,PATHOLOGY,0.1928485619457723
2026-08-19 02:00:00,2,PEDIATRIC NEUROLOGY,0.1928485619457723
2026-08-19 02:00:00,2,PHYSIOTHERAPY,0.5019359128924037
2026-08-19 02:00:00,2,PRIVATE CLINIC,0.2620000517279495
2026-08-19 02:00:00,2,PSYCHOLOGY,0.3159123675189401
2026-08-19 02:00:00,2,RENAL,0.0
2026-08-19 02:00:00,2,RESPIRATORY CENTER,0.1928485619457723
2026-08-19 02:00:00,2,SPECIALITY CLINIC,0.6995732213313602
2026-08-19 02:00:00,2,TELEMEDICINE,0.123249266416378
2026-08-19 03:00:00,3,ADMISSION,0.6955448083990432
2026-08-19 03:00:00,3,ANAESTHESIA,0.1928485619457723
2026-08-19 03:00:00,3,Audiology,0.1038478758984408
2026-08-19 03:00:00,3,CARDIOLOGY,0.1273816414501629
2026-08-19 03:00:00,3,CASUALTY,0.0897838111976226
2026-08-19 03:00:00,3,CHRONIC CARE CLINIC (DM/HTN/TB/CCC),0.7597137739523635
2026-08-19 03:00:00,3,DAYCASE,0.1700191858585885
2026-08-19 03:00:00,3,DENTAL,0.2706161194276859
2026-08-19 03:00:00,3,DIABETIC CLINIC,0.1273816414501629
2026-08-19 03:00:00,3,EYE CLINIC,0.229172162841928
2026-08-19 03:00:00,3,FAMILY CLINIC,0.1273551470406681
2026-08-19 03:00:00,3,FAMILY MEDICINE,0.1315016050780292
2026-08-19 03:00:00,3,GENERAL OPD ,16.546626429650857
2026-08-19 03:00:00,3,Gen Surg OPD,0.2054893955894842
2026-08-19 03:00:00,3,Gynae OPD,0.1273551470406681
2026-08-19 03:00:00,3,HTS,0.1928485619457723
2026-08-19 03:00:00,3,MATERNITY NURSERY,0.1273816414501629
2026-08-19 03:00:00,3,MCH,0.3838842116037135
2026-08-19 03:00:00,3,MEB PHYSIOTHERAPY,0.1928485619457723
2026-08-19 03:00:00,3,MEB SPECIALITY CLINIC,0.4722063552833204
2026-08-19 03:00:00,3,MENTAL HEALTH,0.1928485619457723
2026-08-19 03:00:00,3,MORGUE,0.1928485619457723
2026-08-19 03:00:00,3,NEURO SURGERY CONSULTATION,0.1273816414501629
2026-08-19 03:00:00,3,NEUROSURGERY,0.4557053610564014
2026-08-19 03:00:00,3,NUTRITION,0.136027417535232
2026-08-19 03:00:00,3,OCCUPATIONAL THERAPY,0.1238996389212164
2026-08-19 03:00:00,3,OHNS,0.2995263996410194
2026-08-19 03:00:00,3,ONCOLOGY,2.1171437668195456
2026-08-19 03:00:00,3,Ortho OPD,0.0667916955749388
2026-08-19 03:00:00,3,PAEDS,0.1928485619457723
2026-08-19 03:00:00,3,PAEDS BKKH,1.9520532317975816
2026-08-19 03:00:00,3,PALLIATIVE,0.073687960571217
2026-08-19 03:00:00,3,PATHOLOGY,0.1928485619457723
2026-08-19 03:00:00,3,PEDIATRIC NEUROLOGY,0.1928485619457723
2026-08-19 03:00:00,3,PHYSIOTHERAPY,0.5019359128924037
2026-08-19 03:00:00,3,PRIVATE CLINIC,0.2620000517279495
2026-08-19 03:00:00,3,PSYCHOLOGY,0.3159123675189401
2026-08-19 03:00:00,3,RENAL,0.0
2026-08-19 03:00:00,3,RESPIRATORY CENTER,0.1928485619457723
2026-08-19 03:00:00,3,SPECIALITY CLINIC,0.7422505205566168
2026-08-19 03:00:00,3,TELEMEDICINE,0.123249266416378
2026-08-19 04:00:00,4,ADMISSION,0.4919233485012941
2026-08-19 04:00:00,4,ANAESTHESIA,0.1950979642073707
2026-08-19 04:00:00,4,Audiology,0.0899785274362138
2026-08-19 04:00:00,4,CARDIOLOGY,0.1296310437117612
2026-08-19 04:00:00,4,CASUALTY,0.092033213459221
2026-08-19 04:00:00,4,CHRONIC CARE CLINIC (DM/HTN/TB/CCC),0.4375928692699968
2026-08-19 04:00:00,4,DAYCASE,0.1719957909534177
2026-08-19 04:00:00,4,DENTAL,0.300160980492892
2026-08-19 04:00:00,4,DIABETIC CLINIC,0.1296310437117612
2026-08-19 04:00:00,4,EYE CLINIC,0.2874856790517342
2026-08-19 04:00:00,4,FAMILY CLINIC,0.1296045493022664
2026-08-19 04:00:00,4,FAMILY MEDICINE,0.1337510073396275
2026-08-19 04:00:00,4,GENERAL OPD ,18.925233296985542
2026-08-19 04:00:00,4,Gen Surg OPD,0.1044598743387757
2026-08-19 04:00:00,4,Gynae OPD,0.1296045493022664
2026-08-19 04:00:00,4,HTS,0.1950979642073707
2026-08-19 04:00:00,4,MATERNITY NURSERY,0.1296310437117612
2026-08-19 04:00:00,4,MCH,0.1106205769223138
2026-08-19 04:00:00,4,MEB PHYSIOTHERAPY,0.1950979642073707
2026-08-19 04:00:00,4,MEB SPECIALITY CLINIC,0.7360830991627869
2026-08-19 04:00:00,4,MENTAL HEALTH,0.1950979642073707
2026-08-19 04:00:00,4,MORGUE,0.1950979642073707
2026-08-19 04:00:00,4,NEURO SURGERY CONSULTATION,0.1296310437117612
2026-08-19 04:00:00,4,NEUROSURGERY,0.3661170899049194
2026-08-19 04:00:00,4,NUTRITION,0.1221580690730052
2026-08-19 04:00:00,4,OCCUPATIONAL THERAPY,0.1100302904589896
2026-08-19 04:00:00,4,OHNS,0.2179542296493382
2026-08-19 04:00:00,4,ONCOLOGY,0.0
2026-08-19 04:00:00,4,Ortho OPD,0.0690410978365372
2026-08-19 04:00:00,4,PAEDS,0.1950979642073707
2026-08-19 04:00:00,4,PAEDS BKKH,0.8343959951791706
2026-08-19 04:00:00,4,PALLIATIVE,0.0759373628328153
2026-08-19 04:00:00,4,PATHOLOGY,0.1950979642073707
2026-08-19 04:00:00,4,PEDIATRIC NEUROLOGY,0.1950979642073707
2026-08-19 04:00:00,4,PHYSIOTHERAPY,0.485017494541731
2026-08-19 04:00:00,4,PRIVATE CLINIC,0.1659238147881896
2026-08-19 04:00:00,4,PSYCHOLOGY,0.1649444830742418
2026-08-19 04:00:00,4,RENAL,0.1466189883218611
2026-08-19 04:00:00,4,RESPIRATORY CENTER,0.1950979642073707
2026-08-19 04:00:00,4,SPECIALITY CLINIC,0.9177795912852132
2026-08-19 04:00:00,4,TELEMEDICINE,0.1254986686779763
2026-08-19 05:00:00,5,ADMISSION,0.4892782134336932
2026-08-19 05:00:00,5,ANAESTHESIA,0.1851099421568054
2026-08-19 05:00:00,5,Audiology,0.1024774015027751
2026-08-19 05:00:00,5,CARDIOLOGY,0.1196430216611959
2026-08-19 05:00:00,5,CASUALTY,0.1120509851365147
2026-08-19 05:00:00,5,CHRONIC CARE CLINIC (DM/HTN/TB/CCC),0.3934325170249089
2026-08-19 05:00:00,5,DAYCASE,0.1563015832674348
2026-08-19 05:00:00,5,DENTAL,0.1637350907126578
2026-08-19 05:00:00,5,DIABETIC CLINIC,0.1196430216611959
2026-08-19 05:00:00,5,EYE CLINIC,0.3087425739791061
2026-08-19 05:00:00,5,FAMILY CLINIC,0.1196165272517011
2026-08-19 05:00:00,5,FAMILY MEDICINE,0.1237629852890622
2026-08-19 05:00:00,5,GENERAL OPD ,19.164699277129948
2026-08-19 05:00:00,5,Gen Surg OPD,0.1406165503711623
2026-08-19 05:00:00,5,Gynae OPD,0.1196165272517011
2026-08-19 05:00:00,5,HTS,0.1851099421568054
2026-08-19 05:00:00,5,MATERNITY NURSERY,0.1196430216611959
2026-08-19 05:00:00,5,MCH,0.0
2026-08-19 05:00:00,5,MEB PHYSIOTHERAPY,0.1851099421568054
2026-08-19 05:00:00,5,MEB SPECIALITY CLINIC,1.6630043047671643
2026-08-19 05:00:00,5,MENTAL HEALTH,0.1851099421568054
2026-08-19 05:00:00,5,MORGUE,0.1851099421568054
2026-08-19 05:00:00,5,NEURO SURGERY CONSULTATION,0.1196430216611959
2026-08-19 05:00:00,5,NEUROSURGERY,0.4662532782661156
2026-08-19 05:00:00,5,NUTRITION,0.1034573484510216
2026-08-19 05:00:00,5,OCCUPATIONAL THERAPY,0.0964645453700302
2026-08-19 05:00:00,5,OHNS,0.218306099676605
2026-08-19 05:00:00,5,ONCOLOGY,1.5033109446836803
2026-08-19 05:00:00,5,Ortho OPD,0.059053075785972
2026-08-19 05:00:00,5,PAEDS,0.1851099421568054
2026-08-19 05:00:00,5,PAEDS BKKH,2.042272299341473
2026-08-19 05:00:00,5,PALLIATIVE,0.06594934078225
2026-08-19 05:00:00,5,PATHOLOGY,0.1851099421568054
2026-08-19 05:00:00,5,PEDIATRIC NEUROLOGY,0.1851099421568054
2026-08-19 05:00:00,5,PHYSIOTHERAPY,0.3163511214948497
2026-08-19 05:00:00,5,PRIVATE CLINIC,0.1931938260512854
2026-08-19 05:00:00,5,PSYCHOLOGY,0.1598416231535854
2026-08-19 05:00:00,5,RENAL,0.4501647008017257
2026-08-19 05:00:00,5,RESPIRATORY CENTER,0.1851099421568054
2026-08-19 05:00:00,5,SPECIALITY CLINIC,1.7209246336022022
2026-08-19 05:00:00,5,TELEMEDICINE,0.1164447788863864
2026-08-19 06:00:00,6,ADMISSION,0.8963752022477238
2026-08-19 06:00:00,6,ANAESTHESIA,0.2927591160738241
2026-08-19 06:00:00,6,Audiology,0.1883848492181876
2026-08-19 06:00:00,6,CARDIOLOGY,0.2272921955782146
2026-08-19 06:00:00,6,CASUALTY,0.1816663397362828
2026-08-19 06:00:00,6,CHRONIC CARE CLINIC (DM/HTN/TB/CCC),1.5863470900993633
2026-08-19 06:00:00,6,DAYCASE,0.3152064744826304
2026-08-19 06:00:00,6,DENTAL,0.6944426336255166
2026-08-19 06:00:00,6,DIABETIC CLINIC,0.2272921955782146
2026-08-19 06:00:00,6,EYE CLINIC,0.4358281093648884
2026-08-19 06:00:00,6,FAMILY CLINIC,0.2272657011687198
2026-08-19 06:00:00,6,FAMILY MEDICINE,0.2272835684246399
2026-08-19 06:00:00,6,GENERAL OPD ,18.860726997926577
2026-08-19 06:00:00,6,Gen Surg OPD,0.2663398301309505
2026-08-19 06:00:00,6,Gynae OPD,0.2272657011687198
2026-08-19 06:00:00,6,HTS,0.2927591160738241
2026-08-19 06:00:00,6,MATERNITY NURSERY,0.2272921955782146
2026-08-19 06:00:00,6,MCH,0.3593255691216061
2026-08-19 06:00:00,6,MEB PHYSIOTHERAPY,0.2927591160738241
2026-08-19 06:00:00,6,MEB SPECIALITY CLINIC,3.1001971176940746
2026-08-19 06:00:00,6,MENTAL HEALTH,0.2927591160738241
2026-08-19 06:00:00,6,MORGUE,0.2927591160738241
2026-08-19 06:00:00,6,NEURO SURGERY CONSULTATION,0.2272921955782146
2026-08-19 06:00:00,6,NEUROSURGERY,0.847745718399453
2026-08-19 06:00:00,6,NUTRITION,0.1925332199157868
2026-08-19 06:00:00,6,OCCUPATIONAL THERAPY,0.2416544118380356
2026-08-19 06:00:00,6,OHNS,0.4956546764010749
2026-08-19 06:00:00,6,ONCOLOGY,2.641024252928902
2026-08-19 06:00:00,6,Ortho OPD,0.1414341644497072
2026-08-19 06:00:00,6,PAEDS,0.2927591160738241
2026-08-19 06:00:00,6,PAEDS BKKH,3.6803627946607183
2026-08-19 06:00:00,6,PALLIATIVE,0.1736339604682787
2026-08-19 06:00:00,6,PATHOLOGY,0.2927591160738241
2026-08-19 06:00:00,6,PEDIATRIC NEUROLOGY,0.2927591160738241
2026-08-19 06:00:00,6,PHYSIOTHERAPY,0.6325765223122274
2026-08-19 06:00:00,6,PRIVATE CLINIC,0.2927777177372784
2026-08-19 06:00:00,6,PSYCHOLOGY,0.2755337803773048
2026-08-19 06:00:00,6,RENAL,0.7703666683231468
2026-08-19 06:00:00,6,RESPIRATORY CENTER,0.2927591160738241
2026-08-19 06:00:00,6,SPECIALITY CLINIC,3.204364604051399
2026-08-19 06:00:00,6,TELEMEDICINE,0.1988258675501219
2026-08-19 07:00:00,7,ADMISSION,1.5171269394200022
2026-08-19 07:00:00,7,ANAESTHESIA,0.3005777475689484
2026-08-19 07:00:00,7,Audiology,0.3348321930617866
2026-08-19 07:00:00,7,CARDIOLOGY,0.235110827073339
2026-08-19 07:00:00,7,CASUALTY,0.2621693302403542
2026-08-19 07:00:00,7,CHRONIC CARE CLINIC (DM/HTN/TB/CCC),3.114919739496224
2026-08-19 07:00:00,7,DAYCASE,0.7491911296005035
2026-08-19 07:00:00,7,DENTAL,1.492680708531111
2026-08-19 07:00:00,7,DIABETIC CLINIC,0.235110827073339
2026-08-19 07:00:00,7,EYE CLINIC,1.2232711327778525
2026-08-19 07:00:00,7,FAMILY CLINIC,0.2350843326638442
2026-08-19 07:00:00,7,FAMILY MEDICINE,0.2351021999197643
2026-08-19 07:00:00,7,GENERAL OPD ,20.80559993798721
2026-08-19 07:00:00,7,Gen Surg OPD,0.8035482281812084
2026-08-19 07:00:00,7,Gynae OPD,0.2350843326638442
2026-08-19 07:00:00,7,HTS,0.3005777475689484
2026-08-19 07:00:00,7,MATERNITY NURSERY,0.235110827073339
2026-08-19 07:00:00,7,MCH,1.7752389696472446
2026-08-19 07:00:00,7,MEB PHYSIOTHERAPY,0.3005777475689484
2026-08-19 07:00:00,7,MEB SPECIALITY CLINIC,6.820621212656925
2026-08-19 07:00:00,7,MENTAL HEALTH,0.3005777475689484
2026-08-19 07:00:00,7,MORGUE,0.3005777475689484
2026-08-19 07:00:00,7,NEURO SURGERY CONSULTATION,0.235110827073339
2026-08-19 07:00:00,7,NEUROSURGERY,1.461930906114611
2026-08-19 07:00:00,7,NUTRITION,0.2556792964526722
2026-08-19 07:00:00,7,OCCUPATIONAL THERAPY,0.4541273632973395
2026-08-19 07:00:00,7,OHNS,1.4193683972693596
2026-08-19 07:00:00,7,ONCOLOGY,6.608553310000251
2026-08-19 07:00:00,7,Ortho OPD,0.149943969011236
2026-08-19 07:00:00,7,PAEDS,0.3005777475689484
2026-08-19 07:00:00,7,PAEDS BKKH,6.4945420555418725
2026-08-19 07:00:00,7,PALLIATIVE,0.1821437650298076
2026-08-19 07:00:00,7,PATHOLOGY,0.3005777475689484
2026-08-19 07:00:00,7,PEDIATRIC NEUROLOGY,0.3005777475689484
2026-08-19 07:00:00,7,PHYSIOTHERAPY,1.538899539051274
2026-08-19 07:00:00,7,PRIVATE CLINIC,0.9001158011971384
2026-08-19 07:00:00,7,PSYCHOLOGY,0.3892954231372071
2026-08-19 07:00:00,7,RENAL,2.4531331398660203
2026-08-19 07:00:00,7,RESPIRATORY CENTER,0.3005777475689484
2026-08-19 07:00:00,7,SPECIALITY CLINIC,7.516690539074492
2026-08-19 07:00:00,7,TELEMEDICINE,0.2280713756857404
2026-08-19 08:00:00,8,ADMISSION,2.8611039153770914
2026-08-19 08:00:00,8,ANAESTHESIA,0.347955883146599
2026-08-19 08:00:00,8,Audiology,0.5826998914731932
2026-08-19 08:00:00,8,CARDIOLOGY,0.2784500630110639
2026-08-19 08:00:00,8,CASUALTY,0.5072317877911952
2026-08-19 08:00:00,8,CHRONIC CARE CLINIC (DM/HTN/TB/CCC),8.268817146977703
2026-08-19 08:00:00,8,DAYCASE,1.2824810138019296
2026-08-19 08:00:00,8,DENTAL,3.5768513555266788
2026-08-19 08:00:00,8,DIABETIC CLINIC,0.2784500630110639
2026-08-19 08:00:00,8,EYE CLINIC,2.2616526101384844
2026-08-19 08:00:00,8,FAMILY CLINIC,0.2815303153888128
2026-08-19 08:00:00,8,FAMILY MEDICINE,0.2833374795909667
2026-08-19 08:00:00,8,GENERAL OPD ,24.369553976200425
2026-08-19 08:00:00,8,Gen Surg OPD,1.1617933153854425
2026-08-19 08:00:00,8,Gynae OPD,0.2815303153888128
2026-08-19 08:00:00,8,HTS,0.347955883146599
2026-08-19 08:00:00,8,MATERNITY NURSERY,0.2784500630110639
2026-08-19 08:00:00,8,MCH,7.464434455251667
2026-08-19 08:00:00,8,MEB PHYSIOTHERAPY,0.347955883146599
2026-08-19 08:00:00,8,MEB SPECIALITY CLINIC,10.97824670782512
2026-08-19 08:00:00,8,MENTAL HEALTH,0.347955883146599
2026-08-19 08:00:00,8,MORGUE,0.347955883146599
2026-08-19 08:00:00,8,NEURO SURGERY CONSULTATION,0.2784500630110639
2026-08-19 08:00:00,8,NEUROSURGERY,1.832956041757027
2026-08-19 08:00:00,8,NUTRITION,0.4462500218699661
2026-08-19 08:00:00,8,OCCUPATIONAL THERAPY,0.5425443706935692
2026-08-19 08:00:00,8,OHNS,2.918051563532838
2026-08-19 08:00:00,8,ONCOLOGY,11.69449193227721
2026-08-19 08:00:00,8,Ortho OPD,0.2736110671747057
2026-08-19 08:00:00,8,PAEDS,0.347955883146599
2026-08-19 08:00:00,8,PAEDS BKKH,10.761275007829871
2026-08-19 08:00:00,8,PALLIATIVE,0.2721283626954831
2026-08-19 08:00:00,8,PATHOLOGY,0.347955883146599
2026-08-19 08:00:00,8,PEDIATRIC NEUROLOGY,0.347955883146599
2026-08-19 08:00:00,8,PHYSIOTHERAPY,2.9977729185415574
2026-08-19 08:00:00,8,PRIVATE CLINIC,1.442255060245195
2026-08-19 08:00:00,8,PSYCHOLOGY,0.5991466506521114
2026-08-19 08:00:00,8,RENAL,5.656518279403273
2026-08-19 08:00:00,8,RESPIRATORY CENTER,0.347955883146599
2026-08-19 08:00:00,8,SPECIALITY CLINIC,11.05755263744981
2026-08-19 08:00:00,8,TELEMEDICINE,0.408012232272422
2026-08-19 09:00:00,9,ADMISSION,3.543556593324854
2026-08-19 09:00:00,9,ANAESTHESIA,0.3458732763056948
2026-08-19 09:00:00,9,Audiology,0.5228433459919675
2026-08-19 09:00:00,9,CARDIOLOGY,0.2763674561701598
2026-08-19 09:00:00,9,CASUALTY,0.5274213154235323
2026-08-19 09:00:00,9,CHRONIC CARE CLINIC (DM/HTN/TB/CCC),8.53156346447594
2026-08-19 09:00:00,9,DAYCASE,1.4398405353122108
2026-08-19 09:00:00,9,DENTAL,5.386220659083512
2026-08-19 09:00:00,9,DIABETIC CLINIC,0.2763674561701598
2026-08-19 09:00:00,9,EYE CLINIC,2.2176910004122594
2026-08-19 09:00:00,9,FAMILY CLINIC,0.2794477085479086
2026-08-19 09:00:00,9,FAMILY MEDICINE,0.2812548727500625
2026-08-19 09:00:00,9,GENERAL OPD ,26.65548874213804
2026-08-19 09:00:00,9,Gen Surg OPD,1.1319583635105146
2026-08-19 09:00:00,9,Gynae OPD,0.2794477085479086
2026-08-19 09:00:00,9,HTS,0.3458732763056948
2026-08-19 09:00:00,9,MATERNITY NURSERY,0.2763674561701598
2026-08-19 09:00:00,9,MCH,7.555717770682405
2026-08-19 09:00:00,9,MEB PHYSIOTHERAPY,0.3458732763056948
2026-08-19 09:00:00,9,MEB SPECIALITY CLINIC,6.805968204615359
2026-08-19 09:00:00,9,MENTAL HEALTH,0.3458732763056948
2026-08-19 09:00:00,9,MORGUE,0.3458732763056948
2026-08-19 09:00:00,9,NEURO SURGERY CONSULTATION,0.2763674561701598
2026-08-19 09:00:00,9,NEUROSURGERY,2.4949596534327205
2026-08-19 09:00:00,9,NUTRITION,0.4219858642451332
2026-08-19 09:00:00,9,OCCUPATIONAL THERAPY,0.5073388964850318
2026-08-19 09:00:00,9,OHNS,2.9439407875186374
2026-08-19 09:00:00,9,ONCOLOGY,7.451480308647889
2026-08-19 09:00:00,9,Ortho OPD,0.2715284603338015
2026-08-19 09:00:00,9,PAEDS,0.3458732763056948
2026-08-19 09:00:00,9,PAEDS BKKH,7.778368230619344
2026-08-19 09:00:00,9,PALLIATIVE,0.2700457558545789
2026-08-19 09:00:00,9,PATHOLOGY,0.3458732763056948
2026-08-19 09:00:00,9,PEDIATRIC NEUROLOGY,0.3458732763056948
2026-08-19 09:00:00,9,PHYSIOTHERAPY,2.3495296361846774
2026-08-19 09:00:00,9,PRIVATE CLINIC,1.2388378156497877
2026-08-19 09:00:00,9,PSYCHOLOGY,0.5373245317705563
2026-08-19 09:00:00,9,RENAL,0.8624015423955058
2026-08-19 09:00:00,9,RESPIRATORY CENTER,0.3458732763056948
2026-08-19 09:00:00,9,SPECIALITY CLINIC,7.127009846427867
2026-08-19 09:00:00,9,TELEMEDICINE,0.4061069247061022
2026-08-19 10:00:00,10,ADMISSION,3.431500478818059
2026-08-19 10:00:00,10,ANAESTHESIA,0.2210401413960455
2026-08-19 10:00:00,10,Audiology,0.2981438087287537
2026-08-19 10:00:00,10,CARDIOLOGY,0.1515343212605105
2026-08-19 10:00:00,10,CASUALTY,0.4095245817012953
2026-08-19 10:00:00,10,CHRONIC CARE CLINIC (DM/HTN/TB/CCC),6.419834555684877
2026-08-19 10:00:00,10,DAYCASE,1.2529011028957473
2026-08-19 10:00:00,10,DENTAL,4.155221682655082
2026-08-19 10:00:00,10,DIABETIC CLINIC,0.1515343212605105
2026-08-19 10:00:00,10,EYE CLINIC,1.34671606521388
2026-08-19 10:00:00,10,FAMILY CLINIC,0.15211056736
2026-08-19 10:00:00,10,FAMILY MEDICINE,0.1500936998071851
2026-08-19 10:00:00,10,GENERAL OPD ,16.94802574277739
2026-08-19 10:00:00,10,Gen Surg OPD,0.7477659376596918
2026-08-19 10:00:00,10,Gynae OPD,0.15211056736
2026-08-19 10:00:00,10,HTS,0.2210401413960455
2026-08-19 10:00:00,10,MATERNITY NURSERY,0.1515343212605105
2026-08-19 10:00:00,10,MCH,7.126176184802763
2026-08-19 10:00:00,10,MEB PHYSIOTHERAPY,0.2210401413960455
2026-08-19 10:00:00,10,MEB SPECIALITY CLINIC,3.16647065450477
2026-08-19 10:00:00,10,MENTAL HEALTH,0.2210401413960455
2026-08-19 10:00:00,10,MORGUE,0.2210401413960455
2026-08-19 10:00:00,10,NEURO SURGERY CONSULTATION,0.1515343212605105
2026-08-19 10:00:00,10,NEUROSURGERY,2.1568625436840163
2026-08-19 10:00:00,10,NUTRITION,0.2433608123685941
2026-08-19 10:00:00,10,OCCUPATIONAL THERAPY,0.4574952887507239
2026-08-19 10:00:00,10,OHNS,2.069148946825095
2026-08-19 10:00:00,10,ONCOLOGY,3.439661421105626
2026-08-19 10:00:00,10,Ortho OPD,0.1403672873909242
2026-08-19 10:00:00,10,PAEDS,0.2210401413960455
2026-08-19 10:00:00,10,PAEDS BKKH,4.46828881272966
2026-08-19 10:00:00,10,PALLIATIVE,0.1388845829117016
2026-08-19 10:00:00,10,PATHOLOGY,0.2210401413960455
2026-08-19 10:00:00,10,PEDIATRIC NEUROLOGY,0.2210401413960455
2026-08-19 10:00:00,10,PHYSIOTHERAPY,1.4214854087262194
2026-08-19 10:00:00,10,PRIVATE CLINIC,0.7055112257004941
2026-08-19 10:00:00,10,PSYCHOLOGY,0.4779523365192439
2026-08-19 10:00:00,10,RENAL,0.5869458933678013
2026-08-19 10:00:00,10,RESPIRATORY CENTER,0.2210401413960455
2026-08-19 10:00:00,10,SPECIALITY CLINIC,3.677196168534802
2026-08-19 10:00:00,10,TELEMEDICINE,0.2749457517632253
2026-08-19 11:00:00,11,ADMISSION,3.3166062889890227
2026-08-19 11:00:00,11,ANAESTHESIA,0.2211277506437843
2026-08-19 11:00:00,11,Audiology,0.2912564733181413
2026-08-19 11:00:00,11,CARDIOLOGY,0.1516219305082493
2026-08-19 11:00:00,11,CASUALTY,0.3037201383048515
2026-08-19 11:00:00,11,CHRONIC CARE CLINIC (DM/HTN/TB/CCC),5.333062078991267
2026-08-19 11:00:00,11,DAYCASE,1.2822928285993345
2026-08-19 11:00:00,11,DENTAL,2.3206795424024054
2026-08-19 11:00:00,11,DIABETIC CLINIC,0.1516219305082493
2026-08-19 11:00:00,11,EYE CLINIC,1.1539378985694424
2026-08-19 11:00:00,11,FAMILY CLINIC,0.1521981766077388
2026-08-19 11:00:00,11,FAMILY MEDICINE,0.1501813090549239
2026-08-19 11:00:00,11,GENERAL OPD ,12.977765987783366
2026-08-19 11:00:00,11,Gen Surg OPD,0.6556385790642927
2026-08-19 11:00:00,11,Gynae OPD,0.1521981766077388
2026-08-19 11:00:00,11,HTS,0.2211277506437843
2026-08-19 11:00:00,11,MATERNITY NURSERY,0.1516219305082493
2026-08-19 11:00:00,11,MCH,6.818329404723302
2026-08-19 11:00:00,11,MEB PHYSIOTHERAPY,0.2211277506437843
2026-08-19 11:00:00,11,MEB SPECIALITY CLINIC,1.9439948198634185
2026-08-19 11:00:00,11,MENTAL HEALTH,0.2211277506437843
2026-08-19 11:00:00,11,MORGUE,0.2211277506437843
2026-08-19 11:00:00,11,NEURO SURGERY CONSULTATION,0.1516219305082493
2026-08-19 11:00:00,11,NEUROSURGERY,1.2852091521669735
2026-08-19 11:00:00,11,NUTRITION,0.2231761295466278
2026-08-19 11:00:00,11,OCCUPATIONAL THERAPY,0.3321376283848658
2026-08-19 11:00:00,11,OHNS,1.561188341081723
2026-08-19 11:00:00,11,ONCOLOGY,1.6297677163885256
2026-08-19 11:00:00,11,Ortho OPD,0.140454896638663
2026-08-19 11:00:00,11,PAEDS,0.2211277506437843
2026-08-19 11:00:00,11,PAEDS BKKH,2.758486086193729
2026-08-19 11:00:00,11,PALLIATIVE,0.1389721921594403
2026-08-19 11:00:00,11,PATHOLOGY,0.2211277506437843
2026-08-19 11:00:00,11,PEDIATRIC NEUROLOGY,0.2211277506437843
2026-08-19 11:00:00,11,PHYSIOTHERAPY,1.0769152934834831
2026-08-19 11:00:00,11,PRIVATE CLINIC,0.5260741657805466
2026-08-19 11:00:00,11,PSYCHOLOGY,0.439552608383615
2026-08-19 11:00:00,11,RENAL,0.7311992237119451
2026-08-19 11:00:00,11,RESPIRATORY CENTER,0.2211277506437843
2026-08-19 11:00:00,11,SPECIALITY CLINIC,2.3477722983086022
2026-08-19 11:00:00,11,TELEMEDICINE,0.2673965869912512
2026-08-19 12:00:00,12,ADMISSION,3.035706143965354
2026-08-19 12:00:00,12,ANAESTHESIA,0.1771344955180175
2026-08-19 12:00:00,12,Audiology,0.201730150909301
2026-08-19 12:00:00,12,CARDIOLOGY,0.1063810013360887
2026-08-19 12:00:00,12,CASUALTY,0.2552752503703164
2026-08-19 12:00:00,12,CHRONIC CARE CLINIC (DM/HTN/TB/CCC),3.31318685034174
2026-08-19 12:00:00,12,DAYCASE,1.0678188699233262
2026-08-19 12:00:00,12,DENTAL,1.6151899025539025
2026-08-19 12:00:00,12,DIABETIC CLINIC,0.1063810013360887
2026-08-19 12:00:00,12,EYE CLINIC,0.6485256287084895
2026-08-19 12:00:00,12,FAMILY CLINIC,0.1069572474355782
2026-08-19 12:00:00,12,FAMILY MEDICINE,0.1049403798827633
2026-08-19 12:00:00,12,GENERAL OPD ,9.34399623866359
2026-08-19 12:00:00,12,Gen Surg OPD,0.5245163704347382
2026-08-19 12:00:00,12,Gynae OPD,0.1069572474355782
2026-08-19 12:00:00,12,HTS,0.1771344955180175
2026-08-19 12:00:00,12,MATERNITY NURSERY,0.1063810013360887
2026-08-19 12:00:00,12,MCH,4.421063895080862
2026-08-19 12:00:00,12,MEB PHYSIOTHERAPY,0.1771344955180175
2026-08-19 12:00:00,12,MEB SPECIALITY CLINIC,0.5110205180074204
2026-08-19 12:00:00,12,MENTAL HEALTH,0.1771344955180175
2026-08-19 12:00:00,12,MORGUE,0.1771344955180175
2026-08-19 12:00:00,12,NEURO SURGERY CONSULTATION,0.1063810013360887
2026-08-19 12:00:00,12,NEUROSURGERY,0.6386971724876952
2026-08-19 12:00:00,12,NUTRITION,0.1408606089876291
2026-08-19 12:00:00,12,OCCUPATIONAL THERAPY,0.1651665769236091
2026-08-19 12:00:00,12,OHNS,0.8351479402143781
2026-08-19 12:00:00,12,ONCOLOGY,0.641879504897867
2026-08-19 12:00:00,12,Ortho OPD,0.0900279361466882
2026-08-19 12:00:00,12,PAEDS,0.1771344955180175
2026-08-19 12:00:00,12,PAEDS BKKH,1.360833884540564
2026-08-19 12:00:00,12,PALLIATIVE,0.0889724734268234
2026-08-19 12:00:00,12,PATHOLOGY,0.1771344955180175
2026-08-19 12:00:00,12,PEDIATRIC NEUROLOGY,0.1771344955180175
2026-08-19 12:00:00,12,PHYSIOTHERAPY,0.5472734597914932
2026-08-19 12:00:00,12,PRIVATE CLINIC,0.3375346134582399
2026-08-19 12:00:00,12,PSYCHOLOGY,0.2505561176092584
2026-08-19 12:00:00,12,RENAL,0.7435882117387971
2026-08-19 12:00:00,12,RESPIRATORY CENTER,0.1771344955180175
2026-08-19 12:00:00,12,SPECIALITY CLINIC,0.8994962597027233
2026-08-19 12:00:00,12,TELEMEDICINE,0.2066899495143274
2026-08-19 13:00:00,13,ADMISSION,2.4184524783172234
2026-08-19 13:00:00,13,ANAESTHESIA,0.1567003974084722
2026-08-19 13:00:00,13,Audiology,0.1539988841363282
2026-08-19 13:00:00,13,CARDIOLOGY,0.1053706905082918
2026-08-19 13:00:00,13,CASUALTY,0.2191294373477823
2026-08-19 13:00:00,13,CHRONIC CARE CLINIC (DM/HTN/TB/CCC),2.133048714228352
2026-08-19 13:00:00,13,DAYCASE,0.8058678717887284
2026-08-19 13:00:00,13,DENTAL,0.9661201641016016
2026-08-19 13:00:00,13,DIABETIC CLINIC,0.1053706905082918
2026-08-19 13:00:00,13,EYE CLINIC,0.3025237633866709
2026-08-19 13:00:00,13,FAMILY CLINIC,0.1059469366077813
2026-08-19 13:00:00,13,FAMILY MEDICINE,0.1039300690549663
2026-08-19 13:00:00,13,GENERAL OPD ,5.952294008524163
2026-08-19 13:00:00,13,Gen Surg OPD,0.3457983853319789
2026-08-19 13:00:00,13,Gynae OPD,0.1059469366077813
2026-08-19 13:00:00,13,HTS,0.1567003974084722
2026-08-19 13:00:00,13,MATERNITY NURSERY,0.1053706905082918
2026-08-19 13:00:00,13,MCH,2.266180708235175
2026-08-19 13:00:00,13,MEB PHYSIOTHERAPY,0.1567003974084722
2026-08-19 13:00:00,13,MEB SPECIALITY CLINIC,0.2211885890727633
2026-08-19 13:00:00,13,MENTAL HEALTH,0.1567003974084722
2026-08-19 13:00:00,13,MORGUE,0.1567003974084722
2026-08-19 13:00:00,13,NEURO SURGERY CONSULTATION,0.1053706905082918
2026-08-19 13:00:00,13,NEUROSURGERY,0.3838478177898892
2026-08-19 13:00:00,13,NUTRITION,0.1388569435676112
2026-08-19 13:00:00,13,OCCUPATIONAL THERAPY,0.1563898713163938
2026-08-19 13:00:00,13,OHNS,0.4316559911911646
2026-08-19 13:00:00,13,ONCOLOGY,0.3851393985389669
2026-08-19 13:00:00,13,Ortho OPD,0.0886202411728312
2026-08-19 13:00:00,13,PAEDS,0.1567003974084722
2026-08-19 13:00:00,13,PAEDS BKKH,0.6500535943222661
2026-08-19 13:00:00,13,PALLIATIVE,0.0879621625990264
2026-08-19 13:00:00,13,PATHOLOGY,0.1567003974084722
2026-08-19 13:00:00,13,PEDIATRIC NEUROLOGY,0.1567003974084722
2026-08-19 13:00:00,13,PHYSIOTHERAPY,0.278365669240556
2026-08-19 13:00:00,13,PRIVATE CLINIC,0.2179525637187464
2026-08-19 13:00:00,13,PSYCHOLOGY,0.1786452778892867
2026-08-19 13:00:00,13,RENAL,0.3797009556970374
2026-08-19 13:00:00,13,RESPIRATORY CENTER,0.1567003974084722
2026-08-19 13:00:00,13,SPECIALITY CLINIC,0.4313202224915037
2026-08-19 13:00:00,13,TELEMEDICINE,0.204307802029331
2026-08-19 14:00:00,14,ADMISSION,2.404333282519256
2026-08-19 14:00:00,14,ANAESTHESIA,0.1567003974084722
2026-08-19 14:00:00,14,Audiology,0.1539988841363282
2026-08-19 14:00:00,14,CARDIOLOGY,0.1053706905082918
2026-08-19 14:00:00,14,CASUALTY,0.2191294373477823
2026-08-19 14:00:00,14,CHRONIC CARE CLINIC (DM/HTN/TB/CCC),1.7874251227279678
2026-08-19 14:00:00,14,DAYCASE,0.6750898407779509
2026-08-19 14:00:00,14,DENTAL,0.8189769870947439
2026-08-19 14:00:00,14,DIABETIC CLINIC,0.1053706905082918
2026-08-19 14:00:00,14,EYE CLINIC,0.3122659830031649
2026-08-19 14:00:00,14,FAMILY CLINIC,0.1059469366077813
2026-08-19 14:00:00,14,FAMILY MEDICINE,0.1039300690549663
2026-08-19 14:00:00,14,GENERAL OPD ,4.777350890376843
2026-08-19 14:00:00,14,Gen Surg OPD,0.3457983853319789
2026-08-19 14:00:00,14,Gynae OPD,0.1059469366077813
2026-08-19 14:00:00,14,HTS,0.1567003974084722
2026-08-19 14:00:00,14,MATERNITY NURSERY,0.1053706905082918
2026-08-19 14:00:00,14,MCH,2.0456828761238595
2026-08-19 14:00:00,14,MEB PHYSIOTHERAPY,0.1567003974084722
2026-08-19 14:00:00,14,MEB SPECIALITY CLINIC,0.1360693246163096
2026-08-19 14:00:00,14,MENTAL HEALTH,0.1567003974084722
2026-08-19 14:00:00,14,MORGUE,0.1567003974084722
2026-08-19 14:00:00,14,NEURO SURGERY CONSULTATION,0.1053706905082918
2026-08-19 14:00:00,14,NEUROSURGERY,0.2240575982950505
2026-08-19 14:00:00,14,NUTRITION,0.1388569435676112
2026-08-19 14:00:00,14,OCCUPATIONAL THERAPY,0.1563898713163938
2026-08-19 14:00:00,14,OHNS,0.3210992246517821
2026-08-19 14:00:00,14,ONCOLOGY,0.2675314282851864
2026-08-19 14:00:00,14,Ortho OPD,0.0886202411728312
2026-08-19 14:00:00,14,PAEDS,0.1567003974084722
2026-08-19 14:00:00,14,PAEDS BKKH,0.4412119791741238
2026-08-19 14:00:00,14,PALLIATIVE,0.0879621625990264
2026-08-19 14:00:00,14,PATHOLOGY,0.1567003974084722
2026-08-19 14:00:00,14,PEDIATRIC NEUROLOGY,0.1567003974084722
2026-08-19 14:00:00,14,PHYSIOTHERAPY,0.28810788885705
2026-08-19 14:00:00,14,PRIVATE CLINIC,0.1621602790589696
2026-08-19 14:00:00,14,PSYCHOLOGY,0.1786452778892867
2026-08-19 14:00:00,14,RENAL,0.3797009556970374
2026-08-19 14:00:00,14,RESPIRATORY CENTER,0.1567003974084722
2026-08-19 14:00:00,14,SPECIALITY CLINIC,0.3869276098519771
2026-08-19 14:00:00,14,TELEMEDICINE,0.204307802029331
2026-08-19 15:00:00,15,ADMISSION,2.372993102411856
2026-08-19 15:00:00,15,ANAESTHESIA,0.1555132310553673
2026-08-19 15:00:00,15,Audiology,0.1539988841363282
2026-08-19 15:00:00,15,CARDIOLOGY,0.1053706905082918
2026-08-19 15:00:00,15,CASUALTY,0.2185615924818095
2026-08-19 15:00:00,15,CHRONIC CARE CLINIC (DM/HTN/TB/CCC),1.2841122567528034
2026-08-19 15:00:00,15,DAYCASE,0.721471806971051
2026-08-19 15:00:00,15,DENTAL,0.6068762116347621
2026-08-19 15:00:00,15,DIABETIC CLINIC,0.1053706905082918
2026-08-19 15:00:00,15,EYE CLINIC,0.239366323559927
2026-08-19 15:00:00,15,FAMILY CLINIC,0.1059469366077813
2026-08-19 15:00:00,15,FAMILY MEDICINE,0.1039300690549663
2026-08-19 15:00:00,15,GENERAL OPD ,4.180763787319245
2026-08-19 15:00:00,15,Gen Surg OPD,0.2761660919653234
2026-08-19 15:00:00,15,Gynae OPD,0.1059469366077813
2026-08-19 15:00:00,15,HTS,0.1555132310553673
2026-08-19 15:00:00,15,MATERNITY NURSERY,0.1053706905082918
2026-08-19 15:00:00,15,MCH,1.3203388567704517
2026-08-19 15:00:00,15,MEB PHYSIOTHERAPY,0.1555132310553673
2026-08-19 15:00:00,15,MEB SPECIALITY CLINIC,0.0786434309167912
2026-08-19 15:00:00,15,MENTAL HEALTH,0.1555132310553673
2026-08-19 15:00:00,15,MORGUE,0.1555132310553673
2026-08-19 15:00:00,15,NEURO SURGERY CONSULTATION,0.1053706905082918
2026-08-19 15:00:00,15,NEUROSURGERY,0.1650691563833999
2026-08-19 15:00:00,15,NUTRITION,0.1388569435676112
2026-08-19 15:00:00,15,OCCUPATIONAL THERAPY,0.1563898713163938
2026-08-19 15:00:00,15,OHNS,0.2894382006548648
2026-08-19 15:00:00,15,ONCOLOGY,0.2161248457887701
2026-08-19 15:00:00,15,Ortho OPD,0.0886202411728312
2026-08-19 15:00:00,15,PAEDS,0.1555132310553673
2026-08-19 15:00:00,15,PAEDS BKKH,0.2775989562708167
2026-08-19 15:00:00,15,PALLIATIVE,0.0879621625990264
2026-08-19 15:00:00,15,PATHOLOGY,0.1555132310553673
2026-08-19 15:00:00,15,PEDIATRIC NEUROLOGY,0.1555132310553673
2026-08-19 15:00:00,15,PHYSIOTHERAPY,0.2248482078549747
2026-08-19 15:00:00,15,PRIVATE CLINIC,0.1451885864363172
2026-08-19 15:00:00,15,PSYCHOLOGY,0.1688084301291624
2026-08-19 15:00:00,15,RENAL,0.3836794872254953
2026-08-19 15:00:00,15,RESPIRATORY CENTER,0.1555132310553673
2026-08-19 15:00:00,15,SPECIALITY CLINIC,0.291560704708224
2026-08-19 15:00:00,15,TELEMEDICINE,0.2454608786035202
2026-08-19 16:00:00,16,ADMISSION,2.1249739736773
2026-08-19 16:00:00,16,ANAESTHESIA,0.1481445538008281
2026-08-19 16:00:00,16,Audiology,0.1492415877579812
2026-08-19 16:00:00,16,CARDIOLOGY,0.0994427098482359
2026-08-19 16:00:00,16,CASUALTY,0.2350116615840037
2026-08-19 16:00:00,16,CHRONIC CARE CLINIC (DM/HTN/TB/CCC),0.7242515235438789
2026-08-19 16:00:00,16,DAYCASE,0.6027941583727604
2026-08-19 16:00:00,16,DENTAL,0.2900698304129146
2026-08-19 16:00:00,16,DIABETIC CLINIC,0.0994427098482359
2026-08-19 16:00:00,16,EYE CLINIC,0.2097489372211775
2026-08-19 16:00:00,16,FAMILY CLINIC,0.1000189559477254
2026-08-19 16:00:00,16,FAMILY MEDICINE,0.1009262691852679
2026-08-19 16:00:00,16,GENERAL OPD ,3.376532236734228
2026-08-19 16:00:00,16,Gen Surg OPD,0.2598833257797961
2026-08-19 16:00:00,16,Gynae OPD,0.1000189559477254
2026-08-19 16:00:00,16,HTS,0.1481445538008281
2026-08-19 16:00:00,16,MATERNITY NURSERY,0.1037517632289953
2026-08-19 16:00:00,16,MCH,0.870461197250491
2026-08-19 16:00:00,16,MEB PHYSIOTHERAPY,0.1481445538008281
2026-08-19 16:00:00,16,MEB SPECIALITY CLINIC,0.0669084111568464
2026-08-19 16:00:00,16,MENTAL HEALTH,0.1481445538008281
2026-08-19 16:00:00,16,MORGUE,0.1481445538008281
2026-08-19 16:00:00,16,NEURO SURGERY CONSULTATION,0.0994427098482359
2026-08-19 16:00:00,16,NEUROSURGERY,0.1580523038641801
2026-08-19 16:00:00,16,NUTRITION,0.1340996471892642
2026-08-19 16:00:00,16,OCCUPATIONAL THERAPY,0.1501326044019258
2026-08-19 16:00:00,16,OHNS,0.1986558045443474
2026-08-19 16:00:00,16,ONCOLOGY,0.2058305226233089
2026-08-19 16:00:00,16,Ortho OPD,0.0838629447944841
2026-08-19 16:00:00,16,PAEDS,0.1481445538008281
2026-08-19 16:00:00,16,PAEDS BKKH,0.1950272167365923
2026-08-19 16:00:00,16,PALLIATIVE,0.0832048662206794
2026-08-19 16:00:00,16,PATHOLOGY,0.1481445538008281
2026-08-19 16:00:00,16,PEDIATRIC NEUROLOGY,0.1481445538008281
2026-08-19 16:00:00,16,PHYSIOTHERAPY,0.2185929257574983
2026-08-19 16:00:00,16,PRIVATE CLINIC,0.1334535666763724
2026-08-19 16:00:00,16,PSYCHOLOGY,0.1437872063781374
2026-08-19 16:00:00,16,RENAL,0.3093701834431833
2026-08-19 16:00:00,16,RESPIRATORY CENTER,0.1481445538008281
2026-08-19 16:00:00,16,SPECIALITY CLINIC,0.2248880151618369
2026-08-19 16:00:00,16,TELEMEDICINE,0.2721118074823215
2026-08-19 17:00:00,17,ADMISSION,0.954067609346575
2026-08-19 17:00:00,17,ANAESTHESIA,0.1300041546299128
2026-08-19 17:00:00,17,Audiology,0.097319626446766
2026-08-19 17:00:00,17,CARDIOLOGY,0.0903675338725435
2026-08-19 17:00:00,17,CASUALTY,0.2505765424828065
2026-08-19 17:00:00,17,CHRONIC CARE CLINIC (DM/HTN/TB/CCC),0.2272383459078513
2026-08-19 17:00:00,17,DAYCASE,0.1937408155399068
2026-08-19 17:00:00,17,DENTAL,0.158127620134768
2026-08-19 17:00:00,17,DIABETIC CLINIC,0.0903675338725435
2026-08-19 17:00:00,17,EYE CLINIC,0.0969788439730452
2026-08-19 17:00:00,17,FAMILY CLINIC,0.090943779972033
2026-08-19 17:00:00,17,FAMILY MEDICINE,0.0882021838737291
2026-08-19 17:00:00,17,GENERAL OPD ,2.073603152957047
2026-08-19 17:00:00,17,Gen Surg OPD,0.1813978837309595
2026-08-19 17:00:00,17,Gynae OPD,0.090943779972033
2026-08-19 17:00:00,17,HTS,0.1300041546299128
2026-08-19 17:00:00,17,MATERNITY NURSERY,0.0939221412476697
2026-08-19 17:00:00,17,MCH,0.3309163477606797
2026-08-19 17:00:00,17,MEB PHYSIOTHERAPY,0.1300041546299128
2026-08-19 17:00:00,17,MEB SPECIALITY CLINIC,0.0
2026-08-19 17:00:00,17,MENTAL HEALTH,0.1300041546299128
2026-08-19 17:00:00,17,MORGUE,0.1300041546299128
2026-08-19 17:00:00,17,NEURO SURGERY CONSULTATION,0.0903675338725435
2026-08-19 17:00:00,17,NEUROSURGERY,0.0867153243111125
2026-08-19 17:00:00,17,NUTRITION,0.0985796060201828
2026-08-19 17:00:00,17,OCCUPATIONAL THERAPY,0.1249270498274722
2026-08-19 17:00:00,17,OHNS,0.1285541149670222
2026-08-19 17:00:00,17,ONCOLOGY,0.1629733225032846
2026-08-19 17:00:00,17,Ortho OPD,0.0619265273514531
2026-08-19 17:00:00,17,PAEDS,0.1300041546299128
2026-08-19 17:00:00,17,PAEDS BKKH,0.1163869984014711
2026-08-19 17:00:00,17,PALLIATIVE,0.0622154255204608
2026-08-19 17:00:00,17,PATHOLOGY,0.1300041546299128
2026-08-19 17:00:00,17,PEDIATRIC NEUROLOGY,0.1300041546299128
2026-08-19 17:00:00,17,PHYSIOTHERAPY,0.1920076338453626
2026-08-19 17:00:00,17,PRIVATE CLINIC,0.0664123697871104
2026-08-19 17:00:00,17,PSYCHOLOGY,0.0931165212276949
2026-08-19 17:00:00,17,RENAL,0.2407453216012828
2026-08-19 17:00:00,17,RESPIRATORY CENTER,0.1300041546299128
2026-08-19 17:00:00,17,SPECIALITY CLINIC,0.09546442476513
2026-08-19 17:00:00,17,TELEMEDICINE,0.1775203149929227
2026-08-19 18:00:00,18,ADMISSION,0.6774206028543878
2026-08-19 18:00:00,18,ANAESTHESIA,0.1300041546299128
2026-08-19 18:00:00,18,Audiology,0.097319626446766
2026-08-19 18:00:00,18,CARDIOLOGY,0.0903675338725435
2026-08-19 18:00:00,18,CASUALTY,0.2406140114390409
2026-08-19 18:00:00,18,CHRONIC CARE CLINIC (DM/HTN/TB/CCC),0.1526781307084675
2026-08-19 18:00:00,18,DAYCASE,0.1982191450953296
2026-08-19 18:00:00,18,DENTAL,0.0958701044523767
2026-08-19 18:00:00,18,DIABETIC CLINIC,0.0903675338725435
2026-08-19 18:00:00,18,EYE CLINIC,0.0969788439730452
2026-08-19 18:00:00,18,FAMILY CLINIC,0.090943779972033
2026-08-19 18:00:00,18,FAMILY MEDICINE,0.0879003652045298
2026-08-19 18:00:00,18,GENERAL OPD ,1.6034131000968976
2026-08-19 18:00:00,18,Gen Surg OPD,0.1604466177201079
2026-08-19 18:00:00,18,Gynae OPD,0.090943779972033
2026-08-19 18:00:00,18,HTS,0.1300041546299128
2026-08-19 18:00:00,18,MATERNITY NURSERY,0.0939221412476697
2026-08-19 18:00:00,18,MCH,0.2303374089248651
2026-08-19 18:00:00,18,MEB PHYSIOTHERAPY,0.1300041546299128
2026-08-19 18:00:00,18,MEB SPECIALITY CLINIC,0.0733759413326968
2026-08-19 18:00:00,18,MENTAL HEALTH,0.1300041546299128
2026-08-19 18:00:00,18,MORGUE,0.1300041546299128
2026-08-19 18:00:00,18,NEURO SURGERY CONSULTATION,0.0903675338725435
2026-08-19 18:00:00,18,NEUROSURGERY,0.0867153243111125
2026-08-19 18:00:00,18,NUTRITION,0.0985796060201828
2026-08-19 18:00:00,18,OCCUPATIONAL THERAPY,0.1249270498274722
2026-08-19 18:00:00,18,OHNS,0.1282026577253272
2026-08-19 18:00:00,18,ONCOLOGY,0.1629733225032846
2026-08-19 18:00:00,18,Ortho OPD,0.0615750701097582
2026-08-19 18:00:00,18,PAEDS,0.1300041546299128
2026-08-19 18:00:00,18,PAEDS BKKH,0.1160355411597762
2026-08-19 18:00:00,18,PALLIATIVE,0.0619136068512615
2026-08-19 18:00:00,18,PATHOLOGY,0.1300041546299128
2026-08-19 18:00:00,18,PEDIATRIC NEUROLOGY,0.1300041546299128
2026-08-19 18:00:00,18,PHYSIOTHERAPY,0.182045102801597
2026-08-19 18:00:00,18,PRIVATE CLINIC,0.0664123697871104
2026-08-19 18:00:00,18,PSYCHOLOGY,0.0931165212276949
2026-08-19 18:00:00,18,RENAL,0.2208901766818807
2026-08-19 18:00:00,18,RESPIRATORY CENTER,0.1300041546299128
2026-08-19 18:00:00,18,SPECIALITY CLINIC,0.09546442476513
2026-08-19 18:00:00,18,TELEMEDICINE,0.1720361135045799
2026-08-19 19:00:00,19,ADMISSION,0.5002497706509315
2026-08-19 19:00:00,19,ANAESTHESIA,0.1300041546299128
2026-08-19 19:00:00,19,Audiology,0.097319626446766
2026-08-19 19:00:00,19,CARDIOLOGY,0.0903675338725435
2026-08-19 19:00:00,19,CASUALTY,0.2406140114390409
2026-08-19 19:00:00,19,CHRONIC CARE CLINIC (DM/HTN/TB/CCC),0.101804224739597
2026-08-19 19:00:00,19,DAYCASE,0.147345239126459
2026-08-19 19:00:00,19,DENTAL,0.0958701044523767
2026-08-19 19:00:00,19,DIABETIC CLINIC,0.0903675338725435
2026-08-19 19:00:00,19,EYE CLINIC,0.0969788439730452
2026-08-19 19:00:00,19,FAMILY CLINIC,0.090943779972033
2026-08-19 19:00:00,19,FAMILY MEDICINE,0.0879003652045298
2026-08-19 19:00:00,19,GENERAL OPD ,1.1364505365921873
2026-08-19 19:00:00,19,Gen Surg OPD,0.1604466177201079
2026-08-19 19:00:00,19,Gynae OPD,0.090943779972033
2026-08-19 19:00:00,19,HTS,0.1300041546299128
2026-08-19 19:00:00,19,MATERNITY NURSERY,0.0939221412476697
2026-08-19 19:00:00,19,MCH,0.192358880506364
2026-08-19 19:00:00,19,MEB PHYSIOTHERAPY,0.1300041546299128
2026-08-19 19:00:00,19,MEB SPECIALITY CLINIC,0.0
2026-08-19 19:00:00,19,MENTAL HEALTH,0.1300041546299128
2026-08-19 19:00:00,19,MORGUE,0.1300041546299128
2026-08-19 19:00:00,19,NEURO SURGERY CONSULTATION,0.0903675338725435
2026-08-19 19:00:00,19,NEUROSURGERY,0.0867153243111125
2026-08-19 19:00:00,19,NUTRITION,0.0985796060201828
2026-08-19 19:00:00,19,OCCUPATIONAL THERAPY,0.1249270498274722
2026-08-19 19:00:00,19,OHNS,0.1282026577253272
2026-08-19 19:00:00,19,ONCOLOGY,0.1629733225032846
2026-08-19 19:00:00,19,Ortho OPD,0.0615750701097582
2026-08-19 19:00:00,19,PAEDS,0.1300041546299128
2026-08-19 19:00:00,19,PAEDS BKKH,0.1160355411597762
2026-08-19 19:00:00,19,PALLIATIVE,0.0619136068512615
2026-08-19 19:00:00,19,PATHOLOGY,0.1300041546299128
2026-08-19 19:00:00,19,PEDIATRIC NEUROLOGY,0.1300041546299128
2026-08-19 19:00:00,19,PHYSIOTHERAPY,0.182045102801597
2026-08-19 19:00:00,19,PRIVATE CLINIC,0.0664123697871104
2026-08-19 19:00:00,19,PSYCHOLOGY,0.0931165212276949
2026-08-19 19:00:00,19,RENAL,0.2208901766818807
2026-08-19 19:00:00,19,RESPIRATORY CENTER,0.1300041546299128
2026-08-19 19:00:00,19,SPECIALITY CLINIC,0.09546442476513
2026-08-19 19:00:00,19,TELEMEDICINE,0.1720361135045799
2026-08-19 20:00:00,20,ADMISSION,0.4026579788383684
2026-08-19 20:00:00,20,ANAESTHESIA,0.1300041546299128
2026-08-19 20:00:00,20,Audiology,0.097319626446766
2026-08-19 20:00:00,20,CARDIOLOGY,0.0903675338725435
2026-08-19 20:00:00,20,CASUALTY,0.2406140114390409
2026-08-19 20:00:00,20,CHRONIC CARE CLINIC (DM/HTN/TB/CCC),0.101804224739597
2026-08-19 20:00:00,20,DAYCASE,0.147345239126459
2026-08-19 20:00:00,20,DENTAL,0.0958701044523767
2026-08-19 20:00:00,20,DIABETIC CLINIC,0.0903675338725435
2026-08-19 20:00:00,20,EYE CLINIC,0.0969788439730452
2026-08-19 20:00:00,20,FAMILY CLINIC,0.090943779972033
2026-08-19 20:00:00,20,FAMILY MEDICINE,0.0879003652045298
2026-08-19 20:00:00,20,GENERAL OPD ,1.133822976061512
2026-08-19 20:00:00,20,Gen Surg OPD,0.1604466177201079
2026-08-19 20:00:00,20,Gynae OPD,0.090943779972033
2026-08-19 20:00:00,20,HTS,0.1300041546299128
2026-08-19 20:00:00,20,MATERNITY NURSERY,0.0939221412476697
2026-08-19 20:00:00,20,MCH,0.192358880506364
2026-08-19 20:00:00,20,MEB PHYSIOTHERAPY,0.1300041546299128
2026-08-19 20:00:00,20,MEB SPECIALITY CLINIC,0.0733759413326968
2026-08-19 20:00:00,20,MENTAL HEALTH,0.1300041546299128
2026-08-19 20:00:00,20,MORGUE,0.1300041546299128
2026-08-19 20:00:00,20,NEURO SURGERY CONSULTATION,0.0903675338725435
2026-08-19 20:00:00,20,NEUROSURGERY,0.0867153243111125
2026-08-19 20:00:00,20,NUTRITION,0.0985796060201828
2026-08-19 20:00:00,20,OCCUPATIONAL THERAPY,0.1249270498274722
2026-08-19 20:00:00,20,OHNS,0.1282026577253272
2026-08-19 20:00:00,20,ONCOLOGY,0.1629733225032846
2026-08-19 20:00:00,20,Ortho OPD,0.0615750701097582
2026-08-19 20:00:00,20,PAEDS,0.1300041546299128
2026-08-19 20:00:00,20,PAEDS BKKH,0.1160355411597762
2026-08-19 20:00:00,20,PALLIATIVE,0.0619136068512615
2026-08-19 20:00:00,20,PATHOLOGY,0.1300041546299128
2026-08-19 20:00:00,20,PEDIATRIC NEUROLOGY,0.1300041546299128
2026-08-19 20:00:00,20,PHYSIOTHERAPY,0.182045102801597
2026-08-19 20:00:00,20,PRIVATE CLINIC,0.0664123697871104
2026-08-19 20:00:00,20,PSYCHOLOGY,0.0931165212276949
2026-08-19 20:00:00,20,RENAL,0.2045530381140348
2026-08-19 20:00:00,20,RESPIRATORY CENTER,0.1300041546299128
2026-08-19 20:00:00,20,SPECIALITY CLINIC,0.09546442476513
2026-08-19 20:00:00,20,TELEMEDICINE,0.1720361135045799
2026-08-19 21:00:00,21,ADMISSION,0.3646263299098332
2026-08-19 21:00:00,21,ANAESTHESIA,0.1300041546299128
2026-08-19 21:00:00,21,Audiology,0.097319626446766
2026-08-19 21:00:00,21,CARDIOLOGY,0.0903675338725435
2026-08-19 21:00:00,21,CASUALTY,0.2406140114390409
2026-08-19 21:00:00,21,CHRONIC CARE CLINIC (DM/HTN/TB/CCC),0.101804224739597
2026-08-19 21:00:00,21,DAYCASE,0.147345239126459
2026-08-19 21:00:00,21,DENTAL,0.0958701044523767
2026-08-19 21:00:00,21,DIABETIC CLINIC,0.0903675338725435
2026-08-19 21:00:00,21,EYE CLINIC,0.0969788439730452
2026-08-19 21:00:00,21,FAMILY CLINIC,0.090943779972033
2026-08-19 21:00:00,21,FAMILY MEDICINE,0.0879003652045298
2026-08-19 21:00:00,21,GENERAL OPD ,0.9482891636986402
2026-08-19 21:00:00,21,Gen Surg OPD,0.1406715184299434
2026-08-19 21:00:00,21,Gynae OPD,0.090943779972033
2026-08-19 21:00:00,21,HTS,0.1300041546299128
2026-08-19 21:00:00,21,MATERNITY NURSERY,0.0939221412476697
2026-08-19 21:00:00,21,MCH,0.1837112839399054
2026-08-19 21:00:00,21,MEB PHYSIOTHERAPY,0.1300041546299128
2026-08-19 21:00:00,21,MEB SPECIALITY CLINIC,0.0
2026-08-19 21:00:00,21,MENTAL HEALTH,0.1300041546299128
2026-08-19 21:00:00,21,MORGUE,0.1300041546299128
2026-08-19 21:00:00,21,NEURO SURGERY CONSULTATION,0.0903675338725435
2026-08-19 21:00:00,21,NEUROSURGERY,0.0867153243111125
2026-08-19 21:00:00,21,NUTRITION,0.0985796060201828
2026-08-19 21:00:00,21,OCCUPATIONAL THERAPY,0.1249270498274722
2026-08-19 21:00:00,21,OHNS,0.1282026577253272
2026-08-19 21:00:00,21,ONCOLOGY,0.1629733225032846
2026-08-19 21:00:00,21,Ortho OPD,0.0615750701097582
2026-08-19 21:00:00,21,PAEDS,0.1300041546299128
2026-08-19 21:00:00,21,PAEDS BKKH,0.1160355411597762
2026-08-19 21:00:00,21,PALLIATIVE,0.0619136068512615
2026-08-19 21:00:00,21,PATHOLOGY,0.1300041546299128
2026-08-19 21:00:00,21,PEDIATRIC NEUROLOGY,0.1300041546299128
2026-08-19 21:00:00,21,PHYSIOTHERAPY,0.182045102801597
2026-08-19 21:00:00,21,PRIVATE CLINIC,0.0664123697871104
2026-08-19 21:00:00,21,PSYCHOLOGY,0.0931165212276949
2026-08-19 21:00:00,21,RENAL,0.2045530381140348
2026-08-19 21:00:00,21,RESPIRATORY CENTER,0.1300041546299128
2026-08-19 21:00:00,21,SPECIALITY CLINIC,0.09546442476513
2026-08-19 21:00:00,21,TELEMEDICINE,0.170350033907908
2026-08-19 22:00:00,22,ADMISSION,0.259356495706246
2026-08-19 22:00:00,22,ANAESTHESIA,0.1300041546299128
2026-08-19 22:00:00,22,Audiology,0.097319626446766
2026-08-19 22:00:00,22,CARDIOLOGY,0.0903675338725435
2026-08-19 22:00:00,22,CASUALTY,0.2403826892799354
2026-08-19 22:00:00,22,CHRONIC CARE CLINIC (DM/HTN/TB/CCC),0.101804224739597
2026-08-19 22:00:00,22,DAYCASE,0.147345239126459
2026-08-19 22:00:00,22,DENTAL,0.0958701044523767
2026-08-19 22:00:00,22,DIABETIC CLINIC,0.0903675338725435
2026-08-19 22:00:00,22,EYE CLINIC,0.0969788439730452
2026-08-19 22:00:00,22,FAMILY CLINIC,0.090943779972033
2026-08-19 22:00:00,22,FAMILY MEDICINE,0.0879003652045298
2026-08-19 22:00:00,22,GENERAL OPD ,0.7350826777732964
2026-08-19 22:00:00,22,Gen Surg OPD,0.135440158203505
2026-08-19 22:00:00,22,Gynae OPD,0.090943779972033
2026-08-19 22:00:00,22,HTS,0.1300041546299128
2026-08-19 22:00:00,22,MATERNITY NURSERY,0.0939221412476697
2026-08-19 22:00:00,22,MCH,0.1834799617807999
2026-08-19 22:00:00,22,MEB PHYSIOTHERAPY,0.1300041546299128
2026-08-19 22:00:00,22,MEB SPECIALITY CLINIC,0.0733759413326968
2026-08-19 22:00:00,22,MENTAL HEALTH,0.1300041546299128
2026-08-19 22:00:00,22,MORGUE,0.1300041546299128
2026-08-19 22:00:00,22,NEURO SURGERY CONSULTATION,0.0903675338725435
2026-08-19 22:00:00,22,NEUROSURGERY,0.0867153243111125
2026-08-19 22:00:00,22,NUTRITION,0.0985796060201828
2026-08-19 22:00:00,22,OCCUPATIONAL THERAPY,0.1249270498274722
2026-08-19 22:00:00,22,OHNS,0.1282026577253272
2026-08-19 22:00:00,22,ONCOLOGY,0.1629733225032846
2026-08-19 22:00:00,22,Ortho OPD,0.0615750701097582
2026-08-19 22:00:00,22,PAEDS,0.1300041546299128
2026-08-19 22:00:00,22,PAEDS BKKH,0.1160355411597762
2026-08-19 22:00:00,22,PALLIATIVE,0.0619136068512615
2026-08-19 22:00:00,22,PATHOLOGY,0.1300041546299128
2026-08-19 22:00:00,22,PEDIATRIC NEUROLOGY,0.1300041546299128
2026-08-19 22:00:00,22,PHYSIOTHERAPY,0.182045102801597
2026-08-19 22:00:00,22,PRIVATE CLINIC,0.0664123697871104
2026-08-19 22:00:00,22,PSYCHOLOGY,0.0931165212276949
2026-08-19 22:00:00,22,RENAL,0.2045530381140348
2026-08-19 22:00:00,22,RESPIRATORY CENTER,0.1300041546299128
2026-08-19 22:00:00,22,SPECIALITY CLINIC,0.09546442476513
2026-08-19 22:00:00,22,TELEMEDICINE,0.170350033907908
2026-08-19 23:00:00,23,ADMISSION,0.259356495706246
2026-08-19 23:00:00,23,ANAESTHESIA,0.1300041546299128
2026-08-19 23:00:00,23,Audiology,0.097319626446766
2026-08-19 23:00:00,23,CARDIOLOGY,0.0903675338725435
2026-08-19 23:00:00,23,CASUALTY,0.2403826892799354
2026-08-19 23:00:00,23,CHRONIC CARE CLINIC (DM/HTN/TB/CCC),0.101804224739597
2026-08-19 23:00:00,23,DAYCASE,0.147345239126459
2026-08-19 23:00:00,23,DENTAL,0.0958701044523767
2026-08-19 23:00:00,23,DIABETIC CLINIC,0.0903675338725435
2026-08-19 23:00:00,23,EYE CLINIC,0.0969788439730452
2026-08-19 23:00:00,23,FAMILY CLINIC,0.090943779972033
2026-08-19 23:00:00,23,FAMILY MEDICINE,0.0879003652045298
2026-08-19 23:00:00,23,GENERAL OPD ,0.6791756623850369
2026-08-19 23:00:00,23,Gen Surg OPD,0.135440158203505
2026-08-19 23:00:00,23,Gynae OPD,0.090943779972033
2026-08-19 23:00:00,23,HTS,0.1300041546299128
2026-08-19 23:00:00,23,MATERNITY NURSERY,0.0939221412476697
2026-08-19 23:00:00,23,MCH,0.1834799617807999
2026-08-19 23:00:00,23,MEB PHYSIOTHERAPY,0.1300041546299128
2026-08-19 23:00:00,23,MEB SPECIALITY CLINIC,0.0
2026-08-19 23:00:00,23,MENTAL HEALTH,0.1300041546299128
2026-08-19 23:00:00,23,MORGUE,0.1300041546299128
2026-08-19 23:00:00,23,NEURO SURGERY CONSULTATION,0.0903675338725435
2026-08-19 23:00:00,23,NEUROSURGERY,0.0867153243111125
2026-08-19 23:00:00,23,NUTRITION,0.0985796060201828
2026-08-19 23:00:00,23,OCCUPATIONAL THERAPY,0.1249270498274722
2026-08-19 23:00:00,23,OHNS,0.1282026577253272
2026-08-19 23:00:00,23,ONCOLOGY,0.1629733225032846
2026-08-19 23:00:00,23,Ortho OPD,0.0615750701097582
2026-08-19 23:00:00,23,PAEDS,0.1300041546299128
2026-08-19 23:00:00,23,PAEDS BKKH,0.1160355411597762
2026-08-19 23:00:00,23,PALLIATIVE,0.0619136068512615
2026-08-19 23:00:00,23,PATHOLOGY,0.1300041546299128
2026-08-19 23:00:00,23,PEDIATRIC NEUROLOGY,0.1300041546299128
2026-08-19 23:00:00,23,PHYSIOTHERAPY,0.182045102801597
2026-08-19 23:00:00,23,PRIVATE CLINIC,0.0664123697871104
2026-08-19 23:00:00,23,PSYCHOLOGY,0.0931165212276949
2026-08-19 23:00:00,23,RENAL,0.2045530381140348
2026-08-19 23:00:00,23,RESPIRATORY CENTER,0.1300041546299128
2026-08-19 23:00:00,23,SPECIALITY CLINIC,0.09546442476513
2026-08-19 23:00:00,23,TELEMEDICINE,0.170350033907908
2026-08-20 00:00:00,0,ADMISSION,2.011533800775246
2026-08-20 00:00:00,0,ANAESTHESIA,0.1525248376937078
2026-08-20 00:00:00,0,Audiology,0.1098235548525448
2026-08-20 00:00:00,0,CARDIOLOGY,0.0889190670042787
2026-08-20 00:00:00,0,CASUALTY,0.0979052310192323
2026-08-20 00:00:00,0,CHRONIC CARE CLINIC (DM/HTN/TB/CCC),0.4595322217865989
2026-08-20 00:00:00,0,DAYCASE,0.2128690022325325
2026-08-20 00:00:00,0,DENTAL,0.2537197430041499
2026-08-20 00:00:00,0,DIABETIC CLINIC,0.0889190670042787
2026-08-20 00:00:00,0,EYE CLINIC,0.3639476457614173
2026-08-20 00:00:00,0,FAMILY CLINIC,0.0888925725947839
2026-08-20 00:00:00,0,FAMILY MEDICINE,0.093680476907874
2026-08-20 00:00:00,0,GENERAL OPD ,0.6100177283309679
2026-08-20 00:00:00,0,Gen Surg OPD,0.1709367759390513
2026-08-20 00:00:00,0,Gynae OPD,0.0888925725947839
2026-08-20 00:00:00,0,HTS,0.1525248376937078
2026-08-20 00:00:00,0,MATERNITY NURSERY,0.0889190670042787
2026-08-20 00:00:00,0,MCH,0.2008385457619639
2026-08-20 00:00:00,0,MEB PHYSIOTHERAPY,0.1525248376937078
2026-08-20 00:00:00,0,MEB SPECIALITY CLINIC,0.4375879472680833
2026-08-20 00:00:00,0,MENTAL HEALTH,0.1525248376937078
2026-08-20 00:00:00,0,MORGUE,0.1525248376937078
2026-08-20 00:00:00,0,NEURO SURGERY CONSULTATION,0.0889190670042787
2026-08-20 00:00:00,0,NEUROSURGERY,0.5583482573456199
2026-08-20 00:00:00,0,NUTRITION,0.0887961425520008
2026-08-20 00:00:00,0,OCCUPATIONAL THERAPY,0.126576923768393
2026-08-20 00:00:00,0,OHNS,0.2844981629419588
2026-08-20 00:00:00,0,ONCOLOGY,0.2762520521916284
2026-08-20 00:00:00,0,Ortho OPD,0.0517134357175768
2026-08-20 00:00:00,0,PAEDS,0.1525248376937078
2026-08-20 00:00:00,0,PAEDS BKKH,0.5874513485574421
2026-08-20 00:00:00,0,PALLIATIVE,0.0491000627639596
2026-08-20 00:00:00,0,PATHOLOGY,0.1525248376937078
2026-08-20 00:00:00,0,PEDIATRIC NEUROLOGY,0.1525248376937078
2026-08-20 00:00:00,0,PHYSIOTHERAPY,0.3858439595692297
2026-08-20 00:00:00,0,PRIVATE CLINIC,0.2645465745740845
2026-08-20 00:00:00,0,PSYCHOLOGY,0.223748278629427
2026-08-20 00:00:00,0,RENAL,0.5258295706588572
2026-08-20 00:00:00,0,RESPIRATORY CENTER,0.1525248376937078
2026-08-20 00:00:00,0,SPECIALITY CLINIC,0.6471461155088837
2026-08-20 00:00:00,0,TELEMEDICINE,0.259094634742833
2026-08-20 01:00:00,1,ADMISSION,0.9257063143490354
2026-08-20 01:00:00,1,ANAESTHESIA,0.1525248376937078
2026-08-20 01:00:00,1,Audiology,0.1098235548525448
2026-08-20 01:00:00,1,CARDIOLOGY,0.0889190670042787
2026-08-20 01:00:00,1,CASUALTY,0.0829939415959582
2026-08-20 01:00:00,1,CHRONIC CARE CLINIC (DM/HTN/TB/CCC),0.3870299852585364
2026-08-20 01:00:00,1,DAYCASE,0.1648957711896851
2026-08-20 01:00:00,1,DENTAL,0.2122417871461666
2026-08-20 01:00:00,1,DIABETIC CLINIC,0.0889190670042787
2026-08-20 01:00:00,1,EYE CLINIC,0.3456811728104715
2026-08-20 01:00:00,1,FAMILY CLINIC,0.0888925725947839
2026-08-20 01:00:00,1,FAMILY MEDICINE,0.0922839383139078
2026-08-20 01:00:00,1,GENERAL OPD ,0.3678632981197434
2026-08-20 01:00:00,1,Gen Surg OPD,0.1146148468811592
2026-08-20 01:00:00,1,Gynae OPD,0.0888925725947839
2026-08-20 01:00:00,1,HTS,0.1525248376937078
2026-08-20 01:00:00,1,MATERNITY NURSERY,0.0889190670042787
2026-08-20 01:00:00,1,MCH,0.1026003594863981
2026-08-20 01:00:00,1,MEB PHYSIOTHERAPY,0.1525248376937078
2026-08-20 01:00:00,1,MEB SPECIALITY CLINIC,0.8899618674339969
2026-08-20 01:00:00,1,MENTAL HEALTH,0.1525248376937078
2026-08-20 01:00:00,1,MORGUE,0.1525248376937078
2026-08-20 01:00:00,1,NEURO SURGERY CONSULTATION,0.0889190670042787
2026-08-20 01:00:00,1,NEUROSURGERY,0.5400817843946739
2026-08-20 01:00:00,1,NUTRITION,0.0887961425520008
2026-08-20 01:00:00,1,OCCUPATIONAL THERAPY,0.126576923768393
2026-08-20 01:00:00,1,OHNS,0.2510566416921306
2026-08-20 01:00:00,1,ONCOLOGY,0.2762520521916284
2026-08-20 01:00:00,1,Ortho OPD,0.0482131126757941
2026-08-20 01:00:00,1,PAEDS,0.1525248376937078
2026-08-20 01:00:00,1,PAEDS BKKH,0.5759145909075043
2026-08-20 01:00:00,1,PALLIATIVE,0.0477035241699934
2026-08-20 01:00:00,1,PATHOLOGY,0.1525248376937078
2026-08-20 01:00:00,1,PEDIATRIC NEUROLOGY,0.1525248376937078
2026-08-20 01:00:00,1,PHYSIOTHERAPY,0.3743072019192919
2026-08-20 01:00:00,1,PRIVATE CLINIC,0.2462964953015486
2026-08-20 01:00:00,1,PSYCHOLOGY,0.2054818056784812
2026-08-20 01:00:00,1,RENAL,0.5075630977079113
2026-08-20 01:00:00,1,RESPIRATORY CENTER,0.1525248376937078
2026-08-20 01:00:00,1,SPECIALITY CLINIC,0.6288960362363477
2026-08-20 01:00:00,1,TELEMEDICINE,0.2386516120849537
2026-08-20 02:00:00,2,ADMISSION,0.4792390322567244
2026-08-20 02:00:00,2,ANAESTHESIA,0.1518793997910408
2026-08-20 02:00:00,2,Audiology,0.089513795472505
2026-08-20 02:00:00,2,CARDIOLOGY,0.0882736291016117
2026-08-20 02:00:00,2,CASUALTY,0.0534063546431087
2026-08-20 02:00:00,2,CHRONIC CARE CLINIC (DM/HTN/TB/CCC),0.3700320992963037
2026-08-20 02:00:00,2,DAYCASE,0.1781948173989443
2026-08-20 02:00:00,2,DENTAL,0.1801379334183245
2026-08-20 02:00:00,2,DIABETIC CLINIC,0.0882736291016117
2026-08-20 02:00:00,2,EYE CLINIC,0.3513950178375214
2026-08-20 02:00:00,2,FAMILY CLINIC,0.0882471346921169
2026-08-20 02:00:00,2,FAMILY MEDICINE,0.0745848843335229
2026-08-20 02:00:00,2,GENERAL OPD ,0.2833425709483443
2026-08-20 02:00:00,2,Gen Surg OPD,0.1075970117485604
2026-08-20 02:00:00,2,Gynae OPD,0.0882471346921169
2026-08-20 02:00:00,2,HTS,0.1518793997910408
2026-08-20 02:00:00,2,MATERNITY NURSERY,0.0882736291016117
2026-08-20 02:00:00,2,MCH,0.0631449960497351
2026-08-20 02:00:00,2,MEB PHYSIOTHERAPY,0.1518793997910408
2026-08-20 02:00:00,2,MEB SPECIALITY CLINIC,0.9068417073019444
2026-08-20 02:00:00,2,MENTAL HEALTH,0.1518793997910408
2026-08-20 02:00:00,2,MORGUE,0.1518793997910408
2026-08-20 02:00:00,2,NEURO SURGERY CONSULTATION,0.0882736291016117
2026-08-20 02:00:00,2,NEUROSURGERY,0.5552173429934236
2026-08-20 02:00:00,2,NUTRITION,0.0772369340644729
2026-08-20 02:00:00,2,OCCUPATIONAL THERAPY,0.1151802103866321
2026-08-20 02:00:00,2,OHNS,0.2515388505367587
2026-08-20 02:00:00,2,ONCOLOGY,0.2924390915437336
2026-08-20 02:00:00,2,Ortho OPD,0.0098749748304326
2026-08-20 02:00:00,2,PAEDS,0.1518793997910408
2026-08-20 02:00:00,2,PAEDS BKKH,0.5815562327743806
2026-08-20 02:00:00,2,PALLIATIVE,0.0300044701896085
2026-08-20 02:00:00,2,PATHOLOGY,0.1518793997910408
2026-08-20 02:00:00,2,PEDIATRIC NEUROLOGY,0.1518793997910408
2026-08-20 02:00:00,2,PHYSIOTHERAPY,0.362062760157792
2026-08-20 02:00:00,2,PRIVATE CLINIC,0.2466321436995468
2026-08-20 02:00:00,2,PSYCHOLOGY,0.1833722121622186
2026-08-20 02:00:00,2,RENAL,0.4831558253869639
2026-08-20 02:00:00,2,RESPIRATORY CENTER,0.1518793997910408
2026-08-20 02:00:00,2,SPECIALITY CLINIC,0.6486638692471411
2026-08-20 02:00:00,2,TELEMEDICINE,0.2061740752799926
2026-08-20 03:00:00,3,ADMISSION,0.4420131799844659
2026-08-20 03:00:00,3,ANAESTHESIA,0.1518793997910408
2026-08-20 03:00:00,3,Audiology,0.089513795472505
2026-08-20 03:00:00,3,CARDIOLOGY,0.0882736291016117
2026-08-20 03:00:00,3,CASUALTY,0.0500583000368873
2026-08-20 03:00:00,3,CHRONIC CARE CLINIC (DM/HTN/TB/CCC),0.3683938706519197
2026-08-20 03:00:00,3,DAYCASE,0.1781948173989443
2026-08-20 03:00:00,3,DENTAL,0.1801379334183245
2026-08-20 03:00:00,3,DIABETIC CLINIC,0.0882736291016117
2026-08-20 03:00:00,3,EYE CLINIC,0.3513950178375214
2026-08-20 03:00:00,3,FAMILY CLINIC,0.0882471346921169
2026-08-20 03:00:00,3,FAMILY MEDICINE,0.0745848843335229
2026-08-20 03:00:00,3,GENERAL OPD ,0.2965334280249616
2026-08-20 03:00:00,3,Gen Surg OPD,0.100938817164402
2026-08-20 03:00:00,3,Gynae OPD,0.0882471346921169
2026-08-20 03:00:00,3,HTS,0.1518793997910408
2026-08-20 03:00:00,3,MATERNITY NURSERY,0.0882736291016117
2026-08-20 03:00:00,3,MCH,0.0597969414435137
2026-08-20 03:00:00,3,MEB PHYSIOTHERAPY,0.1518793997910408
2026-08-20 03:00:00,3,MEB SPECIALITY CLINIC,1.1002577547999206
2026-08-20 03:00:00,3,MENTAL HEALTH,0.1518793997910408
2026-08-20 03:00:00,3,MORGUE,0.1518793997910408
2026-08-20 03:00:00,3,NEURO SURGERY CONSULTATION,0.0882736291016117
2026-08-20 03:00:00,3,NEUROSURGERY,0.6470550164065041
2026-08-20 03:00:00,3,NUTRITION,0.0772369340644729
2026-08-20 03:00:00,3,OCCUPATIONAL THERAPY,0.1151802103866321
2026-08-20 03:00:00,3,OHNS,0.2515388505367587
2026-08-20 03:00:00,3,ONCOLOGY,0.2924390915437336
2026-08-20 03:00:00,3,Ortho OPD,0.0098749748304326
2026-08-20 03:00:00,3,PAEDS,0.1518793997910408
2026-08-20 03:00:00,3,PAEDS BKKH,0.7655733294280093
2026-08-20 03:00:00,3,PALLIATIVE,0.0300044701896085
2026-08-20 03:00:00,3,PATHOLOGY,0.1518793997910408
2026-08-20 03:00:00,3,PEDIATRIC NEUROLOGY,0.1518793997910408
2026-08-20 03:00:00,3,PHYSIOTHERAPY,0.362062760157792
2026-08-20 03:00:00,3,PRIVATE CLINIC,0.2466321436995468
2026-08-20 03:00:00,3,PSYCHOLOGY,0.1833722121622186
2026-08-20 03:00:00,3,RENAL,0.5749438861176317
2026-08-20 03:00:00,3,RESPIRATORY CENTER,0.1518793997910408
2026-08-20 03:00:00,3,SPECIALITY CLINIC,0.8326809659007698
2026-08-20 03:00:00,3,TELEMEDICINE,0.1959305497030749
2026-08-20 04:00:00,4,ADMISSION,0.4705486343345452
2026-08-20 04:00:00,4,ANAESTHESIA,0.1541288020526391
2026-08-20 04:00:00,4,Audiology,0.075644447010278
2026-08-20 04:00:00,4,CARDIOLOGY,0.0905230313632101
2026-08-20 04:00:00,4,CASUALTY,0.0523077022984856
2026-08-20 04:00:00,4,CHRONIC CARE CLINIC (DM/HTN/TB/CCC),0.3699150507876032
2026-08-20 04:00:00,4,DAYCASE,0.1804442196605427
2026-08-20 04:00:00,4,DENTAL,0.1397083802631407
2026-08-20 04:00:00,4,DIABETIC CLINIC,0.0905230313632101
2026-08-20 04:00:00,4,EYE CLINIC,0.3109654646823377
2026-08-20 04:00:00,4,FAMILY CLINIC,0.0904965369537153
2026-08-20 04:00:00,4,FAMILY MEDICINE,0.0768342865951214
2026-08-20 04:00:00,4,GENERAL OPD ,0.3068594460851593
2026-08-20 04:00:00,4,Gen Surg OPD,0.1021875883771388
2026-08-20 04:00:00,4,Gynae OPD,0.0904965369537153
2026-08-20 04:00:00,4,HTS,0.1541288020526391
2026-08-20 04:00:00,4,MATERNITY NURSERY,0.0905230313632101
2026-08-20 04:00:00,4,MCH,0.0193673882883299
2026-08-20 04:00:00,4,MEB PHYSIOTHERAPY,0.1541288020526391
2026-08-20 04:00:00,4,MEB SPECIALITY CLINIC,1.156073374976654
2026-08-20 04:00:00,4,MENTAL HEALTH,0.1541288020526391
2026-08-20 04:00:00,4,MORGUE,0.1541288020526391
2026-08-20 04:00:00,4,NEURO SURGERY CONSULTATION,0.0905230313632101
2026-08-20 04:00:00,4,NEUROSURGERY,0.6493044186681025
2026-08-20 04:00:00,4,NUTRITION,0.063367585602246
2026-08-20 04:00:00,4,OCCUPATIONAL THERAPY,0.1013108619244049
2026-08-20 04:00:00,4,OHNS,0.2111092973815745
2026-08-20 04:00:00,4,ONCOLOGY,0.3369294004633735
2026-08-20 04:00:00,4,Ortho OPD,0.0121243770920309
2026-08-20 04:00:00,4,PAEDS,0.1541288020526391
2026-08-20 04:00:00,4,PAEDS BKKH,0.810063638347649
2026-08-20 04:00:00,4,PALLIATIVE,0.0322538724512068
2026-08-20 04:00:00,4,PATHOLOGY,0.1541288020526391
2026-08-20 04:00:00,4,PEDIATRIC NEUROLOGY,0.1541288020526391
2026-08-20 04:00:00,4,PHYSIOTHERAPY,0.3216332070026082
2026-08-20 04:00:00,4,PRIVATE CLINIC,0.206202590544363
2026-08-20 04:00:00,4,PSYCHOLOGY,0.1695028636999916
2026-08-20 04:00:00,4,RENAL,0.556359452767333
2026-08-20 04:00:00,4,RESPIRATORY CENTER,0.1541288020526391
2026-08-20 04:00:00,4,SPECIALITY CLINIC,0.972356968370478
2026-08-20 04:00:00,4,TELEMEDICINE,0.1981799519646732
2026-08-20 05:00:00,5,ADMISSION,0.3987733944513996
2026-08-20 05:00:00,5,ANAESTHESIA,0.131138291167955
2026-08-20 05:00:00,5,Audiology,0.0333714807153757
2026-08-20 05:00:00,5,CARDIOLOGY,0.0675325204785259
2026-08-20 05:00:00,5,CASUALTY,0.0723254739757795
2026-08-20 05:00:00,5,CHRONIC CARE CLINIC (DM/HTN/TB/CCC),0.4866196966109087
2026-08-20 05:00:00,5,DAYCASE,0.1517475231404409
2026-08-20 05:00:00,5,DENTAL,0.0279518264601042
2026-08-20 05:00:00,5,DIABETIC CLINIC,0.0675325204785259
2026-08-20 05:00:00,5,EYE CLINIC,0.4237901379604219
2026-08-20 05:00:00,5,FAMILY CLINIC,0.0675060260690311
2026-08-20 05:00:00,5,FAMILY MEDICINE,0.0538437757104371
2026-08-20 05:00:00,5,GENERAL OPD ,1.3746989400016194
2026-08-20 05:00:00,5,Gen Surg OPD,0.135966348851725
2026-08-20 05:00:00,5,Gynae OPD,0.0675060260690311
2026-08-20 05:00:00,5,HTS,0.131138291167955
2026-08-20 05:00:00,5,MATERNITY NURSERY,0.0675325204785259
2026-08-20 05:00:00,5,MCH,0.0
2026-08-20 05:00:00,5,MEB PHYSIOTHERAPY,0.131138291167955
2026-08-20 05:00:00,5,MEB SPECIALITY CLINIC,2.196081664917576
2026-08-20 05:00:00,5,MENTAL HEALTH,0.131138291167955
2026-08-20 05:00:00,5,MORGUE,0.131138291167955
2026-08-20 05:00:00,5,NEURO SURGERY CONSULTATION,0.0675325204785259
2026-08-20 05:00:00,5,NEUROSURGERY,1.1633442318855811
2026-08-20 05:00:00,5,NUTRITION,0.0028975134529176
2026-08-20 05:00:00,5,OCCUPATIONAL THERAPY,0.0459757653081011
2026-08-20 05:00:00,5,OHNS,0.1654593863603465
2026-08-20 05:00:00,5,ONCOLOGY,0.4198539690694196
2026-08-20 05:00:00,5,Ortho OPD,0.0
2026-08-20 05:00:00,5,PAEDS,0.131138291167955
2026-08-20 05:00:00,5,PAEDS BKKH,1.2324427278144685
2026-08-20 05:00:00,5,PALLIATIVE,0.0092633615665228
2026-08-20 05:00:00,5,PATHOLOGY,0.131138291167955
2026-08-20 05:00:00,5,PEDIATRIC NEUROLOGY,0.131138291167955
2026-08-20 05:00:00,5,PHYSIOTHERAPY,0.3719377122777004
2026-08-20 05:00:00,5,PRIVATE CLINIC,0.217742491573237
2026-08-20 05:00:00,5,PSYCHOLOGY,0.1046926229549934
2026-08-20 05:00:00,5,RENAL,0.8530072708973266
2026-08-20 05:00:00,5,RESPIRATORY CENTER,0.131138291167955
2026-08-20 05:00:00,5,SPECIALITY CLINIC,1.858508274802943
2026-08-20 05:00:00,5,TELEMEDICINE,0.1920402269314301
2026-08-20 06:00:00,6,ADMISSION,0.7335297660879703
2026-08-20 06:00:00,6,ANAESTHESIA,0.2387874650849737
2026-08-20 06:00:00,6,Audiology,0.1088724255105102
2026-08-20 06:00:00,6,CARDIOLOGY,0.1751816943955441
2026-08-20 06:00:00,6,CASUALTY,0.1315343256552696
2026-08-20 06:00:00,6,CHRONIC CARE CLINIC (DM/HTN/TB/CCC),1.163022630567265
2026-08-20 06:00:00,6,DAYCASE,0.3106524143556365
2026-08-20 06:00:00,6,DENTAL,0.52530885384631
2026-08-20 06:00:00,6,DIABETIC CLINIC,0.1751816943955441
2026-08-20 06:00:00,6,EYE CLINIC,0.5785915450552397
2026-08-20 06:00:00,6,FAMILY CLINIC,0.1751551999860493
2026-08-20 06:00:00,6,FAMILY MEDICINE,0.1469578559257364
2026-08-20 06:00:00,6,GENERAL OPD ,3.953502653149519
2026-08-20 06:00:00,6,Gen Surg OPD,0.2618255514937962
2026-08-20 06:00:00,6,Gynae OPD,0.1751551999860493
2026-08-20 06:00:00,6,HTS,0.2387874650849737
2026-08-20 06:00:00,6,MATERNITY NURSERY,0.1751816943955441
2026-08-20 06:00:00,6,MCH,0.3943204559442306
2026-08-20 06:00:00,6,MEB PHYSIOTHERAPY,0.2387874650849737
2026-08-20 06:00:00,6,MEB SPECIALITY CLINIC,4.160620964068695
2026-08-20 06:00:00,6,MENTAL HEALTH,0.2387874650849737
2026-08-20 06:00:00,6,MORGUE,0.2387874650849737
2026-08-20 06:00:00,6,NEURO SURGERY CONSULTATION,0.1751816943955441
2026-08-20 06:00:00,6,NEUROSURGERY,1.6188119855284144
2026-08-20 06:00:00,6,NUTRITION,0.0815668819974048
2026-08-20 06:00:00,6,OCCUPATIONAL THERAPY,0.1807591288558282
2026-08-20 06:00:00,6,OHNS,0.4314677740526441
2026-08-20 06:00:00,6,ONCOLOGY,1.0327299801588696
2026-08-20 06:00:00,6,Ortho OPD,0.150512627054788
2026-08-20 06:00:00,6,PAEDS,0.2387874650849737
2026-08-20 06:00:00,6,PAEDS BKKH,1.97733970471344
2026-08-20 06:00:00,6,PALLIATIVE,0.1065414783322734
2026-08-20 06:00:00,6,PATHOLOGY,0.2387874650849737
2026-08-20 06:00:00,6,PEDIATRIC NEUROLOGY,0.2387874650849737
2026-08-20 06:00:00,6,PHYSIOTHERAPY,0.6881631130950783
2026-08-20 06:00:00,6,PRIVATE CLINIC,0.31732638325923
2026-08-20 06:00:00,6,PSYCHOLOGY,0.2099782772584341
2026-08-20 06:00:00,6,RENAL,1.4730156538527703
2026-08-20 06:00:00,6,RESPIRATORY CENTER,0.2387874650849737
2026-08-20 06:00:00,6,SPECIALITY CLINIC,4.407128809406639
2026-08-20 06:00:00,6,TELEMEDICINE,0.2640148126748876
2026-08-20 07:00:00,7,ADMISSION,1.4435452527721182
2026-08-20 07:00:00,7,ANAESTHESIA,0.246606096580098
2026-08-20 07:00:00,7,Audiology,0.2553197693541092
2026-08-20 07:00:00,7,CARDIOLOGY,0.1830003258906684
2026-08-20 07:00:00,7,CASUALTY,0.2120373161593406
2026-08-20 07:00:00,7,CHRONIC CARE CLINIC (DM/HTN/TB/CCC),3.3857716170699184
2026-08-20 07:00:00,7,DAYCASE,0.7446370694735096
2026-08-20 07:00:00,7,DENTAL,1.2004898803043
2026-08-20 07:00:00,7,DIABETIC CLINIC,0.1830003258906684
2026-08-20 07:00:00,7,EYE CLINIC,1.5400748203724977
2026-08-20 07:00:00,7,FAMILY CLINIC,0.1829738314811737
2026-08-20 07:00:00,7,FAMILY MEDICINE,0.1547764874208607
2026-08-20 07:00:00,7,GENERAL OPD ,12.222319879011488
2026-08-20 07:00:00,7,Gen Surg OPD,0.7868968772861754
2026-08-20 07:00:00,7,Gynae OPD,0.1829738314811737
2026-08-20 07:00:00,7,HTS,0.246606096580098
2026-08-20 07:00:00,7,MATERNITY NURSERY,0.1830003258906684
2026-08-20 07:00:00,7,MCH,1.950822948765601
2026-08-20 07:00:00,7,MEB PHYSIOTHERAPY,0.246606096580098
2026-08-20 07:00:00,7,MEB SPECIALITY CLINIC,8.550793873977485
2026-08-20 07:00:00,7,MENTAL HEALTH,0.246606096580098
2026-08-20 07:00:00,7,MORGUE,0.246606096580098
2026-08-20 07:00:00,7,NEURO SURGERY CONSULTATION,0.1830003258906684
2026-08-20 07:00:00,7,NEUROSURGERY,2.5507857936613374
2026-08-20 07:00:00,7,NUTRITION,0.1447129585342903
2026-08-20 07:00:00,7,OCCUPATIONAL THERAPY,0.2757199886504085
2026-08-20 07:00:00,7,OHNS,1.3462797370209083
2026-08-20 07:00:00,7,ONCOLOGY,3.456181265715688
2026-08-20 07:00:00,7,Ortho OPD,0.0696182565123332
2026-08-20 07:00:00,7,PAEDS,0.246606096580098
2026-08-20 07:00:00,7,PAEDS BKKH,3.3161022030628056
2026-08-20 07:00:00,7,PALLIATIVE,0.1150512828938022
2026-08-20 07:00:00,7,PATHOLOGY,0.246606096580098
2026-08-20 07:00:00,7,PEDIATRIC NEUROLOGY,0.246606096580098
2026-08-20 07:00:00,7,PHYSIOTHERAPY,1.5944861298341246
2026-08-20 07:00:00,7,PRIVATE CLINIC,1.034456329883304
2026-08-20 07:00:00,7,PSYCHOLOGY,0.3237399200183368
2026-08-20 07:00:00,7,RENAL,3.020040456850236
2026-08-20 07:00:00,7,RESPIRATORY CENTER,0.246606096580098
2026-08-20 07:00:00,7,SPECIALITY CLINIC,9.187225536091496
2026-08-20 07:00:00,7,TELEMEDICINE,0.3281355994149083
2026-08-20 08:00:00,8,ADMISSION,2.9899167234937
2026-08-20 08:00:00,8,ANAESTHESIA,0.3005103134210652
2026-08-20 08:00:00,8,Audiology,0.5616404950823618
2026-08-20 08:00:00,8,CARDIOLOGY,0.2328656430917104
2026-08-20 08:00:00,8,CASUALTY,0.4720817546635169
2026-08-20 08:00:00,8,CHRONIC CARE CLINIC (DM/HTN/TB/CCC),10.11601067945031
2026-08-20 08:00:00,8,DAYCASE,1.3608480270647256
2026-08-20 08:00:00,8,DENTAL,3.2513645807440152
2026-08-20 08:00:00,8,DIABETIC CLINIC,0.2328656430917104
2026-08-20 08:00:00,8,EYE CLINIC,3.4274813418162307
2026-08-20 08:00:00,8,FAMILY CLINIC,0.2359458954694592
2026-08-20 08:00:00,8,FAMILY MEDICINE,0.2377530596716132
2026-08-20 08:00:00,8,GENERAL OPD ,20.29093784548786
2026-08-20 08:00:00,8,Gen Surg OPD,1.1651485093578282
2026-08-20 08:00:00,8,Gynae OPD,0.2359458954694592
2026-08-20 08:00:00,8,HTS,0.3005103134210652
2026-08-20 08:00:00,8,MATERNITY NURSERY,0.2328656430917104
2026-08-20 08:00:00,8,MCH,12.311362122197586
2026-08-20 08:00:00,8,MEB PHYSIOTHERAPY,0.3005103134210652
2026-08-20 08:00:00,8,MEB SPECIALITY CLINIC,14.450050657100949
2026-08-20 08:00:00,8,MENTAL HEALTH,0.3005103134210652
2026-08-20 08:00:00,8,MORGUE,0.3005103134210652
2026-08-20 08:00:00,8,NEURO SURGERY CONSULTATION,0.2328656430917104
2026-08-20 08:00:00,8,NEUROSURGERY,4.034626395693929
2026-08-20 08:00:00,8,NUTRITION,0.347810761277404
2026-08-20 08:00:00,8,OCCUPATIONAL THERAPY,0.3791189769999726
2026-08-20 08:00:00,8,OHNS,2.839240392500378
2026-08-20 08:00:00,8,ONCOLOGY,9.340169120781368
2026-08-20 08:00:00,8,Ortho OPD,0.2280266472553519
2026-08-20 08:00:00,8,PAEDS,0.3005103134210652
2026-08-20 08:00:00,8,PAEDS BKKH,5.59821836168949
2026-08-20 08:00:00,8,PALLIATIVE,0.2265439427761292
2026-08-20 08:00:00,8,PATHOLOGY,0.3005103134210652
2026-08-20 08:00:00,8,PEDIATRIC NEUROLOGY,0.3005103134210652
2026-08-20 08:00:00,8,PHYSIOTHERAPY,3.173660031581675
2026-08-20 08:00:00,8,PRIVATE CLINIC,1.791042481468512
2026-08-20 08:00:00,8,PSYCHOLOGY,0.6106642661326128
2026-08-20 08:00:00,8,RENAL,5.940528290636352
2026-08-20 08:00:00,8,RESPIRATORY CENTER,0.3005103134210652
2026-08-20 08:00:00,8,SPECIALITY CLINIC,17.193190439739467
2026-08-20 08:00:00,8,TELEMEDICINE,0.4161503258870882
2026-08-20 09:00:00,9,ADMISSION,3.610753274867139
2026-08-20 09:00:00,9,ANAESTHESIA,0.3137884481534819
2026-08-20 09:00:00,9,Audiology,0.532757468821492
2026-08-20 09:00:00,9,CARDIOLOGY,0.2461437778241272
2026-08-20 09:00:00,9,CASUALTY,0.4922712822958539
2026-08-20 09:00:00,9,CHRONIC CARE CLINIC (DM/HTN/TB/CCC),10.06380169224852
2026-08-20 09:00:00,9,DAYCASE,1.4592983783254103
2026-08-20 09:00:00,9,DENTAL,3.9824771225517055
2026-08-20 09:00:00,9,DIABETIC CLINIC,0.2461437778241272
2026-08-20 09:00:00,9,EYE CLINIC,2.965117173087934
2026-08-20 09:00:00,9,FAMILY CLINIC,0.249224030201876
2026-08-20 09:00:00,9,FAMILY MEDICINE,0.2510311944040299
2026-08-20 09:00:00,9,GENERAL OPD ,21.100726783267625
2026-08-20 09:00:00,9,Gen Surg OPD,1.1214322444528355
2026-08-20 09:00:00,9,Gynae OPD,0.249224030201876
2026-08-20 09:00:00,9,HTS,0.3137884481534819
2026-08-20 09:00:00,9,MATERNITY NURSERY,0.2461437778241272
2026-08-20 09:00:00,9,MCH,11.542718585857292
2026-08-20 09:00:00,9,MEB PHYSIOTHERAPY,0.3137884481534819
2026-08-20 09:00:00,9,MEB SPECIALITY CLINIC,10.13418834338954
2026-08-20 09:00:00,9,MENTAL HEALTH,0.3137884481534819
2026-08-20 09:00:00,9,MORGUE,0.3137884481534819
2026-08-20 09:00:00,9,NEURO SURGERY CONSULTATION,0.2461437778241272
2026-08-20 09:00:00,9,NEUROSURGERY,4.239187782436692
2026-08-20 09:00:00,9,NUTRITION,0.3698808644462474
2026-08-20 09:00:00,9,OCCUPATIONAL THERAPY,0.3902477635851122
2026-08-20 09:00:00,9,OHNS,2.912814608394314
2026-08-20 09:00:00,9,ONCOLOGY,4.33931442597604
2026-08-20 09:00:00,9,Ortho OPD,0.2413047819877689
2026-08-20 09:00:00,9,PAEDS,0.3137884481534819
2026-08-20 09:00:00,9,PAEDS BKKH,4.742133149693757
2026-08-20 09:00:00,9,PALLIATIVE,0.2398220775085463
2026-08-20 09:00:00,9,PATHOLOGY,0.3137884481534819
2026-08-20 09:00:00,9,PEDIATRIC NEUROLOGY,0.3137884481534819
2026-08-20 09:00:00,9,PHYSIOTHERAPY,2.4047397297698163
2026-08-20 09:00:00,9,PRIVATE CLINIC,1.5631714411318662
2026-08-20 09:00:00,9,PSYCHOLOGY,0.5676336616650527
2026-08-20 09:00:00,9,RENAL,1.0387929994458034
2026-08-20 09:00:00,9,RESPIRATORY CENTER,0.3137884481534819
2026-08-20 09:00:00,9,SPECIALITY CLINIC,12.535464614922253
2026-08-20 09:00:00,9,TELEMEDICINE,0.4142450183207685
2026-08-20 10:00:00,10,ADMISSION,3.332401389702996
2026-08-20 10:00:00,10,ANAESTHESIA,0.204017876149722
2026-08-20 10:00:00,10,Audiology,0.325575398091683
2026-08-20 10:00:00,10,CARDIOLOGY,0.1363732058203672
2026-08-20 10:00:00,10,CASUALTY,0.3894371114795064
2026-08-20 10:00:00,10,CHRONIC CARE CLINIC (DM/HTN/TB/CCC),6.642946210420944
2026-08-20 10:00:00,10,DAYCASE,1.378190521715065
2026-08-20 10:00:00,10,DENTAL,2.960651847889144
2026-08-20 10:00:00,10,DIABETIC CLINIC,0.1363732058203672
2026-08-20 10:00:00,10,EYE CLINIC,1.697011862548416
2026-08-20 10:00:00,10,FAMILY CLINIC,0.1369494519198567
2026-08-20 10:00:00,10,FAMILY MEDICINE,0.1349325843670417
2026-08-20 10:00:00,10,GENERAL OPD ,15.092097937547493
2026-08-20 10:00:00,10,Gen Surg OPD,0.7301823807096907
2026-08-20 10:00:00,10,Gynae OPD,0.1369494519198567
2026-08-20 10:00:00,10,HTS,0.204017876149722
2026-08-20 10:00:00,10,MATERNITY NURSERY,0.1363732058203672
2026-08-20 10:00:00,10,MCH,8.520936329957733
2026-08-20 10:00:00,10,MEB PHYSIOTHERAPY,0.204017876149722
2026-08-20 10:00:00,10,MEB SPECIALITY CLINIC,4.875833395412655
2026-08-20 10:00:00,10,MENTAL HEALTH,0.204017876149722
2026-08-20 10:00:00,10,MORGUE,0.204017876149722
2026-08-20 10:00:00,10,NEURO SURGERY CONSULTATION,0.1363732058203672
2026-08-20 10:00:00,10,NEUROSURGERY,2.9791785909609323
2026-08-20 10:00:00,10,NUTRITION,0.2087732791031131
2026-08-20 10:00:00,10,OCCUPATIONAL THERAPY,0.2384907341356858
2026-08-20 10:00:00,10,OHNS,2.0284417039422644
2026-08-20 10:00:00,10,ONCOLOGY,1.7764471765389236
2026-08-20 10:00:00,10,Ortho OPD,0.1252061719507808
2026-08-20 10:00:00,10,PAEDS,0.204017876149722
2026-08-20 10:00:00,10,PAEDS BKKH,2.5659487151113067
2026-08-20 10:00:00,10,PALLIATIVE,0.1237234674715581
2026-08-20 10:00:00,10,PATHOLOGY,0.204017876149722
2026-08-20 10:00:00,10,PEDIATRIC NEUROLOGY,0.204017876149722
2026-08-20 10:00:00,10,PHYSIOTHERAPY,1.4693039207420315
2026-08-20 10:00:00,10,PRIVATE CLINIC,0.7423149812212597
2026-08-20 10:00:00,10,PSYCHOLOGY,0.5053295091216277
2026-08-20 10:00:00,10,RENAL,0.595449432641282
2026-08-20 10:00:00,10,RESPIRATORY CENTER,0.204017876149722
2026-08-20 10:00:00,10,SPECIALITY CLINIC,6.472596169670543
2026-08-20 10:00:00,10,TELEMEDICINE,0.2676819866140654
2026-08-20 11:00:00,11,ADMISSION,3.260711731178538
2026-08-20 11:00:00,11,ANAESTHESIA,0.2041054853974607
2026-08-20 11:00:00,11,Audiology,0.3039795939392113
2026-08-20 11:00:00,11,CARDIOLOGY,0.1364608150681059
2026-08-20 11:00:00,11,CASUALTY,0.2836326680830628
2026-08-20 11:00:00,11,CHRONIC CARE CLINIC (DM/HTN/TB/CCC),5.4934358884465215
2026-08-20 11:00:00,11,DAYCASE,1.28059627704277
2026-08-20 11:00:00,11,DENTAL,2.2479610542915425
2026-08-20 11:00:00,11,DIABETIC CLINIC,0.1364608150681059
2026-08-20 11:00:00,11,EYE CLINIC,1.1889923751898728
2026-08-20 11:00:00,11,FAMILY CLINIC,0.1370370611675954
2026-08-20 11:00:00,11,FAMILY MEDICINE,0.1350201936147805
2026-08-20 11:00:00,11,GENERAL OPD ,13.75623190515707
2026-08-20 11:00:00,11,Gen Surg OPD,0.646244633041539
2026-08-20 11:00:00,11,Gynae OPD,0.1370370611675954
2026-08-20 11:00:00,11,HTS,0.2041054853974607
2026-08-20 11:00:00,11,MATERNITY NURSERY,0.1364608150681059
2026-08-20 11:00:00,11,MCH,7.601143671380057
2026-08-20 11:00:00,11,MEB PHYSIOTHERAPY,0.2041054853974607
2026-08-20 11:00:00,11,MEB SPECIALITY CLINIC,2.046835495183388
2026-08-20 11:00:00,11,MENTAL HEALTH,0.2041054853974607
2026-08-20 11:00:00,11,MORGUE,0.2041054853974607
2026-08-20 11:00:00,11,NEURO SURGERY CONSULTATION,0.1364608150681059
2026-08-20 11:00:00,11,NEUROSURGERY,1.877978758505907
2026-08-20 11:00:00,11,NUTRITION,0.1928452646052417
2026-08-20 11:00:00,11,OCCUPATIONAL THERAPY,0.2139915438311428
2026-08-20 11:00:00,11,OHNS,1.520266513591398
2026-08-20 11:00:00,11,ONCOLOGY,1.0224597171767411
2026-08-20 11:00:00,11,Ortho OPD,0.1252937811985195
2026-08-20 11:00:00,11,PAEDS,0.2041054853974607
2026-08-20 11:00:00,11,PAEDS BKKH,1.8500772812759183
2026-08-20 11:00:00,11,PALLIATIVE,0.1238110767192968
2026-08-20 11:00:00,11,PATHOLOGY,0.2041054853974607
2026-08-20 11:00:00,11,PEDIATRIC NEUROLOGY,0.2041054853974607
2026-08-20 11:00:00,11,PHYSIOTHERAPY,1.0911568795294684
2026-08-20 11:00:00,11,PRIVATE CLINIC,0.6035125143050717
2026-08-20 11:00:00,11,PSYCHOLOGY,0.4522213122441393
2026-08-20 11:00:00,11,RENAL,0.7672318335404302
2026-08-20 11:00:00,11,RESPIRATORY CENTER,0.2041054853974607
2026-08-20 11:00:00,11,SPECIALITY CLINIC,3.581870800145059
2026-08-20 11:00:00,11,TELEMEDICINE,0.2655948113692358
2026-08-20 12:00:00,12,ADMISSION,2.988619203138823
2026-08-20 12:00:00,12,ANAESTHESIA,0.1707148369263652
2026-08-20 12:00:00,12,Audiology,0.1857061233592891
2026-08-20 12:00:00,12,CARDIOLOGY,0.0912198858959453
2026-08-20 12:00:00,12,CASUALTY,0.2457903868031987
2026-08-20 12:00:00,12,CHRONIC CARE CLINIC (DM/HTN/TB/CCC),3.4077281415860377
2026-08-20 12:00:00,12,DAYCASE,1.0661223183667616
2026-08-20 12:00:00,12,DENTAL,1.5715688476315732
2026-08-20 12:00:00,12,DIABETIC CLINIC,0.0912198858959453
2026-08-20 12:00:00,12,EYE CLINIC,0.7162974101731374
2026-08-20 12:00:00,12,FAMILY CLINIC,0.0917961319954348
2026-08-20 12:00:00,12,FAMILY MEDICINE,0.0897792644426199
2026-08-20 12:00:00,12,GENERAL OPD ,8.931896665864953
2026-08-20 12:00:00,12,Gen Surg OPD,0.5134330431737633
2026-08-20 12:00:00,12,Gynae OPD,0.0917961319954348
2026-08-20 12:00:00,12,HTS,0.1707148369263652
2026-08-20 12:00:00,12,MATERNITY NURSERY,0.0912198858959453
2026-08-20 12:00:00,12,MCH,5.0919334494404165
2026-08-20 12:00:00,12,MEB PHYSIOTHERAPY,0.1707148369263652
2026-08-20 12:00:00,12,MEB SPECIALITY CLINIC,0.9831366330476768
2026-08-20 12:00:00,12,MENTAL HEALTH,0.1707148369263652
2026-08-20 12:00:00,12,MORGUE,0.1707148369263652
2026-08-20 12:00:00,12,NEURO SURGERY CONSULTATION,0.0912198858959453
2026-08-20 12:00:00,12,NEUROSURGERY,1.022862234362386
2026-08-20 12:00:00,12,NUTRITION,0.1211323507009141
2026-08-20 12:00:00,12,OCCUPATIONAL THERAPY,0.1481648615651886
2026-08-20 12:00:00,12,OHNS,0.7920069963502974
2026-08-20 12:00:00,12,ONCOLOGY,0.4787071261027698
2026-08-20 12:00:00,12,Ortho OPD,0.0748668207065447
2026-08-20 12:00:00,12,PAEDS,0.1707148369263652
2026-08-20 12:00:00,12,PAEDS BKKH,0.9017165705688652
2026-08-20 12:00:00,12,PALLIATIVE,0.07381135798668
2026-08-20 12:00:00,12,PATHOLOGY,0.1707148369263652
2026-08-20 12:00:00,12,PEDIATRIC NEUROLOGY,0.1707148369263652
2026-08-20 12:00:00,12,PHYSIOTHERAPY,0.5532026293281525
2026-08-20 12:00:00,12,PRIVATE CLINIC,0.3762875914075028
2026-08-20 12:00:00,12,PSYCHOLOGY,0.3073800857995039
2026-08-20 12:00:00,12,RENAL,0.7540396425128693
2026-08-20 12:00:00,12,RESPIRATORY CENTER,0.1707148369263652
2026-08-20 12:00:00,12,SPECIALITY CLINIC,1.85888534888898
2026-08-20 12:00:00,12,TELEMEDICINE,0.2048881738923121
2026-08-20 13:00:00,13,ADMISSION,2.362792962486188
2026-08-20 13:00:00,13,ANAESTHESIA,0.1502807388168198
2026-08-20 13:00:00,13,Audiology,0.1379748565863163
2026-08-20 13:00:00,13,CARDIOLOGY,0.0902095750681484
2026-08-20 13:00:00,13,CASUALTY,0.2096445737806649
2026-08-20 13:00:00,13,CHRONIC CARE CLINIC (DM/HTN/TB/CCC),2.1517771095523988
2026-08-20 13:00:00,13,DAYCASE,0.8041713202321639
2026-08-20 13:00:00,13,DENTAL,0.8116101954523429
2026-08-20 13:00:00,13,DIABETIC CLINIC,0.0902095750681484
2026-08-20 13:00:00,13,EYE CLINIC,0.3989794393039174
2026-08-20 13:00:00,13,FAMILY CLINIC,0.0907858211676379
2026-08-20 13:00:00,13,FAMILY MEDICINE,0.088768953614823
2026-08-20 13:00:00,13,GENERAL OPD ,5.302740763880321
2026-08-20 13:00:00,13,Gen Surg OPD,0.3288919156801592
2026-08-20 13:00:00,13,Gynae OPD,0.0907858211676379
2026-08-20 13:00:00,13,HTS,0.1502807388168198
2026-08-20 13:00:00,13,MATERNITY NURSERY,0.0902095750681484
2026-08-20 13:00:00,13,MCH,2.235524524021216
2026-08-20 13:00:00,13,MEB PHYSIOTHERAPY,0.1502807388168198
2026-08-20 13:00:00,13,MEB SPECIALITY CLINIC,0.4250352021895818
2026-08-20 13:00:00,13,MENTAL HEALTH,0.1502807388168198
2026-08-20 13:00:00,13,MORGUE,0.1502807388168198
2026-08-20 13:00:00,13,NEURO SURGERY CONSULTATION,0.0902095750681484
2026-08-20 13:00:00,13,NEUROSURGERY,0.5603736982155298
2026-08-20 13:00:00,13,NUTRITION,0.1191286852808961
2026-08-20 13:00:00,13,OCCUPATIONAL THERAPY,0.1393881559579733
2026-08-20 13:00:00,13,OHNS,0.3876209939232024
2026-08-20 13:00:00,13,ONCOLOGY,0.2511448410450906
2026-08-20 13:00:00,13,Ortho OPD,0.0734591257326877
2026-08-20 13:00:00,13,PAEDS,0.1502807388168198
2026-08-20 13:00:00,13,PAEDS BKKH,0.4220505448443211
2026-08-20 13:00:00,13,PALLIATIVE,0.072801047158883
2026-08-20 13:00:00,13,PATHOLOGY,0.1502807388168198
2026-08-20 13:00:00,13,PEDIATRIC NEUROLOGY,0.1502807388168198
2026-08-20 13:00:00,13,PHYSIOTHERAPY,0.2842948387772152
2026-08-20 13:00:00,13,PRIVATE CLINIC,0.2264697830338869
2026-08-20 13:00:00,13,PSYCHOLOGY,0.1776679705209858
2026-08-20 13:00:00,13,RENAL,0.3797009556970374
2026-08-20 13:00:00,13,RESPIRATORY CENTER,0.1502807388168198
2026-08-20 13:00:00,13,SPECIALITY CLINIC,0.5954580128717316
2026-08-20 13:00:00,13,TELEMEDICINE,0.2025060264073157
2026-08-20 14:00:00,14,ADMISSION,2.3772816275023567
2026-08-20 14:00:00,14,ANAESTHESIA,0.1502807388168198
2026-08-20 14:00:00,14,Audiology,0.1379748565863163
2026-08-20 14:00:00,14,CARDIOLOGY,0.0902095750681484
2026-08-20 14:00:00,14,CASUALTY,0.2096445737806649
2026-08-20 14:00:00,14,CHRONIC CARE CLINIC (DM/HTN/TB/CCC),1.770608453097532
2026-08-20 14:00:00,14,DAYCASE,0.6733932892213863
2026-08-20 14:00:00,14,DENTAL,0.7421806701950526
2026-08-20 14:00:00,14,DIABETIC CLINIC,0.0902095750681484
2026-08-20 14:00:00,14,EYE CLINIC,0.3104267482801871
2026-08-20 14:00:00,14,FAMILY CLINIC,0.0907858211676379
2026-08-20 14:00:00,14,FAMILY MEDICINE,0.088768953614823
2026-08-20 14:00:00,14,GENERAL OPD ,4.510622783100899
2026-08-20 14:00:00,14,Gen Surg OPD,0.2739542458937173
2026-08-20 14:00:00,14,Gynae OPD,0.0907858211676379
2026-08-20 14:00:00,14,HTS,0.1502807388168198
2026-08-20 14:00:00,14,MATERNITY NURSERY,0.0902095750681484
2026-08-20 14:00:00,14,MCH,2.0404806402106144
2026-08-20 14:00:00,14,MEB PHYSIOTHERAPY,0.1502807388168198
2026-08-20 14:00:00,14,MEB SPECIALITY CLINIC,0.2365092941003073
2026-08-20 14:00:00,14,MENTAL HEALTH,0.1502807388168198
2026-08-20 14:00:00,14,MORGUE,0.1502807388168198
2026-08-20 14:00:00,14,NEURO SURGERY CONSULTATION,0.0902095750681484
2026-08-20 14:00:00,14,NEUROSURGERY,0.3060781832354999
2026-08-20 14:00:00,14,NUTRITION,0.1191286852808961
2026-08-20 14:00:00,14,OCCUPATIONAL THERAPY,0.1393881559579733
2026-08-20 14:00:00,14,OHNS,0.2770642273838199
2026-08-20 14:00:00,14,ONCOLOGY,0.2608870606615846
2026-08-20 14:00:00,14,Ortho OPD,0.0734591257326877
2026-08-20 14:00:00,14,PAEDS,0.1502807388168198
2026-08-20 14:00:00,14,PAEDS BKKH,0.2647432824111121
2026-08-20 14:00:00,14,PALLIATIVE,0.072801047158883
2026-08-20 14:00:00,14,PATHOLOGY,0.1502807388168198
2026-08-20 14:00:00,14,PEDIATRIC NEUROLOGY,0.1502807388168198
2026-08-20 14:00:00,14,PHYSIOTHERAPY,0.2940370583937092
2026-08-20 14:00:00,14,PRIVATE CLINIC,0.1706774983741101
2026-08-20 14:00:00,14,PSYCHOLOGY,0.1776679705209858
2026-08-20 14:00:00,14,RENAL,0.3797009556970374
2026-08-20 14:00:00,14,RESPIRATORY CENTER,0.1502807388168198
2026-08-20 14:00:00,14,SPECIALITY CLINIC,0.4087730155153677
2026-08-20 14:00:00,14,TELEMEDICINE,0.2025060264073157
2026-08-20 15:00:00,15,ADMISSION,2.3435056531435743
2026-08-20 15:00:00,15,ANAESTHESIA,0.149093572463715
2026-08-20 15:00:00,15,Audiology,0.1379748565863163
2026-08-20 15:00:00,15,CARDIOLOGY,0.0902095750681484
2026-08-20 15:00:00,15,CASUALTY,0.2090767289146921
2026-08-20 15:00:00,15,CHRONIC CARE CLINIC (DM/HTN/TB/CCC),1.2736891549938905
2026-08-20 15:00:00,15,DAYCASE,0.7234438281073737
2026-08-20 15:00:00,15,DENTAL,0.5469175631470945
2026-08-20 15:00:00,15,DIABETIC CLINIC,0.0902095750681484
2026-08-20 15:00:00,15,EYE CLINIC,0.2302106619799884
2026-08-20 15:00:00,15,FAMILY CLINIC,0.0907858211676379
2026-08-20 15:00:00,15,FAMILY MEDICINE,0.088768953614823
2026-08-20 15:00:00,15,GENERAL OPD ,3.7668025464380928
2026-08-20 15:00:00,15,Gen Surg OPD,0.2592596223135037
2026-08-20 15:00:00,15,Gynae OPD,0.0907858211676379
2026-08-20 15:00:00,15,HTS,0.149093572463715
2026-08-20 15:00:00,15,MATERNITY NURSERY,0.0902095750681484
2026-08-20 15:00:00,15,MCH,1.316143094996864
2026-08-20 15:00:00,15,MEB PHYSIOTHERAPY,0.149093572463715
2026-08-20 15:00:00,15,MEB SPECIALITY CLINIC,0.2368846759593349
2026-08-20 15:00:00,15,MENTAL HEALTH,0.149093572463715
2026-08-20 15:00:00,15,MORGUE,0.149093572463715
2026-08-20 15:00:00,15,NEURO SURGERY CONSULTATION,0.0902095750681484
2026-08-20 15:00:00,15,NEUROSURGERY,0.264589489809527
2026-08-20 15:00:00,15,NUTRITION,0.1191286852808961
2026-08-20 15:00:00,15,OCCUPATIONAL THERAPY,0.1393881559579733
2026-08-20 15:00:00,15,OHNS,0.1997659246763825
2026-08-20 15:00:00,15,ONCOLOGY,0.2034363173391866
2026-08-20 15:00:00,15,Ortho OPD,0.0734591257326877
2026-08-20 15:00:00,15,PAEDS,0.149093572463715
2026-08-20 15:00:00,15,PAEDS BKKH,0.2621355807315264
2026-08-20 15:00:00,15,PALLIATIVE,0.072801047158883
2026-08-20 15:00:00,15,PATHOLOGY,0.149093572463715
2026-08-20 15:00:00,15,PEDIATRIC NEUROLOGY,0.149093572463715
2026-08-20 15:00:00,15,PHYSIOTHERAPY,0.230777377391634
2026-08-20 15:00:00,15,PRIVATE CLINIC,0.1537058057514578
2026-08-20 15:00:00,15,PSYCHOLOGY,0.1678311227608615
2026-08-20 15:00:00,15,RENAL,0.3836794872254953
2026-08-20 15:00:00,15,RESPIRATORY CENTER,0.149093572463715
2026-08-20 15:00:00,15,SPECIALITY CLINIC,0.2885990488986519
2026-08-20 15:00:00,15,TELEMEDICINE,0.2436591029815049
2026-08-20 16:00:00,16,ADMISSION,2.0954865244090186
2026-08-20 16:00:00,16,ANAESTHESIA,0.1417248952091758
2026-08-20 16:00:00,16,Audiology,0.1332175602079693
2026-08-20 16:00:00,16,CARDIOLOGY,0.0842815944080925
2026-08-20 16:00:00,16,CASUALTY,0.2255267980168862
2026-08-20 16:00:00,16,CHRONIC CARE CLINIC (DM/HTN/TB/CCC),0.7262235446802017
2026-08-20 16:00:00,16,DAYCASE,0.6047661795090832
2026-08-20 16:00:00,16,DENTAL,0.28477391675443
2026-08-20 16:00:00,16,DIABETIC CLINIC,0.0842815944080925
2026-08-20 16:00:00,16,EYE CLINIC,0.2052114434259792
2026-08-20 16:00:00,16,FAMILY CLINIC,0.084857840507582
2026-08-20 16:00:00,16,FAMILY MEDICINE,0.0857651537451244
2026-08-20 16:00:00,16,GENERAL OPD ,3.298545601951726
2026-08-20 16:00:00,16,Gen Surg OPD,0.2428409332456932
2026-08-20 16:00:00,16,Gynae OPD,0.084857840507582
2026-08-20 16:00:00,16,HTS,0.1417248952091758
2026-08-20 16:00:00,16,MATERNITY NURSERY,0.088590647788852
2026-08-20 16:00:00,16,MCH,0.8826006802676196
2026-08-20 16:00:00,16,MEB PHYSIOTHERAPY,0.1417248952091758
2026-08-20 16:00:00,16,MEB SPECIALITY CLINIC,0.1673483806408439
2026-08-20 16:00:00,16,MENTAL HEALTH,0.1417248952091758
2026-08-20 16:00:00,16,MORGUE,0.1417248952091758
2026-08-20 16:00:00,16,NEURO SURGERY CONSULTATION,0.0842815944080925
2026-08-20 16:00:00,16,NEUROSURGERY,0.1997713617317609
2026-08-20 16:00:00,16,NUTRITION,0.1143713889025491
2026-08-20 16:00:00,16,OCCUPATIONAL THERAPY,0.1331308890435053
2026-08-20 16:00:00,16,OHNS,0.1747667061223732
2026-08-20 16:00:00,16,ONCOLOGY,0.1931419941737253
2026-08-20 16:00:00,16,Ortho OPD,0.0687018293543408
2026-08-20 16:00:00,16,PAEDS,0.1417248952091758
2026-08-20 16:00:00,16,PAEDS BKKH,0.179563841197302
2026-08-20 16:00:00,16,PALLIATIVE,0.068043750780536
2026-08-20 16:00:00,16,PATHOLOGY,0.1417248952091758
2026-08-20 16:00:00,16,PEDIATRIC NEUROLOGY,0.1417248952091758
2026-08-20 16:00:00,16,PHYSIOTHERAPY,0.2245220952941576
2026-08-20 16:00:00,16,PRIVATE CLINIC,0.141970785991513
2026-08-20 16:00:00,16,PSYCHOLOGY,0.1428098990098366
2026-08-20 16:00:00,16,RENAL,0.3093701834431833
2026-08-20 16:00:00,16,RESPIRATORY CENTER,0.1417248952091758
2026-08-20 16:00:00,16,SPECIALITY CLINIC,0.2316685789687589
2026-08-20 16:00:00,16,TELEMEDICINE,0.2703100318603064
2026-08-20 17:00:00,17,ADMISSION,0.9509132296922812
2026-08-20 17:00:00,17,ANAESTHESIA,0.1235844960382604
2026-08-20 17:00:00,17,Audiology,0.0878347628796485
2026-08-20 17:00:00,17,CARDIOLOGY,0.0752064184324
2026-08-20 17:00:00,17,CASUALTY,0.2410916789156889
2026-08-20 17:00:00,17,CHRONIC CARE CLINIC (DM/HTN/TB/CCC),0.2292103670441741
2026-08-20 17:00:00,17,DAYCASE,0.1957128366762295
2026-08-20 17:00:00,17,DENTAL,0.1611885885716139
2026-08-20 17:00:00,17,DIABETIC CLINIC,0.0752064184324
2026-08-20 17:00:00,17,EYE CLINIC,0.098950865109368
2026-08-20 17:00:00,17,FAMILY CLINIC,0.0757826645318895
2026-08-20 17:00:00,17,FAMILY MEDICINE,0.0730410684335856
2026-08-20 17:00:00,17,GENERAL OPD ,2.0323361266029987
2026-08-20 17:00:00,17,Gen Surg OPD,0.1693923639307574
2026-08-20 17:00:00,17,Gynae OPD,0.0757826645318895
2026-08-20 17:00:00,17,HTS,0.1235844960382604
2026-08-20 17:00:00,17,MATERNITY NURSERY,0.0787610258075262
2026-08-20 17:00:00,17,MCH,0.3430558307778081
2026-08-20 17:00:00,17,MEB PHYSIOTHERAPY,0.1235844960382604
2026-08-20 17:00:00,17,MEB SPECIALITY CLINIC,0.082795195243386
2026-08-20 17:00:00,17,MENTAL HEALTH,0.1235844960382604
2026-08-20 17:00:00,17,MORGUE,0.1235844960382604
2026-08-20 17:00:00,17,NEURO SURGERY CONSULTATION,0.0752064184324
2026-08-20 17:00:00,17,NEUROSURGERY,0.1284343821786933
2026-08-20 17:00:00,17,NUTRITION,0.0853905117163621
2026-08-20 17:00:00,17,OCCUPATIONAL THERAPY,0.1144644984519461
2026-08-20 17:00:00,17,OHNS,0.1206911895900625
2026-08-20 17:00:00,17,ONCOLOGY,0.1539556921361892
2026-08-20 17:00:00,17,Ortho OPD,0.0467654119113097
2026-08-20 17:00:00,17,PAEDS,0.1235844960382604
2026-08-20 17:00:00,17,PAEDS BKKH,0.1092805049575112
2026-08-20 17:00:00,17,PALLIATIVE,0.0470543100803175
2026-08-20 17:00:00,17,PATHOLOGY,0.1235844960382604
2026-08-20 17:00:00,17,PEDIATRIC NEUROLOGY,0.1235844960382604
2026-08-20 17:00:00,17,PHYSIOTHERAPY,0.1976090860363906
2026-08-20 17:00:00,17,PRIVATE CLINIC,0.074929589102251
2026-08-20 17:00:00,17,PSYCHOLOGY,0.0968251978722362
2026-08-20 17:00:00,17,RENAL,0.2407453216012828
2026-08-20 17:00:00,17,RESPIRATORY CENTER,0.1235844960382604
2026-08-20 17:00:00,17,SPECIALITY CLINIC,0.102244988572052
2026-08-20 17:00:00,17,TELEMEDICINE,0.1752037445422679
2026-08-20 18:00:00,18,ADMISSION,0.6742662232000942
2026-08-20 18:00:00,18,ANAESTHESIA,0.1235844960382604
2026-08-20 18:00:00,18,Audiology,0.0878347628796485
2026-08-20 18:00:00,18,CARDIOLOGY,0.0752064184324
2026-08-20 18:00:00,18,CASUALTY,0.2311291478719234
2026-08-20 18:00:00,18,CHRONIC CARE CLINIC (DM/HTN/TB/CCC),0.1546501518447902
2026-08-20 18:00:00,18,DAYCASE,0.2001911662316523
2026-08-20 18:00:00,18,DENTAL,0.0887636110084167
2026-08-20 18:00:00,18,DIABETIC CLINIC,0.0752064184324
2026-08-20 18:00:00,18,EYE CLINIC,0.098950865109368
2026-08-20 18:00:00,18,FAMILY CLINIC,0.0757826645318895
2026-08-20 18:00:00,18,FAMILY MEDICINE,0.0727392497643864
2026-08-20 18:00:00,18,GENERAL OPD ,1.485927798117867
2026-08-20 18:00:00,18,Gen Surg OPD,0.1484410979199058
2026-08-20 18:00:00,18,Gynae OPD,0.0757826645318895
2026-08-20 18:00:00,18,HTS,0.1235844960382604
2026-08-20 18:00:00,18,MATERNITY NURSERY,0.0787610258075262
2026-08-20 18:00:00,18,MCH,0.2323094300611879
2026-08-20 18:00:00,18,MEB PHYSIOTHERAPY,0.1235844960382604
2026-08-20 18:00:00,18,MEB SPECIALITY CLINIC,0.082795195243386
2026-08-20 18:00:00,18,MENTAL HEALTH,0.1235844960382604
2026-08-20 18:00:00,18,MORGUE,0.1235844960382604
2026-08-20 18:00:00,18,NEURO SURGERY CONSULTATION,0.0752064184324
2026-08-20 18:00:00,18,NEUROSURGERY,0.1284343821786933
2026-08-20 18:00:00,18,NUTRITION,0.0853905117163621
2026-08-20 18:00:00,18,OCCUPATIONAL THERAPY,0.1144644984519461
2026-08-20 18:00:00,18,OHNS,0.1203397323483676
2026-08-20 18:00:00,18,ONCOLOGY,0.1539556921361892
2026-08-20 18:00:00,18,Ortho OPD,0.0464139546696148
2026-08-20 18:00:00,18,PAEDS,0.1235844960382604
2026-08-20 18:00:00,18,PAEDS BKKH,0.1089290477158163
2026-08-20 18:00:00,18,PALLIATIVE,0.0467524914111182
2026-08-20 18:00:00,18,PATHOLOGY,0.1235844960382604
2026-08-20 18:00:00,18,PEDIATRIC NEUROLOGY,0.1235844960382604
2026-08-20 18:00:00,18,PHYSIOTHERAPY,0.187646554992625
2026-08-20 18:00:00,18,PRIVATE CLINIC,0.074929589102251
2026-08-20 18:00:00,18,PSYCHOLOGY,0.0968251978722362
2026-08-20 18:00:00,18,RENAL,0.2208901766818807
2026-08-20 18:00:00,18,RESPIRATORY CENTER,0.1235844960382604
2026-08-20 18:00:00,18,SPECIALITY CLINIC,0.102244988572052
2026-08-20 18:00:00,18,TELEMEDICINE,0.1697195430539251
2026-08-20 19:00:00,19,ADMISSION,0.4970953909966378
2026-08-20 19:00:00,19,ANAESTHESIA,0.1235844960382604
2026-08-20 19:00:00,19,Audiology,0.0878347628796485
2026-08-20 19:00:00,19,CARDIOLOGY,0.0752064184324
2026-08-20 19:00:00,19,CASUALTY,0.2311291478719234
2026-08-20 19:00:00,19,CHRONIC CARE CLINIC (DM/HTN/TB/CCC),0.1037762458759197
2026-08-20 19:00:00,19,DAYCASE,0.1493172602627817
2026-08-20 19:00:00,19,DENTAL,0.0887636110084167
2026-08-20 19:00:00,19,DIABETIC CLINIC,0.0752064184324
2026-08-20 19:00:00,19,EYE CLINIC,0.098950865109368
2026-08-20 19:00:00,19,FAMILY CLINIC,0.0757826645318895
2026-08-20 19:00:00,19,FAMILY MEDICINE,0.0727392497643864
2026-08-20 19:00:00,19,GENERAL OPD ,1.1054290687789672
2026-08-20 19:00:00,19,Gen Surg OPD,0.1484410979199058
2026-08-20 19:00:00,19,Gynae OPD,0.0757826645318895
2026-08-20 19:00:00,19,HTS,0.1235844960382604
2026-08-20 19:00:00,19,MATERNITY NURSERY,0.0787610258075262
2026-08-20 19:00:00,19,MCH,0.1943309016426868
2026-08-20 19:00:00,19,MEB PHYSIOTHERAPY,0.1235844960382604
2026-08-20 19:00:00,19,MEB SPECIALITY CLINIC,0.082795195243386
2026-08-20 19:00:00,19,MENTAL HEALTH,0.1235844960382604
2026-08-20 19:00:00,19,MORGUE,0.1235844960382604
2026-08-20 19:00:00,19,NEURO SURGERY CONSULTATION,0.0752064184324
2026-08-20 19:00:00,19,NEUROSURGERY,0.1284343821786933
2026-08-20 19:00:00,19,NUTRITION,0.0853905117163621
2026-08-20 19:00:00,19,OCCUPATIONAL THERAPY,0.1144644984519461
2026-08-20 19:00:00,19,OHNS,0.1203397323483676
2026-08-20 19:00:00,19,ONCOLOGY,0.1539556921361892
2026-08-20 19:00:00,19,Ortho OPD,0.0464139546696148
2026-08-20 19:00:00,19,PAEDS,0.1235844960382604
2026-08-20 19:00:00,19,PAEDS BKKH,0.1089290477158163
2026-08-20 19:00:00,19,PALLIATIVE,0.0467524914111182
2026-08-20 19:00:00,19,PATHOLOGY,0.1235844960382604
2026-08-20 19:00:00,19,PEDIATRIC NEUROLOGY,0.1235844960382604
2026-08-20 19:00:00,19,PHYSIOTHERAPY,0.187646554992625
2026-08-20 19:00:00,19,PRIVATE CLINIC,0.074929589102251
2026-08-20 19:00:00,19,PSYCHOLOGY,0.0968251978722362
2026-08-20 19:00:00,19,RENAL,0.2208901766818807
2026-08-20 19:00:00,19,RESPIRATORY CENTER,0.1235844960382604
2026-08-20 19:00:00,19,SPECIALITY CLINIC,0.102244988572052
2026-08-20 19:00:00,19,TELEMEDICINE,0.1697195430539251
2026-08-20 20:00:00,20,ADMISSION,0.3995035991840747
2026-08-20 20:00:00,20,ANAESTHESIA,0.1235844960382604
2026-08-20 20:00:00,20,Audiology,0.0878347628796485
2026-08-20 20:00:00,20,CARDIOLOGY,0.0752064184324
2026-08-20 20:00:00,20,CASUALTY,0.2311291478719234
2026-08-20 20:00:00,20,CHRONIC CARE CLINIC (DM/HTN/TB/CCC),0.1037762458759197
2026-08-20 20:00:00,20,DAYCASE,0.1493172602627817
2026-08-20 20:00:00,20,DENTAL,0.0887636110084167
2026-08-20 20:00:00,20,DIABETIC CLINIC,0.0752064184324
2026-08-20 20:00:00,20,EYE CLINIC,0.098950865109368
2026-08-20 20:00:00,20,FAMILY CLINIC,0.0757826645318895
2026-08-20 20:00:00,20,FAMILY MEDICINE,0.0727392497643864
2026-08-20 20:00:00,20,GENERAL OPD ,1.0803877296718167
2026-08-20 20:00:00,20,Gen Surg OPD,0.1484410979199058
2026-08-20 20:00:00,20,Gynae OPD,0.0757826645318895
2026-08-20 20:00:00,20,HTS,0.1235844960382604
2026-08-20 20:00:00,20,MATERNITY NURSERY,0.0787610258075262
2026-08-20 20:00:00,20,MCH,0.1943309016426868
2026-08-20 20:00:00,20,MEB PHYSIOTHERAPY,0.1235844960382604
2026-08-20 20:00:00,20,MEB SPECIALITY CLINIC,0.082795195243386
2026-08-20 20:00:00,20,MENTAL HEALTH,0.1235844960382604
2026-08-20 20:00:00,20,MORGUE,0.1235844960382604
2026-08-20 20:00:00,20,NEURO SURGERY CONSULTATION,0.0752064184324
2026-08-20 20:00:00,20,NEUROSURGERY,0.1284343821786933
2026-08-20 20:00:00,20,NUTRITION,0.0853905117163621
2026-08-20 20:00:00,20,OCCUPATIONAL THERAPY,0.1144644984519461
2026-08-20 20:00:00,20,OHNS,0.1203397323483676
2026-08-20 20:00:00,20,ONCOLOGY,0.1539556921361892
2026-08-20 20:00:00,20,Ortho OPD,0.0464139546696148
2026-08-20 20:00:00,20,PAEDS,0.1235844960382604
2026-08-20 20:00:00,20,PAEDS BKKH,0.1089290477158163
2026-08-20 20:00:00,20,PALLIATIVE,0.0467524914111182
2026-08-20 20:00:00,20,PATHOLOGY,0.1235844960382604
2026-08-20 20:00:00,20,PEDIATRIC NEUROLOGY,0.1235844960382604
2026-08-20 20:00:00,20,PHYSIOTHERAPY,0.187646554992625
2026-08-20 20:00:00,20,PRIVATE CLINIC,0.074929589102251
2026-08-20 20:00:00,20,PSYCHOLOGY,0.0968251978722362
2026-08-20 20:00:00,20,RENAL,0.2045530381140348
2026-08-20 20:00:00,20,RESPIRATORY CENTER,0.1235844960382604
2026-08-20 20:00:00,20,SPECIALITY CLINIC,0.102244988572052
2026-08-20 20:00:00,20,TELEMEDICINE,0.1697195430539251
2026-08-20 21:00:00,21,ADMISSION,0.3602979723432905
2026-08-20 21:00:00,21,ANAESTHESIA,0.1235844960382604
2026-08-20 21:00:00,21,Audiology,0.0878347628796485
2026-08-20 21:00:00,21,CARDIOLOGY,0.0752064184324
2026-08-20 21:00:00,21,CASUALTY,0.2311291478719234
2026-08-20 21:00:00,21,CHRONIC CARE CLINIC (DM/HTN/TB/CCC),0.1037762458759197
2026-08-20 21:00:00,21,DAYCASE,0.1493172602627817
2026-08-20 21:00:00,21,DENTAL,0.0887636110084167
2026-08-20 21:00:00,21,DIABETIC CLINIC,0.0752064184324
2026-08-20 21:00:00,21,EYE CLINIC,0.098950865109368
2026-08-20 21:00:00,21,FAMILY CLINIC,0.0757826645318895
2026-08-20 21:00:00,21,FAMILY MEDICINE,0.0727392497643864
2026-08-20 21:00:00,21,GENERAL OPD ,0.9164740850226276
2026-08-20 21:00:00,21,Gen Surg OPD,0.1274920207174922
2026-08-20 21:00:00,21,Gynae OPD,0.0757826645318895
2026-08-20 21:00:00,21,HTS,0.1235844960382604
2026-08-20 21:00:00,21,MATERNITY NURSERY,0.0787610258075262
2026-08-20 21:00:00,21,MCH,0.1856833050762281
2026-08-20 21:00:00,21,MEB PHYSIOTHERAPY,0.1235844960382604
2026-08-20 21:00:00,21,MEB SPECIALITY CLINIC,0.082795195243386
2026-08-20 21:00:00,21,MENTAL HEALTH,0.1235844960382604
2026-08-20 21:00:00,21,MORGUE,0.1235844960382604
2026-08-20 21:00:00,21,NEURO SURGERY CONSULTATION,0.0752064184324
2026-08-20 21:00:00,21,NEUROSURGERY,0.1284343821786933
2026-08-20 21:00:00,21,NUTRITION,0.0853905117163621
2026-08-20 21:00:00,21,OCCUPATIONAL THERAPY,0.1144644984519461
2026-08-20 21:00:00,21,OHNS,0.1203397323483676
2026-08-20 21:00:00,21,ONCOLOGY,0.1539556921361892
2026-08-20 21:00:00,21,Ortho OPD,0.0464139546696148
2026-08-20 21:00:00,21,PAEDS,0.1235844960382604
2026-08-20 21:00:00,21,PAEDS BKKH,0.1089290477158163
2026-08-20 21:00:00,21,PALLIATIVE,0.0467524914111182
2026-08-20 21:00:00,21,PATHOLOGY,0.1235844960382604
2026-08-20 21:00:00,21,PEDIATRIC NEUROLOGY,0.1235844960382604
2026-08-20 21:00:00,21,PHYSIOTHERAPY,0.187646554992625
2026-08-20 21:00:00,21,PRIVATE CLINIC,0.074929589102251
2026-08-20 21:00:00,21,PSYCHOLOGY,0.0968251978722362
2026-08-20 21:00:00,21,RENAL,0.2045530381140348
2026-08-20 21:00:00,21,RESPIRATORY CENTER,0.1235844960382604
2026-08-20 21:00:00,21,SPECIALITY CLINIC,0.102244988572052
2026-08-20 21:00:00,21,TELEMEDICINE,0.1680334634572532
2026-08-20 22:00:00,22,ADMISSION,0.2550281381397032
2026-08-20 22:00:00,22,ANAESTHESIA,0.1235844960382604
2026-08-20 22:00:00,22,Audiology,0.0878347628796485
2026-08-20 22:00:00,22,CARDIOLOGY,0.0752064184324
2026-08-20 22:00:00,22,CASUALTY,0.2308978257128179
2026-08-20 22:00:00,22,CHRONIC CARE CLINIC (DM/HTN/TB/CCC),0.1037762458759197
2026-08-20 22:00:00,22,DAYCASE,0.1493172602627817
2026-08-20 22:00:00,22,DENTAL,0.0887636110084167
2026-08-20 22:00:00,22,DIABETIC CLINIC,0.0752064184324
2026-08-20 22:00:00,22,EYE CLINIC,0.098950865109368
2026-08-20 22:00:00,22,FAMILY CLINIC,0.0757826645318895
2026-08-20 22:00:00,22,FAMILY MEDICINE,0.0727392497643864
2026-08-20 22:00:00,22,GENERAL OPD ,0.7079213224782018
2026-08-20 22:00:00,22,Gen Surg OPD,0.1222606604910538
2026-08-20 22:00:00,22,Gynae OPD,0.0757826645318895
2026-08-20 22:00:00,22,HTS,0.1235844960382604
2026-08-20 22:00:00,22,MATERNITY NURSERY,0.0787610258075262
2026-08-20 22:00:00,22,MCH,0.1854519829171226
2026-08-20 22:00:00,22,MEB PHYSIOTHERAPY,0.1235844960382604
2026-08-20 22:00:00,22,MEB SPECIALITY CLINIC,0.082795195243386
2026-08-20 22:00:00,22,MENTAL HEALTH,0.1235844960382604
2026-08-20 22:00:00,22,MORGUE,0.1235844960382604
2026-08-20 22:00:00,22,NEURO SURGERY CONSULTATION,0.0752064184324
2026-08-20 22:00:00,22,NEUROSURGERY,0.1284343821786933
2026-08-20 22:00:00,22,NUTRITION,0.0853905117163621
2026-08-20 22:00:00,22,OCCUPATIONAL THERAPY,0.1144644984519461
2026-08-20 22:00:00,22,OHNS,0.1203397323483676
2026-08-20 22:00:00,22,ONCOLOGY,0.1539556921361892
2026-08-20 22:00:00,22,Ortho OPD,0.0464139546696148
2026-08-20 22:00:00,22,PAEDS,0.1235844960382604
2026-08-20 22:00:00,22,PAEDS BKKH,0.1089290477158163
2026-08-20 22:00:00,22,PALLIATIVE,0.0467524914111182
2026-08-20 22:00:00,22,PATHOLOGY,0.1235844960382604
2026-08-20 22:00:00,22,PEDIATRIC NEUROLOGY,0.1235844960382604
2026-08-20 22:00:00,22,PHYSIOTHERAPY,0.187646554992625
2026-08-20 22:00:00,22,PRIVATE CLINIC,0.074929589102251
2026-08-20 22:00:00,22,PSYCHOLOGY,0.0968251978722362
2026-08-20 22:00:00,22,RENAL,0.2045530381140348
2026-08-20 22:00:00,22,RESPIRATORY CENTER,0.1235844960382604
2026-08-20 22:00:00,22,SPECIALITY CLINIC,0.102244988572052
2026-08-20 22:00:00,22,TELEMEDICINE,0.1680334634572532
2026-08-20 23:00:00,23,ADMISSION,0.2550281381397032
2026-08-20 23:00:00,23,ANAESTHESIA,0.1235844960382604
2026-08-20 23:00:00,23,Audiology,0.0878347628796485
2026-08-20 23:00:00,23,CARDIOLOGY,0.0752064184324
2026-08-20 23:00:00,23,CASUALTY,0.2308978257128179
2026-08-20 23:00:00,23,CHRONIC CARE CLINIC (DM/HTN/TB/CCC),0.1037762458759197
2026-08-20 23:00:00,23,DAYCASE,0.1493172602627817
2026-08-20 23:00:00,23,DENTAL,0.0887636110084167
2026-08-20 23:00:00,23,DIABETIC CLINIC,0.0752064184324
2026-08-20 23:00:00,23,EYE CLINIC,0.098950865109368
2026-08-20 23:00:00,23,FAMILY CLINIC,0.0757826645318895
2026-08-20 23:00:00,23,FAMILY MEDICINE,0.0727392497643864
2026-08-20 23:00:00,23,GENERAL OPD ,0.6592384673339537
2026-08-20 23:00:00,23,Gen Surg OPD,0.1222606604910538
2026-08-20 23:00:00,23,Gynae OPD,0.0757826645318895
2026-08-20 23:00:00,23,HTS,0.1235844960382604
2026-08-20 23:00:00,23,MATERNITY NURSERY,0.0787610258075262
2026-08-20 23:00:00,23,MCH,0.1854519829171226
2026-08-20 23:00:00,23,MEB PHYSIOTHERAPY,0.1235844960382604
2026-08-20 23:00:00,23,MEB SPECIALITY CLINIC,0.082795195243386
2026-08-20 23:00:00,23,MENTAL HEALTH,0.1235844960382604
2026-08-20 23:00:00,23,MORGUE,0.1235844960382604
2026-08-20 23:00:00,23,NEURO SURGERY CONSULTATION,0.0752064184324
2026-08-20 23:00:00,23,NEUROSURGERY,0.1284343821786933
2026-08-20 23:00:00,23,NUTRITION,0.0853905117163621
2026-08-20 23:00:00,23,OCCUPATIONAL THERAPY,0.1144644984519461
2026-08-20 23:00:00,23,OHNS,0.1203397323483676
2026-08-20 23:00:00,23,ONCOLOGY,0.1539556921361892
2026-08-20 23:00:00,23,Ortho OPD,0.0464139546696148
2026-08-20 23:00:00,23,PAEDS,0.1235844960382604
2026-08-20 23:00:00,23,PAEDS BKKH,0.1089290477158163
2026-08-20 23:00:00,23,PALLIATIVE,0.0467524914111182
2026-08-20 23:00:00,23,PATHOLOGY,0.1235844960382604
2026-08-20 23:00:00,23,PEDIATRIC NEUROLOGY,0.1235844960382604
2026-08-20 23:00:00,23,PHYSIOTHERAPY,0.187646554992625
2026-08-20 23:00:00,23,PRIVATE CLINIC,0.074929589102251
2026-08-20 23:00:00,23,PSYCHOLOGY,0.0968251978722362
2026-08-20 23:00:00,23,RENAL,0.2045530381140348
2026-08-20 23:00:00,23,RESPIRATORY CENTER,0.1235844960382604
2026-08-20 23:00:00,23,SPECIALITY CLINIC,0.102244988572052
2026-08-20 23:00:00,23,TELEMEDICINE,0.1680334634572532
2026-08-21 00:00:00,0,ADMISSION,2.0701624375630336
2026-08-21 00:00:00,0,ANAESTHESIA,0.1533271225967408
2026-08-21 00:00:00,0,Audiology,0.1101287780773488
2026-08-21 00:00:00,0,CARDIOLOGY,0.0897213519073116
2026-08-21 00:00:00,0,CASUALTY,0.0987075159222653
2026-08-21 00:00:00,0,CHRONIC CARE CLINIC (DM/HTN/TB/CCC),0.4669986304509591
2026-08-21 00:00:00,0,DAYCASE,0.2209872810432199
2026-08-21 00:00:00,0,DENTAL,0.1076376707355729
2026-08-21 00:00:00,0,DIABETIC CLINIC,0.0897213519073116
2026-08-21 00:00:00,0,EYE CLINIC,0.3729061741498641
2026-08-21 00:00:00,0,FAMILY CLINIC,0.0896948574978169
2026-08-21 00:00:00,0,FAMILY MEDICINE,0.0944827618109069
2026-08-21 00:00:00,0,GENERAL OPD ,0.5976150156139595
2026-08-21 00:00:00,0,Gen Surg OPD,0.1717390608420843
2026-08-21 00:00:00,0,Gynae OPD,0.0896948574978169
2026-08-21 00:00:00,0,HTS,0.1533271225967408
2026-08-21 00:00:00,0,MATERNITY NURSERY,0.0897213519073116
2026-08-21 00:00:00,0,MCH,0.2052915279029369
2026-08-21 00:00:00,0,MEB PHYSIOTHERAPY,0.1533271225967408
2026-08-21 00:00:00,0,MEB SPECIALITY CLINIC,0.847527498073492
2026-08-21 00:00:00,0,MENTAL HEALTH,0.1533271225967408
2026-08-21 00:00:00,0,MORGUE,0.1533271225967408
2026-08-21 00:00:00,0,NEURO SURGERY CONSULTATION,0.0897213519073116
2026-08-21 00:00:00,0,NEUROSURGERY,0.5366403191903987
2026-08-21 00:00:00,0,NUTRITION,0.0878459566112728
2026-08-21 00:00:00,0,OCCUPATIONAL THERAPY,0.1064415914296776
2026-08-21 00:00:00,0,OHNS,0.113097916173472
2026-08-21 00:00:00,0,ONCOLOGY,0.1048518054231416
2026-08-21 00:00:00,0,Ortho OPD,0.0525157206206098
2026-08-21 00:00:00,0,PAEDS,0.1533271225967408
2026-08-21 00:00:00,0,PAEDS BKKH,0.3972174249869571
2026-08-21 00:00:00,0,PALLIATIVE,0.0499023476669925
2026-08-21 00:00:00,0,PATHOLOGY,0.1533271225967408
2026-08-21 00:00:00,0,PEDIATRIC NEUROLOGY,0.1533271225967408
2026-08-21 00:00:00,0,PHYSIOTHERAPY,0.3866462444722625
2026-08-21 00:00:00,0,PRIVATE CLINIC,0.2604597295023877
2026-08-21 00:00:00,0,PSYCHOLOGY,0.1987238163159818
2026-08-21 00:00:00,0,RENAL,0.4765044188608311
2026-08-21 00:00:00,0,RESPIRATORY CENTER,0.1533271225967408
2026-08-21 00:00:00,0,SPECIALITY CLINIC,0.5009261137155752
2026-08-21 00:00:00,0,TELEMEDICINE,0.2672129135535204
2026-08-21 01:00:00,1,ADMISSION,0.9252807219197156
2026-08-21 01:00:00,1,ANAESTHESIA,0.1533271225967408
2026-08-21 01:00:00,1,Audiology,0.1101287780773488
2026-08-21 01:00:00,1,CARDIOLOGY,0.0897213519073116
2026-08-21 01:00:00,1,CASUALTY,0.0837962264989911
2026-08-21 01:00:00,1,CHRONIC CARE CLINIC (DM/HTN/TB/CCC),0.3944963939228965
2026-08-21 01:00:00,1,DAYCASE,0.1730140500003725
2026-08-21 01:00:00,1,DENTAL,0.0661597148775898
2026-08-21 01:00:00,1,DIABETIC CLINIC,0.0897213519073116
2026-08-21 01:00:00,1,EYE CLINIC,0.3546397011989182
2026-08-21 01:00:00,1,FAMILY CLINIC,0.0896948574978169
2026-08-21 01:00:00,1,FAMILY MEDICINE,0.0930862232169408
2026-08-21 01:00:00,1,GENERAL OPD ,0.3554605854027349
2026-08-21 01:00:00,1,Gen Surg OPD,0.1154171317841922
2026-08-21 01:00:00,1,Gynae OPD,0.0896948574978169
2026-08-21 01:00:00,1,HTS,0.1533271225967408
2026-08-21 01:00:00,1,MATERNITY NURSERY,0.0897213519073116
2026-08-21 01:00:00,1,MCH,0.107053341627371
2026-08-21 01:00:00,1,MEB PHYSIOTHERAPY,0.1533271225967408
2026-08-21 01:00:00,1,MEB SPECIALITY CLINIC,0.8292774188009561
2026-08-21 01:00:00,1,MENTAL HEALTH,0.1533271225967408
2026-08-21 01:00:00,1,MORGUE,0.1533271225967408
2026-08-21 01:00:00,1,NEURO SURGERY CONSULTATION,0.0897213519073116
2026-08-21 01:00:00,1,NEUROSURGERY,0.5183738462394528
2026-08-21 01:00:00,1,NUTRITION,0.0878459566112728
2026-08-21 01:00:00,1,OCCUPATIONAL THERAPY,0.1064415914296776
2026-08-21 01:00:00,1,OHNS,0.0796563949236438
2026-08-21 01:00:00,1,ONCOLOGY,0.1048518054231416
2026-08-21 01:00:00,1,Ortho OPD,0.049015397578827
2026-08-21 01:00:00,1,PAEDS,0.1533271225967408
2026-08-21 01:00:00,1,PAEDS BKKH,0.3856806673370195
2026-08-21 01:00:00,1,PALLIATIVE,0.0485058090730263
2026-08-21 01:00:00,1,PATHOLOGY,0.1533271225967408
2026-08-21 01:00:00,1,PEDIATRIC NEUROLOGY,0.1533271225967408
2026-08-21 01:00:00,1,PHYSIOTHERAPY,0.3751094868223247
2026-08-21 01:00:00,1,PRIVATE CLINIC,0.2422096502298518
2026-08-21 01:00:00,1,PSYCHOLOGY,0.180457343365036
2026-08-21 01:00:00,1,RENAL,0.4582379459098853
2026-08-21 01:00:00,1,RESPIRATORY CENTER,0.1533271225967408
2026-08-21 01:00:00,1,SPECIALITY CLINIC,0.4826760344430391
2026-08-21 01:00:00,1,TELEMEDICINE,0.2467698908956412
2026-08-21 02:00:00,2,ADMISSION,0.4788134398274045
2026-08-21 02:00:00,2,ANAESTHESIA,0.1402281270473906
2026-08-21 02:00:00,2,Audiology,0.0887833062179917
2026-08-21 02:00:00,2,CARDIOLOGY,0.0766223563579615
2026-08-21 02:00:00,2,CASUALTY,0.0417550818994584
2026-08-21 02:00:00,2,CHRONIC CARE CLINIC (DM/HTN/TB/CCC),0.3774985079606639
2026-08-21 02:00:00,2,DAYCASE,0.1863130962096317
2026-08-21 02:00:00,2,DENTAL,0.0047698262482924
2026-08-21 02:00:00,2,DIABETIC CLINIC,0.0766223563579615
2026-08-21 02:00:00,2,EYE CLINIC,0.3593178337466509
2026-08-21 02:00:00,2,FAMILY CLINIC,0.0765958619484667
2026-08-21 02:00:00,2,FAMILY MEDICINE,0.0629336115898727
2026-08-21 02:00:00,2,GENERAL OPD ,0.2709398582313358
2026-08-21 02:00:00,2,Gen Surg OPD,0.1073635841722761
2026-08-21 02:00:00,2,Gynae OPD,0.0765958619484667
2026-08-21 02:00:00,2,HTS,0.1402281270473906
2026-08-21 02:00:00,2,MATERNITY NURSERY,0.0766223563579615
2026-08-21 02:00:00,2,MCH,0.0675979781907081
2026-08-21 02:00:00,2,MEB PHYSIOTHERAPY,0.1402281270473906
2026-08-21 02:00:00,2,MEB SPECIALITY CLINIC,1.0395733061668802
2026-08-21 02:00:00,2,MENTAL HEALTH,0.1402281270473906
2026-08-21 02:00:00,2,MORGUE,0.1402281270473906
2026-08-21 02:00:00,2,NEURO SURGERY CONSULTATION,0.0766223563579615
2026-08-21 02:00:00,2,NEUROSURGERY,0.5335094048382023
2026-08-21 02:00:00,2,NUTRITION,0.0470007132222895
2026-08-21 02:00:00,2,OCCUPATIONAL THERAPY,0.0716450747848343
2026-08-21 02:00:00,2,OHNS,0.0508525688668166
2026-08-21 02:00:00,2,ONCOLOGY,0.0917528098737914
2026-08-21 02:00:00,2,Ortho OPD,0.0
2026-08-21 02:00:00,2,PAEDS,0.1402281270473906
2026-08-21 02:00:00,2,PAEDS BKKH,0.3620362743024405
2026-08-21 02:00:00,2,PALLIATIVE,0.0466035198680964
2026-08-21 02:00:00,2,PATHOLOGY,0.1402281270473906
2026-08-21 02:00:00,2,PEDIATRIC NEUROLOGY,0.1402281270473906
2026-08-21 02:00:00,2,PHYSIOTHERAPY,0.4006597109368246
2026-08-21 02:00:00,2,PRIVATE CLINIC,0.2415095861485326
2026-08-21 02:00:00,2,PSYCHOLOGY,0.1583477498487734
2026-08-21 02:00:00,2,RENAL,0.4338306735889379
2026-08-21 02:00:00,2,RESPIRATORY CENTER,0.1402281270473906
2026-08-21 02:00:00,2,SPECIALITY CLINIC,0.5014081549745155
2026-08-21 02:00:00,2,TELEMEDICINE,0.21429235409068
2026-08-21 03:00:00,3,ADMISSION,0.4415875875551461
2026-08-21 03:00:00,3,ANAESTHESIA,0.1402281270473906
2026-08-21 03:00:00,3,Audiology,0.0887833062179917
2026-08-21 03:00:00,3,CARDIOLOGY,0.0766223563579615
2026-08-21 03:00:00,3,CASUALTY,0.038407027293237
2026-08-21 03:00:00,3,CHRONIC CARE CLINIC (DM/HTN/TB/CCC),0.3758602793162799
2026-08-21 03:00:00,3,DAYCASE,0.1863130962096317
2026-08-21 03:00:00,3,DENTAL,0.0047698262482924
2026-08-21 03:00:00,3,DIABETIC CLINIC,0.0766223563579615
2026-08-21 03:00:00,3,EYE CLINIC,0.3593178337466509
2026-08-21 03:00:00,3,FAMILY CLINIC,0.0765958619484667
2026-08-21 03:00:00,3,FAMILY MEDICINE,0.0629336115898727
2026-08-21 03:00:00,3,GENERAL OPD ,0.284130715307953
2026-08-21 03:00:00,3,Gen Surg OPD,0.1007053895881177
2026-08-21 03:00:00,3,Gynae OPD,0.0765958619484667
2026-08-21 03:00:00,3,HTS,0.1402281270473906
2026-08-21 03:00:00,3,MATERNITY NURSERY,0.0766223563579615
2026-08-21 03:00:00,3,MCH,0.0642499235844867
2026-08-21 03:00:00,3,MEB PHYSIOTHERAPY,0.1402281270473906
2026-08-21 03:00:00,3,MEB SPECIALITY CLINIC,1.1021544426957637
2026-08-21 03:00:00,3,MENTAL HEALTH,0.1402281270473906
2026-08-21 03:00:00,3,MORGUE,0.1402281270473906
2026-08-21 03:00:00,3,NEURO SURGERY CONSULTATION,0.0766223563579615
2026-08-21 03:00:00,3,NEUROSURGERY,0.6253470782512827
2026-08-21 03:00:00,3,NUTRITION,0.0470007132222895
2026-08-21 03:00:00,3,OCCUPATIONAL THERAPY,0.0716450747848343
2026-08-21 03:00:00,3,OHNS,0.0508525688668166
2026-08-21 03:00:00,3,ONCOLOGY,0.0917528098737914
2026-08-21 03:00:00,3,Ortho OPD,0.134961250646234
2026-08-21 03:00:00,3,PAEDS,0.1402281270473906
2026-08-21 03:00:00,3,PAEDS BKKH,0.3620362743024405
2026-08-21 03:00:00,3,PALLIATIVE,0.0466035198680964
2026-08-21 03:00:00,3,PATHOLOGY,0.1402281270473906
2026-08-21 03:00:00,3,PEDIATRIC NEUROLOGY,0.1402281270473906
2026-08-21 03:00:00,3,PHYSIOTHERAPY,0.4006597109368246
2026-08-21 03:00:00,3,PRIVATE CLINIC,0.2415095861485326
2026-08-21 03:00:00,3,PSYCHOLOGY,0.1583477498487734
2026-08-21 03:00:00,3,RENAL,0.4338306735889379
2026-08-21 03:00:00,3,RESPIRATORY CENTER,0.1402281270473906
2026-08-21 03:00:00,3,SPECIALITY CLINIC,0.5014081549745155
2026-08-21 03:00:00,3,TELEMEDICINE,0.2040488285137624
2026-08-21 04:00:00,4,ADMISSION,0.4701230419052254
2026-08-21 04:00:00,4,ANAESTHESIA,0.1424775293089889
2026-08-21 04:00:00,4,Audiology,0.0932409722077998
2026-08-21 04:00:00,4,CARDIOLOGY,0.0788717586195599
2026-08-21 04:00:00,4,CASUALTY,0.0406564295548354
2026-08-21 04:00:00,4,CHRONIC CARE CLINIC (DM/HTN/TB/CCC),0.3844622709121849
2026-08-21 04:00:00,4,DAYCASE,0.18856249847123
2026-08-21 04:00:00,4,DENTAL,0.0
2026-08-21 04:00:00,4,DIABETIC CLINIC,0.0788717586195599
2026-08-21 04:00:00,4,EYE CLINIC,0.3371822015278501
2026-08-21 04:00:00,4,FAMILY CLINIC,0.0788452642100651
2026-08-21 04:00:00,4,FAMILY MEDICINE,0.0651830138514712
2026-08-21 04:00:00,4,GENERAL OPD ,0.2944567333681507
2026-08-21 04:00:00,4,Gen Surg OPD,0.1019541608008545
2026-08-21 04:00:00,4,Gynae OPD,0.0788452642100651
2026-08-21 04:00:00,4,HTS,0.1424775293089889
2026-08-21 04:00:00,4,MATERNITY NURSERY,0.0788717586195599
2026-08-21 04:00:00,4,MCH,0.0137945939458516
2026-08-21 04:00:00,4,MEB PHYSIOTHERAPY,0.1424775293089889
2026-08-21 04:00:00,4,MEB SPECIALITY CLINIC,1.1107564342916691
2026-08-21 04:00:00,4,MENTAL HEALTH,0.1424775293089889
2026-08-21 04:00:00,4,MORGUE,0.1424775293089889
2026-08-21 04:00:00,4,NEURO SURGERY CONSULTATION,0.0788717586195599
2026-08-21 04:00:00,4,NEUROSURGERY,0.6275964805128811
2026-08-21 04:00:00,4,NUTRITION,0.0514583792120976
2026-08-21 04:00:00,4,OCCUPATIONAL THERAPY,0.0761027407746423
2026-08-21 04:00:00,4,OHNS,0.000397239228182
2026-08-21 04:00:00,4,ONCOLOGY,0.0412974802351562
2026-08-21 04:00:00,4,Ortho OPD,0.0004731043483807
2026-08-21 04:00:00,4,PAEDS,0.1424775293089889
2026-08-21 04:00:00,4,PAEDS BKKH,0.3115809446638055
2026-08-21 04:00:00,4,PALLIATIVE,0.0488529221296947
2026-08-21 04:00:00,4,PATHOLOGY,0.1424775293089889
2026-08-21 04:00:00,4,PEDIATRIC NEUROLOGY,0.1424775293089889
2026-08-21 04:00:00,4,PHYSIOTHERAPY,0.4092617025327298
2026-08-21 04:00:00,4,PRIVATE CLINIC,0.2501115777444382
2026-08-21 04:00:00,4,PSYCHOLOGY,0.1628054158385814
2026-08-21 04:00:00,4,RENAL,0.4642777849897279
2026-08-21 04:00:00,4,RESPIRATORY CENTER,0.1424775293089889
2026-08-21 04:00:00,4,SPECIALITY CLINIC,0.6051958401204891
2026-08-21 04:00:00,4,TELEMEDICINE,0.2062982307753607
2026-08-21 05:00:00,5,ADMISSION,0.3941975828503629
2026-08-21 05:00:00,5,ANAESTHESIA,0.1182120060726809
2026-08-21 05:00:00,5,Audiology,0.0514032172802631
2026-08-21 05:00:00,5,CARDIOLOGY,0.0546062353832519
2026-08-21 05:00:00,5,CASUALTY,0.0606742012321293
2026-08-21 05:00:00,5,CHRONIC CARE CLINIC (DM/HTN/TB/CCC),0.466601568831776
2026-08-21 05:00:00,5,DAYCASE,0.1585907895995045
2026-08-21 05:00:00,5,DENTAL,0.2881696469523336
2026-08-21 05:00:00,5,DIABETIC CLINIC,0.0546062353832519
2026-08-21 05:00:00,5,EYE CLINIC,0.3777946361562822
2026-08-21 05:00:00,5,FAMILY CLINIC,0.0545797409737571
2026-08-21 05:00:00,5,FAMILY MEDICINE,0.040917490615163
2026-08-21 05:00:00,5,GENERAL OPD ,1.2378471574357004
2026-08-21 05:00:00,5,Gen Surg OPD,0.1656918452088145
2026-08-21 05:00:00,5,Gynae OPD,0.0545797409737571
2026-08-21 05:00:00,5,HTS,0.1182120060726809
2026-08-21 05:00:00,5,MATERNITY NURSERY,0.0546062353832519
2026-08-21 05:00:00,5,MCH,0.0
2026-08-21 05:00:00,5,MEB PHYSIOTHERAPY,0.1182120060726809
2026-08-21 05:00:00,5,MEB SPECIALITY CLINIC,2.161897944381884
2026-08-21 05:00:00,5,MENTAL HEALTH,0.1182120060726809
2026-08-21 05:00:00,5,MORGUE,0.1182120060726809
2026-08-21 05:00:00,5,NEURO SURGERY CONSULTATION,0.0546062353832519
2026-08-21 05:00:00,5,NEUROSURGERY,1.14163629373036
2026-08-21 05:00:00,5,NUTRITION,0.0058176973190641
2026-08-21 05:00:00,5,OCCUPATIONAL THERAPY,0.0355970344146331
2026-08-21 05:00:00,5,OHNS,0.0
2026-08-21 05:00:00,5,ONCOLOGY,0.0463435136762618
2026-08-21 05:00:00,5,Ortho OPD,0.0
2026-08-21 05:00:00,5,PAEDS,0.1182120060726809
2026-08-21 05:00:00,5,PAEDS BKKH,0.290627603377017
2026-08-21 05:00:00,5,PALLIATIVE,0.0245873988933868
2026-08-21 05:00:00,5,PATHOLOGY,0.1182120060726809
2026-08-21 05:00:00,5,PEDIATRIC NEUROLOGY,0.1182120060726809
2026-08-21 05:00:00,5,PHYSIOTHERAPY,0.4895251317411959
2026-08-21 05:00:00,5,PRIVATE CLINIC,0.2903353903550625
2026-08-21 05:00:00,5,PSYCHOLOGY,0.1115495529982538
2026-08-21 05:00:00,5,RENAL,0.7767431801694377
2026-08-21 05:00:00,5,RESPIRATORY CENTER,0.1182120060726809
2026-08-21 05:00:00,5,SPECIALITY CLINIC,1.638786432180597
2026-08-21 05:00:00,5,TELEMEDICINE,0.1988834933904936
2026-08-21 06:00:00,6,ADMISSION,0.7333190076052871
2026-08-21 06:00:00,6,ANAESTHESIA,0.2258611799896995
2026-08-21 06:00:00,6,Audiology,0.1269041620753974
2026-08-21 06:00:00,6,CARDIOLOGY,0.1622554093002699
2026-08-21 06:00:00,6,CASUALTY,0.1198830529116194
2026-08-21 06:00:00,6,CHRONIC CARE CLINIC (DM/HTN/TB/CCC),1.1295159865103612
2026-08-21 06:00:00,6,DAYCASE,0.3174956808147
2026-08-21 06:00:00,6,DENTAL,0.2826917979374324
2026-08-21 06:00:00,6,DIABETIC CLINIC,0.1622554093002699
2026-08-21 06:00:00,6,EYE CLINIC,0.497905035628246
2026-08-21 06:00:00,6,FAMILY CLINIC,0.1622289148907751
2026-08-21 06:00:00,6,FAMILY MEDICINE,0.1340315708304623
2026-08-21 06:00:00,6,GENERAL OPD ,3.790432693070031
2026-08-21 06:00:00,6,Gen Surg OPD,0.2609678172189633
2026-08-21 06:00:00,6,Gynae OPD,0.1622289148907751
2026-08-21 06:00:00,6,HTS,0.2258611799896995
2026-08-21 06:00:00,6,MATERNITY NURSERY,0.1622554093002699
2026-08-21 06:00:00,6,MCH,0.3589913180867733
2026-08-21 06:00:00,6,MEB PHYSIOTHERAPY,0.2258611799896995
2026-08-21 06:00:00,6,MEB SPECIALITY CLINIC,4.24276023293874
2026-08-21 06:00:00,6,MENTAL HEALTH,0.2258611799896995
2026-08-21 06:00:00,6,MORGUE,0.2258611799896995
2026-08-21 06:00:00,6,NEURO SURGERY CONSULTATION,0.1622554093002699
2026-08-21 06:00:00,6,NEUROSURGERY,1.5971040473731937
2026-08-21 06:00:00,6,NUTRITION,0.084487065863551
2026-08-21 06:00:00,6,OCCUPATIONAL THERAPY,0.17038039796236
2026-08-21 06:00:00,6,OHNS,0.5269905160424293
2026-08-21 06:00:00,6,ONCOLOGY,0.6635845778840679
2026-08-21 06:00:00,6,Ortho OPD,0.151314911957821
2026-08-21 06:00:00,6,PAEDS,0.2258611799896995
2026-08-21 06:00:00,6,PAEDS BKKH,0.7481398325259444
2026-08-21 06:00:00,6,PALLIATIVE,0.1218655156591374
2026-08-21 06:00:00,6,PATHOLOGY,0.2258611799896995
2026-08-21 06:00:00,6,PEDIATRIC NEUROLOGY,0.2258611799896995
2026-08-21 06:00:00,6,PHYSIOTHERAPY,0.8057505325585739
2026-08-21 06:00:00,6,PRIVATE CLINIC,0.3899192820410549
2026-08-21 06:00:00,6,PSYCHOLOGY,0.2168352073016947
2026-08-21 06:00:00,6,RENAL,1.4050156436885353
2026-08-21 06:00:00,6,RESPIRATORY CENTER,0.2258611799896995
2026-08-21 06:00:00,6,SPECIALITY CLINIC,3.426432172146892
2026-08-21 06:00:00,6,TELEMEDICINE,0.2708580791339513
2026-08-21 07:00:00,7,ADMISSION,1.4350739694722805
2026-08-21 07:00:00,7,ANAESTHESIA,0.2336798114848238
2026-08-21 07:00:00,7,Audiology,0.2581894724258428
2026-08-21 07:00:00,7,CARDIOLOGY,0.1700740407953943
2026-08-21 07:00:00,7,CASUALTY,0.2003860434156903
2026-08-21 07:00:00,7,CHRONIC CARE CLINIC (DM/HTN/TB/CCC),3.18583798975708
2026-08-21 07:00:00,7,DAYCASE,0.7478389807681841
2026-08-21 07:00:00,7,DENTAL,0.990845654190371
2026-08-21 07:00:00,7,DIABETIC CLINIC,0.1700740407953943
2026-08-21 07:00:00,7,EYE CLINIC,1.2848712284939094
2026-08-21 07:00:00,7,FAMILY CLINIC,0.1700475463858995
2026-08-21 07:00:00,7,FAMILY MEDICINE,0.1418502023255866
2026-08-21 07:00:00,7,GENERAL OPD ,11.60014201081544
2026-08-21 07:00:00,7,Gen Surg OPD,0.8702440776076046
2026-08-21 07:00:00,7,Gynae OPD,0.1700475463858995
2026-08-21 07:00:00,7,HTS,0.2336798114848238
2026-08-21 07:00:00,7,MATERNITY NURSERY,0.1700740407953943
2026-08-21 07:00:00,7,MCH,1.8108605008658212
2026-08-21 07:00:00,7,MEB PHYSIOTHERAPY,0.2336798114848238
2026-08-21 07:00:00,7,MEB SPECIALITY CLINIC,9.344127870882849
2026-08-21 07:00:00,7,MENTAL HEALTH,0.2336798114848238
2026-08-21 07:00:00,7,MORGUE,0.2336798114848238
2026-08-21 07:00:00,7,NEURO SURGERY CONSULTATION,0.1700740407953943
2026-08-21 07:00:00,7,NEUROSURGERY,2.824772071221514
2026-08-21 07:00:00,7,NUTRITION,0.1369961127784609
2026-08-21 07:00:00,7,OCCUPATIONAL THERAPY,0.2519687716800639
2026-08-21 07:00:00,7,OHNS,0.9953170073996608
2026-08-21 07:00:00,7,ONCOLOGY,2.5378999073726565
2026-08-21 07:00:00,7,Ortho OPD,0.0566919714170591
2026-08-21 07:00:00,7,PAEDS,0.2336798114848238
2026-08-21 07:00:00,7,PAEDS BKKH,1.5560574739841082
2026-08-21 07:00:00,7,PALLIATIVE,0.1303753202206662
2026-08-21 07:00:00,7,PATHOLOGY,0.2336798114848238
2026-08-21 07:00:00,7,PEDIATRIC NEUROLOGY,0.2336798114848238
2026-08-21 07:00:00,7,PHYSIOTHERAPY,2.241087746787317
2026-08-21 07:00:00,7,PRIVATE CLINIC,1.1484014781986258
2026-08-21 07:00:00,7,PSYCHOLOGY,0.3824649727971532
2026-08-21 07:00:00,7,RENAL,3.3350462280591744
2026-08-21 07:00:00,7,RESPIRATORY CENTER,0.2336798114848238
2026-08-21 07:00:00,7,SPECIALITY CLINIC,8.867986323799082
2026-08-21 07:00:00,7,TELEMEDICINE,0.3349788658739718
2026-08-21 08:00:00,8,ADMISSION,2.879628695227541
2026-08-21 08:00:00,8,ANAESTHESIA,0.2888590406774149
2026-08-21 08:00:00,8,Audiology,0.4934347521804055
2026-08-21 08:00:00,8,CARDIOLOGY,0.2212143703480601
2026-08-21 08:00:00,8,CASUALTY,0.452915773195844
2026-08-21 08:00:00,8,CHRONIC CARE CLINIC (DM/HTN/TB/CCC),8.750088510150293
2026-08-21 08:00:00,8,DAYCASE,1.3210311311784262
2026-08-21 08:00:00,8,DENTAL,2.799783188048929
2026-08-21 08:00:00,8,DIABETIC CLINIC,0.2212143703480601
2026-08-21 08:00:00,8,EYE CLINIC,2.137790482171632
2026-08-21 08:00:00,8,FAMILY CLINIC,0.205092687149046
2026-08-21 08:00:00,8,FAMILY MEDICINE,0.2068998513512
2026-08-21 08:00:00,8,GENERAL OPD ,18.635941493579963
2026-08-21 08:00:00,8,Gen Surg OPD,1.1443561731461838
2026-08-21 08:00:00,8,Gynae OPD,0.205092687149046
2026-08-21 08:00:00,8,HTS,0.2888590406774149
2026-08-21 08:00:00,8,MATERNITY NURSERY,0.2212143703480601
2026-08-21 08:00:00,8,MCH,8.426373956573821
2026-08-21 08:00:00,8,MEB PHYSIOTHERAPY,0.2888590406774149
2026-08-21 08:00:00,8,MEB SPECIALITY CLINIC,17.381196434649297
2026-08-21 08:00:00,8,MENTAL HEALTH,0.2888590406774149
2026-08-21 08:00:00,8,MORGUE,0.2888590406774149
2026-08-21 08:00:00,8,NEURO SURGERY CONSULTATION,0.2212143703480601
2026-08-21 08:00:00,8,NEUROSURGERY,4.422775355284807
2026-08-21 08:00:00,8,NUTRITION,0.2810410408893368
2026-08-21 08:00:00,8,OCCUPATIONAL THERAPY,0.294993950628827
2026-08-21 08:00:00,8,OHNS,2.0872339546872185
2026-08-21 08:00:00,8,ONCOLOGY,7.279083936727541
2026-08-21 08:00:00,8,Ortho OPD,0.1971734389349389
2026-08-21 08:00:00,8,PAEDS,0.2888590406774149
2026-08-21 08:00:00,8,PAEDS BKKH,2.964300118206327
2026-08-21 08:00:00,8,PALLIATIVE,0.2239410568778543
2026-08-21 08:00:00,8,PATHOLOGY,0.2888590406774149
2026-08-21 08:00:00,8,PEDIATRIC NEUROLOGY,0.2888590406774149
2026-08-21 08:00:00,8,PHYSIOTHERAPY,3.5086769626126943
2026-08-21 08:00:00,8,PRIVATE CLINIC,1.7171529414865907
2026-08-21 08:00:00,8,PSYCHOLOGY,0.5768837935588055
2026-08-21 08:00:00,8,RENAL,5.158856588300303
2026-08-21 08:00:00,8,RESPIRATORY CENTER,0.2888590406774149
2026-08-21 08:00:00,8,SPECIALITY CLINIC,18.07763504731698
2026-08-21 08:00:00,8,TELEMEDICINE,0.3909137147958165
2026-08-21 09:00:00,9,ADMISSION,3.4619349215775683
2026-08-21 09:00:00,9,ANAESTHESIA,0.3021371754098316
2026-08-21 09:00:00,9,Audiology,0.4645517259195354
2026-08-21 09:00:00,9,CARDIOLOGY,0.2344925050804768
2026-08-21 09:00:00,9,CASUALTY,0.4731053008281812
2026-08-21 09:00:00,9,CHRONIC CARE CLINIC (DM/HTN/TB/CCC),9.6795947940751
2026-08-21 09:00:00,9,DAYCASE,1.43042041206975
2026-08-21 09:00:00,9,DENTAL,3.366674211516739
2026-08-21 09:00:00,9,DIABETIC CLINIC,0.2344925050804768
2026-08-21 09:00:00,9,EYE CLINIC,2.0946080437420105
2026-08-21 09:00:00,9,FAMILY CLINIC,0.2183708218814628
2026-08-21 09:00:00,9,FAMILY MEDICINE,0.2201779860836168
2026-08-21 09:00:00,9,GENERAL OPD ,18.15742247700276
2026-08-21 09:00:00,9,Gen Surg OPD,1.0956400770279138
2026-08-21 09:00:00,9,Gynae OPD,0.2183708218814628
2026-08-21 09:00:00,9,HTS,0.3021371754098316
2026-08-21 09:00:00,9,MATERNITY NURSERY,0.2344925050804768
2026-08-21 09:00:00,9,MCH,9.70970725073334
2026-08-21 09:00:00,9,MEB PHYSIOTHERAPY,0.3021371754098316
2026-08-21 09:00:00,9,MEB SPECIALITY CLINIC,11.921189649790849
2026-08-21 09:00:00,9,MENTAL HEALTH,0.3021371754098316
2026-08-21 09:00:00,9,MORGUE,0.3021371754098316
2026-08-21 09:00:00,9,NEURO SURGERY CONSULTATION,0.2344925050804768
2026-08-21 09:00:00,9,NEUROSURGERY,4.115337335458392
2026-08-21 09:00:00,9,NUTRITION,0.3031111440581802
2026-08-21 09:00:00,9,OCCUPATIONAL THERAPY,0.3061227372139665
2026-08-21 09:00:00,9,OHNS,2.149011652720054
2026-08-21 09:00:00,9,ONCOLOGY,3.433729036344129
2026-08-21 09:00:00,9,Ortho OPD,0.2104515736673557
2026-08-21 09:00:00,9,PAEDS,0.3021371754098316
2026-08-21 09:00:00,9,PAEDS BKKH,2.7629423091434533
2026-08-21 09:00:00,9,PALLIATIVE,0.2372191916102711
2026-08-21 09:00:00,9,PATHOLOGY,0.3021371754098316
2026-08-21 09:00:00,9,PEDIATRIC NEUROLOGY,0.3021371754098316
2026-08-21 09:00:00,9,PHYSIOTHERAPY,2.623899181560124
2026-08-21 09:00:00,9,PRIVATE CLINIC,1.421709050221957
2026-08-21 09:00:00,9,PSYCHOLOGY,0.4808177041611963
2026-08-21 09:00:00,9,RENAL,0.8583614805939781
2026-08-21 09:00:00,9,RESPIRATORY CENTER,0.3021371754098316
2026-08-21 09:00:00,9,SPECIALITY CLINIC,15.566351889052084
2026-08-21 09:00:00,9,TELEMEDICINE,0.3890084072294967
2026-08-21 10:00:00,10,ADMISSION,3.158527503301249
2026-08-21 10:00:00,10,ANAESTHESIA,0.1923666034060717
2026-08-21 10:00:00,10,Audiology,0.2784949526670003
2026-08-21 10:00:00,10,CARDIOLOGY,0.1247219330767169
2026-08-21 10:00:00,10,CASUALTY,0.3777858387358562
2026-08-21 10:00:00,10,CHRONIC CARE CLINIC (DM/HTN/TB/CCC),6.607999585665081
2026-08-21 10:00:00,10,DAYCASE,1.1846504755915026
2026-08-21 10:00:00,10,DENTAL,2.511967130287277
2026-08-21 10:00:00,10,DIABETIC CLINIC,0.1247219330767169
2026-08-21 10:00:00,10,EYE CLINIC,1.2353105690874293
2026-08-21 10:00:00,10,FAMILY CLINIC,0.1252981791762064
2026-08-21 10:00:00,10,FAMILY MEDICINE,0.1232813116233915
2026-08-21 10:00:00,10,GENERAL OPD ,14.745196138845444
2026-08-21 10:00:00,10,Gen Surg OPD,0.7181606105095035
2026-08-21 10:00:00,10,Gynae OPD,0.1252981791762064
2026-08-21 10:00:00,10,HTS,0.1923666034060717
2026-08-21 10:00:00,10,MATERNITY NURSERY,0.1247219330767169
2026-08-21 10:00:00,10,MCH,8.06200925120954
2026-08-21 10:00:00,10,MEB PHYSIOTHERAPY,0.1923666034060717
2026-08-21 10:00:00,10,MEB SPECIALITY CLINIC,4.751467540629059
2026-08-21 10:00:00,10,MENTAL HEALTH,0.1923666034060717
2026-08-21 10:00:00,10,MORGUE,0.1923666034060717
2026-08-21 10:00:00,10,NEURO SURGERY CONSULTATION,0.1247219330767169
2026-08-21 10:00:00,10,NEUROSURGERY,2.940213789819484
2026-08-21 10:00:00,10,NUTRITION,0.1586038523211417
2026-08-21 10:00:00,10,OCCUPATIONAL THERAPY,0.1788360130432371
2026-08-21 10:00:00,10,OHNS,1.3421690060742846
2026-08-21 10:00:00,10,ONCOLOGY,1.1416772496943832
2026-08-21 10:00:00,10,Ortho OPD,0.1135548992071305
2026-08-21 10:00:00,10,PAEDS,0.1923666034060717
2026-08-21 10:00:00,10,PAEDS BKKH,1.5972566119957037
2026-08-21 10:00:00,10,PALLIATIVE,0.140322517150046
2026-08-21 10:00:00,10,PATHOLOGY,0.1923666034060717
2026-08-21 10:00:00,10,PEDIATRIC NEUROLOGY,0.1923666034060717
2026-08-21 10:00:00,10,PHYSIOTHERAPY,1.4396049196577902
2026-08-21 10:00:00,10,PRIVATE CLINIC,0.6629972799448777
2026-08-21 10:00:00,10,PSYCHOLOGY,0.3189873369699249
2026-08-21 10:00:00,10,RENAL,0.6606795822002411
2026-08-21 10:00:00,10,RESPIRATORY CENTER,0.1923666034060717
2026-08-21 10:00:00,10,SPECIALITY CLINIC,7.750185781975277
2026-08-21 10:00:00,10,TELEMEDICINE,0.2616473110995562
2026-08-21 11:00:00,11,ADMISSION,3.2282493780334
2026-08-21 11:00:00,11,ANAESTHESIA,0.1924542126538105
2026-08-21 11:00:00,11,Audiology,0.2834789413401112
2026-08-21 11:00:00,11,CARDIOLOGY,0.1248095423244557
2026-08-21 11:00:00,11,CASUALTY,0.2645006767107594
2026-08-21 11:00:00,11,CHRONIC CARE CLINIC (DM/HTN/TB/CCC),5.832954141950026
2026-08-21 11:00:00,11,DAYCASE,1.2374443882498942
2026-08-21 11:00:00,11,DENTAL,2.0973990764822554
2026-08-21 11:00:00,11,DIABETIC CLINIC,0.1248095423244557
2026-08-21 11:00:00,11,EYE CLINIC,1.0531627669826658
2026-08-21 11:00:00,11,FAMILY CLINIC,0.1253857884239452
2026-08-21 11:00:00,11,FAMILY MEDICINE,0.1233689208711303
2026-08-21 11:00:00,11,GENERAL OPD ,12.066287461413186
2026-08-21 11:00:00,11,Gen Surg OPD,0.6390284035359733
2026-08-21 11:00:00,11,Gynae OPD,0.1253857884239452
2026-08-21 11:00:00,11,HTS,0.1924542126538105
2026-08-21 11:00:00,11,MATERNITY NURSERY,0.1248095423244557
2026-08-21 11:00:00,11,MCH,8.394717056723705
2026-08-21 11:00:00,11,MEB PHYSIOTHERAPY,0.1924542126538105
2026-08-21 11:00:00,11,MEB SPECIALITY CLINIC,2.401429149452309
2026-08-21 11:00:00,11,MENTAL HEALTH,0.1924542126538105
2026-08-21 11:00:00,11,MORGUE,0.1924542126538105
2026-08-21 11:00:00,11,NEURO SURGERY CONSULTATION,0.1248095423244557
2026-08-21 11:00:00,11,NEUROSURGERY,1.860819952413506
2026-08-21 11:00:00,11,NUTRITION,0.1561364641115475
2026-08-21 11:00:00,11,OCCUPATIONAL THERAPY,0.1763686248336429
2026-08-21 11:00:00,11,OHNS,1.4996187331821922
2026-08-21 11:00:00,11,ONCOLOGY,0.964773193985045
2026-08-21 11:00:00,11,Ortho OPD,0.1136425084548693
2026-08-21 11:00:00,11,PAEDS,0.1924542126538105
2026-08-21 11:00:00,11,PAEDS BKKH,1.1810300669546263
2026-08-21 11:00:00,11,PALLIATIVE,0.1404101263977847
2026-08-21 11:00:00,11,PATHOLOGY,0.1924542126538105
2026-08-21 11:00:00,11,PEDIATRIC NEUROLOGY,0.1924542126538105
2026-08-21 11:00:00,11,PHYSIOTHERAPY,1.0729109913791606
2026-08-21 11:00:00,11,PRIVATE CLINIC,0.5704449726954148
2026-08-21 11:00:00,11,PSYCHOLOGY,0.3143451642677623
2026-08-21 11:00:00,11,RENAL,0.7595981758178254
2026-08-21 11:00:00,11,RESPIRATORY CENTER,0.1924542126538105
2026-08-21 11:00:00,11,SPECIALITY CLINIC,4.175064537818829
2026-08-21 11:00:00,11,TELEMEDICINE,0.2595601358547266
2026-08-21 12:00:00,12,ADMISSION,2.9696427510238728
2026-08-21 12:00:00,12,ANAESTHESIA,0.1715171218293981
2026-08-21 12:00:00,12,Audiology,0.1858730810271009
2026-08-21 12:00:00,12,CARDIOLOGY,0.0920221707989783
2026-08-21 12:00:00,12,CASUALTY,0.2391119530775783
2026-08-21 12:00:00,12,CHRONIC CARE CLINIC (DM/HTN/TB/CCC),3.6280087907187824
2026-08-21 12:00:00,12,DAYCASE,1.0229704295738862
2026-08-21 12:00:00,12,DENTAL,1.4181209285257934
2026-08-21 12:00:00,12,DIABETIC CLINIC,0.0920221707989783
2026-08-21 12:00:00,12,EYE CLINIC,0.6329029787355914
2026-08-21 12:00:00,12,FAMILY CLINIC,0.0925984168984678
2026-08-21 12:00:00,12,FAMILY MEDICINE,0.0905815493456528
2026-08-21 12:00:00,12,GENERAL OPD ,8.46835199992155
2026-08-21 12:00:00,12,Gen Surg OPD,0.5135868402420334
2026-08-21 12:00:00,12,Gynae OPD,0.0925984168984678
2026-08-21 12:00:00,12,HTS,0.1715171218293981
2026-08-21 12:00:00,12,MATERNITY NURSERY,0.0920221707989783
2026-08-21 12:00:00,12,MCH,5.54242661647677
2026-08-21 12:00:00,12,MEB PHYSIOTHERAPY,0.1715171218293981
2026-08-21 12:00:00,12,MEB SPECIALITY CLINIC,1.0335204564910117
2026-08-21 12:00:00,12,MENTAL HEALTH,0.1715171218293981
2026-08-21 12:00:00,12,MORGUE,0.1715171218293981
2026-08-21 12:00:00,12,NEURO SURGERY CONSULTATION,0.0920221707989783
2026-08-21 12:00:00,12,NEUROSURGERY,1.0103256554608753
2026-08-21 12:00:00,12,NUTRITION,0.1200438992031939
2026-08-21 12:00:00,12,OCCUPATIONAL THERAPY,0.1402760599252895
2026-08-21 12:00:00,12,OHNS,0.6200621841708254
2026-08-21 12:00:00,12,ONCOLOGY,0.412015588236964
2026-08-21 12:00:00,12,Ortho OPD,0.0756691056095777
2026-08-21 12:00:00,12,PAEDS,0.1715171218293981
2026-08-21 12:00:00,12,PAEDS BKKH,0.5803498256209693
2026-08-21 12:00:00,12,PALLIATIVE,0.0746136428897129
2026-08-21 12:00:00,12,PATHOLOGY,0.1715171218293981
2026-08-21 12:00:00,12,PEDIATRIC NEUROLOGY,0.1715171218293981
2026-08-21 12:00:00,12,PHYSIOTHERAPY,0.5540049142311855
2026-08-21 12:00:00,12,PRIVATE CLINIC,0.3505900763716815
2026-08-21 12:00:00,12,PSYCHOLOGY,0.2348530481835164
2026-08-21 12:00:00,12,RENAL,0.7403735455239633
2026-08-21 12:00:00,12,RESPIRATORY CENTER,0.1715171218293981
2026-08-21 12:00:00,12,SPECIALITY CLINIC,2.187240816440588
2026-08-21 12:00:00,12,TELEMEDICINE,0.198853498377803
2026-08-21 13:00:00,13,ADMISSION,2.2707380583603536
2026-08-21 13:00:00,13,ANAESTHESIA,0.1510830237198528
2026-08-21 13:00:00,13,Audiology,0.138141814254128
2026-08-21 13:00:00,13,CARDIOLOGY,0.0910118599711813
2026-08-21 13:00:00,13,CASUALTY,0.2104468586836978
2026-08-21 13:00:00,13,CHRONIC CARE CLINIC (DM/HTN/TB/CCC),2.090194566430619
2026-08-21 13:00:00,13,DAYCASE,0.6673586137068772
2026-08-21 13:00:00,13,DENTAL,0.789388132541624
2026-08-21 13:00:00,13,DIABETIC CLINIC,0.0910118599711813
2026-08-21 13:00:00,13,EYE CLINIC,0.2993104527819155
2026-08-21 13:00:00,13,FAMILY CLINIC,0.0915881060706708
2026-08-21 13:00:00,13,FAMILY MEDICINE,0.0895712385178559
2026-08-21 13:00:00,13,GENERAL OPD ,5.229920617390608
2026-08-21 13:00:00,13,Gen Surg OPD,0.3290457127484292
2026-08-21 13:00:00,13,Gynae OPD,0.0915881060706708
2026-08-21 13:00:00,13,HTS,0.1510830237198528
2026-08-21 13:00:00,13,MATERNITY NURSERY,0.0910118599711813
2026-08-21 13:00:00,13,MCH,2.5051256930449
2026-08-21 13:00:00,13,MEB PHYSIOTHERAPY,0.1510830237198528
2026-08-21 13:00:00,13,MEB SPECIALITY CLINIC,0.4258374870926146
2026-08-21 13:00:00,13,MENTAL HEALTH,0.1510830237198528
2026-08-21 13:00:00,13,MORGUE,0.1510830237198528
2026-08-21 13:00:00,13,NEURO SURGERY CONSULTATION,0.0910118599711813
2026-08-21 13:00:00,13,NEUROSURGERY,0.5611759831185629
2026-08-21 13:00:00,13,NUTRITION,0.1180402337831759
2026-08-21 13:00:00,13,OCCUPATIONAL THERAPY,0.1314993543180741
2026-08-21 13:00:00,13,OHNS,0.271728483234072
2026-08-21 13:00:00,13,ONCOLOGY,0.2293008292865876
2026-08-21 13:00:00,13,Ortho OPD,0.0742614106357207
2026-08-21 13:00:00,13,PAEDS,0.1510830237198528
2026-08-21 13:00:00,13,PAEDS BKKH,0.2360623102350671
2026-08-21 13:00:00,13,PALLIATIVE,0.0736033320619159
2026-08-21 13:00:00,13,PATHOLOGY,0.1510830237198528
2026-08-21 13:00:00,13,PEDIATRIC NEUROLOGY,0.1510830237198528
2026-08-21 13:00:00,13,PHYSIOTHERAPY,0.285097123680248
2026-08-21 13:00:00,13,PRIVATE CLINIC,0.2204351075193777
2026-08-21 13:00:00,13,PSYCHOLOGY,0.1629422084635446
2026-08-21 13:00:00,13,RENAL,0.3796574135527009
2026-08-21 13:00:00,13,RESPIRATORY CENTER,0.1510830237198528
2026-08-21 13:00:00,13,SPECIALITY CLINIC,0.7750816813867275
2026-08-21 13:00:00,13,TELEMEDICINE,0.1964713508928065
2026-08-21 14:00:00,14,ADMISSION,2.2996487295871537
2026-08-21 14:00:00,14,ANAESTHESIA,0.1510830237198528
2026-08-21 14:00:00,14,Audiology,0.138141814254128
2026-08-21 14:00:00,14,CARDIOLOGY,0.0910118599711813
2026-08-21 14:00:00,14,CASUALTY,0.2104468586836978
2026-08-21 14:00:00,14,CHRONIC CARE CLINIC (DM/HTN/TB/CCC),1.7896449895802975
2026-08-21 14:00:00,14,DAYCASE,0.6673586137068772
2026-08-21 14:00:00,14,DENTAL,0.6390456884378234
2026-08-21 14:00:00,14,DIABETIC CLINIC,0.0910118599711813
2026-08-21 14:00:00,14,EYE CLINIC,0.3090526723984095
2026-08-21 14:00:00,14,FAMILY CLINIC,0.0915881060706708
2026-08-21 14:00:00,14,FAMILY MEDICINE,0.0895712385178559
2026-08-21 14:00:00,14,GENERAL OPD ,4.395005365439556
2026-08-21 14:00:00,14,Gen Surg OPD,0.2741080429619873
2026-08-21 14:00:00,14,Gynae OPD,0.0915881060706708
2026-08-21 14:00:00,14,HTS,0.1510830237198528
2026-08-21 14:00:00,14,MATERNITY NURSERY,0.0910118599711813
2026-08-21 14:00:00,14,MCH,2.297395052153027
2026-08-21 14:00:00,14,MEB PHYSIOTHERAPY,0.1510830237198528
2026-08-21 14:00:00,14,MEB SPECIALITY CLINIC,0.3218049528369798
2026-08-21 14:00:00,14,MENTAL HEALTH,0.1510830237198528
2026-08-21 14:00:00,14,MORGUE,0.1510830237198528
2026-08-21 14:00:00,14,NEURO SURGERY CONSULTATION,0.0910118599711813
2026-08-21 14:00:00,14,NEUROSURGERY,0.3068804681385327
2026-08-21 14:00:00,14,NUTRITION,0.1180402337831759
2026-08-21 14:00:00,14,OCCUPATIONAL THERAPY,0.1314993543180741
2026-08-21 14:00:00,14,OHNS,0.2493797674869309
2026-08-21 14:00:00,14,ONCOLOGY,0.2390430489030817
2026-08-21 14:00:00,14,Ortho OPD,0.0742614106357207
2026-08-21 14:00:00,14,PAEDS,0.1510830237198528
2026-08-21 14:00:00,14,PAEDS BKKH,0.2458045298515613
2026-08-21 14:00:00,14,PALLIATIVE,0.0736033320619159
2026-08-21 14:00:00,14,PATHOLOGY,0.1510830237198528
2026-08-21 14:00:00,14,PEDIATRIC NEUROLOGY,0.1510830237198528
2026-08-21 14:00:00,14,PHYSIOTHERAPY,0.294839343296742
2026-08-21 14:00:00,14,PRIVATE CLINIC,0.164642822859601
2026-08-21 14:00:00,14,PSYCHOLOGY,0.1629422084635446
2026-08-21 14:00:00,14,RENAL,0.3796574135527009
2026-08-21 14:00:00,14,RESPIRATORY CENTER,0.1510830237198528
2026-08-21 14:00:00,14,SPECIALITY CLINIC,0.4066056039486919
2026-08-21 14:00:00,14,TELEMEDICINE,0.1964713508928065
2026-08-21 15:00:00,15,ADMISSION,2.3820028946187355
2026-08-21 15:00:00,15,ANAESTHESIA,0.1498958573667479
2026-08-21 15:00:00,15,Audiology,0.138141814254128
2026-08-21 15:00:00,15,CARDIOLOGY,0.0910118599711813
2026-08-21 15:00:00,15,CASUALTY,0.209879013817725
2026-08-21 15:00:00,15,CHRONIC CARE CLINIC (DM/HTN/TB/CCC),1.451138194576758
2026-08-21 15:00:00,15,DAYCASE,0.646324603141869
2026-08-21 15:00:00,15,DENTAL,0.526164083187049
2026-08-21 15:00:00,15,DIABETIC CLINIC,0.0910118599711813
2026-08-21 15:00:00,15,EYE CLINIC,0.2439802704068569
2026-08-21 15:00:00,15,FAMILY CLINIC,0.0915881060706708
2026-08-21 15:00:00,15,FAMILY MEDICINE,0.0895712385178559
2026-08-21 15:00:00,15,GENERAL OPD ,3.5082890505089925
2026-08-21 15:00:00,15,Gen Surg OPD,0.2594134193817737
2026-08-21 15:00:00,15,Gynae OPD,0.0915881060706708
2026-08-21 15:00:00,15,HTS,0.1498958573667479
2026-08-21 15:00:00,15,MATERNITY NURSERY,0.0910118599711813
2026-08-21 15:00:00,15,MCH,1.3887347332961448
2026-08-21 15:00:00,15,MEB PHYSIOTHERAPY,0.1498958573667479
2026-08-21 15:00:00,15,MEB SPECIALITY CLINIC,0.2376869608623678
2026-08-21 15:00:00,15,MENTAL HEALTH,0.1498958573667479
2026-08-21 15:00:00,15,MORGUE,0.1498958573667479
2026-08-21 15:00:00,15,NEURO SURGERY CONSULTATION,0.0910118599711813
2026-08-21 15:00:00,15,NEUROSURGERY,0.2653917747125599
2026-08-21 15:00:00,15,NUTRITION,0.1180402337831759
2026-08-21 15:00:00,15,OCCUPATIONAL THERAPY,0.1314993543180741
2026-08-21 15:00:00,15,OHNS,0.1861200864848556
2026-08-21 15:00:00,15,ONCOLOGY,0.1769705342541114
2026-08-21 15:00:00,15,Ortho OPD,0.0742614106357207
2026-08-21 15:00:00,15,PAEDS,0.1498958573667479
2026-08-21 15:00:00,15,PAEDS BKKH,0.1807321278600087
2026-08-21 15:00:00,15,PALLIATIVE,0.0736033320619159
2026-08-21 15:00:00,15,PATHOLOGY,0.1498958573667479
2026-08-21 15:00:00,15,PEDIATRIC NEUROLOGY,0.1498958573667479
2026-08-21 15:00:00,15,PHYSIOTHERAPY,0.2315796622946669
2026-08-21 15:00:00,15,PRIVATE CLINIC,0.1545080906544907
2026-08-21 15:00:00,15,PSYCHOLOGY,0.1599423211209624
2026-08-21 15:00:00,15,RENAL,0.3249732306362585
2026-08-21 15:00:00,15,RESPIRATORY CENTER,0.1498958573667479
2026-08-21 15:00:00,15,SPECIALITY CLINIC,0.2639408269664602
2026-08-21 15:00:00,15,TELEMEDICINE,0.2444613878845378
2026-08-21 16:00:00,16,ADMISSION,2.0797087473862064
2026-08-21 16:00:00,16,ANAESTHESIA,0.1425271801122087
2026-08-21 16:00:00,16,Audiology,0.133384517875781
2026-08-21 16:00:00,16,CARDIOLOGY,0.0850838793111254
2026-08-21 16:00:00,16,CASUALTY,0.2263290829199191
2026-08-21 16:00:00,16,CHRONIC CARE CLINIC (DM/HTN/TB/CCC),0.7263045853046558
2026-08-21 16:00:00,16,DAYCASE,0.6055684644121162
2026-08-21 16:00:00,16,DENTAL,0.2640204367943844
2026-08-21 16:00:00,16,DIABETIC CLINIC,0.0850838793111254
2026-08-21 16:00:00,16,EYE CLINIC,0.2061611069592993
2026-08-21 16:00:00,16,FAMILY CLINIC,0.0856601254106149
2026-08-21 16:00:00,16,FAMILY MEDICINE,0.0865674386481574
2026-08-21 16:00:00,16,GENERAL OPD ,3.093701877901543
2026-08-21 16:00:00,16,Gen Surg OPD,0.2436432181487261
2026-08-21 16:00:00,16,Gynae OPD,0.0856601254106149
2026-08-21 16:00:00,16,HTS,0.1425271801122087
2026-08-21 16:00:00,16,MATERNITY NURSERY,0.0893929326918849
2026-08-21 16:00:00,16,MCH,0.8834029651706526
2026-08-21 16:00:00,16,MEB PHYSIOTHERAPY,0.1425271801122087
2026-08-21 16:00:00,16,MEB SPECIALITY CLINIC,0.1681506655438768
2026-08-21 16:00:00,16,MENTAL HEALTH,0.1425271801122087
2026-08-21 16:00:00,16,MORGUE,0.1425271801122087
2026-08-21 16:00:00,16,NEURO SURGERY CONSULTATION,0.0850838793111254
2026-08-21 16:00:00,16,NEUROSURGERY,0.2005736466347939
2026-08-21 16:00:00,16,NUTRITION,0.113282937404829
2026-08-21 16:00:00,16,OCCUPATIONAL THERAPY,0.1252420874036061
2026-08-21 16:00:00,16,OHNS,0.1483009230372979
2026-08-21 16:00:00,16,ONCOLOGY,0.16667621108865
2026-08-21 16:00:00,16,Ortho OPD,0.0695041142573737
2026-08-21 16:00:00,16,PAEDS,0.1425271801122087
2026-08-21 16:00:00,16,PAEDS BKKH,0.1530980581122267
2026-08-21 16:00:00,16,PALLIATIVE,0.0688460356835689
2026-08-21 16:00:00,16,PATHOLOGY,0.1425271801122087
2026-08-21 16:00:00,16,PEDIATRIC NEUROLOGY,0.1425271801122087
2026-08-21 16:00:00,16,PHYSIOTHERAPY,0.2253243801971905
2026-08-21 16:00:00,16,PRIVATE CLINIC,0.1427730708945459
2026-08-21 16:00:00,16,PSYCHOLOGY,0.1349210973699374
2026-08-21 16:00:00,16,RENAL,0.3093266412988467
2026-08-21 16:00:00,16,RESPIRATORY CENTER,0.1425271801122087
2026-08-21 16:00:00,16,SPECIALITY CLINIC,0.207010357036567
2026-08-21 16:00:00,16,TELEMEDICINE,0.2711123167633393
2026-08-21 17:00:00,17,ADMISSION,0.9451048348039818
2026-08-21 17:00:00,17,ANAESTHESIA,0.1243867809412933
2026-08-21 17:00:00,17,Audiology,0.0880017205474603
2026-08-21 17:00:00,17,CARDIOLOGY,0.0760087033354329
2026-08-21 17:00:00,17,CASUALTY,0.2418939638187219
2026-08-21 17:00:00,17,CHRONIC CARE CLINIC (DM/HTN/TB/CCC),0.2292914076686283
2026-08-21 17:00:00,17,DAYCASE,0.1965151215792624
2026-08-21 17:00:00,17,DENTAL,0.0686688443916359
2026-08-21 17:00:00,17,DIABETIC CLINIC,0.0760087033354329
2026-08-21 17:00:00,17,EYE CLINIC,0.1011310550689363
2026-08-21 17:00:00,17,FAMILY CLINIC,0.0765849494349225
2026-08-21 17:00:00,17,FAMILY MEDICINE,0.0738433533366186
2026-08-21 17:00:00,17,GENERAL OPD ,2.011048347838697
2026-08-21 17:00:00,17,Gen Surg OPD,0.1701946488337903
2026-08-21 17:00:00,17,Gynae OPD,0.0765849494349225
2026-08-21 17:00:00,17,HTS,0.1243867809412933
2026-08-21 17:00:00,17,MATERNITY NURSERY,0.0795633107105591
2026-08-21 17:00:00,17,MCH,0.3463460137221143
2026-08-21 17:00:00,17,MEB PHYSIOTHERAPY,0.1243867809412933
2026-08-21 17:00:00,17,MEB SPECIALITY CLINIC,0.083597480146419
2026-08-21 17:00:00,17,MENTAL HEALTH,0.1243867809412933
2026-08-21 17:00:00,17,MORGUE,0.1243867809412933
2026-08-21 17:00:00,17,NEURO SURGERY CONSULTATION,0.0760087033354329
2026-08-21 17:00:00,17,NEUROSURGERY,0.1292366670817262
2026-08-21 17:00:00,17,NUTRITION,0.0843020602186419
2026-08-21 17:00:00,17,OCCUPATIONAL THERAPY,0.1065756968120471
2026-08-21 17:00:00,17,OHNS,0.0909529761762152
2026-08-21 17:00:00,17,ONCOLOGY,0.1242174787223418
2026-08-21 17:00:00,17,Ortho OPD,0.0475676968143426
2026-08-21 17:00:00,17,PAEDS,0.1243867809412933
2026-08-21 17:00:00,17,PAEDS BKKH,0.0795422915436638
2026-08-21 17:00:00,17,PALLIATIVE,0.0478565949833503
2026-08-21 17:00:00,17,PATHOLOGY,0.1243867809412933
2026-08-21 17:00:00,17,PEDIATRIC NEUROLOGY,0.1243867809412933
2026-08-21 17:00:00,17,PHYSIOTHERAPY,0.1984113709394235
2026-08-21 17:00:00,17,PRIVATE CLINIC,0.0757318740052839
2026-08-21 17:00:00,17,PSYCHOLOGY,0.0889363962323371
2026-08-21 17:00:00,17,RENAL,0.2407017794569463
2026-08-21 17:00:00,17,RESPIRATORY CENTER,0.1243867809412933
2026-08-21 17:00:00,17,SPECIALITY CLINIC,0.0775867666398604
2026-08-21 17:00:00,17,TELEMEDICINE,0.1760060294453009
2026-08-21 18:00:00,18,ADMISSION,0.6748899067919465
2026-08-21 18:00:00,18,ANAESTHESIA,0.1243867809412933
2026-08-21 18:00:00,18,Audiology,0.0880017205474603
2026-08-21 18:00:00,18,CARDIOLOGY,0.0760087033354329
2026-08-21 18:00:00,18,CASUALTY,0.2319314327749563
2026-08-21 18:00:00,18,CHRONIC CARE CLINIC (DM/HTN/TB/CCC),0.1547311924692444
2026-08-21 18:00:00,18,DAYCASE,0.1501195451658147
2026-08-21 18:00:00,18,DENTAL,0.0647377007195991
2026-08-21 18:00:00,18,DIABETIC CLINIC,0.0760087033354329
2026-08-21 18:00:00,18,EYE CLINIC,0.1011310550689363
2026-08-21 18:00:00,18,FAMILY CLINIC,0.0765849494349225
2026-08-21 18:00:00,18,FAMILY MEDICINE,0.0735415346674193
2026-08-21 18:00:00,18,GENERAL OPD ,1.4710720978337162
2026-08-21 18:00:00,18,Gen Surg OPD,0.1492433828229387
2026-08-21 18:00:00,18,Gynae OPD,0.0765849494349225
2026-08-21 18:00:00,18,HTS,0.1243867809412933
2026-08-21 18:00:00,18,MATERNITY NURSERY,0.0795633107105591
2026-08-21 18:00:00,18,MCH,0.2331117149642207
2026-08-21 18:00:00,18,MEB PHYSIOTHERAPY,0.1243867809412933
2026-08-21 18:00:00,18,MEB SPECIALITY CLINIC,0.083597480146419
2026-08-21 18:00:00,18,MENTAL HEALTH,0.1243867809412933
2026-08-21 18:00:00,18,MORGUE,0.1243867809412933
2026-08-21 18:00:00,18,NEURO SURGERY CONSULTATION,0.0760087033354329
2026-08-21 18:00:00,18,NEUROSURGERY,0.1292366670817262
2026-08-21 18:00:00,18,NUTRITION,0.0843020602186419
2026-08-21 18:00:00,18,OCCUPATIONAL THERAPY,0.1065756968120471
2026-08-21 18:00:00,18,OHNS,0.0906015189345203
2026-08-21 18:00:00,18,ONCOLOGY,0.1242174787223418
2026-08-21 18:00:00,18,Ortho OPD,0.0472162395726477
2026-08-21 18:00:00,18,PAEDS,0.1243867809412933
2026-08-21 18:00:00,18,PAEDS BKKH,0.0791908343019689
2026-08-21 18:00:00,18,PALLIATIVE,0.047554776314151
2026-08-21 18:00:00,18,PATHOLOGY,0.1243867809412933
2026-08-21 18:00:00,18,PEDIATRIC NEUROLOGY,0.1243867809412933
2026-08-21 18:00:00,18,PHYSIOTHERAPY,0.1884488398956579
2026-08-21 18:00:00,18,PRIVATE CLINIC,0.0757318740052839
2026-08-21 18:00:00,18,PSYCHOLOGY,0.0889363962323371
2026-08-21 18:00:00,18,RENAL,0.2208466345375442
2026-08-21 18:00:00,18,RESPIRATORY CENTER,0.1243867809412933
2026-08-21 18:00:00,18,SPECIALITY CLINIC,0.0775867666398604
2026-08-21 18:00:00,18,TELEMEDICINE,0.1705218279569581
2026-08-21 19:00:00,19,ADMISSION,0.4977190745884901
2026-08-21 19:00:00,19,ANAESTHESIA,0.1243867809412933
2026-08-21 19:00:00,19,Audiology,0.0880017205474603
2026-08-21 19:00:00,19,CARDIOLOGY,0.0760087033354329
2026-08-21 19:00:00,19,CASUALTY,0.2319314327749563
2026-08-21 19:00:00,19,CHRONIC CARE CLINIC (DM/HTN/TB/CCC),0.103857286500374
2026-08-21 19:00:00,19,DAYCASE,0.1501195451658147
2026-08-21 19:00:00,19,DENTAL,0.0647377007195991
2026-08-21 19:00:00,19,DIABETIC CLINIC,0.0760087033354329
2026-08-21 19:00:00,19,EYE CLINIC,0.1011310550689363
2026-08-21 19:00:00,19,FAMILY CLINIC,0.0765849494349225
2026-08-21 19:00:00,19,FAMILY MEDICINE,0.0735415346674193
2026-08-21 19:00:00,19,GENERAL OPD ,1.0905733684948165
2026-08-21 19:00:00,19,Gen Surg OPD,0.1492433828229387
2026-08-21 19:00:00,19,Gynae OPD,0.0765849494349225
2026-08-21 19:00:00,19,HTS,0.1243867809412933
2026-08-21 19:00:00,19,MATERNITY NURSERY,0.0795633107105591
2026-08-21 19:00:00,19,MCH,0.1951331865457197
2026-08-21 19:00:00,19,MEB PHYSIOTHERAPY,0.1243867809412933
2026-08-21 19:00:00,19,MEB SPECIALITY CLINIC,0.083597480146419
2026-08-21 19:00:00,19,MENTAL HEALTH,0.1243867809412933
2026-08-21 19:00:00,19,MORGUE,0.1243867809412933
2026-08-21 19:00:00,19,NEURO SURGERY CONSULTATION,0.0760087033354329
2026-08-21 19:00:00,19,NEUROSURGERY,0.1292366670817262
2026-08-21 19:00:00,19,NUTRITION,0.0843020602186419
2026-08-21 19:00:00,19,OCCUPATIONAL THERAPY,0.1065756968120471
2026-08-21 19:00:00,19,OHNS,0.0906015189345203
2026-08-21 19:00:00,19,ONCOLOGY,0.1242174787223418
2026-08-21 19:00:00,19,Ortho OPD,0.0472162395726477
2026-08-21 19:00:00,19,PAEDS,0.1243867809412933
2026-08-21 19:00:00,19,PAEDS BKKH,0.0791908343019689
2026-08-21 19:00:00,19,PALLIATIVE,0.047554776314151
2026-08-21 19:00:00,19,PATHOLOGY,0.1243867809412933
2026-08-21 19:00:00,19,PEDIATRIC NEUROLOGY,0.1243867809412933
2026-08-21 19:00:00,19,PHYSIOTHERAPY,0.1884488398956579
2026-08-21 19:00:00,19,PRIVATE CLINIC,0.0757318740052839
2026-08-21 19:00:00,19,PSYCHOLOGY,0.0889363962323371
2026-08-21 19:00:00,19,RENAL,0.2208466345375442
2026-08-21 19:00:00,19,RESPIRATORY CENTER,0.1243867809412933
2026-08-21 19:00:00,19,SPECIALITY CLINIC,0.0775867666398604
2026-08-21 19:00:00,19,TELEMEDICINE,0.1705218279569581
2026-08-21 20:00:00,20,ADMISSION,0.400127282775927
2026-08-21 20:00:00,20,ANAESTHESIA,0.1243867809412933
2026-08-21 20:00:00,20,Audiology,0.0880017205474603
2026-08-21 20:00:00,20,CARDIOLOGY,0.0760087033354329
2026-08-21 20:00:00,20,CASUALTY,0.2319314327749563
2026-08-21 20:00:00,20,CHRONIC CARE CLINIC (DM/HTN/TB/CCC),0.103857286500374
2026-08-21 20:00:00,20,DAYCASE,0.1501195451658147
2026-08-21 20:00:00,20,DENTAL,0.0647377007195991
2026-08-21 20:00:00,20,DIABETIC CLINIC,0.0760087033354329
2026-08-21 20:00:00,20,EYE CLINIC,0.1011310550689363
2026-08-21 20:00:00,20,FAMILY CLINIC,0.0765849494349225
2026-08-21 20:00:00,20,FAMILY MEDICINE,0.0735415346674193
2026-08-21 20:00:00,20,GENERAL OPD ,1.065532029387666
2026-08-21 20:00:00,20,Gen Surg OPD,0.1492433828229387
2026-08-21 20:00:00,20,Gynae OPD,0.0765849494349225
2026-08-21 20:00:00,20,HTS,0.1243867809412933
2026-08-21 20:00:00,20,MATERNITY NURSERY,0.0795633107105591
2026-08-21 20:00:00,20,MCH,0.1951331865457197
2026-08-21 20:00:00,20,MEB PHYSIOTHERAPY,0.1243867809412933
2026-08-21 20:00:00,20,MEB SPECIALITY CLINIC,0.083597480146419
2026-08-21 20:00:00,20,MENTAL HEALTH,0.1243867809412933
2026-08-21 20:00:00,20,MORGUE,0.1243867809412933
2026-08-21 20:00:00,20,NEURO SURGERY CONSULTATION,0.0760087033354329
2026-08-21 20:00:00,20,NEUROSURGERY,0.1292366670817262
2026-08-21 20:00:00,20,NUTRITION,0.0843020602186419
2026-08-21 20:00:00,20,OCCUPATIONAL THERAPY,0.1065756968120471
2026-08-21 20:00:00,20,OHNS,0.0906015189345203
2026-08-21 20:00:00,20,ONCOLOGY,0.1242174787223418
2026-08-21 20:00:00,20,Ortho OPD,0.0472162395726477
2026-08-21 20:00:00,20,PAEDS,0.1243867809412933
2026-08-21 20:00:00,20,PAEDS BKKH,0.0791908343019689
2026-08-21 20:00:00,20,PALLIATIVE,0.047554776314151
2026-08-21 20:00:00,20,PATHOLOGY,0.1243867809412933
2026-08-21 20:00:00,20,PEDIATRIC NEUROLOGY,0.1243867809412933
2026-08-21 20:00:00,20,PHYSIOTHERAPY,0.1884488398956579
2026-08-21 20:00:00,20,PRIVATE CLINIC,0.0757318740052839
2026-08-21 20:00:00,20,PSYCHOLOGY,0.0889363962323371
2026-08-21 20:00:00,20,RENAL,0.2045094959696984
2026-08-21 20:00:00,20,RESPIRATORY CENTER,0.1243867809412933
2026-08-21 20:00:00,20,SPECIALITY CLINIC,0.0775867666398604
2026-08-21 20:00:00,20,TELEMEDICINE,0.1705218279569581
2026-08-21 21:00:00,21,ADMISSION,0.3609216559351427
2026-08-21 21:00:00,21,ANAESTHESIA,0.1243867809412933
2026-08-21 21:00:00,21,Audiology,0.0880017205474603
2026-08-21 21:00:00,21,CARDIOLOGY,0.0760087033354329
2026-08-21 21:00:00,21,CASUALTY,0.2319314327749563
2026-08-21 21:00:00,21,CHRONIC CARE CLINIC (DM/HTN/TB/CCC),0.103857286500374
2026-08-21 21:00:00,21,DAYCASE,0.1501195451658147
2026-08-21 21:00:00,21,DENTAL,0.0647377007195991
2026-08-21 21:00:00,21,DIABETIC CLINIC,0.0760087033354329
2026-08-21 21:00:00,21,EYE CLINIC,0.1011310550689363
2026-08-21 21:00:00,21,FAMILY CLINIC,0.0765849494349225
2026-08-21 21:00:00,21,FAMILY MEDICINE,0.0735415346674193
2026-08-21 21:00:00,21,GENERAL OPD ,0.9016183847384768
2026-08-21 21:00:00,21,Gen Surg OPD,0.1282943056205251
2026-08-21 21:00:00,21,Gynae OPD,0.0765849494349225
2026-08-21 21:00:00,21,HTS,0.1243867809412933
2026-08-21 21:00:00,21,MATERNITY NURSERY,0.0795633107105591
2026-08-21 21:00:00,21,MCH,0.1864855899792611
2026-08-21 21:00:00,21,MEB PHYSIOTHERAPY,0.1243867809412933
2026-08-21 21:00:00,21,MEB SPECIALITY CLINIC,0.083597480146419
2026-08-21 21:00:00,21,MENTAL HEALTH,0.1243867809412933
2026-08-21 21:00:00,21,MORGUE,0.1243867809412933
2026-08-21 21:00:00,21,NEURO SURGERY CONSULTATION,0.0760087033354329
2026-08-21 21:00:00,21,NEUROSURGERY,0.1292366670817262
2026-08-21 21:00:00,21,NUTRITION,0.0843020602186419
2026-08-21 21:00:00,21,OCCUPATIONAL THERAPY,0.1065756968120471
2026-08-21 21:00:00,21,OHNS,0.0906015189345203
2026-08-21 21:00:00,21,ONCOLOGY,0.1242174787223418
2026-08-21 21:00:00,21,Ortho OPD,0.0472162395726477
2026-08-21 21:00:00,21,PAEDS,0.1243867809412933
2026-08-21 21:00:00,21,PAEDS BKKH,0.0791908343019689
2026-08-21 21:00:00,21,PALLIATIVE,0.047554776314151
2026-08-21 21:00:00,21,PATHOLOGY,0.1243867809412933
2026-08-21 21:00:00,21,PEDIATRIC NEUROLOGY,0.1243867809412933
2026-08-21 21:00:00,21,PHYSIOTHERAPY,0.1884488398956579
2026-08-21 21:00:00,21,PRIVATE CLINIC,0.0757318740052839
2026-08-21 21:00:00,21,PSYCHOLOGY,0.0889363962323371
2026-08-21 21:00:00,21,RENAL,0.2045094959696984
2026-08-21 21:00:00,21,RESPIRATORY CENTER,0.1243867809412933
2026-08-21 21:00:00,21,SPECIALITY CLINIC,0.0775867666398604
2026-08-21 21:00:00,21,TELEMEDICINE,0.1688357483602861
2026-08-21 22:00:00,22,ADMISSION,0.2556518217315555
2026-08-21 22:00:00,22,ANAESTHESIA,0.1243867809412933
2026-08-21 22:00:00,22,Audiology,0.0880017205474603
2026-08-21 22:00:00,22,CARDIOLOGY,0.0760087033354329
2026-08-21 22:00:00,22,CASUALTY,0.2317001106158508
2026-08-21 22:00:00,22,CHRONIC CARE CLINIC (DM/HTN/TB/CCC),0.103857286500374
2026-08-21 22:00:00,22,DAYCASE,0.1501195451658147
2026-08-21 22:00:00,22,DENTAL,0.0647377007195991
2026-08-21 22:00:00,22,DIABETIC CLINIC,0.0760087033354329
2026-08-21 22:00:00,22,EYE CLINIC,0.1011310550689363
2026-08-21 22:00:00,22,FAMILY CLINIC,0.0765849494349225
2026-08-21 22:00:00,22,FAMILY MEDICINE,0.0735415346674193
2026-08-21 22:00:00,22,GENERAL OPD ,0.7063642434559195
2026-08-21 22:00:00,22,Gen Surg OPD,0.1230629453940868
2026-08-21 22:00:00,22,Gynae OPD,0.0765849494349225
2026-08-21 22:00:00,22,HTS,0.1243867809412933
2026-08-21 22:00:00,22,MATERNITY NURSERY,0.0795633107105591
2026-08-21 22:00:00,22,MCH,0.1862542678201555
2026-08-21 22:00:00,22,MEB PHYSIOTHERAPY,0.1243867809412933
2026-08-21 22:00:00,22,MEB SPECIALITY CLINIC,0.083597480146419
2026-08-21 22:00:00,22,MENTAL HEALTH,0.1243867809412933
2026-08-21 22:00:00,22,MORGUE,0.1243867809412933
2026-08-21 22:00:00,22,NEURO SURGERY CONSULTATION,0.0760087033354329
2026-08-21 22:00:00,22,NEUROSURGERY,0.1292366670817262
2026-08-21 22:00:00,22,NUTRITION,0.0843020602186419
2026-08-21 22:00:00,22,OCCUPATIONAL THERAPY,0.1065756968120471
2026-08-21 22:00:00,22,OHNS,0.0906015189345203
2026-08-21 22:00:00,22,ONCOLOGY,0.1242174787223418
2026-08-21 22:00:00,22,Ortho OPD,0.0472162395726477
2026-08-21 22:00:00,22,PAEDS,0.1243867809412933
2026-08-21 22:00:00,22,PAEDS BKKH,0.0791908343019689
2026-08-21 22:00:00,22,PALLIATIVE,0.047554776314151
2026-08-21 22:00:00,22,PATHOLOGY,0.1243867809412933
2026-08-21 22:00:00,22,PEDIATRIC NEUROLOGY,0.1243867809412933
2026-08-21 22:00:00,22,PHYSIOTHERAPY,0.1884488398956579
2026-08-21 22:00:00,22,PRIVATE CLINIC,0.0757318740052839
2026-08-21 22:00:00,22,PSYCHOLOGY,0.0889363962323371
2026-08-21 22:00:00,22,RENAL,0.2045094959696984
2026-08-21 22:00:00,22,RESPIRATORY CENTER,0.1243867809412933
2026-08-21 22:00:00,22,SPECIALITY CLINIC,0.0775867666398604
2026-08-21 22:00:00,22,TELEMEDICINE,0.1688357483602861
2026-08-21 23:00:00,23,ADMISSION,0.2556518217315555
2026-08-21 23:00:00,23,ANAESTHESIA,0.1243867809412933
2026-08-21 23:00:00,23,Audiology,0.0880017205474603
2026-08-21 23:00:00,23,CARDIOLOGY,0.0760087033354329
2026-08-21 23:00:00,23,CASUALTY,0.2317001106158508
2026-08-21 23:00:00,23,CHRONIC CARE CLINIC (DM/HTN/TB/CCC),0.103857286500374
2026-08-21 23:00:00,23,DAYCASE,0.1501195451658147
2026-08-21 23:00:00,23,DENTAL,0.0647377007195991
2026-08-21 23:00:00,23,DIABETIC CLINIC,0.0760087033354329
2026-08-21 23:00:00,23,EYE CLINIC,0.1011310550689363
2026-08-21 23:00:00,23,FAMILY CLINIC,0.0765849494349225
2026-08-21 23:00:00,23,FAMILY MEDICINE,0.0735415346674193
2026-08-21 23:00:00,23,GENERAL OPD ,0.6576813883116714
2026-08-21 23:00:00,23,Gen Surg OPD,0.1230629453940868
2026-08-21 23:00:00,23,Gynae OPD,0.0765849494349225
2026-08-21 23:00:00,23,HTS,0.1243867809412933
2026-08-21 23:00:00,23,MATERNITY NURSERY,0.0795633107105591
2026-08-21 23:00:00,23,MCH,0.1862542678201555
2026-08-21 23:00:00,23,MEB PHYSIOTHERAPY,0.1243867809412933
2026-08-21 23:00:00,23,MEB SPECIALITY CLINIC,0.083597480146419
2026-08-21 23:00:00,23,MENTAL HEALTH,0.1243867809412933
2026-08-21 23:00:00,23,MORGUE,0.1243867809412933
2026-08-21 23:00:00,23,NEURO SURGERY CONSULTATION,0.0760087033354329
2026-08-21 23:00:00,23,NEUROSURGERY,0.1292366670817262
2026-08-21 23:00:00,23,NUTRITION,0.0843020602186419
2026-08-21 23:00:00,23,OCCUPATIONAL THERAPY,0.1065756968120471
2026-08-21 23:00:00,23,OHNS,0.0906015189345203
2026-08-21 23:00:00,23,ONCOLOGY,0.1242174787223418
2026-08-21 23:00:00,23,Ortho OPD,0.0472162395726477
2026-08-21 23:00:00,23,PAEDS,0.1243867809412933
2026-08-21 23:00:00,23,PAEDS BKKH,0.0791908343019689
2026-08-21 23:00:00,23,PALLIATIVE,0.047554776314151
2026-08-21 23:00:00,23,PATHOLOGY,0.1243867809412933
2026-08-21 23:00:00,23,PEDIATRIC NEUROLOGY,0.1243867809412933
2026-08-21 23:00:00,23,PHYSIOTHERAPY,0.1884488398956579
2026-08-21 23:00:00,23,PRIVATE CLINIC,0.0757318740052839
2026-08-21 23:00:00,23,PSYCHOLOGY,0.0889363962323371
2026-08-21 23:00:00,23,RENAL,0.2045094959696984
2026-08-21 23:00:00,23,RESPIRATORY CENTER,0.1243867809412933
2026-08-21 23:00:00,23,SPECIALITY CLINIC,0.0775867666398604
2026-08-21 23:00:00,23,TELEMEDICINE,0.1688357483602861
2026-08-22 00:00:00,0,ADMISSION,1.9290999893527985
2026-08-22 00:00:00,0,ANAESTHESIA,0.1660434392284973
2026-08-22 00:00:00,0,Audiology,0.0918357751687177
2026-08-22 00:00:00,0,CARDIOLOGY,0.0657290569811854
2026-08-22 00:00:00,0,CASUALTY,0.1008798913957202
2026-08-22 00:00:00,0,CHRONIC CARE CLINIC (DM/HTN/TB/CCC),0.4967921644151599
2026-08-22 00:00:00,0,DAYCASE,0.2503450160576561
2026-08-22 00:00:00,0,DENTAL,0.1494389452625242
2026-08-22 00:00:00,0,DIABETIC CLINIC,0.0657290569811854
2026-08-22 00:00:00,0,EYE CLINIC,0.3957006574924107
2026-08-22 00:00:00,0,FAMILY CLINIC,0.0657025625716906
2026-08-22 00:00:00,0,FAMILY MEDICINE,0.0704904668847808
2026-08-22 00:00:00,0,GENERAL OPD ,0.539124639411339
2026-08-22 00:00:00,0,Gen Surg OPD,0.1425844312922508
2026-08-22 00:00:00,0,Gynae OPD,0.0657025625716906
2026-08-22 00:00:00,0,HTS,0.1660434392284973
2026-08-22 00:00:00,0,MATERNITY NURSERY,0.0657290569811854
2026-08-22 00:00:00,0,MCH,0.2313807043363756
2026-08-22 00:00:00,0,MEB PHYSIOTHERAPY,0.1660434392284973
2026-08-22 00:00:00,0,MEB SPECIALITY CLINIC,0.8517748932645988
2026-08-22 00:00:00,0,MENTAL HEALTH,0.1660434392284973
2026-08-22 00:00:00,0,MORGUE,0.1660434392284973
2026-08-22 00:00:00,0,NEURO SURGERY CONSULTATION,0.0657290569811854
2026-08-22 00:00:00,0,NEUROSURGERY,0.5442855337993786
2026-08-22 00:00:00,0,NUTRITION,0.0889556109614983
2026-08-22 00:00:00,0,OCCUPATIONAL THERAPY,0.1075314355329196
2026-08-22 00:00:00,0,OHNS,0.1090738085103484
2026-08-22 00:00:00,0,ONCOLOGY,0.099786544641274
2026-08-22 00:00:00,0,Ortho OPD,0.028500330537798
2026-08-22 00:00:00,0,PAEDS,0.1660434392284973
2026-08-22 00:00:00,0,PAEDS BKKH,0.4395427692912689
2026-08-22 00:00:00,0,PALLIATIVE,0.0258671473371972
2026-08-22 00:00:00,0,PATHOLOGY,0.1660434392284973
2026-08-22 00:00:00,0,PEDIATRIC NEUROLOGY,0.1660434392284973
2026-08-22 00:00:00,0,PHYSIOTHERAPY,0.3921461483379774
2026-08-22 00:00:00,0,PRIVATE CLINIC,0.2854975963248549
2026-08-22 00:00:00,0,PSYCHOLOGY,0.217669414569187
2026-08-22 00:00:00,0,RENAL,0.4662406645628356
2026-08-22 00:00:00,0,RESPIRATORY CENTER,0.1660434392284973
2026-08-22 00:00:00,0,SPECIALITY CLINIC,0.511461104964009
2026-08-22 00:00:00,0,TELEMEDICINE,0.2780768397658233
2026-08-22 01:00:00,1,ADMISSION,0.912632770888352
2026-08-22 01:00:00,1,ANAESTHESIA,0.1660434392284973
2026-08-22 01:00:00,1,Audiology,0.0918357751687177
2026-08-22 01:00:00,1,CARDIOLOGY,0.0657290569811854
2026-08-22 01:00:00,1,CASUALTY,0.085968601972446
2026-08-22 01:00:00,1,CHRONIC CARE CLINIC (DM/HTN/TB/CCC),0.4272308863313189
2026-08-22 01:00:00,1,DAYCASE,0.2053127434590302
2026-08-22 01:00:00,1,DENTAL,0.1109019478487627
2026-08-22 01:00:00,1,DIABETIC CLINIC,0.0657290569811854
2026-08-22 01:00:00,1,EYE CLINIC,0.3803751429856866
2026-08-22 01:00:00,1,FAMILY CLINIC,0.0657025625716906
2026-08-22 01:00:00,1,FAMILY MEDICINE,0.0690939282908146
2026-08-22 01:00:00,1,GENERAL OPD ,0.3632062643817725
2026-08-22 01:00:00,1,Gen Surg OPD,0.0862625022343587
2026-08-22 01:00:00,1,Gynae OPD,0.0657025625716906
2026-08-22 01:00:00,1,HTS,0.1660434392284973
2026-08-22 01:00:00,1,MATERNITY NURSERY,0.0657290569811854
2026-08-22 01:00:00,1,MCH,0.1418475620170891
2026-08-22 01:00:00,1,MEB PHYSIOTHERAPY,0.1660434392284973
2026-08-22 01:00:00,1,MEB SPECIALITY CLINIC,0.8364657724362846
2026-08-22 01:00:00,1,MENTAL HEALTH,0.1660434392284973
2026-08-22 01:00:00,1,MORGUE,0.1660434392284973
2026-08-22 01:00:00,1,NEURO SURGERY CONSULTATION,0.0657290569811854
2026-08-22 01:00:00,1,NEUROSURGERY,0.5289600192926545
2026-08-22 01:00:00,1,NUTRITION,0.0889556109614983
2026-08-22 01:00:00,1,OCCUPATIONAL THERAPY,0.1075314355329196
2026-08-22 01:00:00,1,OHNS,0.0756322872605202
2026-08-22 01:00:00,1,ONCOLOGY,0.099786544641274
2026-08-22 01:00:00,1,Ortho OPD,0.0250000074960152
2026-08-22 01:00:00,1,PAEDS,0.1660434392284973
2026-08-22 01:00:00,1,PAEDS BKKH,0.430946970085553
2026-08-22 01:00:00,1,PALLIATIVE,0.024470608743231
2026-08-22 01:00:00,1,PATHOLOGY,0.1660434392284973
2026-08-22 01:00:00,1,PEDIATRIC NEUROLOGY,0.1660434392284973
2026-08-22 01:00:00,1,PHYSIOTHERAPY,0.3835503491322614
2026-08-22 01:00:00,1,PRIVATE CLINIC,0.2701884754965408
2026-08-22 01:00:00,1,PSYCHOLOGY,0.2023439000624629
2026-08-22 01:00:00,1,RENAL,0.4509151500561115
2026-08-22 01:00:00,1,RESPIRATORY CENTER,0.1660434392284973
2026-08-22 01:00:00,1,SPECIALITY CLINIC,0.4961519841356947
2026-08-22 01:00:00,1,TELEMEDICINE,0.2605747755521657
2026-08-22 02:00:00,2,ADMISSION,0.4112027707921451
2026-08-22 02:00:00,2,ANAESTHESIA,0.1521448399003155
2026-08-22 02:00:00,2,Audiology,0.0664135454244116
2026-08-22 02:00:00,2,CARDIOLOGY,0.0772968016460871
2026-08-22 02:00:00,2,CASUALTY,0.0685941975871652
2026-08-22 02:00:00,2,CHRONIC CARE CLINIC (DM/HTN/TB/CCC),0.3317435364745673
2026-08-22 02:00:00,2,DAYCASE,0.1401223257737705
2026-08-22 02:00:00,2,DENTAL,0.0
2026-08-22 02:00:00,2,DIABETIC CLINIC,0.0772968016460871
2026-08-22 02:00:00,2,EYE CLINIC,0.3047115309753717
2026-08-22 02:00:00,2,FAMILY CLINIC,0.0772703072365923
2026-08-22 02:00:00,2,FAMILY MEDICINE,0.0636080568779984
2026-08-22 02:00:00,2,GENERAL OPD ,0.1986173170071248
2026-08-22 02:00:00,2,Gen Surg OPD,0.0746253724145564
2026-08-22 02:00:00,2,Gynae OPD,0.0772703072365923
2026-08-22 02:00:00,2,HTS,0.1521448399003155
2026-08-22 02:00:00,2,MATERNITY NURSERY,0.0772968016460871
2026-08-22 02:00:00,2,MCH,0.0215143782813472
2026-08-22 02:00:00,2,MEB PHYSIOTHERAPY,0.1521448399003155
2026-08-22 02:00:00,2,MEB SPECIALITY CLINIC,0.9687653715847532
2026-08-22 02:00:00,2,MENTAL HEALTH,0.1521448399003155
2026-08-22 02:00:00,2,MORGUE,0.1521448399003155
2026-08-22 02:00:00,2,NEURO SURGERY CONSULTATION,0.0772968016460871
2026-08-22 02:00:00,2,NEUROSURGERY,0.4660992896739472
2026-08-22 02:00:00,2,NUTRITION,0.0722839321097042
2026-08-22 02:00:00,2,OCCUPATIONAL THERAPY,0.0969084834252656
2026-08-22 02:00:00,2,OHNS,0.0191182629083532
2026-08-22 02:00:00,2,ONCOLOGY,0.1108611136291131
2026-08-22 02:00:00,2,Ortho OPD,0.0
2026-08-22 02:00:00,2,PAEDS,0.1521448399003155
2026-08-22 02:00:00,2,PAEDS BKKH,0.355211154915064
2026-08-22 02:00:00,2,PALLIATIVE,0.0189847373304148
2026-08-22 02:00:00,2,PATHOLOGY,0.1521448399003155
2026-08-22 02:00:00,2,PEDIATRIC NEUROLOGY,0.1521448399003155
2026-08-22 02:00:00,2,PHYSIOTHERAPY,0.3311421514287389
2026-08-22 02:00:00,2,PRIVATE CLINIC,0.1891466668571739
2026-08-22 02:00:00,2,PSYCHOLOGY,0.1017448426516813
2026-08-22 02:00:00,2,RENAL,0.3456300574360847
2026-08-22 02:00:00,2,RESPIRATORY CENTER,0.1521448399003155
2026-08-22 02:00:00,2,SPECIALITY CLINIC,0.4321540037045631
2026-08-22 02:00:00,2,TELEMEDICINE,0.1760251936921308
2026-08-22 03:00:00,3,ADMISSION,0.3523717264246217
2026-08-22 03:00:00,3,ANAESTHESIA,0.1521448399003155
2026-08-22 03:00:00,3,Audiology,0.0664135454244116
2026-08-22 03:00:00,3,CARDIOLOGY,0.0772968016460871
2026-08-22 03:00:00,3,CASUALTY,0.0652461429809438
2026-08-22 03:00:00,3,CHRONIC CARE CLINIC (DM/HTN/TB/CCC),0.3085001157349183
2026-08-22 03:00:00,3,DAYCASE,0.1185171336785056
2026-08-22 03:00:00,3,DENTAL,0.2327978848211845
2026-08-22 03:00:00,3,DIABETIC CLINIC,0.0772968016460871
2026-08-22 03:00:00,3,EYE CLINIC,0.2831063388801067
2026-08-22 03:00:00,3,FAMILY CLINIC,0.0772703072365923
2026-08-22 03:00:00,3,FAMILY MEDICINE,0.0636080568779984
2026-08-22 03:00:00,3,GENERAL OPD ,0.1797543558895372
2026-08-22 03:00:00,3,Gen Surg OPD,0.0559397954227289
2026-08-22 03:00:00,3,Gynae OPD,0.0772703072365923
2026-08-22 03:00:00,3,HTS,0.1521448399003155
2026-08-22 03:00:00,3,MATERNITY NURSERY,0.0772968016460871
2026-08-22 03:00:00,3,MCH,0.0
2026-08-22 03:00:00,3,MEB PHYSIOTHERAPY,0.1521448399003155
2026-08-22 03:00:00,3,MEB SPECIALITY CLINIC,1.0097413160183712
2026-08-22 03:00:00,3,MENTAL HEALTH,0.1521448399003155
2026-08-22 03:00:00,3,MORGUE,0.1521448399003155
2026-08-22 03:00:00,3,NEURO SURGERY CONSULTATION,0.0772968016460871
2026-08-22 03:00:00,3,NEUROSURGERY,0.5363317709917628
2026-08-22 03:00:00,3,NUTRITION,0.0722839321097042
2026-08-22 03:00:00,3,OCCUPATIONAL THERAPY,0.0969084834252656
2026-08-22 03:00:00,3,OHNS,0.0191182629083532
2026-08-22 03:00:00,3,ONCOLOGY,0.1108611136291131
2026-08-22 03:00:00,3,Ortho OPD,0.1304666401178638
2026-08-22 03:00:00,3,PAEDS,0.1521448399003155
2026-08-22 03:00:00,3,PAEDS BKKH,0.3336059628197992
2026-08-22 03:00:00,3,PALLIATIVE,0.0189847373304148
2026-08-22 03:00:00,3,PATHOLOGY,0.1521448399003155
2026-08-22 03:00:00,3,PEDIATRIC NEUROLOGY,0.1521448399003155
2026-08-22 03:00:00,3,PHYSIOTHERAPY,0.3095369593334739
2026-08-22 03:00:00,3,PRIVATE CLINIC,0.167541474761909
2026-08-22 03:00:00,3,PSYCHOLOGY,0.0801396505564164
2026-08-22 03:00:00,3,RENAL,0.3240248653408197
2026-08-22 03:00:00,3,RESPIRATORY CENTER,0.1521448399003155
2026-08-22 03:00:00,3,SPECIALITY CLINIC,0.4105488116092978
2026-08-22 03:00:00,3,TELEMEDICINE,0.1441764760199483
2026-08-22 04:00:00,4,ADMISSION,0.347739218276597
2026-08-22 04:00:00,4,ANAESTHESIA,0.1212262796638102
2026-08-22 04:00:00,4,Audiology,0.0377032489161159
2026-08-22 04:00:00,4,CARDIOLOGY,0.0795462039076854
2026-08-22 04:00:00,4,CASUALTY,0.0343275827444386
2026-08-22 04:00:00,4,CHRONIC CARE CLINIC (DM/HTN/TB/CCC),0.2839341448327198
2026-08-22 04:00:00,4,DAYCASE,0.0875985734420003
2026-08-22 04:00:00,4,DENTAL,0.0
2026-08-22 04:00:00,4,DIABETIC CLINIC,0.0795462039076854
2026-08-22 04:00:00,4,EYE CLINIC,0.2278027441632019
2026-08-22 04:00:00,4,FAMILY CLINIC,0.0795197094981906
2026-08-22 04:00:00,4,FAMILY MEDICINE,0.0658574591395967
2026-08-22 04:00:00,4,GENERAL OPD ,0.1797543558895372
2026-08-22 04:00:00,4,Gen Surg OPD,0.024020604137362
2026-08-22 04:00:00,4,Gynae OPD,0.0795197094981906
2026-08-22 04:00:00,4,HTS,0.1212262796638102
2026-08-22 04:00:00,4,MATERNITY NURSERY,0.0795462039076854
2026-08-22 04:00:00,4,MCH,0.0816167563145248
2026-08-22 04:00:00,4,MEB PHYSIOTHERAPY,0.1212262796638102
2026-08-22 04:00:00,4,MEB SPECIALITY CLINIC,1.0183433076142765
2026-08-22 04:00:00,4,MENTAL HEALTH,0.1212262796638102
2026-08-22 04:00:00,4,MORGUE,0.1212262796638102
2026-08-22 04:00:00,4,NEURO SURGERY CONSULTATION,0.0795462039076854
2026-08-22 04:00:00,4,NEUROSURGERY,0.5385811732533612
2026-08-22 04:00:00,4,NUTRITION,0.0435736356014087
2026-08-22 04:00:00,4,OCCUPATIONAL THERAPY,0.0681981869169698
2026-08-22 04:00:00,4,OHNS,0.0
2026-08-22 04:00:00,4,ONCOLOGY,0.0272378214923741
2026-08-22 04:00:00,4,Ortho OPD,0.0011244544798206
2026-08-22 04:00:00,4,PAEDS,0.1212262796638102
2026-08-22 04:00:00,4,PAEDS BKKH,0.2499826706830603
2026-08-22 04:00:00,4,PALLIATIVE,0.0212341395920131
2026-08-22 04:00:00,4,PATHOLOGY,0.1212262796638102
2026-08-22 04:00:00,4,PEDIATRIC NEUROLOGY,0.1212262796638102
2026-08-22 04:00:00,4,PHYSIOTHERAPY,0.2849709884312755
2026-08-22 04:00:00,4,PRIVATE CLINIC,0.1429755038597106
2026-08-22 04:00:00,4,PSYCHOLOGY,0.0845973165462243
2026-08-22 04:00:00,4,RENAL,0.3544719767416102
2026-08-22 04:00:00,4,RESPIRATORY CENTER,0.1212262796638102
2026-08-22 04:00:00,4,SPECIALITY CLINIC,0.3984922066569153
2026-08-22 04:00:00,4,TELEMEDICINE,0.1464258782815468
2026-08-22 05:00:00,5,ADMISSION,0.2745769443710967
2026-08-22 05:00:00,5,ANAESTHESIA,0.0969607564275023
2026-08-22 05:00:00,5,Audiology,0.0296104633097581
2026-08-22 05:00:00,5,CARDIOLOGY,0.0552806806713775
2026-08-22 05:00:00,5,CASUALTY,0.0343602676086122
2026-08-22 05:00:00,5,CHRONIC CARE CLINIC (DM/HTN/TB/CCC),0.2641544202122733
2026-08-22 05:00:00,5,DAYCASE,0.0541907608809801
2026-08-22 05:00:00,5,DENTAL,0.2310324713605876
2026-08-22 05:00:00,5,DIABETIC CLINIC,0.0552806806713775
2026-08-22 05:00:00,5,EYE CLINIC,0.2009906860241791
2026-08-22 05:00:00,5,FAMILY CLINIC,0.0552541862618827
2026-08-22 05:00:00,5,FAMILY MEDICINE,0.0415919359032888
2026-08-22 05:00:00,5,GENERAL OPD ,0.2639148006506852
2026-08-22 05:00:00,5,Gen Surg OPD,0.0375367481830056
2026-08-22 05:00:00,5,Gynae OPD,0.0552541862618827
2026-08-22 05:00:00,5,HTS,0.0969607564275023
2026-08-22 05:00:00,5,MATERNITY NURSERY,0.0552806806713775
2026-08-22 05:00:00,5,MCH,0.0
2026-08-22 05:00:00,5,MEB PHYSIOTHERAPY,0.0969607564275023
2026-08-22 05:00:00,5,MEB SPECIALITY CLINIC,1.6560949518871944
2026-08-22 05:00:00,5,MENTAL HEALTH,0.0969607564275023
2026-08-22 05:00:00,5,MORGUE,0.0969607564275023
2026-08-22 05:00:00,5,NEURO SURGERY CONSULTATION,0.0552806806713775
2026-08-22 05:00:00,5,NEUROSURGERY,1.0340468796247475
2026-08-22 05:00:00,5,NUTRITION,0.0488672344699452
2026-08-22 05:00:00,5,OCCUPATIONAL THERAPY,0.0734193050818131
2026-08-22 05:00:00,5,OHNS,0.2793875596162827
2026-08-22 05:00:00,5,ONCOLOGY,0.0
2026-08-22 05:00:00,5,Ortho OPD,0.0
2026-08-22 05:00:00,5,PAEDS,0.0969607564275023
2026-08-22 05:00:00,5,PAEDS BKKH,0.1624457398610758
2026-08-22 05:00:00,5,PALLIATIVE,0.0
2026-08-22 05:00:00,5,PATHOLOGY,0.0969607564275023
2026-08-22 05:00:00,5,PEDIATRIC NEUROLOGY,0.0969607564275023
2026-08-22 05:00:00,5,PHYSIOTHERAPY,0.2794687649965716
2026-08-22 05:00:00,5,PRIVATE CLINIC,0.1237846686326218
2026-08-22 05:00:00,5,PSYCHOLOGY,0.0439761778088594
2026-08-22 05:00:00,5,RENAL,0.6218954809577016
2026-08-22 05:00:00,5,RESPIRATORY CENTER,0.0969607564275023
2026-08-22 05:00:00,5,SPECIALITY CLINIC,0.4637924193870215
2026-08-22 05:00:00,5,TELEMEDICINE,0.1035862481991458
2026-08-22 06:00:00,6,ADMISSION,0.5621886156479263
2026-08-22 06:00:00,6,ANAESTHESIA,0.2111912038396584
2026-08-22 06:00:00,6,Audiology,0.1021403253145504
2026-08-22 06:00:00,6,CARDIOLOGY,0.1695111280835336
2026-08-22 06:00:00,6,CASUALTY,0.0934912485501874
2026-08-22 06:00:00,6,CHRONIC CARE CLINIC (DM/HTN/TB/CCC),0.7449032651151637
2026-08-22 06:00:00,6,DAYCASE,0.219911981408
2026-08-22 06:00:00,6,DENTAL,0.339175581096435
2026-08-22 06:00:00,6,DIABETIC CLINIC,0.1695111280835336
2026-08-22 06:00:00,6,EYE CLINIC,0.3417675984537636
2026-08-22 06:00:00,6,FAMILY CLINIC,0.1694846336740388
2026-08-22 06:00:00,6,FAMILY MEDICINE,0.141287289613726
2026-08-22 06:00:00,6,GENERAL OPD ,1.3161424683799208
2026-08-22 06:00:00,6,Gen Surg OPD,0.1344103226015293
2026-08-22 06:00:00,6,Gynae OPD,0.1694846336740388
2026-08-22 06:00:00,6,HTS,0.2111912038396584
2026-08-22 06:00:00,6,MATERNITY NURSERY,0.1695111280835336
2026-08-22 06:00:00,6,MCH,0.214519278204745
2026-08-22 06:00:00,6,MEB PHYSIOTHERAPY,0.2111912038396584
2026-08-22 06:00:00,6,MEB SPECIALITY CLINIC,2.902658026077844
2026-08-22 06:00:00,6,MENTAL HEALTH,0.2111912038396584
2026-08-22 06:00:00,6,MORGUE,0.2111912038396584
2026-08-22 06:00:00,6,NEURO SURGERY CONSULTATION,0.1695111280835336
2026-08-22 06:00:00,6,NEUROSURGERY,1.4200482379829158
2026-08-22 06:00:00,6,NUTRITION,0.1312246644571431
2026-08-22 06:00:00,6,OCCUPATIONAL THERAPY,0.2106199055742265
2026-08-22 06:00:00,6,OHNS,0.1578238909223175
2026-08-22 06:00:00,6,ONCOLOGY,0.4780383661066445
2026-08-22 06:00:00,6,Ortho OPD,0.1390240586449711
2026-08-22 06:00:00,6,PAEDS,0.2111912038396584
2026-08-22 06:00:00,6,PAEDS BKKH,0.6131004261599619
2026-08-22 06:00:00,6,PALLIATIVE,0.1708238314553607
2026-08-22 06:00:00,6,PATHOLOGY,0.2111912038396584
2026-08-22 06:00:00,6,PEDIATRIC NEUROLOGY,0.2111912038396584
2026-08-22 06:00:00,6,PHYSIOTHERAPY,0.5888366229639069
2026-08-22 06:00:00,6,PRIVATE CLINIC,0.2330875984623005
2026-08-22 06:00:00,6,PSYCHOLOGY,0.1470581096751772
2026-08-22 06:00:00,6,RENAL,1.101047060470854
2026-08-22 06:00:00,6,RESPIRATORY CENTER,0.2111912038396584
2026-08-22 06:00:00,6,SPECIALITY CLINIC,1.1464399904938714
2026-08-22 06:00:00,6,TELEMEDICINE,0.1775658341936602
2026-08-22 07:00:00,7,ADMISSION,0.8411319434571468
2026-08-22 07:00:00,7,ANAESTHESIA,0.2190098353347828
2026-08-22 07:00:00,7,Audiology,0.1203430761759423
2026-08-22 07:00:00,7,CARDIOLOGY,0.1773297595786579
2026-08-22 07:00:00,7,CASUALTY,0.0185916943715598
2026-08-22 07:00:00,7,CHRONIC CARE CLINIC (DM/HTN/TB/CCC),1.1277879964774302
2026-08-22 07:00:00,7,DAYCASE,0.2826077915181467
2026-08-22 07:00:00,7,DENTAL,0.6421133724067176
2026-08-22 07:00:00,7,DIABETIC CLINIC,0.1773297595786579
2026-08-22 07:00:00,7,EYE CLINIC,0.609464156528849
2026-08-22 07:00:00,7,FAMILY CLINIC,0.1773032651691632
2026-08-22 07:00:00,7,FAMILY MEDICINE,0.1491059211088503
2026-08-22 07:00:00,7,GENERAL OPD ,3.0705586311322426
2026-08-22 07:00:00,7,Gen Surg OPD,0.1812942467856495
2026-08-22 07:00:00,7,Gynae OPD,0.1773032651691632
2026-08-22 07:00:00,7,HTS,0.2190098353347828
2026-08-22 07:00:00,7,MATERNITY NURSERY,0.1773297595786579
2026-08-22 07:00:00,7,MCH,0.3047388206143579
2026-08-22 07:00:00,7,MEB PHYSIOTHERAPY,0.2190098353347828
2026-08-22 07:00:00,7,MEB SPECIALITY CLINIC,4.718267380065245
2026-08-22 07:00:00,7,MENTAL HEALTH,0.2190098353347828
2026-08-22 07:00:00,7,MORGUE,0.2190098353347828
2026-08-22 07:00:00,7,NEURO SURGERY CONSULTATION,0.1773297595786579
2026-08-22 07:00:00,7,NEUROSURGERY,2.554602751673132
2026-08-22 07:00:00,7,NUTRITION,0.138836503414061
2026-08-22 07:00:00,7,OCCUPATIONAL THERAPY,0.2331184718640367
2026-08-22 07:00:00,7,OHNS,0.5366481866359739
2026-08-22 07:00:00,7,ONCOLOGY,0.6831759680083592
2026-08-22 07:00:00,7,Ortho OPD,0.0593483217995562
2026-08-22 07:00:00,7,PAEDS,0.2190098353347828
2026-08-22 07:00:00,7,PAEDS BKKH,0.942879011743562
2026-08-22 07:00:00,7,PALLIATIVE,0.1051737746276714
2026-08-22 07:00:00,7,PATHOLOGY,0.2190098353347828
2026-08-22 07:00:00,7,PEDIATRIC NEUROLOGY,0.2190098353347828
2026-08-22 07:00:00,7,PHYSIOTHERAPY,0.8736503974551395
2026-08-22 07:00:00,7,PRIVATE CLINIC,0.500210881872773
2026-08-22 07:00:00,7,PSYCHOLOGY,0.242605799308102
2026-08-22 07:00:00,7,RENAL,2.2561912778529183
2026-08-22 07:00:00,7,RESPIRATORY CENTER,0.2190098353347828
2026-08-22 07:00:00,7,SPECIALITY CLINIC,2.661221584882083
2026-08-22 07:00:00,7,TELEMEDICINE,0.2416866209336809
2026-08-22 08:00:00,8,ADMISSION,0.9822443814186546
2026-08-22 08:00:00,8,ANAESTHESIA,0.2624875868792359
2026-08-22 08:00:00,8,Audiology,0.2823708031516804
2026-08-22 08:00:00,8,CARDIOLOGY,0.2167686114831851
2026-08-22 08:00:00,8,CASUALTY,0.2251843103697664
2026-08-22 08:00:00,8,CHRONIC CARE CLINIC (DM/HTN/TB/CCC),2.2268966444092126
2026-08-22 08:00:00,8,DAYCASE,0.457492067553726
2026-08-22 08:00:00,8,DENTAL,1.056062800299991
2026-08-22 08:00:00,8,DIABETIC CLINIC,0.2167686114831851
2026-08-22 08:00:00,8,EYE CLINIC,0.7621812174569256
2026-08-22 08:00:00,8,FAMILY CLINIC,0.198863260487535
2026-08-22 08:00:00,8,FAMILY MEDICINE,0.1949506621524829
2026-08-22 08:00:00,8,GENERAL OPD ,4.227150066473808
2026-08-22 08:00:00,8,Gen Surg OPD,0.2520454678668812
2026-08-22 08:00:00,8,Gynae OPD,0.198863260487535
2026-08-22 08:00:00,8,HTS,0.2624875868792359
2026-08-22 08:00:00,8,MATERNITY NURSERY,0.2167686114831851
2026-08-22 08:00:00,8,MCH,0.7817074633775827
2026-08-22 08:00:00,8,MEB PHYSIOTHERAPY,0.2624875868792359
2026-08-22 08:00:00,8,MEB SPECIALITY CLINIC,8.916775214789347
2026-08-22 08:00:00,8,MENTAL HEALTH,0.2624875868792359
2026-08-22 08:00:00,8,MORGUE,0.2624875868792359
2026-08-22 08:00:00,8,NEURO SURGERY CONSULTATION,0.2167686114831851
2026-08-22 08:00:00,8,NEUROSURGERY,3.058178676425596
2026-08-22 08:00:00,8,NUTRITION,0.2569841640679206
2026-08-22 08:00:00,8,OCCUPATIONAL THERAPY,0.2478950582450966
2026-08-22 08:00:00,8,OHNS,0.864734079378915
2026-08-22 08:00:00,8,ONCOLOGY,0.7487450542403778
2026-08-22 08:00:00,8,Ortho OPD,0.1806248813354552
2026-08-22 08:00:00,8,PAEDS,0.2624875868792359
2026-08-22 08:00:00,8,PAEDS BKKH,1.6893190103832876
2026-08-22 08:00:00,8,PALLIATIVE,0.1795346033028784
2026-08-22 08:00:00,8,PATHOLOGY,0.2624875868792359
2026-08-22 08:00:00,8,PEDIATRIC NEUROLOGY,0.2624875868792359
2026-08-22 08:00:00,8,PHYSIOTHERAPY,1.4750200190353002
2026-08-22 08:00:00,8,PRIVATE CLINIC,0.6477210951534955
2026-08-22 08:00:00,8,PSYCHOLOGY,0.321251929934681
2026-08-22 08:00:00,8,RENAL,4.21403024280802
2026-08-22 08:00:00,8,RESPIRATORY CENTER,0.2624875868792359
2026-08-22 08:00:00,8,SPECIALITY CLINIC,3.1936233567903383
2026-08-22 08:00:00,8,TELEMEDICINE,0.2732601695065981
2026-08-22 09:00:00,9,ADMISSION,1.0234656958930133
2026-08-22 09:00:00,9,ANAESTHESIA,0.2757657216116526
2026-08-22 09:00:00,9,Audiology,0.277550983709123
2026-08-22 09:00:00,9,CARDIOLOGY,0.2300467462156018
2026-08-22 09:00:00,9,CASUALTY,0.2420304339577473
2026-08-22 09:00:00,9,CHRONIC CARE CLINIC (DM/HTN/TB/CCC),3.131231708191432
2026-08-22 09:00:00,9,DAYCASE,0.4635971272982239
2026-08-22 09:00:00,9,DENTAL,1.5941792808021986
2026-08-22 09:00:00,9,DIABETIC CLINIC,0.2300467462156018
2026-08-22 09:00:00,9,EYE CLINIC,1.079042899249467
2026-08-22 09:00:00,9,FAMILY CLINIC,0.2121413952199517
2026-08-22 09:00:00,9,FAMILY MEDICINE,0.2082287968848996
2026-08-22 09:00:00,9,GENERAL OPD ,4.761593875926742
2026-08-22 09:00:00,9,Gen Surg OPD,0.2749909913844161
2026-08-22 09:00:00,9,Gynae OPD,0.2121413952199517
2026-08-22 09:00:00,9,HTS,0.2757657216116526
2026-08-22 09:00:00,9,MATERNITY NURSERY,0.2300467462156018
2026-08-22 09:00:00,9,MCH,0.8085190284231876
2026-08-22 09:00:00,9,MEB PHYSIOTHERAPY,0.2757657216116526
2026-08-22 09:00:00,9,MEB SPECIALITY CLINIC,8.102850035812752
2026-08-22 09:00:00,9,MENTAL HEALTH,0.2757657216116526
2026-08-22 09:00:00,9,MORGUE,0.2757657216116526
2026-08-22 09:00:00,9,NEURO SURGERY CONSULTATION,0.2300467462156018
2026-08-22 09:00:00,9,NEUROSURGERY,3.534732476014665
2026-08-22 09:00:00,9,NUTRITION,0.2653989700264352
2026-08-22 09:00:00,9,OCCUPATIONAL THERAPY,0.2563098642036115
2026-08-22 09:00:00,9,OHNS,1.192058943794316
2026-08-22 09:00:00,9,ONCOLOGY,1.2410151839090473
2026-08-22 09:00:00,9,Ortho OPD,0.1939030160678718
2026-08-22 09:00:00,9,PAEDS,0.2757657216116526
2026-08-22 09:00:00,9,PAEDS BKKH,1.803141875253255
2026-08-22 09:00:00,9,PALLIATIVE,0.192812738035295
2026-08-22 09:00:00,9,PATHOLOGY,0.2757657216116526
2026-08-22 09:00:00,9,PEDIATRIC NEUROLOGY,0.2757657216116526
2026-08-22 09:00:00,9,PHYSIOTHERAPY,1.5896388772998336
2026-08-22 09:00:00,9,PRIVATE CLINIC,0.4821525367841984
2026-08-22 09:00:00,9,PSYCHOLOGY,0.2551059498181559
2026-08-22 09:00:00,9,RENAL,1.3978109371170944
2026-08-22 09:00:00,9,RESPIRATORY CENTER,0.2757657216116526
2026-08-22 09:00:00,9,SPECIALITY CLINIC,2.467686872000934
2026-08-22 09:00:00,9,TELEMEDICINE,0.2716686798970337
2026-08-22 10:00:00,10,ADMISSION,1.1137506297149555
2026-08-22 10:00:00,10,ANAESTHESIA,0.1727355497187463
2026-08-22 10:00:00,10,Audiology,0.1505615682602409
2026-08-22 10:00:00,10,CARDIOLOGY,0.1221997127381609
2026-08-22 10:00:00,10,CASUALTY,0.1880258333863503
2026-08-22 10:00:00,10,CHRONIC CARE CLINIC (DM/HTN/TB/CCC),2.9939177923917115
2026-08-22 10:00:00,10,DAYCASE,0.464388435579976
2026-08-22 10:00:00,10,DENTAL,1.3738301403800652
2026-08-22 10:00:00,10,DIABETIC CLINIC,0.1221997127381609
2026-08-22 10:00:00,10,EYE CLINIC,0.7550407396400737
2026-08-22 10:00:00,10,FAMILY CLINIC,0.1227759588376504
2026-08-22 10:00:00,10,FAMILY MEDICINE,0.1207590912848355
2026-08-22 10:00:00,10,GENERAL OPD ,4.825297504454471
2026-08-22 10:00:00,10,Gen Surg OPD,0.1901408809020973
2026-08-22 10:00:00,10,Gynae OPD,0.1227759588376504
2026-08-22 10:00:00,10,HTS,0.1727355497187463
2026-08-22 10:00:00,10,MATERNITY NURSERY,0.1221997127381609
2026-08-22 10:00:00,10,MCH,0.8889468682367291
2026-08-22 10:00:00,10,MEB PHYSIOTHERAPY,0.1727355497187463
2026-08-22 10:00:00,10,MEB SPECIALITY CLINIC,4.258144654183261
2026-08-22 10:00:00,10,MENTAL HEALTH,0.1727355497187463
2026-08-22 10:00:00,10,MORGUE,0.1727355497187463
2026-08-22 10:00:00,10,NEURO SURGERY CONSULTATION,0.1221997127381609
2026-08-22 10:00:00,10,NEUROSURGERY,2.7803777351046643
2026-08-22 10:00:00,10,NUTRITION,0.1450523683140309
2026-08-22 10:00:00,10,OCCUPATIONAL THERAPY,0.1553025440182253
2026-08-22 10:00:00,10,OHNS,1.1003671357252491
2026-08-22 10:00:00,10,ONCOLOGY,0.9564020737090794
2026-08-22 10:00:00,10,Ortho OPD,0.1064333104678079
2026-08-22 10:00:00,10,PAEDS,0.1727355497187463
2026-08-22 10:00:00,10,PAEDS BKKH,0.9369410194434632
2026-08-22 10:00:00,10,PALLIATIVE,0.1053430324352312
2026-08-22 10:00:00,10,PATHOLOGY,0.1727355497187463
2026-08-22 10:00:00,10,PEDIATRIC NEUROLOGY,0.1727355497187463
2026-08-22 10:00:00,10,PHYSIOTHERAPY,1.0858361609679792
2026-08-22 10:00:00,10,PRIVATE CLINIC,0.3430656773648718
2026-08-22 10:00:00,10,PSYCHOLOGY,0.219636544565871
2026-08-22 10:00:00,10,RENAL,0.9351774583391096
2026-08-22 10:00:00,10,RESPIRATORY CENTER,0.1727355497187463
2026-08-22 10:00:00,10,SPECIALITY CLINIC,1.1407212764037993
2026-08-22 10:00:00,10,TELEMEDICINE,0.2113811133185475
2026-08-22 11:00:00,11,ADMISSION,1.157715707477477
2026-08-22 11:00:00,11,ANAESTHESIA,0.172823158966485
2026-08-22 11:00:00,11,Audiology,0.1555455569333519
2026-08-22 11:00:00,11,CARDIOLOGY,0.1222873219858996
2026-08-22 11:00:00,11,CASUALTY,0.2075142179411914
2026-08-22 11:00:00,11,CHRONIC CARE CLINIC (DM/HTN/TB/CCC),2.621982721042714
2026-08-22 11:00:00,11,DAYCASE,0.4231604025188248
2026-08-22 11:00:00,11,DENTAL,1.377829415393356
2026-08-22 11:00:00,11,DIABETIC CLINIC,0.1222873219858996
2026-08-22 11:00:00,11,EYE CLINIC,0.7442604184843643
2026-08-22 11:00:00,11,FAMILY CLINIC,0.1228635680853891
2026-08-22 11:00:00,11,FAMILY MEDICINE,0.1208467005325742
2026-08-22 11:00:00,11,GENERAL OPD ,5.1759585154964665
2026-08-22 11:00:00,11,Gen Surg OPD,0.1995329439605068
2026-08-22 11:00:00,11,Gynae OPD,0.1228635680853891
2026-08-22 11:00:00,11,HTS,0.172823158966485
2026-08-22 11:00:00,11,MATERNITY NURSERY,0.1222873219858996
2026-08-22 11:00:00,11,MCH,0.7889157816756646
2026-08-22 11:00:00,11,MEB PHYSIOTHERAPY,0.172823158966485
2026-08-22 11:00:00,11,MEB SPECIALITY CLINIC,1.7585162548060642
2026-08-22 11:00:00,11,MENTAL HEALTH,0.172823158966485
2026-08-22 11:00:00,11,MORGUE,0.172823158966485
2026-08-22 11:00:00,11,NEURO SURGERY CONSULTATION,0.1222873219858996
2026-08-22 11:00:00,11,NEUROSURGERY,1.81839346966222
2026-08-22 11:00:00,11,NUTRITION,0.1425849801044366
2026-08-22 11:00:00,11,OCCUPATIONAL THERAPY,0.152835155808631
2026-08-22 11:00:00,11,OHNS,0.980412188056797
2026-08-22 11:00:00,11,ONCOLOGY,0.9586622773878596
2026-08-22 11:00:00,11,Ortho OPD,0.1065209197155466
2026-08-22 11:00:00,11,PAEDS,0.172823158966485
2026-08-22 11:00:00,11,PAEDS BKKH,1.137956405372159
2026-08-22 11:00:00,11,PALLIATIVE,0.1054306416829699
2026-08-22 11:00:00,11,PATHOLOGY,0.172823158966485
2026-08-22 11:00:00,11,PEDIATRIC NEUROLOGY,0.172823158966485
2026-08-22 11:00:00,11,PHYSIOTHERAPY,0.8078256846085503
2026-08-22 11:00:00,11,PRIVATE CLINIC,0.2261269451853428
2026-08-22 11:00:00,11,PSYCHOLOGY,0.2149943718637085
2026-08-22 11:00:00,11,RENAL,0.949557133897137
2026-08-22 11:00:00,11,RESPIRATORY CENTER,0.172823158966485
2026-08-22 11:00:00,11,SPECIALITY CLINIC,1.0868895098780729
2026-08-22 11:00:00,11,TELEMEDICINE,0.209293938073718
2026-08-22 12:00:00,12,ADMISSION,1.0254886101828644
2026-08-22 12:00:00,12,ANAESTHESIA,0.1487210747957543
2026-08-22 12:00:00,12,Audiology,0.1200570832491678
2026-08-22 12:00:00,12,CARDIOLOGY,0.072180882352289
2026-08-22 12:00:00,12,CASUALTY,0.1789605009616927
2026-08-22 12:00:00,12,CHRONIC CARE CLINIC (DM/HTN/TB/CCC),2.07826922457671
2026-08-22 12:00:00,12,DAYCASE,0.2732269511273232
2026-08-22 12:00:00,12,DENTAL,0.5877639968306516
2026-08-22 12:00:00,12,DIABETIC CLINIC,0.072180882352289
2026-08-22 12:00:00,12,EYE CLINIC,0.3752193527452741
2026-08-22 12:00:00,12,FAMILY CLINIC,0.0727571284517785
2026-08-22 12:00:00,12,FAMILY MEDICINE,0.0707402608989636
2026-08-22 12:00:00,12,GENERAL OPD ,3.747829207587608
2026-08-22 12:00:00,12,Gen Surg OPD,0.1654426610329362
2026-08-22 12:00:00,12,Gynae OPD,0.0727571284517785
2026-08-22 12:00:00,12,HTS,0.1487210747957543
2026-08-22 12:00:00,12,MATERNITY NURSERY,0.072180882352289
2026-08-22 12:00:00,12,MCH,0.3805069406151973
2026-08-22 12:00:00,12,MEB PHYSIOTHERAPY,0.1487210747957543
2026-08-22 12:00:00,12,MEB SPECIALITY CLINIC,0.8382131518136637
2026-08-22 12:00:00,12,MENTAL HEALTH,0.1487210747957543
2026-08-22 12:00:00,12,MORGUE,0.1487210747957543
2026-08-22 12:00:00,12,NEURO SURGERY CONSULTATION,0.072180882352289
2026-08-22 12:00:00,12,NEUROSURGERY,0.932390587854112
2026-08-22 12:00:00,12,NUTRITION,0.1161114158547424
2026-08-22 12:00:00,12,OCCUPATIONAL THERAPY,0.1263615915589368
2026-08-22 12:00:00,12,OHNS,0.2885618234261241
2026-08-22 12:00:00,12,ONCOLOGY,0.2501192462087646
2026-08-22 12:00:00,12,Ortho OPD,0.0559872383225782
2026-08-22 12:00:00,12,PAEDS,0.1487210747957543
2026-08-22 12:00:00,12,PAEDS BKKH,0.4020412964760423
2026-08-22 12:00:00,12,PALLIATIVE,0.0553242020493592
2026-08-22 12:00:00,12,PATHOLOGY,0.1487210747957543
2026-08-22 12:00:00,12,PEDIATRIC NEUROLOGY,0.1487210747957543
2026-08-22 12:00:00,12,PHYSIOTHERAPY,0.3310122716067007
2026-08-22 12:00:00,12,PRIVATE CLINIC,0.159179461302106
2026-08-22 12:00:00,12,PSYCHOLOGY,0.1535015427166443
2026-08-22 12:00:00,12,RENAL,0.5722981891335441
2026-08-22 12:00:00,12,RESPIRATORY CENTER,0.1487210747957543
2026-08-22 12:00:00,12,SPECIALITY CLINIC,0.299396597368605
2026-08-22 12:00:00,12,TELEMEDICINE,0.1587602566807493
2026-08-22 13:00:00,13,ADMISSION,1.0113298727339477
2026-08-22 13:00:00,13,ANAESTHESIA,0.1394739395628766
2026-08-22 13:00:00,13,Audiology,0.1243870212468031
2026-08-22 13:00:00,13,CARDIOLOGY,0.071170571524492
2026-08-22 13:00:00,13,CASUALTY,0.1820289222811241
2026-08-22 13:00:00,13,CHRONIC CARE CLINIC (DM/HTN/TB/CCC),1.168761508036248
2026-08-22 13:00:00,13,DAYCASE,0.2533682488267357
2026-08-22 13:00:00,13,DENTAL,0.4350945585751747
2026-08-22 13:00:00,13,DIABETIC CLINIC,0.071170571524492
2026-08-22 13:00:00,13,EYE CLINIC,0.2528700285501133
2026-08-22 13:00:00,13,FAMILY CLINIC,0.0717468176239815
2026-08-22 13:00:00,13,FAMILY MEDICINE,0.0697299500711666
2026-08-22 13:00:00,13,GENERAL OPD ,3.1376360182471523
2026-08-22 13:00:00,13,Gen Surg OPD,0.1881186255281787
2026-08-22 13:00:00,13,Gynae OPD,0.0717468176239815
2026-08-22 13:00:00,13,HTS,0.1394739395628766
2026-08-22 13:00:00,13,MATERNITY NURSERY,0.071170571524492
2026-08-22 13:00:00,13,MCH,0.387468994524825
2026-08-22 13:00:00,13,MEB PHYSIOTHERAPY,0.1394739395628766
2026-08-22 13:00:00,13,MEB SPECIALITY CLINIC,0.4651572103805611
2026-08-22 13:00:00,13,MENTAL HEALTH,0.1394739395628766
2026-08-22 13:00:00,13,MORGUE,0.1394739395628766
2026-08-22 13:00:00,13,NEURO SURGERY CONSULTATION,0.071170571524492
2026-08-22 13:00:00,13,NEUROSURGERY,0.6584465925885674
2026-08-22 13:00:00,13,NUTRITION,0.1164623031866703
2026-08-22 13:00:00,13,OCCUPATIONAL THERAPY,0.1283981778265821
2026-08-22 13:00:00,13,OHNS,0.2002676188598613
2026-08-22 13:00:00,13,ONCOLOGY,0.2010947326906333
2026-08-22 13:00:00,13,Ortho OPD,0.054579543348721
2026-08-22 13:00:00,13,PAEDS,0.1394739395628766
2026-08-22 13:00:00,13,PAEDS BKKH,0.2135776043056286
2026-08-22 13:00:00,13,PALLIATIVE,0.0543138912215623
2026-08-22 13:00:00,13,PATHOLOGY,0.1394739395628766
2026-08-22 13:00:00,13,PEDIATRIC NEUROLOGY,0.1394739395628766
2026-08-22 13:00:00,13,PHYSIOTHERAPY,0.2750585143596779
2026-08-22 13:00:00,13,PRIVATE CLINIC,0.1379385595093339
2026-08-22 13:00:00,13,PSYCHOLOGY,0.1280043036223742
2026-08-22 13:00:00,13,RENAL,0.3308722210918194
2026-08-22 13:00:00,13,RESPIRATORY CENTER,0.1394739395628766
2026-08-22 13:00:00,13,SPECIALITY CLINIC,0.1944003711296948
2026-08-22 13:00:00,13,TELEMEDICINE,0.1675650720724205
2026-08-22 14:00:00,14,ADMISSION,1.0113298727339477
2026-08-22 14:00:00,14,ANAESTHESIA,0.1394739395628766
2026-08-22 14:00:00,14,Audiology,0.1243870212468031
2026-08-22 14:00:00,14,CARDIOLOGY,0.071170571524492
2026-08-22 14:00:00,14,CASUALTY,0.1820289222811241
2026-08-22 14:00:00,14,CHRONIC CARE CLINIC (DM/HTN/TB/CCC),1.060878257421792
2026-08-22 14:00:00,14,DAYCASE,0.2533682488267357
2026-08-22 14:00:00,14,DENTAL,0.291002133214847
2026-08-22 14:00:00,14,DIABETIC CLINIC,0.071170571524492
2026-08-22 14:00:00,14,EYE CLINIC,0.197932358763671
2026-08-22 14:00:00,14,FAMILY CLINIC,0.0717468176239815
2026-08-22 14:00:00,14,FAMILY MEDICINE,0.0697299500711666
2026-08-22 14:00:00,14,GENERAL OPD ,2.864861062261133
2026-08-22 14:00:00,14,Gen Surg OPD,0.1881186255281787
2026-08-22 14:00:00,14,Gynae OPD,0.0717468176239815
2026-08-22 14:00:00,14,HTS,0.1394739395628766
2026-08-22 14:00:00,14,MATERNITY NURSERY,0.071170571524492
2026-08-22 14:00:00,14,MCH,0.387468994524825
2026-08-22 14:00:00,14,MEB PHYSIOTHERAPY,0.1394739395628766
2026-08-22 14:00:00,14,MEB SPECIALITY CLINIC,0.1807153796071683
2026-08-22 14:00:00,14,MENTAL HEALTH,0.1394739395628766
2026-08-22 14:00:00,14,MORGUE,0.1394739395628766
2026-08-22 14:00:00,14,NEURO SURGERY CONSULTATION,0.071170571524492
2026-08-22 14:00:00,14,NEUROSURGERY,0.257886903391799
2026-08-22 14:00:00,14,NUTRITION,0.1164623031866703
2026-08-22 14:00:00,14,OCCUPATIONAL THERAPY,0.1283981778265821
2026-08-22 14:00:00,14,OHNS,0.1453299490734197
2026-08-22 14:00:00,14,ONCOLOGY,0.1461570629041917
2026-08-22 14:00:00,14,Ortho OPD,0.054579543348721
2026-08-22 14:00:00,14,PAEDS,0.1394739395628766
2026-08-22 14:00:00,14,PAEDS BKKH,0.2135776043056286
2026-08-22 14:00:00,14,PALLIATIVE,0.0543138912215623
2026-08-22 14:00:00,14,PATHOLOGY,0.1394739395628766
2026-08-22 14:00:00,14,PEDIATRIC NEUROLOGY,0.1394739395628766
2026-08-22 14:00:00,14,PHYSIOTHERAPY,0.2201208445732358
2026-08-22 14:00:00,14,PRIVATE CLINIC,0.1379385595093339
2026-08-22 14:00:00,14,PSYCHOLOGY,0.1280043036223742
2026-08-22 14:00:00,14,RENAL,0.3308722210918194
2026-08-22 14:00:00,14,RESPIRATORY CENTER,0.1394739395628766
2026-08-22 14:00:00,14,SPECIALITY CLINIC,0.2041425907461889
2026-08-22 14:00:00,14,TELEMEDICINE,0.1675650720724205
2026-08-22 15:00:00,15,ADMISSION,1.0030954401279206
2026-08-22 15:00:00,15,ANAESTHESIA,0.1382867732097718
2026-08-22 15:00:00,15,Audiology,0.1243870212468031
2026-08-22 15:00:00,15,CARDIOLOGY,0.071170571524492
2026-08-22 15:00:00,15,CASUALTY,0.181461077415151
2026-08-22 15:00:00,15,CHRONIC CARE CLINIC (DM/HTN/TB/CCC),0.79065430889863
2026-08-22 15:00:00,15,DAYCASE,0.2379989713581791
2026-08-22 15:00:00,15,DENTAL,0.1631375850413152
2026-08-22 15:00:00,15,DIABETIC CLINIC,0.071170571524492
2026-08-22 15:00:00,15,EYE CLINIC,0.189610347548038
2026-08-22 15:00:00,15,FAMILY CLINIC,0.0717468176239815
2026-08-22 15:00:00,15,FAMILY MEDICINE,0.0697299500711666
2026-08-22 15:00:00,15,GENERAL OPD ,2.6864431256516914
2026-08-22 15:00:00,15,Gen Surg OPD,0.1734240019479651
2026-08-22 15:00:00,15,Gynae OPD,0.0717468176239815
2026-08-22 15:00:00,15,HTS,0.1382867732097718
2026-08-22 15:00:00,15,MATERNITY NURSERY,0.071170571524492
2026-08-22 15:00:00,15,MCH,0.2675911733447085
2026-08-22 15:00:00,15,MEB PHYSIOTHERAPY,0.1382867732097718
2026-08-22 15:00:00,15,MEB SPECIALITY CLINIC,0.12328948590765
2026-08-22 15:00:00,15,MENTAL HEALTH,0.1382867732097718
2026-08-22 15:00:00,15,MORGUE,0.1382867732097718
2026-08-22 15:00:00,15,NEURO SURGERY CONSULTATION,0.071170571524492
2026-08-22 15:00:00,15,NEUROSURGERY,0.2163982099658255
2026-08-22 15:00:00,15,NUTRITION,0.1164623031866703
2026-08-22 15:00:00,15,OCCUPATIONAL THERAPY,0.1283981778265821
2026-08-22 15:00:00,15,OHNS,0.1370079378577865
2026-08-22 15:00:00,15,ONCOLOGY,0.1390222180416634
2026-08-22 15:00:00,15,Ortho OPD,0.054579543348721
2026-08-22 15:00:00,15,PAEDS,0.1382867732097718
2026-08-22 15:00:00,15,PAEDS BKKH,0.1503179233035537
2026-08-22 15:00:00,15,PALLIATIVE,0.0543138912215623
2026-08-22 15:00:00,15,PATHOLOGY,0.1382867732097718
2026-08-22 15:00:00,15,PEDIATRIC NEUROLOGY,0.1382867732097718
2026-08-22 15:00:00,15,PHYSIOTHERAPY,0.2117988333576028
2026-08-22 15:00:00,15,PRIVATE CLINIC,0.1296165482937009
2026-08-22 15:00:00,15,PSYCHOLOGY,0.1268171372692693
2026-08-22 15:00:00,15,RENAL,0.2568402291783629
2026-08-22 15:00:00,15,RESPIRATORY CENTER,0.1382867732097718
2026-08-22 15:00:00,15,SPECIALITY CLINIC,0.140882909744114
2026-08-22 15:00:00,15,TELEMEDICINE,0.1593306394663926
2026-08-22 16:00:00,16,ADMISSION,0.9060106029726216
2026-08-22 16:00:00,16,ANAESTHESIA,0.1309180959552326
2026-08-22 16:00:00,16,Audiology,0.1196297248684561
2026-08-22 16:00:00,16,CARDIOLOGY,0.0652425908644362
2026-08-22 16:00:00,16,CASUALTY,0.2014715721150445
2026-08-22 16:00:00,16,CHRONIC CARE CLINIC (DM/HTN/TB/CCC),0.3740145917698197
2026-08-22 16:00:00,16,DAYCASE,0.2223808269956424
2026-08-22 16:00:00,16,DENTAL,0.1392870501688012
2026-08-22 16:00:00,16,DIABETIC CLINIC,0.0652425908644362
2026-08-22 16:00:00,16,EYE CLINIC,0.1757514522020827
2026-08-22 16:00:00,16,FAMILY CLINIC,0.0658188369639257
2026-08-22 16:00:00,16,FAMILY MEDICINE,0.0667261502014681
2026-08-22 16:00:00,16,GENERAL OPD ,2.294809998139727
2026-08-22 16:00:00,16,Gen Surg OPD,0.1634073737091415
2026-08-22 16:00:00,16,Gynae OPD,0.0658188369639257
2026-08-22 16:00:00,16,HTS,0.1309180959552326
2026-08-22 16:00:00,16,MATERNITY NURSERY,0.0695516442451956
2026-08-22 16:00:00,16,MCH,0.2375924983369413
2026-08-22 16:00:00,16,MEB PHYSIOTHERAPY,0.1309180959552326
2026-08-22 16:00:00,16,MEB SPECIALITY CLINIC,0.1151148917454047
2026-08-22 16:00:00,16,MENTAL HEALTH,0.1309180959552326
2026-08-22 16:00:00,16,MORGUE,0.1309180959552326
2026-08-22 16:00:00,16,NEURO SURGERY CONSULTATION,0.0652425908644362
2026-08-22 16:00:00,16,NEUROSURGERY,0.1622488384262284
2026-08-22 16:00:00,16,NUTRITION,0.1117050068083234
2026-08-22 16:00:00,16,OCCUPATIONAL THERAPY,0.1240565832537464
2026-08-22 16:00:00,16,OHNS,0.1231490425118313
2026-08-22 16:00:00,16,ONCOLOGY,0.1322883204739013
2026-08-22 16:00:00,16,Ortho OPD,0.0498222469703741
2026-08-22 16:00:00,16,PAEDS,0.1309180959552326
2026-08-22 16:00:00,16,PAEDS BKKH,0.1369130356916395
2026-08-22 16:00:00,16,PALLIATIVE,0.0495565948432153
2026-08-22 16:00:00,16,PATHOLOGY,0.1309180959552326
2026-08-22 16:00:00,16,PEDIATRIC NEUROLOGY,0.1309180959552326
2026-08-22 16:00:00,16,PHYSIOTHERAPY,0.2091039768578257
2026-08-22 16:00:00,16,PRIVATE CLINIC,0.1214419541314556
2026-08-22 16:00:00,16,PSYCHOLOGY,0.1124646700564129
2026-08-22 16:00:00,16,RENAL,0.2447540654386501
2026-08-22 16:00:00,16,RESPIRATORY CENTER,0.1309180959552326
2026-08-22 16:00:00,16,SPECIALITY CLINIC,0.1327083155818686
2026-08-22 16:00:00,16,TELEMEDICINE,0.1523056316023603
2026-08-22 17:00:00,17,ADMISSION,0.6808256496890712
2026-08-22 17:00:00,17,ANAESTHESIA,0.1100391256064206
2026-08-22 17:00:00,17,Audiology,0.0904566954960897
2026-08-22 17:00:00,17,CARDIOLOGY,0.0616610480005601
2026-08-22 17:00:00,17,CASUALTY,0.2072535549990121
2026-08-22 17:00:00,17,CHRONIC CARE CLINIC (DM/HTN/TB/CCC),0.1660506887839737
2026-08-22 17:00:00,17,DAYCASE,0.175213334377636
2026-08-22 17:00:00,17,DENTAL,0.0798218892871314
2026-08-22 17:00:00,17,DIABETIC CLINIC,0.0616610480005601
2026-08-22 17:00:00,17,EYE CLINIC,0.1124505513836655
2026-08-22 17:00:00,17,FAMILY CLINIC,0.0622372941000496
2026-08-22 17:00:00,17,FAMILY MEDICINE,0.0594956980017457
2026-08-22 17:00:00,17,GENERAL OPD ,1.7416117679097294
2026-08-22 17:00:00,17,Gen Surg OPD,0.147554785239063
2026-08-22 17:00:00,17,Gynae OPD,0.0622372941000496
2026-08-22 17:00:00,17,HTS,0.1100391256064206
2026-08-22 17:00:00,17,MATERNITY NURSERY,0.0652156553756862
2026-08-22 17:00:00,17,MCH,0.2035152269156483
2026-08-22 17:00:00,17,MEB PHYSIOTHERAPY,0.1100391256064206
2026-08-22 17:00:00,17,MEB SPECIALITY CLINIC,0.0792819742624327
2026-08-22 17:00:00,17,MENTAL HEALTH,0.1100391256064206
2026-08-22 17:00:00,17,MORGUE,0.1100391256064206
2026-08-22 17:00:00,17,NEURO SURGERY CONSULTATION,0.0616610480005601
2026-08-22 17:00:00,17,NEUROSURGERY,0.1258325902087505
2026-08-22 17:00:00,17,NUTRITION,0.0861511823460417
2026-08-22 17:00:00,17,OCCUPATIONAL THERAPY,0.1078702686432803
2026-08-22 17:00:00,17,OHNS,0.091328894029047
2026-08-22 17:00:00,17,ONCOLOGY,0.1051430261045866
2026-08-22 17:00:00,17,Ortho OPD,0.0415658499930284
2026-08-22 17:00:00,17,PAEDS,0.1100391256064206
2026-08-22 17:00:00,17,PAEDS BKKH,0.0908617878583929
2026-08-22 17:00:00,17,PALLIATIVE,0.0413001978658696
2026-08-22 17:00:00,17,PATHOLOGY,0.1100391256064206
2026-08-22 17:00:00,17,PEDIATRIC NEUROLOGY,0.1100391256064206
2026-08-22 17:00:00,17,PHYSIOTHERAPY,0.1856891242513686
2026-08-22 17:00:00,17,PRIVATE CLINIC,0.0685124288604364
2026-08-22 17:00:00,17,PSYCHOLOGY,0.0870353134134927
2026-08-22 17:00:00,17,RENAL,0.217907136102425
2026-08-22 17:00:00,17,RESPIRATORY CENTER,0.1100391256064206
2026-08-22 17:00:00,17,SPECIALITY CLINIC,0.0889062629545897
2026-08-22 17:00:00,17,TELEMEDICINE,0.17184353355801
2026-08-22 18:00:00,18,ADMISSION,0.4709288207000853
2026-08-22 18:00:00,18,ANAESTHESIA,0.1100391256064206
2026-08-22 18:00:00,18,Audiology,0.0904566954960897
2026-08-22 18:00:00,18,CARDIOLOGY,0.0616610480005601
2026-08-22 18:00:00,18,CASUALTY,0.2069020977573172
2026-08-22 18:00:00,18,CHRONIC CARE CLINIC (DM/HTN/TB/CCC),0.1151767828151031
2026-08-22 18:00:00,18,DAYCASE,0.161439041480544
2026-08-22 18:00:00,18,DENTAL,0.0758907456150946
2026-08-22 18:00:00,18,DIABETIC CLINIC,0.0616610480005601
2026-08-22 18:00:00,18,EYE CLINIC,0.1124505513836655
2026-08-22 18:00:00,18,FAMILY CLINIC,0.0622372941000496
2026-08-22 18:00:00,18,FAMILY MEDICINE,0.0591938793325464
2026-08-22 18:00:00,18,GENERAL OPD ,1.120710646718667
2026-08-22 18:00:00,18,Gen Surg OPD,0.1391452478691193
2026-08-22 18:00:00,18,Gynae OPD,0.0622372941000496
2026-08-22 18:00:00,18,HTS,0.1100391256064206
2026-08-22 18:00:00,18,MATERNITY NURSERY,0.0652156553756862
2026-08-22 18:00:00,18,MCH,0.1869043213331876
2026-08-22 18:00:00,18,MEB PHYSIOTHERAPY,0.1100391256064206
2026-08-22 18:00:00,18,MEB SPECIALITY CLINIC,0.0792819742624327
2026-08-22 18:00:00,18,MENTAL HEALTH,0.1100391256064206
2026-08-22 18:00:00,18,MORGUE,0.1100391256064206
2026-08-22 18:00:00,18,NEURO SURGERY CONSULTATION,0.0616610480005601
2026-08-22 18:00:00,18,NEUROSURGERY,0.1258325902087505
2026-08-22 18:00:00,18,NUTRITION,0.0861511823460417
2026-08-22 18:00:00,18,OCCUPATIONAL THERAPY,0.1078702686432803
2026-08-22 18:00:00,18,OHNS,0.0909774367873521
2026-08-22 18:00:00,18,ONCOLOGY,0.1051430261045866
2026-08-22 18:00:00,18,Ortho OPD,0.0412143927513335
2026-08-22 18:00:00,18,PAEDS,0.1100391256064206
2026-08-22 18:00:00,18,PAEDS BKKH,0.090510330616698
2026-08-22 18:00:00,18,PALLIATIVE,0.0409983791966703
2026-08-22 18:00:00,18,PATHOLOGY,0.1100391256064206
2026-08-22 18:00:00,18,PEDIATRIC NEUROLOGY,0.1100391256064206
2026-08-22 18:00:00,18,PHYSIOTHERAPY,0.1853376670096737
2026-08-22 18:00:00,18,PRIVATE CLINIC,0.0685124288604364
2026-08-22 18:00:00,18,PSYCHOLOGY,0.0870353134134927
2026-08-22 18:00:00,18,RENAL,0.204132843205333
2026-08-22 18:00:00,18,RESPIRATORY CENTER,0.1100391256064206
2026-08-22 18:00:00,18,SPECIALITY CLINIC,0.0889062629545897
2026-08-22 18:00:00,18,TELEMEDICINE,0.157717783419223
2026-08-22 19:00:00,19,ADMISSION,0.3937867330320469
2026-08-22 19:00:00,19,ANAESTHESIA,0.1100391256064206
2026-08-22 19:00:00,19,Audiology,0.0904566954960897
2026-08-22 19:00:00,19,CARDIOLOGY,0.0616610480005601
2026-08-22 19:00:00,19,CASUALTY,0.2069020977573172
2026-08-22 19:00:00,19,CHRONIC CARE CLINIC (DM/HTN/TB/CCC),0.1151767828151031
2026-08-22 19:00:00,19,DAYCASE,0.161439041480544
2026-08-22 19:00:00,19,DENTAL,0.0758907456150946
2026-08-22 19:00:00,19,DIABETIC CLINIC,0.0616610480005601
2026-08-22 19:00:00,19,EYE CLINIC,0.1124505513836655
2026-08-22 19:00:00,19,FAMILY CLINIC,0.0622372941000496
2026-08-22 19:00:00,19,FAMILY MEDICINE,0.0591938793325464
2026-08-22 19:00:00,19,GENERAL OPD ,1.0930873422910805
2026-08-22 19:00:00,19,Gen Surg OPD,0.1391452478691193
2026-08-22 19:00:00,19,Gynae OPD,0.0622372941000496
2026-08-22 19:00:00,19,HTS,0.1100391256064206
2026-08-22 19:00:00,19,MATERNITY NURSERY,0.0652156553756862
2026-08-22 19:00:00,19,MCH,0.1869043213331876
2026-08-22 19:00:00,19,MEB PHYSIOTHERAPY,0.1100391256064206
2026-08-22 19:00:00,19,MEB SPECIALITY CLINIC,0.0792819742624327
2026-08-22 19:00:00,19,MENTAL HEALTH,0.1100391256064206
2026-08-22 19:00:00,19,MORGUE,0.1100391256064206
2026-08-22 19:00:00,19,NEURO SURGERY CONSULTATION,0.0616610480005601
2026-08-22 19:00:00,19,NEUROSURGERY,0.1258325902087505
2026-08-22 19:00:00,19,NUTRITION,0.0861511823460417
2026-08-22 19:00:00,19,OCCUPATIONAL THERAPY,0.1078702686432803
2026-08-22 19:00:00,19,OHNS,0.0909774367873521
2026-08-22 19:00:00,19,ONCOLOGY,0.1051430261045866
2026-08-22 19:00:00,19,Ortho OPD,0.0412143927513335
2026-08-22 19:00:00,19,PAEDS,0.1100391256064206
2026-08-22 19:00:00,19,PAEDS BKKH,0.090510330616698
2026-08-22 19:00:00,19,PALLIATIVE,0.0409983791966703
2026-08-22 19:00:00,19,PATHOLOGY,0.1100391256064206
2026-08-22 19:00:00,19,PEDIATRIC NEUROLOGY,0.1100391256064206
2026-08-22 19:00:00,19,PHYSIOTHERAPY,0.1853376670096737
2026-08-22 19:00:00,19,PRIVATE CLINIC,0.0685124288604364
2026-08-22 19:00:00,19,PSYCHOLOGY,0.0870353134134927
2026-08-22 19:00:00,19,RENAL,0.204132843205333
2026-08-22 19:00:00,19,RESPIRATORY CENTER,0.1100391256064206
2026-08-22 19:00:00,19,SPECIALITY CLINIC,0.0889062629545897
2026-08-22 19:00:00,19,TELEMEDICINE,0.157717783419223
2026-08-22 20:00:00,20,ADMISSION,0.3937867330320469
2026-08-22 20:00:00,20,ANAESTHESIA,0.1100391256064206
2026-08-22 20:00:00,20,Audiology,0.0904566954960897
2026-08-22 20:00:00,20,CARDIOLOGY,0.0616610480005601
2026-08-22 20:00:00,20,CASUALTY,0.2069020977573172
2026-08-22 20:00:00,20,CHRONIC CARE CLINIC (DM/HTN/TB/CCC),0.1151767828151031
2026-08-22 20:00:00,20,DAYCASE,0.161439041480544
2026-08-22 20:00:00,20,DENTAL,0.0758907456150946
2026-08-22 20:00:00,20,DIABETIC CLINIC,0.0616610480005601
2026-08-22 20:00:00,20,EYE CLINIC,0.1124505513836655
2026-08-22 20:00:00,20,FAMILY CLINIC,0.0622372941000496
2026-08-22 20:00:00,20,FAMILY MEDICINE,0.0591938793325464
2026-08-22 20:00:00,20,GENERAL OPD ,0.9691710121561052
2026-08-22 20:00:00,20,Gen Surg OPD,0.1391452478691193
2026-08-22 20:00:00,20,Gynae OPD,0.0622372941000496
2026-08-22 20:00:00,20,HTS,0.1100391256064206
2026-08-22 20:00:00,20,MATERNITY NURSERY,0.0652156553756862
2026-08-22 20:00:00,20,MCH,0.1869043213331876
2026-08-22 20:00:00,20,MEB PHYSIOTHERAPY,0.1100391256064206
2026-08-22 20:00:00,20,MEB SPECIALITY CLINIC,0.0792819742624327
2026-08-22 20:00:00,20,MENTAL HEALTH,0.1100391256064206
2026-08-22 20:00:00,20,MORGUE,0.1100391256064206
2026-08-22 20:00:00,20,NEURO SURGERY CONSULTATION,0.0616610480005601
2026-08-22 20:00:00,20,NEUROSURGERY,0.1258325902087505
2026-08-22 20:00:00,20,NUTRITION,0.0861511823460417
2026-08-22 20:00:00,20,OCCUPATIONAL THERAPY,0.1078702686432803
2026-08-22 20:00:00,20,OHNS,0.0909774367873521
2026-08-22 20:00:00,20,ONCOLOGY,0.1051430261045866
2026-08-22 20:00:00,20,Ortho OPD,0.0412143927513335
2026-08-22 20:00:00,20,PAEDS,0.1100391256064206
2026-08-22 20:00:00,20,PAEDS BKKH,0.090510330616698
2026-08-22 20:00:00,20,PALLIATIVE,0.0409983791966703
2026-08-22 20:00:00,20,PATHOLOGY,0.1100391256064206
2026-08-22 20:00:00,20,PEDIATRIC NEUROLOGY,0.1100391256064206
2026-08-22 20:00:00,20,PHYSIOTHERAPY,0.1853376670096737
2026-08-22 20:00:00,20,PRIVATE CLINIC,0.0685124288604364
2026-08-22 20:00:00,20,PSYCHOLOGY,0.0870353134134927
2026-08-22 20:00:00,20,RENAL,0.1877957046374871
2026-08-22 20:00:00,20,RESPIRATORY CENTER,0.1100391256064206
2026-08-22 20:00:00,20,SPECIALITY CLINIC,0.0889062629545897
2026-08-22 20:00:00,20,TELEMEDICINE,0.157717783419223
2026-08-22 21:00:00,21,ADMISSION,0.2788313914895021
2026-08-22 21:00:00,21,ANAESTHESIA,0.1100391256064206
2026-08-22 21:00:00,21,Audiology,0.0904566954960897
2026-08-22 21:00:00,21,CARDIOLOGY,0.0616610480005601
2026-08-22 21:00:00,21,CASUALTY,0.2069020977573172
2026-08-22 21:00:00,21,CHRONIC CARE CLINIC (DM/HTN/TB/CCC),0.1151767828151031
2026-08-22 21:00:00,21,DAYCASE,0.161439041480544
2026-08-22 21:00:00,21,DENTAL,0.0758907456150946
2026-08-22 21:00:00,21,DIABETIC CLINIC,0.0616610480005601
2026-08-22 21:00:00,21,EYE CLINIC,0.1124505513836655
2026-08-22 21:00:00,21,FAMILY CLINIC,0.0622372941000496
2026-08-22 21:00:00,21,FAMILY MEDICINE,0.0591938793325464
2026-08-22 21:00:00,21,GENERAL OPD ,0.762409729489314
2026-08-22 21:00:00,21,Gen Surg OPD,0.1181961706667059
2026-08-22 21:00:00,21,Gynae OPD,0.0622372941000496
2026-08-22 21:00:00,21,HTS,0.1100391256064206
2026-08-22 21:00:00,21,MATERNITY NURSERY,0.0652156553756862
2026-08-22 21:00:00,21,MCH,0.178256724766729
2026-08-22 21:00:00,21,MEB PHYSIOTHERAPY,0.1100391256064206
2026-08-22 21:00:00,21,MEB SPECIALITY CLINIC,0.0792819742624327
2026-08-22 21:00:00,21,MENTAL HEALTH,0.1100391256064206
2026-08-22 21:00:00,21,MORGUE,0.1100391256064206
2026-08-22 21:00:00,21,NEURO SURGERY CONSULTATION,0.0616610480005601
2026-08-22 21:00:00,21,NEUROSURGERY,0.1258325902087505
2026-08-22 21:00:00,21,NUTRITION,0.0861511823460417
2026-08-22 21:00:00,21,OCCUPATIONAL THERAPY,0.1078702686432803
2026-08-22 21:00:00,21,OHNS,0.0909774367873521
2026-08-22 21:00:00,21,ONCOLOGY,0.1051430261045866
2026-08-22 21:00:00,21,Ortho OPD,0.0412143927513335
2026-08-22 21:00:00,21,PAEDS,0.1100391256064206
2026-08-22 21:00:00,21,PAEDS BKKH,0.090510330616698
2026-08-22 21:00:00,21,PALLIATIVE,0.0409983791966703
2026-08-22 21:00:00,21,PATHOLOGY,0.1100391256064206
2026-08-22 21:00:00,21,PEDIATRIC NEUROLOGY,0.1100391256064206
2026-08-22 21:00:00,21,PHYSIOTHERAPY,0.1853376670096737
2026-08-22 21:00:00,21,PRIVATE CLINIC,0.0685124288604364
2026-08-22 21:00:00,21,PSYCHOLOGY,0.0870353134134927
2026-08-22 21:00:00,21,RENAL,0.1877957046374871
2026-08-22 21:00:00,21,RESPIRATORY CENTER,0.1100391256064206
2026-08-22 21:00:00,21,SPECIALITY CLINIC,0.0889062629545897
2026-08-22 21:00:00,21,TELEMEDICINE,0.156031703822551
2026-08-22 22:00:00,22,ADMISSION,0.2721289625259552
2026-08-22 22:00:00,22,ANAESTHESIA,0.1100391256064206
2026-08-22 22:00:00,22,Audiology,0.0904566954960897
2026-08-22 22:00:00,22,CARDIOLOGY,0.0616610480005601
2026-08-22 22:00:00,22,CASUALTY,0.2066707755982117
2026-08-22 22:00:00,22,CHRONIC CARE CLINIC (DM/HTN/TB/CCC),0.1151767828151031
2026-08-22 22:00:00,22,DAYCASE,0.161439041480544
2026-08-22 22:00:00,22,DENTAL,0.0758907456150946
2026-08-22 22:00:00,22,DIABETIC CLINIC,0.0616610480005601
2026-08-22 22:00:00,22,EYE CLINIC,0.1124505513836655
2026-08-22 22:00:00,22,FAMILY CLINIC,0.0622372941000496
2026-08-22 22:00:00,22,FAMILY MEDICINE,0.0591938793325464
2026-08-22 22:00:00,22,GENERAL OPD ,0.6932486635526146
2026-08-22 22:00:00,22,Gen Surg OPD,0.1129648104402675
2026-08-22 22:00:00,22,Gynae OPD,0.0622372941000496
2026-08-22 22:00:00,22,HTS,0.1100391256064206
2026-08-22 22:00:00,22,MATERNITY NURSERY,0.0652156553756862
2026-08-22 22:00:00,22,MCH,0.1780254026076235
2026-08-22 22:00:00,22,MEB PHYSIOTHERAPY,0.1100391256064206
2026-08-22 22:00:00,22,MEB SPECIALITY CLINIC,0.0792819742624327
2026-08-22 22:00:00,22,MENTAL HEALTH,0.1100391256064206
2026-08-22 22:00:00,22,MORGUE,0.1100391256064206
2026-08-22 22:00:00,22,NEURO SURGERY CONSULTATION,0.0616610480005601
2026-08-22 22:00:00,22,NEUROSURGERY,0.1258325902087505
2026-08-22 22:00:00,22,NUTRITION,0.0861511823460417
2026-08-22 22:00:00,22,OCCUPATIONAL THERAPY,0.1078702686432803
2026-08-22 22:00:00,22,OHNS,0.0909774367873521
2026-08-22 22:00:00,22,ONCOLOGY,0.1051430261045866
2026-08-22 22:00:00,22,Ortho OPD,0.0412143927513335
2026-08-22 22:00:00,22,PAEDS,0.1100391256064206
2026-08-22 22:00:00,22,PAEDS BKKH,0.090510330616698
2026-08-22 22:00:00,22,PALLIATIVE,0.0409983791966703
2026-08-22 22:00:00,22,PATHOLOGY,0.1100391256064206
2026-08-22 22:00:00,22,PEDIATRIC NEUROLOGY,0.1100391256064206
2026-08-22 22:00:00,22,PHYSIOTHERAPY,0.1853376670096737
2026-08-22 22:00:00,22,PRIVATE CLINIC,0.0685124288604364
2026-08-22 22:00:00,22,PSYCHOLOGY,0.0870353134134927
2026-08-22 22:00:00,22,RENAL,0.1877957046374871
2026-08-22 22:00:00,22,RESPIRATORY CENTER,0.1100391256064206
2026-08-22 22:00:00,22,SPECIALITY CLINIC,0.0889062629545897
2026-08-22 22:00:00,22,TELEMEDICINE,0.156031703822551
2026-08-22 23:00:00,23,ADMISSION,0.2721289625259552
2026-08-22 23:00:00,23,ANAESTHESIA,0.1100391256064206
2026-08-22 23:00:00,23,Audiology,0.0904566954960897
2026-08-22 23:00:00,23,CARDIOLOGY,0.0616610480005601
2026-08-22 23:00:00,23,CASUALTY,0.2066707755982117
2026-08-22 23:00:00,23,CHRONIC CARE CLINIC (DM/HTN/TB/CCC),0.1151767828151031
2026-08-22 23:00:00,23,DAYCASE,0.161439041480544
2026-08-22 23:00:00,23,DENTAL,0.0758907456150946
2026-08-22 23:00:00,23,DIABETIC CLINIC,0.0616610480005601
2026-08-22 23:00:00,23,EYE CLINIC,0.1124505513836655
2026-08-22 23:00:00,23,FAMILY CLINIC,0.0622372941000496
2026-08-22 23:00:00,23,FAMILY MEDICINE,0.0591938793325464
2026-08-22 23:00:00,23,GENERAL OPD ,0.6212582404803445
2026-08-22 23:00:00,23,Gen Surg OPD,0.1129648104402675
2026-08-22 23:00:00,23,Gynae OPD,0.0622372941000496
2026-08-22 23:00:00,23,HTS,0.1100391256064206
2026-08-22 23:00:00,23,MATERNITY NURSERY,0.0652156553756862
2026-08-22 23:00:00,23,MCH,0.1780254026076235
2026-08-22 23:00:00,23,MEB PHYSIOTHERAPY,0.1100391256064206
2026-08-22 23:00:00,23,MEB SPECIALITY CLINIC,0.0792819742624327
2026-08-22 23:00:00,23,MENTAL HEALTH,0.1100391256064206
2026-08-22 23:00:00,23,MORGUE,0.1100391256064206
2026-08-22 23:00:00,23,NEURO SURGERY CONSULTATION,0.0616610480005601
2026-08-22 23:00:00,23,NEUROSURGERY,0.1258325902087505
2026-08-22 23:00:00,23,NUTRITION,0.0861511823460417
2026-08-22 23:00:00,23,OCCUPATIONAL THERAPY,0.1078702686432803
2026-08-22 23:00:00,23,OHNS,0.0909774367873521
2026-08-22 23:00:00,23,ONCOLOGY,0.1051430261045866
2026-08-22 23:00:00,23,Ortho OPD,0.0412143927513335
2026-08-22 23:00:00,23,PAEDS,0.1100391256064206
2026-08-22 23:00:00,23,PAEDS BKKH,0.090510330616698
2026-08-22 23:00:00,23,PALLIATIVE,0.0409983791966703
2026-08-22 23:00:00,23,PATHOLOGY,0.1100391256064206
2026-08-22 23:00:00,23,PEDIATRIC NEUROLOGY,0.1100391256064206
2026-08-22 23:00:00,23,PHYSIOTHERAPY,0.1853376670096737
2026-08-22 23:00:00,23,PRIVATE CLINIC,0.0685124288604364
2026-08-22 23:00:00,23,PSYCHOLOGY,0.0870353134134927
2026-08-22 23:00:00,23,RENAL,0.1877957046374871
2026-08-22 23:00:00,23,RESPIRATORY CENTER,0.1100391256064206
2026-08-22 23:00:00,23,SPECIALITY CLINIC,0.0889062629545897
2026-08-22 23:00:00,23,TELEMEDICINE,0.156031703822551
2026-08-23 00:00:00,0,ADMISSION,1.8439558096207629
2026-08-23 00:00:00,0,ANAESTHESIA,0.1644907820560245
2026-08-23 00:00:00,0,Audiology,0.0902831179962449
2026-08-23 00:00:00,0,CARDIOLOGY,0.0641763998087126
2026-08-23 00:00:00,0,CASUALTY,0.0993272342232473
2026-08-23 00:00:00,0,CHRONIC CARE CLINIC (DM/HTN/TB/CCC),0.4934092880492118
2026-08-23 00:00:00,0,DAYCASE,0.2563652022563821
2026-08-23 00:00:00,0,DENTAL,0.1478862880900513
2026-08-23 00:00:00,0,DIABETIC CLINIC,0.0641763998087126
2026-08-23 00:00:00,0,EYE CLINIC,0.3933906792678933
2026-08-23 00:00:00,0,FAMILY CLINIC,0.0641499053992178
2026-08-23 00:00:00,0,FAMILY MEDICINE,0.0689378097123079
2026-08-23 00:00:00,0,GENERAL OPD ,0.52163900772481
2026-08-23 00:00:00,0,Gen Surg OPD,0.1402744530677333
2026-08-23 00:00:00,0,Gynae OPD,0.0641499053992178
2026-08-23 00:00:00,0,HTS,0.1644907820560245
2026-08-23 00:00:00,0,MATERNITY NURSERY,0.0641763998087126
2026-08-23 00:00:00,0,MCH,0.2300920581949558
2026-08-23 00:00:00,0,MEB PHYSIOTHERAPY,0.1644907820560245
2026-08-23 00:00:00,0,MEB SPECIALITY CLINIC,0.8502222360921259
2026-08-23 00:00:00,0,MENTAL HEALTH,0.1644907820560245
2026-08-23 00:00:00,0,MORGUE,0.1644907820560245
2026-08-23 00:00:00,0,NEURO SURGERY CONSULTATION,0.0641763998087126
2026-08-23 00:00:00,0,NEUROSURGERY,0.5427328766269058
2026-08-23 00:00:00,0,NUTRITION,0.0874029537890256
2026-08-23 00:00:00,0,OCCUPATIONAL THERAPY,0.1059787783604468
2026-08-23 00:00:00,0,OHNS,0.1075211513378757
2026-08-23 00:00:00,0,ONCOLOGY,0.0982338874688012
2026-08-23 00:00:00,0,Ortho OPD,0.0269476733653251
2026-08-23 00:00:00,0,PAEDS,0.1644907820560245
2026-08-23 00:00:00,0,PAEDS BKKH,0.437990112118796
2026-08-23 00:00:00,0,PALLIATIVE,0.0243144901647243
2026-08-23 00:00:00,0,PATHOLOGY,0.1644907820560245
2026-08-23 00:00:00,0,PEDIATRIC NEUROLOGY,0.1644907820560245
2026-08-23 00:00:00,0,PHYSIOTHERAPY,0.3905934911655047
2026-08-23 00:00:00,0,PRIVATE CLINIC,0.2839449391523822
2026-08-23 00:00:00,0,PSYCHOLOGY,0.2161167573967141
2026-08-23 00:00:00,0,RENAL,0.6924405830068452
2026-08-23 00:00:00,0,RESPIRATORY CENTER,0.1644907820560245
2026-08-23 00:00:00,0,SPECIALITY CLINIC,0.5099084477915361
2026-08-23 00:00:00,0,TELEMEDICINE,0.2765241825933504
2026-08-23 01:00:00,1,ADMISSION,0.8921650348371465
2026-08-23 01:00:00,1,ANAESTHESIA,0.1644907820560245
2026-08-23 01:00:00,1,Audiology,0.0902831179962449
2026-08-23 01:00:00,1,CARDIOLOGY,0.0641763998087126
2026-08-23 01:00:00,1,CASUALTY,0.0844159447999732
2026-08-23 01:00:00,1,CHRONIC CARE CLINIC (DM/HTN/TB/CCC),0.4238480099653707
2026-08-23 01:00:00,1,DAYCASE,0.211332929657756
2026-08-23 01:00:00,1,DENTAL,0.1093492906762899
2026-08-23 01:00:00,1,DIABETIC CLINIC,0.0641763998087126
2026-08-23 01:00:00,1,EYE CLINIC,0.3780651647611692
2026-08-23 01:00:00,1,FAMILY CLINIC,0.0641499053992178
2026-08-23 01:00:00,1,FAMILY MEDICINE,0.0675412711183418
2026-08-23 01:00:00,1,GENERAL OPD ,0.3245168058975798
2026-08-23 01:00:00,1,Gen Surg OPD,0.0839525240098412
2026-08-23 01:00:00,1,Gynae OPD,0.0641499053992178
2026-08-23 01:00:00,1,HTS,0.1644907820560245
2026-08-23 01:00:00,1,MATERNITY NURSERY,0.0641763998087126
2026-08-23 01:00:00,1,MCH,0.1405589158756693
2026-08-23 01:00:00,1,MEB PHYSIOTHERAPY,0.1644907820560245
2026-08-23 01:00:00,1,MEB SPECIALITY CLINIC,0.8349131152638117
2026-08-23 01:00:00,1,MENTAL HEALTH,0.1644907820560245
2026-08-23 01:00:00,1,MORGUE,0.1644907820560245
2026-08-23 01:00:00,1,NEURO SURGERY CONSULTATION,0.0641763998087126
2026-08-23 01:00:00,1,NEUROSURGERY,0.5274073621201818
2026-08-23 01:00:00,1,NUTRITION,0.0874029537890256
2026-08-23 01:00:00,1,OCCUPATIONAL THERAPY,0.1059787783604468
2026-08-23 01:00:00,1,OHNS,0.0740796300880475
2026-08-23 01:00:00,1,ONCOLOGY,0.0982338874688012
2026-08-23 01:00:00,1,Ortho OPD,0.0234473503235423
2026-08-23 01:00:00,1,PAEDS,0.1644907820560245
2026-08-23 01:00:00,1,PAEDS BKKH,0.4293943129130801
2026-08-23 01:00:00,1,PALLIATIVE,0.0229179515707582
2026-08-23 01:00:00,1,PATHOLOGY,0.1644907820560245
2026-08-23 01:00:00,1,PEDIATRIC NEUROLOGY,0.1644907820560245
2026-08-23 01:00:00,1,PHYSIOTHERAPY,0.3819976919597887
2026-08-23 01:00:00,1,PRIVATE CLINIC,0.2686358183240681
2026-08-23 01:00:00,1,PSYCHOLOGY,0.20079124288999
2026-08-23 01:00:00,1,RENAL,0.677115068500121
2026-08-23 01:00:00,1,RESPIRATORY CENTER,0.1644907820560245
2026-08-23 01:00:00,1,SPECIALITY CLINIC,0.4945993269632218
2026-08-23 01:00:00,1,TELEMEDICINE,0.2590221183796929
2026-08-23 02:00:00,2,ADMISSION,0.4078198944261969
2026-08-23 02:00:00,2,ANAESTHESIA,0.1505921827278427
2026-08-23 02:00:00,2,Audiology,0.0648608882519388
2026-08-23 02:00:00,2,CARDIOLOGY,0.0757441444736142
2026-08-23 02:00:00,2,CASUALTY,0.0670415404146924
2026-08-23 02:00:00,2,CHRONIC CARE CLINIC (DM/HTN/TB/CCC),0.3283606601086191
2026-08-23 02:00:00,2,DAYCASE,0.1461425119724964
2026-08-23 02:00:00,2,DENTAL,0.0
2026-08-23 02:00:00,2,DIABETIC CLINIC,0.0757441444736142
2026-08-23 02:00:00,2,EYE CLINIC,0.3024015527508542
2026-08-23 02:00:00,2,FAMILY CLINIC,0.0757176500641194
2026-08-23 02:00:00,2,FAMILY MEDICINE,0.0620553997055256
2026-08-23 02:00:00,2,GENERAL OPD ,0.1813556664924368
2026-08-23 02:00:00,2,Gen Surg OPD,0.0723153941900388
2026-08-23 02:00:00,2,Gynae OPD,0.0757176500641194
2026-08-23 02:00:00,2,HTS,0.1505921827278427
2026-08-23 02:00:00,2,MATERNITY NURSERY,0.0757441444736142
2026-08-23 02:00:00,2,MCH,0.0202257321399275
2026-08-23 02:00:00,2,MEB PHYSIOTHERAPY,0.1505921827278427
2026-08-23 02:00:00,2,MEB SPECIALITY CLINIC,0.9672127144122802
2026-08-23 02:00:00,2,MENTAL HEALTH,0.1505921827278427
2026-08-23 02:00:00,2,MORGUE,0.1505921827278427
2026-08-23 02:00:00,2,NEURO SURGERY CONSULTATION,0.0757441444736142
2026-08-23 02:00:00,2,NEUROSURGERY,0.4645466325014745
2026-08-23 02:00:00,2,NUTRITION,0.0707312749372315
2026-08-23 02:00:00,2,OCCUPATIONAL THERAPY,0.0953558262527928
2026-08-23 02:00:00,2,OHNS,0.0175656057358805
2026-08-23 02:00:00,2,ONCOLOGY,0.1093084564566402
2026-08-23 02:00:00,2,Ortho OPD,0.0
2026-08-23 02:00:00,2,PAEDS,0.1505921827278427
2026-08-23 02:00:00,2,PAEDS BKKH,0.3536584977425911
2026-08-23 02:00:00,2,PALLIATIVE,0.017432080157942
2026-08-23 02:00:00,2,PATHOLOGY,0.1505921827278427
2026-08-23 02:00:00,2,PEDIATRIC NEUROLOGY,0.1505921827278427
2026-08-23 02:00:00,2,PHYSIOTHERAPY,0.3295894942562661
2026-08-23 02:00:00,2,PRIVATE CLINIC,0.1875940096847012
2026-08-23 02:00:00,2,PSYCHOLOGY,0.1001921854792085
2026-08-23 02:00:00,2,RENAL,0.664427636706593
2026-08-23 02:00:00,2,RESPIRATORY CENTER,0.1505921827278427
2026-08-23 02:00:00,2,SPECIALITY CLINIC,0.43060134653209
2026-08-23 02:00:00,2,TELEMEDICINE,0.1744725365196581
2026-08-23 03:00:00,3,ADMISSION,0.3489888500586735
2026-08-23 03:00:00,3,ANAESTHESIA,0.1505921827278427
2026-08-23 03:00:00,3,Audiology,0.0648608882519388
2026-08-23 03:00:00,3,CARDIOLOGY,0.0757441444736142
2026-08-23 03:00:00,3,CASUALTY,0.0636934858084711
2026-08-23 03:00:00,3,CHRONIC CARE CLINIC (DM/HTN/TB/CCC),0.3051172393689701
2026-08-23 03:00:00,3,DAYCASE,0.1245373198772314
2026-08-23 03:00:00,3,DENTAL,0.2312452276487117
2026-08-23 03:00:00,3,DIABETIC CLINIC,0.0757441444736142
2026-08-23 03:00:00,3,EYE CLINIC,0.2807963606555892
2026-08-23 03:00:00,3,FAMILY CLINIC,0.0757176500641194
2026-08-23 03:00:00,3,FAMILY MEDICINE,0.0620553997055256
2026-08-23 03:00:00,3,GENERAL OPD ,0.1387184144277697
2026-08-23 03:00:00,3,Gen Surg OPD,0.0512833342206365
2026-08-23 03:00:00,3,Gynae OPD,0.0757176500641194
2026-08-23 03:00:00,3,HTS,0.1505921827278427
2026-08-23 03:00:00,3,MATERNITY NURSERY,0.0757441444736142
2026-08-23 03:00:00,3,MCH,0.0
2026-08-23 03:00:00,3,MEB PHYSIOTHERAPY,0.1505921827278427
2026-08-23 03:00:00,3,MEB SPECIALITY CLINIC,1.0081886588458986
2026-08-23 03:00:00,3,MENTAL HEALTH,0.1505921827278427
2026-08-23 03:00:00,3,MORGUE,0.1505921827278427
2026-08-23 03:00:00,3,NEURO SURGERY CONSULTATION,0.0757441444736142
2026-08-23 03:00:00,3,NEUROSURGERY,0.53477911381929
2026-08-23 03:00:00,3,NUTRITION,0.0707312749372315
2026-08-23 03:00:00,3,OCCUPATIONAL THERAPY,0.0953558262527928
2026-08-23 03:00:00,3,OHNS,0.0175656057358805
2026-08-23 03:00:00,3,ONCOLOGY,0.1093084564566402
2026-08-23 03:00:00,3,Ortho OPD,0.128913982945391
2026-08-23 03:00:00,3,PAEDS,0.1505921827278427
2026-08-23 03:00:00,3,PAEDS BKKH,0.3320533056473264
2026-08-23 03:00:00,3,PALLIATIVE,0.017432080157942
2026-08-23 03:00:00,3,PATHOLOGY,0.1505921827278427
2026-08-23 03:00:00,3,PEDIATRIC NEUROLOGY,0.1505921827278427
2026-08-23 03:00:00,3,PHYSIOTHERAPY,0.3079843021610012
2026-08-23 03:00:00,3,PRIVATE CLINIC,0.1659888175894362
2026-08-23 03:00:00,3,PSYCHOLOGY,0.0785869933839436
2026-08-23 03:00:00,3,RENAL,0.6428224446113281
2026-08-23 03:00:00,3,RESPIRATORY CENTER,0.1505921827278427
2026-08-23 03:00:00,3,SPECIALITY CLINIC,0.4089961544368249
2026-08-23 03:00:00,3,TELEMEDICINE,0.1426238188474755
2026-08-23 04:00:00,4,ADMISSION,0.3443563419106488
2026-08-23 04:00:00,4,ANAESTHESIA,0.1196736224913375
2026-08-23 04:00:00,4,Audiology,0.0361505917436432
2026-08-23 04:00:00,4,CARDIOLOGY,0.0779935467352126
2026-08-23 04:00:00,4,CASUALTY,0.0327749255719659
2026-08-23 04:00:00,4,CHRONIC CARE CLINIC (DM/HTN/TB/CCC),0.2805512684667716
2026-08-23 04:00:00,4,DAYCASE,0.0936187596407261
2026-08-23 04:00:00,4,DENTAL,0.0
2026-08-23 04:00:00,4,DIABETIC CLINIC,0.0779935467352126
2026-08-23 04:00:00,4,EYE CLINIC,0.2254927659386844
2026-08-23 04:00:00,4,FAMILY CLINIC,0.0779670523257178
2026-08-23 04:00:00,4,FAMILY MEDICINE,0.0643048019671239
2026-08-23 04:00:00,4,GENERAL OPD ,0.1387184144277697
2026-08-23 04:00:00,4,Gen Surg OPD,0.0193641429352697
2026-08-23 04:00:00,4,Gynae OPD,0.0779670523257178
2026-08-23 04:00:00,4,HTS,0.1196736224913375
2026-08-23 04:00:00,4,MATERNITY NURSERY,0.0779935467352126
2026-08-23 04:00:00,4,MCH,0.0803281101731051
2026-08-23 04:00:00,4,MEB PHYSIOTHERAPY,0.1196736224913375
2026-08-23 04:00:00,4,MEB SPECIALITY CLINIC,1.0167906504418034
2026-08-23 04:00:00,4,MENTAL HEALTH,0.1196736224913375
2026-08-23 04:00:00,4,MORGUE,0.1196736224913375
2026-08-23 04:00:00,4,NEURO SURGERY CONSULTATION,0.0779935467352126
2026-08-23 04:00:00,4,NEUROSURGERY,0.5370285160808884
2026-08-23 04:00:00,4,NUTRITION,0.0420209784289359
2026-08-23 04:00:00,4,OCCUPATIONAL THERAPY,0.0666455297444971
2026-08-23 04:00:00,4,OHNS,0.0
2026-08-23 04:00:00,4,ONCOLOGY,0.0256851643199013
2026-08-23 04:00:00,4,Ortho OPD,0.0
2026-08-23 04:00:00,4,PAEDS,0.1196736224913375
2026-08-23 04:00:00,4,PAEDS BKKH,0.2484300135105873
2026-08-23 04:00:00,4,PALLIATIVE,0.0196814824195403
2026-08-23 04:00:00,4,PATHOLOGY,0.1196736224913375
2026-08-23 04:00:00,4,PEDIATRIC NEUROLOGY,0.1196736224913375
2026-08-23 04:00:00,4,PHYSIOTHERAPY,0.2834183312588028
2026-08-23 04:00:00,4,PRIVATE CLINIC,0.1414228466872379
2026-08-23 04:00:00,4,PSYCHOLOGY,0.0830446593737515
2026-08-23 04:00:00,4,RENAL,0.6732695560121185
2026-08-23 04:00:00,4,RESPIRATORY CENTER,0.1196736224913375
2026-08-23 04:00:00,4,SPECIALITY CLINIC,0.3969395494844425
2026-08-23 04:00:00,4,TELEMEDICINE,0.1448732211090739
2026-08-23 05:00:00,5,ADMISSION,0.2711940680051485
2026-08-23 05:00:00,5,ANAESTHESIA,0.0954080992550295
2026-08-23 05:00:00,5,Audiology,0.0280578061372853
2026-08-23 05:00:00,5,CARDIOLOGY,0.0537280234989047
2026-08-23 05:00:00,5,CASUALTY,0.0328076104361393
2026-08-23 05:00:00,5,CHRONIC CARE CLINIC (DM/HTN/TB/CCC),0.260771543846325
2026-08-23 05:00:00,5,DAYCASE,0.0602109470797059
2026-08-23 05:00:00,5,DENTAL,0.2294798141881149
2026-08-23 05:00:00,5,DIABETIC CLINIC,0.0537280234989047
2026-08-23 05:00:00,5,EYE CLINIC,0.1986807077996616
2026-08-23 05:00:00,5,FAMILY CLINIC,0.0537015290894099
2026-08-23 05:00:00,5,FAMILY MEDICINE,0.040039278730816
2026-08-23 05:00:00,5,GENERAL OPD ,0.2228788591889175
2026-08-23 05:00:00,5,Gen Surg OPD,0.0328802869809133
2026-08-23 05:00:00,5,Gynae OPD,0.0537015290894099
2026-08-23 05:00:00,5,HTS,0.0954080992550295
2026-08-23 05:00:00,5,MATERNITY NURSERY,0.0537280234989047
2026-08-23 05:00:00,5,MCH,0.0
2026-08-23 05:00:00,5,MEB PHYSIOTHERAPY,0.0954080992550295
2026-08-23 05:00:00,5,MEB SPECIALITY CLINIC,1.6545422947147213
2026-08-23 05:00:00,5,MENTAL HEALTH,0.0954080992550295
2026-08-23 05:00:00,5,MORGUE,0.0954080992550295
2026-08-23 05:00:00,5,NEURO SURGERY CONSULTATION,0.0537280234989047
2026-08-23 05:00:00,5,NEUROSURGERY,1.0324942224522748
2026-08-23 05:00:00,5,NUTRITION,0.0473145772974724
2026-08-23 05:00:00,5,OCCUPATIONAL THERAPY,0.0718666479093403
2026-08-23 05:00:00,5,OHNS,0.27783490244381
2026-08-23 05:00:00,5,ONCOLOGY,0.0
2026-08-23 05:00:00,5,Ortho OPD,0.1211753631564243
2026-08-23 05:00:00,5,PAEDS,0.0954080992550295
2026-08-23 05:00:00,5,PAEDS BKKH,0.160893082688603
2026-08-23 05:00:00,5,PALLIATIVE,0.0
2026-08-23 05:00:00,5,PATHOLOGY,0.0954080992550295
2026-08-23 05:00:00,5,PEDIATRIC NEUROLOGY,0.0954080992550295
2026-08-23 05:00:00,5,PHYSIOTHERAPY,0.2779161078240989
2026-08-23 05:00:00,5,PRIVATE CLINIC,0.122232011460149
2026-08-23 05:00:00,5,PSYCHOLOGY,0.0424235206363866
2026-08-23 05:00:00,5,RENAL,0.9406930602282094
2026-08-23 05:00:00,5,RESPIRATORY CENTER,0.0954080992550295
2026-08-23 05:00:00,5,SPECIALITY CLINIC,0.4622397622145486
2026-08-23 05:00:00,5,TELEMEDICINE,0.102033591026673
2026-08-23 06:00:00,6,ADMISSION,0.5588057392819781
2026-08-23 06:00:00,6,ANAESTHESIA,0.2096385466671857
2026-08-23 06:00:00,6,Audiology,0.1005876681420776
2026-08-23 06:00:00,6,CARDIOLOGY,0.1679584709110609
2026-08-23 06:00:00,6,CASUALTY,0.0919385913777146
2026-08-23 06:00:00,6,CHRONIC CARE CLINIC (DM/HTN/TB/CCC),0.7253734813474613
2026-08-23 06:00:00,6,DAYCASE,0.2259321676067259
2026-08-23 06:00:00,6,DENTAL,0.3376229239239621
2026-08-23 06:00:00,6,DIABETIC CLINIC,0.1679584709110609
2026-08-23 06:00:00,6,EYE CLINIC,0.339457620229246
2026-08-23 06:00:00,6,FAMILY CLINIC,0.1679319765015661
2026-08-23 06:00:00,6,FAMILY MEDICINE,0.1397346324412532
2026-08-23 06:00:00,6,GENERAL OPD ,1.0561547567367957
2026-08-23 06:00:00,6,Gen Surg OPD,0.0869425880468713
2026-08-23 06:00:00,6,Gynae OPD,0.1679319765015661
2026-08-23 06:00:00,6,HTS,0.2096385466671857
2026-08-23 06:00:00,6,MATERNITY NURSERY,0.1679584709110609
2026-08-23 06:00:00,6,MCH,0.195139237359689
2026-08-23 06:00:00,6,MEB PHYSIOTHERAPY,0.2096385466671857
2026-08-23 06:00:00,6,MEB SPECIALITY CLINIC,2.8963260438548
2026-08-23 06:00:00,6,MENTAL HEALTH,0.2096385466671857
2026-08-23 06:00:00,6,MORGUE,0.2096385466671857
2026-08-23 06:00:00,6,NEURO SURGERY CONSULTATION,0.1679584709110609
2026-08-23 06:00:00,6,NEUROSURGERY,1.4184955808104427
2026-08-23 06:00:00,6,NUTRITION,0.1296720072846704
2026-08-23 06:00:00,6,OCCUPATIONAL THERAPY,0.2090672484017537
2026-08-23 06:00:00,6,OHNS,0.1562712337498447
2026-08-23 06:00:00,6,ONCOLOGY,0.4764857089341716
2026-08-23 06:00:00,6,Ortho OPD,0.0492858600655544
2026-08-23 06:00:00,6,PAEDS,0.2096385466671857
2026-08-23 06:00:00,6,PAEDS BKKH,0.611547768987489
2026-08-23 06:00:00,6,PALLIATIVE,0.1692711742828879
2026-08-23 06:00:00,6,PATHOLOGY,0.2096385466671857
2026-08-23 06:00:00,6,PEDIATRIC NEUROLOGY,0.2096385466671857
2026-08-23 06:00:00,6,PHYSIOTHERAPY,0.587283965791434
2026-08-23 06:00:00,6,PRIVATE CLINIC,0.2315349412898278
2026-08-23 06:00:00,6,PSYCHOLOGY,0.1455054525027044
2026-08-23 06:00:00,6,RENAL,1.3906348168838571
2026-08-23 06:00:00,6,RESPIRATORY CENTER,0.2096385466671857
2026-08-23 06:00:00,6,SPECIALITY CLINIC,1.1448873333213982
2026-08-23 06:00:00,6,TELEMEDICINE,0.1760131770211874
2026-08-23 07:00:00,7,ADMISSION,0.8377490670911985
2026-08-23 07:00:00,7,ANAESTHESIA,0.21745717816231
2026-08-23 07:00:00,7,Audiology,0.112052211544155
2026-08-23 07:00:00,7,CARDIOLOGY,0.1757771024061852
2026-08-23 07:00:00,7,CASUALTY,0.017039037199087
2026-08-23 07:00:00,7,CHRONIC CARE CLINIC (DM/HTN/TB/CCC),1.101520005250413
2026-08-23 07:00:00,7,DAYCASE,0.2886279777168726
2026-08-23 07:00:00,7,DENTAL,0.6405607152342446
2026-08-23 07:00:00,7,DIABETIC CLINIC,0.1757771024061852
2026-08-23 07:00:00,7,EYE CLINIC,0.6004159708450169
2026-08-23 07:00:00,7,FAMILY CLINIC,0.1757506079966904
2026-08-23 07:00:00,7,FAMILY MEDICINE,0.1475532639363775
2026-08-23 07:00:00,7,GENERAL OPD ,1.550861706107478
2026-08-23 07:00:00,7,Gen Surg OPD,0.0755461529983674
2026-08-23 07:00:00,7,Gynae OPD,0.1757506079966904
2026-08-23 07:00:00,7,HTS,0.21745717816231
2026-08-23 07:00:00,7,MATERNITY NURSERY,0.1757771024061852
2026-08-23 07:00:00,7,MCH,0.2829983415838941
2026-08-23 07:00:00,7,MEB PHYSIOTHERAPY,0.21745717816231
2026-08-23 07:00:00,7,MEB SPECIALITY CLINIC,4.7067467925698905
2026-08-23 07:00:00,7,MENTAL HEALTH,0.21745717816231
2026-08-23 07:00:00,7,MORGUE,0.21745717816231
2026-08-23 07:00:00,7,NEURO SURGERY CONSULTATION,0.1757771024061852
2026-08-23 07:00:00,7,NEUROSURGERY,2.5036951007143524
2026-08-23 07:00:00,7,NUTRITION,0.1372838462415882
2026-08-23 07:00:00,7,OCCUPATIONAL THERAPY,0.1822108209052577
2026-08-23 07:00:00,7,OHNS,0.5283573220041865
2026-08-23 07:00:00,7,ONCOLOGY,0.723980010549268
2026-08-23 07:00:00,7,Ortho OPD,0.0577956646270834
2026-08-23 07:00:00,7,PAEDS,0.21745717816231
2026-08-23 07:00:00,7,PAEDS BKKH,0.9413263545710888
2026-08-23 07:00:00,7,PALLIATIVE,0.1036211174551986
2026-08-23 07:00:00,7,PATHOLOGY,0.21745717816231
2026-08-23 07:00:00,7,PEDIATRIC NEUROLOGY,0.21745717816231
2026-08-23 07:00:00,7,PHYSIOTHERAPY,0.8160045390370455
2026-08-23 07:00:00,7,PRIVATE CLINIC,0.4919200172409852
2026-08-23 07:00:00,7,PSYCHOLOGY,0.1916981483493222
2026-08-23 07:00:00,7,RENAL,2.277963158475313
2026-08-23 07:00:00,7,RESPIRATORY CENTER,0.21745717816231
2026-08-23 07:00:00,7,SPECIALITY CLINIC,2.6533344980313243
2026-08-23 07:00:00,7,TELEMEDICINE,0.2401339637612082
2026-08-23 08:00:00,8,ADMISSION,0.9734069557698748
2026-08-23 08:00:00,8,ANAESTHESIA,0.2609349297067632
2026-08-23 08:00:00,8,Audiology,0.265067749048302
2026-08-23 08:00:00,8,CARDIOLOGY,0.2152159543107124
2026-08-23 08:00:00,8,CASUALTY,0.2236316531972937
2026-08-23 08:00:00,8,CHRONIC CARE CLINIC (DM/HTN/TB/CCC),2.204186293370956
2026-08-23 08:00:00,8,DAYCASE,0.4634433753955095
2026-08-23 08:00:00,8,DENTAL,1.045396482750115
2026-08-23 08:00:00,8,DIABETIC CLINIC,0.2152159543107124
2026-08-23 08:00:00,8,EYE CLINIC,0.7567642984967177
2026-08-23 08:00:00,8,FAMILY CLINIC,0.1973106033150622
2026-08-23 08:00:00,8,FAMILY MEDICINE,0.19339800498001
2026-08-23 08:00:00,8,GENERAL OPD ,2.701717306145674
2026-08-23 08:00:00,8,Gen Surg OPD,0.2352753616623518
2026-08-23 08:00:00,8,Gynae OPD,0.1973106033150622
2026-08-23 08:00:00,8,HTS,0.2609349297067632
2026-08-23 08:00:00,8,MATERNITY NURSERY,0.2152159543107124
2026-08-23 08:00:00,8,MCH,0.759041600052024
2026-08-23 08:00:00,8,MEB PHYSIOTHERAPY,0.2609349297067632
2026-08-23 08:00:00,8,MEB SPECIALITY CLINIC,8.484111915499104
2026-08-23 08:00:00,8,MENTAL HEALTH,0.2609349297067632
2026-08-23 08:00:00,8,MORGUE,0.2609349297067632
2026-08-23 08:00:00,8,NEURO SURGERY CONSULTATION,0.2152159543107124
2026-08-23 08:00:00,8,NEUROSURGERY,2.995534483604377
2026-08-23 08:00:00,8,NUTRITION,0.2554315068954478
2026-08-23 08:00:00,8,OCCUPATIONAL THERAPY,0.2463424010726239
2026-08-23 08:00:00,8,OHNS,0.847431025275537
2026-08-23 08:00:00,8,ONCOLOGY,0.7895490967812865
2026-08-23 08:00:00,8,Ortho OPD,0.1790722241629825
2026-08-23 08:00:00,8,PAEDS,0.2609349297067632
2026-08-23 08:00:00,8,PAEDS BKKH,1.6819898091918433
2026-08-23 08:00:00,8,PALLIATIVE,0.1779819461304056
2026-08-23 08:00:00,8,PATHOLOGY,0.2609349297067632
2026-08-23 08:00:00,8,PEDIATRIC NEUROLOGY,0.2609349297067632
2026-08-23 08:00:00,8,PHYSIOTHERAPY,1.4519404209129496
2026-08-23 08:00:00,8,PRIVATE CLINIC,0.6304180410501168
2026-08-23 08:00:00,8,PSYCHOLOGY,0.3196992727622083
2026-08-23 08:00:00,8,RENAL,3.25121428848762
2026-08-23 08:00:00,8,RESPIRATORY CENTER,0.2609349297067632
2026-08-23 08:00:00,8,SPECIALITY CLINIC,3.166858283285072
2026-08-23 08:00:00,8,TELEMEDICINE,0.2717075123341254
2026-08-23 09:00:00,9,ADMISSION,1.013455521490492
2026-08-23 09:00:00,9,ANAESTHESIA,0.2742130644391799
2026-08-23 09:00:00,9,Audiology,0.2602479296057446
2026-08-23 09:00:00,9,CARDIOLOGY,0.2284940890431291
2026-08-23 09:00:00,9,CASUALTY,0.2404777767852745
2026-08-23 09:00:00,9,CHRONIC CARE CLINIC (DM/HTN/TB/CCC),3.0116116495826937
2026-08-23 09:00:00,9,DAYCASE,0.4625991423672939
2026-08-23 09:00:00,9,DENTAL,1.5835129632523226
2026-08-23 09:00:00,9,DIABETIC CLINIC,0.2284940890431291
2026-08-23 09:00:00,9,EYE CLINIC,1.0666766875165452
2026-08-23 09:00:00,9,FAMILY CLINIC,0.210588738047479
2026-08-23 09:00:00,9,FAMILY MEDICINE,0.2066761397124268
2026-08-23 09:00:00,9,GENERAL OPD ,2.690357879626704
2026-08-23 09:00:00,9,Gen Surg OPD,0.2512715924071727
2026-08-23 09:00:00,9,Gynae OPD,0.210588738047479
2026-08-23 09:00:00,9,HTS,0.2742130644391799
2026-08-23 09:00:00,9,MATERNITY NURSERY,0.2284940890431291
2026-08-23 09:00:00,9,MCH,0.7789038723249152
2026-08-23 09:00:00,9,MEB PHYSIOTHERAPY,0.2742130644391799
2026-08-23 09:00:00,9,MEB SPECIALITY CLINIC,7.800788852818073
2026-08-23 09:00:00,9,MENTAL HEALTH,0.2742130644391799
2026-08-23 09:00:00,9,MORGUE,0.2742130644391799
2026-08-23 09:00:00,9,NEURO SURGERY CONSULTATION,0.2284940890431291
2026-08-23 09:00:00,9,NEUROSURGERY,3.317359482081654
2026-08-23 09:00:00,9,NUTRITION,0.2638463128539625
2026-08-23 09:00:00,9,OCCUPATIONAL THERAPY,0.2547572070311388
2026-08-23 09:00:00,9,OHNS,1.1747558896909371
2026-08-23 09:00:00,9,ONCOLOGY,1.2785616006697584
2026-08-23 09:00:00,9,Ortho OPD,0.1923503588953991
2026-08-23 09:00:00,9,PAEDS,0.2742130644391799
2026-08-23 09:00:00,9,PAEDS BKKH,1.777395569485661
2026-08-23 09:00:00,9,PALLIATIVE,0.1912600808628224
2026-08-23 09:00:00,9,PATHOLOGY,0.2742130644391799
2026-08-23 09:00:00,9,PEDIATRIC NEUROLOGY,0.2742130644391799
2026-08-23 09:00:00,9,PHYSIOTHERAPY,1.5723358231964548
2026-08-23 09:00:00,9,PRIVATE CLINIC,0.46484948268082
2026-08-23 09:00:00,9,PSYCHOLOGY,0.2535532926456832
2026-08-23 09:00:00,9,RENAL,1.4736316576938442
2026-08-23 09:00:00,9,RESPIRATORY CENTER,0.2742130644391799
2026-08-23 09:00:00,9,SPECIALITY CLINIC,2.4064561831988995
2026-08-23 09:00:00,9,TELEMEDICINE,0.270116022724561
2026-08-23 10:00:00,10,ADMISSION,1.092618870607156
2026-08-23 10:00:00,10,ANAESTHESIA,0.1711828925462735
2026-08-23 10:00:00,10,Audiology,0.1490089110877681
2026-08-23 10:00:00,10,CARDIOLOGY,0.1206470555656881
2026-08-23 10:00:00,10,CASUALTY,0.1864731762138775
2026-08-23 10:00:00,10,CHRONIC CARE CLINIC (DM/HTN/TB/CCC),2.6113718071014307
2026-08-23 10:00:00,10,DAYCASE,0.4432566764721767
2026-08-23 10:00:00,10,DENTAL,1.3150710168480615
2026-08-23 10:00:00,10,DIABETIC CLINIC,0.1206470555656881
2026-08-23 10:00:00,10,EYE CLINIC,0.7494127353664668
2026-08-23 10:00:00,10,FAMILY CLINIC,0.1212233016651777
2026-08-23 10:00:00,10,FAMILY MEDICINE,0.1192064341123627
2026-08-23 10:00:00,10,GENERAL OPD ,2.935494424255659
2026-08-23 10:00:00,10,Gen Surg OPD,0.1824741107116028
2026-08-23 10:00:00,10,Gynae OPD,0.1212233016651777
2026-08-23 10:00:00,10,HTS,0.1711828925462735
2026-08-23 10:00:00,10,MATERNITY NURSERY,0.1206470555656881
2026-08-23 10:00:00,10,MCH,0.8483661464188662
2026-08-23 10:00:00,10,MEB PHYSIOTHERAPY,0.1711828925462735
2026-08-23 10:00:00,10,MEB SPECIALITY CLINIC,4.032613033504569
2026-08-23 10:00:00,10,MENTAL HEALTH,0.1711828925462735
2026-08-23 10:00:00,10,MORGUE,0.1711828925462735
2026-08-23 10:00:00,10,NEURO SURGERY CONSULTATION,0.1206470555656881
2026-08-23 10:00:00,10,NEUROSURGERY,2.4215094384887497
2026-08-23 10:00:00,10,NUTRITION,0.1434997111415582
2026-08-23 10:00:00,10,OCCUPATIONAL THERAPY,0.1537498868457526
2026-08-23 10:00:00,10,OHNS,1.098814478552776
2026-08-23 10:00:00,10,ONCOLOGY,0.9311375741832716
2026-08-23 10:00:00,10,Ortho OPD,0.1048806532953351
2026-08-23 10:00:00,10,PAEDS,0.1711828925462735
2026-08-23 10:00:00,10,PAEDS BKKH,0.9111947136758686
2026-08-23 10:00:00,10,PALLIATIVE,0.1037903752627585
2026-08-23 10:00:00,10,PATHOLOGY,0.1711828925462735
2026-08-23 10:00:00,10,PEDIATRIC NEUROLOGY,0.1711828925462735
2026-08-23 10:00:00,10,PHYSIOTHERAPY,1.026223904767256
2026-08-23 10:00:00,10,PRIVATE CLINIC,0.3415130201923991
2026-08-23 10:00:00,10,PSYCHOLOGY,0.2180838873933983
2026-08-23 10:00:00,10,RENAL,1.1395473288453717
2026-08-23 10:00:00,10,RESPIRATORY CENTER,0.1711828925462735
2026-08-23 10:00:00,10,SPECIALITY CLINIC,1.1120551618893408
2026-08-23 10:00:00,10,TELEMEDICINE,0.2098284561460747
2026-08-23 11:00:00,11,ADMISSION,1.1365839483696776
2026-08-23 11:00:00,11,ANAESTHESIA,0.1712705017940122
2026-08-23 11:00:00,11,Audiology,0.1539928997608791
2026-08-23 11:00:00,11,CARDIOLOGY,0.1207346648134268
2026-08-23 11:00:00,11,CASUALTY,0.2059615607687186
2026-08-23 11:00:00,11,CHRONIC CARE CLINIC (DM/HTN/TB/CCC),2.337311474202665
2026-08-23 11:00:00,11,DAYCASE,0.4020286434110254
2026-08-23 11:00:00,11,DENTAL,1.3657656322481269
2026-08-23 11:00:00,11,DIABETIC CLINIC,0.1207346648134268
2026-08-23 11:00:00,11,EYE CLINIC,0.7386324142107574
2026-08-23 11:00:00,11,FAMILY CLINIC,0.1213109109129164
2026-08-23 11:00:00,11,FAMILY MEDICINE,0.1192940433601014
2026-08-23 11:00:00,11,GENERAL OPD ,3.168054390066765
2026-08-23 11:00:00,11,Gen Surg OPD,0.1918661737700123
2026-08-23 11:00:00,11,Gynae OPD,0.1213109109129164
2026-08-23 11:00:00,11,HTS,0.1712705017940122
2026-08-23 11:00:00,11,MATERNITY NURSERY,0.1207346648134268
2026-08-23 11:00:00,11,MCH,0.7653695663636633
2026-08-23 11:00:00,11,MEB PHYSIOTHERAPY,0.1712705017940122
2026-08-23 11:00:00,11,MEB SPECIALITY CLINIC,1.503337224141322
2026-08-23 11:00:00,11,MENTAL HEALTH,0.1712705017940122
2026-08-23 11:00:00,11,MORGUE,0.1712705017940122
2026-08-23 11:00:00,11,NEURO SURGERY CONSULTATION,0.1207346648134268
2026-08-23 11:00:00,11,NEUROSURGERY,1.472069116282042
2026-08-23 11:00:00,11,NUTRITION,0.1410323229319638
2026-08-23 11:00:00,11,OCCUPATIONAL THERAPY,0.1512824986361582
2026-08-23 11:00:00,11,OHNS,0.978859530884324
2026-08-23 11:00:00,11,ONCOLOGY,0.9333977778620534
2026-08-23 11:00:00,11,Ortho OPD,0.1049682625430738
2026-08-23 11:00:00,11,PAEDS,0.1712705017940122
2026-08-23 11:00:00,11,PAEDS BKKH,1.1364037481996858
2026-08-23 11:00:00,11,PALLIATIVE,0.1038779845104972
2026-08-23 11:00:00,11,PATHOLOGY,0.1712705017940122
2026-08-23 11:00:00,11,PEDIATRIC NEUROLOGY,0.1712705017940122
2026-08-23 11:00:00,11,PHYSIOTHERAPY,0.8062730274360774
2026-08-23 11:00:00,11,PRIVATE CLINIC,0.2245742880128701
2026-08-23 11:00:00,11,PSYCHOLOGY,0.2134417146912358
2026-08-23 11:00:00,11,RENAL,1.0725106174863304
2026-08-23 11:00:00,11,RESPIRATORY CENTER,0.1712705017940122
2026-08-23 11:00:00,11,SPECIALITY CLINIC,1.066581162085631
2026-08-23 11:00:00,11,TELEMEDICINE,0.2077412809012452
2026-08-23 12:00:00,12,ADMISSION,1.0043568510750651
2026-08-23 12:00:00,12,ANAESTHESIA,0.1471684176232815
2026-08-23 12:00:00,12,Audiology,0.118504426076695
2026-08-23 12:00:00,12,CARDIOLOGY,0.0706282251798161
2026-08-23 12:00:00,12,CASUALTY,0.1774078437892199
2026-08-23 12:00:00,12,CHRONIC CARE CLINIC (DM/HTN/TB/CCC),1.5788444926570242
2026-08-23 12:00:00,12,DAYCASE,0.2520951920195238
2026-08-23 12:00:00,12,DENTAL,0.5757002136854226
2026-08-23 12:00:00,12,DIABETIC CLINIC,0.0706282251798161
2026-08-23 12:00:00,12,EYE CLINIC,0.3695913484716673
2026-08-23 12:00:00,12,FAMILY CLINIC,0.0712044712793057
2026-08-23 12:00:00,12,FAMILY MEDICINE,0.0691876037264907
2026-08-23 12:00:00,12,GENERAL OPD ,3.146865407789903
2026-08-23 12:00:00,12,Gen Surg OPD,0.1577758908424417
2026-08-23 12:00:00,12,Gynae OPD,0.0712044712793057
2026-08-23 12:00:00,12,HTS,0.1471684176232815
2026-08-23 12:00:00,12,MATERNITY NURSERY,0.0706282251798161
2026-08-23 12:00:00,12,MCH,0.356960725303196
2026-08-23 12:00:00,12,MEB PHYSIOTHERAPY,0.1471684176232815
2026-08-23 12:00:00,12,MEB SPECIALITY CLINIC,0.5335751307151273
2026-08-23 12:00:00,12,MENTAL HEALTH,0.1471684176232815
2026-08-23 12:00:00,12,MORGUE,0.1471684176232815
2026-08-23 12:00:00,12,NEURO SURGERY CONSULTATION,0.0706282251798161
2026-08-23 12:00:00,12,NEUROSURGERY,0.7531453822823262
2026-08-23 12:00:00,12,NUTRITION,0.1145587586822697
2026-08-23 12:00:00,12,OCCUPATIONAL THERAPY,0.124808934386464
2026-08-23 12:00:00,12,OHNS,0.2870091662536514
2026-08-23 12:00:00,12,ONCOLOGY,0.2485665890362919
2026-08-23 12:00:00,12,Ortho OPD,0.0544345811501053
2026-08-23 12:00:00,12,PAEDS,0.1471684176232815
2026-08-23 12:00:00,12,PAEDS BKKH,0.4004886393035696
2026-08-23 12:00:00,12,PALLIATIVE,0.0537715448768864
2026-08-23 12:00:00,12,PATHOLOGY,0.1471684176232815
2026-08-23 12:00:00,12,PEDIATRIC NEUROLOGY,0.1471684176232815
2026-08-23 12:00:00,12,PHYSIOTHERAPY,0.329459614434228
2026-08-23 12:00:00,12,PRIVATE CLINIC,0.1576268041296332
2026-08-23 12:00:00,12,PSYCHOLOGY,0.1519488855441715
2026-08-23 12:00:00,12,RENAL,0.8730465806706428
2026-08-23 12:00:00,12,RESPIRATORY CENTER,0.1471684176232815
2026-08-23 12:00:00,12,SPECIALITY CLINIC,0.2790882495761633
2026-08-23 12:00:00,12,TELEMEDICINE,0.1572075995082765
2026-08-23 13:00:00,13,ADMISSION,0.9901981136261518
2026-08-23 13:00:00,13,ANAESTHESIA,0.1379212823904038
2026-08-23 13:00:00,13,Audiology,0.1228343640743304
2026-08-23 13:00:00,13,CARDIOLOGY,0.0696179143520192
2026-08-23 13:00:00,13,CASUALTY,0.1804762651086513
2026-08-23 13:00:00,13,CHRONIC CARE CLINIC (DM/HTN/TB/CCC),0.9298222979754438
2026-08-23 13:00:00,13,DAYCASE,0.2322364897189362
2026-08-23 13:00:00,13,DENTAL,0.423030775429946
2026-08-23 13:00:00,13,DIABETIC CLINIC,0.0696179143520192
2026-08-23 13:00:00,13,EYE CLINIC,0.2472420242765062
2026-08-23 13:00:00,13,FAMILY CLINIC,0.0701941604515087
2026-08-23 13:00:00,13,FAMILY MEDICINE,0.0681772928986938
2026-08-23 13:00:00,13,GENERAL OPD ,2.5570465272050624
2026-08-23 13:00:00,13,Gen Surg OPD,0.1804518553376842
2026-08-23 13:00:00,13,Gynae OPD,0.0701941604515087
2026-08-23 13:00:00,13,HTS,0.1379212823904038
2026-08-23 13:00:00,13,MATERNITY NURSERY,0.0696179143520192
2026-08-23 13:00:00,13,MCH,0.3639227792128237
2026-08-23 13:00:00,13,MEB PHYSIOTHERAPY,0.1379212823904038
2026-08-23 13:00:00,13,MEB SPECIALITY CLINIC,0.4249377580332306
2026-08-23 13:00:00,13,MENTAL HEALTH,0.1379212823904038
2026-08-23 13:00:00,13,MORGUE,0.1379212823904038
2026-08-23 13:00:00,13,NEURO SURGERY CONSULTATION,0.0696179143520192
2026-08-23 13:00:00,13,NEUROSURGERY,0.382208134752475
2026-08-23 13:00:00,13,NUTRITION,0.1149096460141975
2026-08-23 13:00:00,13,OCCUPATIONAL THERAPY,0.1268455206541094
2026-08-23 13:00:00,13,OHNS,0.1987149616873885
2026-08-23 13:00:00,13,ONCOLOGY,0.1995420755181606
2026-08-23 13:00:00,13,Ortho OPD,0.0530268861762483
2026-08-23 13:00:00,13,PAEDS,0.1379212823904038
2026-08-23 13:00:00,13,PAEDS BKKH,0.2120249471331558
2026-08-23 13:00:00,13,PALLIATIVE,0.0527612340490894
2026-08-23 13:00:00,13,PATHOLOGY,0.1379212823904038
2026-08-23 13:00:00,13,PEDIATRIC NEUROLOGY,0.1379212823904038
2026-08-23 13:00:00,13,PHYSIOTHERAPY,0.2735058571872051
2026-08-23 13:00:00,13,PRIVATE CLINIC,0.1363859023368611
2026-08-23 13:00:00,13,PSYCHOLOGY,0.1264516464499013
2026-08-23 13:00:00,13,RENAL,0.6940557742170135
2026-08-23 13:00:00,13,RESPIRATORY CENTER,0.1379212823904038
2026-08-23 13:00:00,13,SPECIALITY CLINIC,0.2025899335737161
2026-08-23 13:00:00,13,TELEMEDICINE,0.1660124148999477
2026-08-23 14:00:00,14,ADMISSION,0.9901981136261518
2026-08-23 14:00:00,14,ANAESTHESIA,0.1379212823904038
2026-08-23 14:00:00,14,Audiology,0.1228343640743304
2026-08-23 14:00:00,14,CARDIOLOGY,0.0696179143520192
2026-08-23 14:00:00,14,CASUALTY,0.1804762651086513
2026-08-23 14:00:00,14,CHRONIC CARE CLINIC (DM/HTN/TB/CCC),0.8067262811619761
2026-08-23 14:00:00,14,DAYCASE,0.2322364897189362
2026-08-23 14:00:00,14,DENTAL,0.278938350069618
2026-08-23 14:00:00,14,DIABETIC CLINIC,0.0696179143520192
2026-08-23 14:00:00,14,EYE CLINIC,0.1923043544900641
2026-08-23 14:00:00,14,FAMILY CLINIC,0.0701941604515087
2026-08-23 14:00:00,14,FAMILY MEDICINE,0.0681772928986938
2026-08-23 14:00:00,14,GENERAL OPD ,2.3942576271827
2026-08-23 14:00:00,14,Gen Surg OPD,0.1804518553376842
2026-08-23 14:00:00,14,Gynae OPD,0.0701941604515087
2026-08-23 14:00:00,14,HTS,0.1379212823904038
2026-08-23 14:00:00,14,MATERNITY NURSERY,0.0696179143520192
2026-08-23 14:00:00,14,MCH,0.2708994425861047
2026-08-23 14:00:00,14,MEB PHYSIOTHERAPY,0.1379212823904038
2026-08-23 14:00:00,14,MEB SPECIALITY CLINIC,0.1878601155093561
2026-08-23 14:00:00,14,MENTAL HEALTH,0.1379212823904038
2026-08-23 14:00:00,14,MORGUE,0.1379212823904038
2026-08-23 14:00:00,14,NEURO SURGERY CONSULTATION,0.0696179143520192
2026-08-23 14:00:00,14,NEUROSURGERY,0.2563342462193263
2026-08-23 14:00:00,14,NUTRITION,0.1149096460141975
2026-08-23 14:00:00,14,OCCUPATIONAL THERAPY,0.1268455206541094
2026-08-23 14:00:00,14,OHNS,0.1437772919009468
2026-08-23 14:00:00,14,ONCOLOGY,0.1446044057317189
2026-08-23 14:00:00,14,Ortho OPD,0.0530268861762483
2026-08-23 14:00:00,14,PAEDS,0.1379212823904038
2026-08-23 14:00:00,14,PAEDS BKKH,0.2120249471331558
2026-08-23 14:00:00,14,PALLIATIVE,0.0527612340490894
2026-08-23 14:00:00,14,PATHOLOGY,0.1379212823904038
2026-08-23 14:00:00,14,PEDIATRIC NEUROLOGY,0.1379212823904038
2026-08-23 14:00:00,14,PHYSIOTHERAPY,0.218568187400763
2026-08-23 14:00:00,14,PRIVATE CLINIC,0.1363859023368611
2026-08-23 14:00:00,14,PSYCHOLOGY,0.1264516464499013
2026-08-23 14:00:00,14,RENAL,0.6940557742170135
2026-08-23 14:00:00,14,RESPIRATORY CENTER,0.1379212823904038
2026-08-23 14:00:00,14,SPECIALITY CLINIC,0.2025899335737161
2026-08-23 14:00:00,14,TELEMEDICINE,0.1660124148999477
2026-08-23 15:00:00,15,ADMISSION,0.981963681020124
2026-08-23 15:00:00,15,ANAESTHESIA,0.136734116037299
2026-08-23 15:00:00,15,Audiology,0.1228343640743304
2026-08-23 15:00:00,15,CARDIOLOGY,0.0696179143520192
2026-08-23 15:00:00,15,CASUALTY,0.1799084202426782
2026-08-23 15:00:00,15,CHRONIC CARE CLINIC (DM/HTN/TB/CCC),0.6185236549752908
2026-08-23 15:00:00,15,DAYCASE,0.2168672122503799
2026-08-23 15:00:00,15,DENTAL,0.151073801896086
2026-08-23 15:00:00,15,DIABETIC CLINIC,0.0696179143520192
2026-08-23 15:00:00,15,EYE CLINIC,0.1839823432744311
2026-08-23 15:00:00,15,FAMILY CLINIC,0.0701941604515087
2026-08-23 15:00:00,15,FAMILY MEDICINE,0.0681772928986938
2026-08-23 15:00:00,15,GENERAL OPD ,2.28438995877288
2026-08-23 15:00:00,15,Gen Surg OPD,0.1677017190593525
2026-08-23 15:00:00,15,Gynae OPD,0.0701941604515087
2026-08-23 15:00:00,15,HTS,0.136734116037299
2026-08-23 15:00:00,15,MATERNITY NURSERY,0.0696179143520192
2026-08-23 15:00:00,15,MCH,0.2459894453345886
2026-08-23 15:00:00,15,MEB PHYSIOTHERAPY,0.136734116037299
2026-08-23 15:00:00,15,MEB SPECIALITY CLINIC,0.1217368287351773
2026-08-23 15:00:00,15,MENTAL HEALTH,0.136734116037299
2026-08-23 15:00:00,15,MORGUE,0.136734116037299
2026-08-23 15:00:00,15,NEURO SURGERY CONSULTATION,0.0696179143520192
2026-08-23 15:00:00,15,NEUROSURGERY,0.1570442772348069
2026-08-23 15:00:00,15,NUTRITION,0.1149096460141975
2026-08-23 15:00:00,15,OCCUPATIONAL THERAPY,0.1268455206541094
2026-08-23 15:00:00,15,OHNS,0.1354552806853137
2026-08-23 15:00:00,15,ONCOLOGY,0.1374695608691906
2026-08-23 15:00:00,15,Ortho OPD,0.0530268861762483
2026-08-23 15:00:00,15,PAEDS,0.136734116037299
2026-08-23 15:00:00,15,PAEDS BKKH,0.1487652661310809
2026-08-23 15:00:00,15,PALLIATIVE,0.0527612340490894
2026-08-23 15:00:00,15,PATHOLOGY,0.136734116037299
2026-08-23 15:00:00,15,PEDIATRIC NEUROLOGY,0.136734116037299
2026-08-23 15:00:00,15,PHYSIOTHERAPY,0.21024617618513
2026-08-23 15:00:00,15,PRIVATE CLINIC,0.1280638911212281
2026-08-23 15:00:00,15,PSYCHOLOGY,0.1252644800967965
2026-08-23 15:00:00,15,RENAL,0.6319233885686506
2026-08-23 15:00:00,15,RESPIRATORY CENTER,0.136734116037299
2026-08-23 15:00:00,15,SPECIALITY CLINIC,0.1393302525716413
2026-08-23 15:00:00,15,TELEMEDICINE,0.1577779822939198
2026-08-23 16:00:00,16,ADMISSION,0.8953899698375783
2026-08-23 16:00:00,16,ANAESTHESIA,0.1293654387827598
2026-08-23 16:00:00,16,Audiology,0.1180770676959834
2026-08-23 16:00:00,16,CARDIOLOGY,0.0636899336919634
2026-08-23 16:00:00,16,CASUALTY,0.1999189149425717
2026-08-23 16:00:00,16,CHRONIC CARE CLINIC (DM/HTN/TB/CCC),0.3684439322510308
2026-08-23 16:00:00,16,DAYCASE,0.2117601938605993
2026-08-23 16:00:00,16,DENTAL,0.1377343929963284
2026-08-23 16:00:00,16,DIABETIC CLINIC,0.0636899336919634
2026-08-23 16:00:00,16,EYE CLINIC,0.1701234479284759
2026-08-23 16:00:00,16,FAMILY CLINIC,0.0642661797914529
2026-08-23 16:00:00,16,FAMILY MEDICINE,0.0651734930289953
2026-08-23 16:00:00,16,GENERAL OPD ,1.8892012350691856
2026-08-23 16:00:00,16,Gen Surg OPD,0.1577793694355347
2026-08-23 16:00:00,16,Gynae OPD,0.0642661797914529
2026-08-23 16:00:00,16,HTS,0.1293654387827598
2026-08-23 16:00:00,16,MATERNITY NURSERY,0.0679989870727228
2026-08-23 16:00:00,16,MCH,0.2265961749145838
2026-08-23 16:00:00,16,MEB PHYSIOTHERAPY,0.1293654387827598
2026-08-23 16:00:00,16,MEB SPECIALITY CLINIC,0.1135622345729318
2026-08-23 16:00:00,16,MENTAL HEALTH,0.1293654387827598
2026-08-23 16:00:00,16,MORGUE,0.1293654387827598
2026-08-23 16:00:00,16,NEURO SURGERY CONSULTATION,0.0636899336919634
2026-08-23 16:00:00,16,NEUROSURGERY,0.1606961812537556
2026-08-23 16:00:00,16,NUTRITION,0.1101523496358506
2026-08-23 16:00:00,16,OCCUPATIONAL THERAPY,0.1225039260812736
2026-08-23 16:00:00,16,OHNS,0.1215963853393585
2026-08-23 16:00:00,16,ONCOLOGY,0.1307356633014285
2026-08-23 16:00:00,16,Ortho OPD,0.0482695897979013
2026-08-23 16:00:00,16,PAEDS,0.1293654387827598
2026-08-23 16:00:00,16,PAEDS BKKH,0.1353603785191667
2026-08-23 16:00:00,16,PALLIATIVE,0.0480039376707424
2026-08-23 16:00:00,16,PATHOLOGY,0.1293654387827598
2026-08-23 16:00:00,16,PEDIATRIC NEUROLOGY,0.1293654387827598
2026-08-23 16:00:00,16,PHYSIOTHERAPY,0.2075513196853529
2026-08-23 16:00:00,16,PRIVATE CLINIC,0.1198892969589828
2026-08-23 16:00:00,16,PSYCHOLOGY,0.1109120128839401
2026-08-23 16:00:00,16,RENAL,0.6303483508016943
2026-08-23 16:00:00,16,RESPIRATORY CENTER,0.1293654387827598
2026-08-23 16:00:00,16,SPECIALITY CLINIC,0.1311556584093959
2026-08-23 16:00:00,16,TELEMEDICINE,0.1507529744298875
2026-08-23 17:00:00,17,ADMISSION,0.6868803632690647
2026-08-23 17:00:00,17,ANAESTHESIA,0.1087149663232366
2026-08-23 17:00:00,17,Audiology,0.0891325362129057
2026-08-23 17:00:00,17,CARDIOLOGY,0.0603368887173761
2026-08-23 17:00:00,17,CASUALTY,0.2059293957158282
2026-08-23 17:00:00,17,CHRONIC CARE CLINIC (DM/HTN/TB/CCC),0.172105402363967
2026-08-23 17:00:00,17,DAYCASE,0.1812680479576294
2026-08-23 17:00:00,17,DENTAL,0.0784977300039474
2026-08-23 17:00:00,17,DIABETIC CLINIC,0.0603368887173761
2026-08-23 17:00:00,17,EYE CLINIC,0.1111263921004815
2026-08-23 17:00:00,17,FAMILY CLINIC,0.0609131348168656
2026-08-23 17:00:00,17,FAMILY MEDICINE,0.0581715387185617
2026-08-23 17:00:00,17,GENERAL OPD ,1.5319844626911263
2026-08-23 17:00:00,17,Gen Surg OPD,0.146230625955879
2026-08-23 17:00:00,17,Gynae OPD,0.0609131348168656
2026-08-23 17:00:00,17,HTS,0.1087149663232366
2026-08-23 17:00:00,17,MATERNITY NURSERY,0.0638914960925023
2026-08-23 17:00:00,17,MCH,0.20181537734515
2026-08-23 17:00:00,17,MEB PHYSIOTHERAPY,0.1087149663232366
2026-08-23 17:00:00,17,MEB SPECIALITY CLINIC,0.0779578149792487
2026-08-23 17:00:00,17,MENTAL HEALTH,0.1087149663232366
2026-08-23 17:00:00,17,MORGUE,0.1087149663232366
2026-08-23 17:00:00,17,NEURO SURGERY CONSULTATION,0.0603368887173761
2026-08-23 17:00:00,17,NEUROSURGERY,0.1245084309255665
2026-08-23 17:00:00,17,NUTRITION,0.0848270230628577
2026-08-23 17:00:00,17,OCCUPATIONAL THERAPY,0.1065461093600962
2026-08-23 17:00:00,17,OHNS,0.090004734745863
2026-08-23 17:00:00,17,ONCOLOGY,0.1038188668214027
2026-08-23 17:00:00,17,Ortho OPD,0.0402416907098445
2026-08-23 17:00:00,17,PAEDS,0.1087149663232366
2026-08-23 17:00:00,17,PAEDS BKKH,0.0895376285752089
2026-08-23 17:00:00,17,PALLIATIVE,0.0399760385826856
2026-08-23 17:00:00,17,PATHOLOGY,0.1087149663232366
2026-08-23 17:00:00,17,PEDIATRIC NEUROLOGY,0.1087149663232366
2026-08-23 17:00:00,17,PHYSIOTHERAPY,0.1843649649681846
2026-08-23 17:00:00,17,PRIVATE CLINIC,0.0671882695772524
2026-08-23 17:00:00,17,PSYCHOLOGY,0.0857111541303087
2026-08-23 17:00:00,17,RENAL,0.6252265467986051
2026-08-23 17:00:00,17,RESPIRATORY CENTER,0.1087149663232366
2026-08-23 17:00:00,17,SPECIALITY CLINIC,0.0875821036714057
2026-08-23 17:00:00,17,TELEMEDICINE,0.170519374274826
2026-08-23 18:00:00,18,ADMISSION,0.4769835342800786
2026-08-23 18:00:00,18,ANAESTHESIA,0.1087149663232366
2026-08-23 18:00:00,18,Audiology,0.0891325362129057
2026-08-23 18:00:00,18,CARDIOLOGY,0.0603368887173761
2026-08-23 18:00:00,18,CASUALTY,0.2055779384741332
2026-08-23 18:00:00,18,CHRONIC CARE CLINIC (DM/HTN/TB/CCC),0.1212314963950965
2026-08-23 18:00:00,18,DAYCASE,0.1674937550605373
2026-08-23 18:00:00,18,DENTAL,0.0745665863319106
2026-08-23 18:00:00,18,DIABETIC CLINIC,0.0603368887173761
2026-08-23 18:00:00,18,EYE CLINIC,0.1111263921004815
2026-08-23 18:00:00,18,FAMILY CLINIC,0.0609131348168656
2026-08-23 18:00:00,18,FAMILY MEDICINE,0.0578697200493624
2026-08-23 18:00:00,18,GENERAL OPD ,1.1919058663865456
2026-08-23 18:00:00,18,Gen Surg OPD,0.1378210885859353
2026-08-23 18:00:00,18,Gynae OPD,0.0609131348168656
2026-08-23 18:00:00,18,HTS,0.1087149663232366
2026-08-23 18:00:00,18,MATERNITY NURSERY,0.0638914960925023
2026-08-23 18:00:00,18,MCH,0.1852044717626893
2026-08-23 18:00:00,18,MEB PHYSIOTHERAPY,0.1087149663232366
2026-08-23 18:00:00,18,MEB SPECIALITY CLINIC,0.0779578149792487
2026-08-23 18:00:00,18,MENTAL HEALTH,0.1087149663232366
2026-08-23 18:00:00,18,MORGUE,0.1087149663232366
2026-08-23 18:00:00,18,NEURO SURGERY CONSULTATION,0.0603368887173761
2026-08-23 18:00:00,18,NEUROSURGERY,0.1245084309255665
2026-08-23 18:00:00,18,NUTRITION,0.0848270230628577
2026-08-23 18:00:00,18,OCCUPATIONAL THERAPY,0.1065461093600962
2026-08-23 18:00:00,18,OHNS,0.0896532775041681
2026-08-23 18:00:00,18,ONCOLOGY,0.1038188668214027
2026-08-23 18:00:00,18,Ortho OPD,0.0398902334681496
2026-08-23 18:00:00,18,PAEDS,0.1087149663232366
2026-08-23 18:00:00,18,PAEDS BKKH,0.089186171333514
2026-08-23 18:00:00,18,PALLIATIVE,0.0396742199134863
2026-08-23 18:00:00,18,PATHOLOGY,0.1087149663232366
2026-08-23 18:00:00,18,PEDIATRIC NEUROLOGY,0.1087149663232366
2026-08-23 18:00:00,18,PHYSIOTHERAPY,0.1840135077264897
2026-08-23 18:00:00,18,PRIVATE CLINIC,0.0671882695772524
2026-08-23 18:00:00,18,PSYCHOLOGY,0.0857111541303087
2026-08-23 18:00:00,18,RENAL,0.611452253901513
2026-08-23 18:00:00,18,RESPIRATORY CENTER,0.1087149663232366
2026-08-23 18:00:00,18,SPECIALITY CLINIC,0.0875821036714057
2026-08-23 18:00:00,18,TELEMEDICINE,0.156393624136039
2026-08-23 19:00:00,19,ADMISSION,0.3998414466120403
2026-08-23 19:00:00,19,ANAESTHESIA,0.1087149663232366
2026-08-23 19:00:00,19,Audiology,0.0891325362129057
2026-08-23 19:00:00,19,CARDIOLOGY,0.0603368887173761
2026-08-23 19:00:00,19,CASUALTY,0.2055779384741332
2026-08-23 19:00:00,19,CHRONIC CARE CLINIC (DM/HTN/TB/CCC),0.1212314963950965
2026-08-23 19:00:00,19,DAYCASE,0.1674937550605373
2026-08-23 19:00:00,19,DENTAL,0.0745665863319106
2026-08-23 19:00:00,19,DIABETIC CLINIC,0.0603368887173761
2026-08-23 19:00:00,19,EYE CLINIC,0.1111263921004815
2026-08-23 19:00:00,19,FAMILY CLINIC,0.0609131348168656
2026-08-23 19:00:00,19,FAMILY MEDICINE,0.0578697200493624
2026-08-23 19:00:00,19,GENERAL OPD ,1.0727581370360115
2026-08-23 19:00:00,19,Gen Surg OPD,0.1378210885859353
2026-08-23 19:00:00,19,Gynae OPD,0.0609131348168656
2026-08-23 19:00:00,19,HTS,0.1087149663232366
2026-08-23 19:00:00,19,MATERNITY NURSERY,0.0638914960925023
2026-08-23 19:00:00,19,MCH,0.1852044717626893
2026-08-23 19:00:00,19,MEB PHYSIOTHERAPY,0.1087149663232366
2026-08-23 19:00:00,19,MEB SPECIALITY CLINIC,0.0779578149792487
2026-08-23 19:00:00,19,MENTAL HEALTH,0.1087149663232366
2026-08-23 19:00:00,19,MORGUE,0.1087149663232366
2026-08-23 19:00:00,19,NEURO SURGERY CONSULTATION,0.0603368887173761
2026-08-23 19:00:00,19,NEUROSURGERY,0.1245084309255665
2026-08-23 19:00:00,19,NUTRITION,0.0848270230628577
2026-08-23 19:00:00,19,OCCUPATIONAL THERAPY,0.1065461093600962
2026-08-23 19:00:00,19,OHNS,0.0896532775041681
2026-08-23 19:00:00,19,ONCOLOGY,0.1038188668214027
2026-08-23 19:00:00,19,Ortho OPD,0.0398902334681496
2026-08-23 19:00:00,19,PAEDS,0.1087149663232366
2026-08-23 19:00:00,19,PAEDS BKKH,0.089186171333514
2026-08-23 19:00:00,19,PALLIATIVE,0.0396742199134863
2026-08-23 19:00:00,19,PATHOLOGY,0.1087149663232366
2026-08-23 19:00:00,19,PEDIATRIC NEUROLOGY,0.1087149663232366
2026-08-23 19:00:00,19,PHYSIOTHERAPY,0.1840135077264897
2026-08-23 19:00:00,19,PRIVATE CLINIC,0.0671882695772524
2026-08-23 19:00:00,19,PSYCHOLOGY,0.0857111541303087
2026-08-23 19:00:00,19,RENAL,0.611452253901513
2026-08-23 19:00:00,19,RESPIRATORY CENTER,0.1087149663232366
2026-08-23 19:00:00,19,SPECIALITY CLINIC,0.0875821036714057
2026-08-23 19:00:00,19,TELEMEDICINE,0.156393624136039
2026-08-23 20:00:00,20,ADMISSION,0.3998414466120403
2026-08-23 20:00:00,20,ANAESTHESIA,0.1087149663232366
2026-08-23 20:00:00,20,Audiology,0.0891325362129057
2026-08-23 20:00:00,20,CARDIOLOGY,0.0603368887173761
2026-08-23 20:00:00,20,CASUALTY,0.2055779384741332
2026-08-23 20:00:00,20,CHRONIC CARE CLINIC (DM/HTN/TB/CCC),0.1212314963950965
2026-08-23 20:00:00,20,DAYCASE,0.1674937550605373
2026-08-23 20:00:00,20,DENTAL,0.0745665863319106
2026-08-23 20:00:00,20,DIABETIC CLINIC,0.0603368887173761
2026-08-23 20:00:00,20,EYE CLINIC,0.1111263921004815
2026-08-23 20:00:00,20,FAMILY CLINIC,0.0609131348168656
2026-08-23 20:00:00,20,FAMILY MEDICINE,0.0578697200493624
2026-08-23 20:00:00,20,GENERAL OPD ,0.9488418069010368
2026-08-23 20:00:00,20,Gen Surg OPD,0.1378210885859353
2026-08-23 20:00:00,20,Gynae OPD,0.0609131348168656
2026-08-23 20:00:00,20,HTS,0.1087149663232366
2026-08-23 20:00:00,20,MATERNITY NURSERY,0.0638914960925023
2026-08-23 20:00:00,20,MCH,0.1852044717626893
2026-08-23 20:00:00,20,MEB PHYSIOTHERAPY,0.1087149663232366
2026-08-23 20:00:00,20,MEB SPECIALITY CLINIC,0.0779578149792487
2026-08-23 20:00:00,20,MENTAL HEALTH,0.1087149663232366
2026-08-23 20:00:00,20,MORGUE,0.1087149663232366
2026-08-23 20:00:00,20,NEURO SURGERY CONSULTATION,0.0603368887173761
2026-08-23 20:00:00,20,NEUROSURGERY,0.1245084309255665
2026-08-23 20:00:00,20,NUTRITION,0.0848270230628577
2026-08-23 20:00:00,20,OCCUPATIONAL THERAPY,0.1065461093600962
2026-08-23 20:00:00,20,OHNS,0.0896532775041681
2026-08-23 20:00:00,20,ONCOLOGY,0.1038188668214027
2026-08-23 20:00:00,20,Ortho OPD,0.0398902334681496
2026-08-23 20:00:00,20,PAEDS,0.1087149663232366
2026-08-23 20:00:00,20,PAEDS BKKH,0.089186171333514
2026-08-23 20:00:00,20,PALLIATIVE,0.0396742199134863
2026-08-23 20:00:00,20,PATHOLOGY,0.1087149663232366
2026-08-23 20:00:00,20,PEDIATRIC NEUROLOGY,0.1087149663232366
2026-08-23 20:00:00,20,PHYSIOTHERAPY,0.1840135077264897
2026-08-23 20:00:00,20,PRIVATE CLINIC,0.0671882695772524
2026-08-23 20:00:00,20,PSYCHOLOGY,0.0857111541303087
2026-08-23 20:00:00,20,RENAL,0.6129817532822999
2026-08-23 20:00:00,20,RESPIRATORY CENTER,0.1087149663232366
2026-08-23 20:00:00,20,SPECIALITY CLINIC,0.0875821036714057
2026-08-23 20:00:00,20,TELEMEDICINE,0.156393624136039
2026-08-23 21:00:00,21,ADMISSION,0.2848861050694954
2026-08-23 21:00:00,21,ANAESTHESIA,0.1087149663232366
2026-08-23 21:00:00,21,Audiology,0.0891325362129057
2026-08-23 21:00:00,21,CARDIOLOGY,0.0603368887173761
2026-08-23 21:00:00,21,CASUALTY,0.2055779384741332
2026-08-23 21:00:00,21,CHRONIC CARE CLINIC (DM/HTN/TB/CCC),0.1212314963950965
2026-08-23 21:00:00,21,DAYCASE,0.1674937550605373
2026-08-23 21:00:00,21,DENTAL,0.0745665863319106
2026-08-23 21:00:00,21,DIABETIC CLINIC,0.0603368887173761
2026-08-23 21:00:00,21,EYE CLINIC,0.1111263921004815
2026-08-23 21:00:00,21,FAMILY CLINIC,0.0609131348168656
2026-08-23 21:00:00,21,FAMILY MEDICINE,0.0578697200493624
2026-08-23 21:00:00,21,GENERAL OPD ,0.7477395974815466
2026-08-23 21:00:00,21,Gen Surg OPD,0.1168720113835219
2026-08-23 21:00:00,21,Gynae OPD,0.0609131348168656
2026-08-23 21:00:00,21,HTS,0.1087149663232366
2026-08-23 21:00:00,21,MATERNITY NURSERY,0.0638914960925023
2026-08-23 21:00:00,21,MCH,0.1765568751962306
2026-08-23 21:00:00,21,MEB PHYSIOTHERAPY,0.1087149663232366
2026-08-23 21:00:00,21,MEB SPECIALITY CLINIC,0.0779578149792487
2026-08-23 21:00:00,21,MENTAL HEALTH,0.1087149663232366
2026-08-23 21:00:00,21,MORGUE,0.1087149663232366
2026-08-23 21:00:00,21,NEURO SURGERY CONSULTATION,0.0603368887173761
2026-08-23 21:00:00,21,NEUROSURGERY,0.1245084309255665
2026-08-23 21:00:00,21,NUTRITION,0.0848270230628577
2026-08-23 21:00:00,21,OCCUPATIONAL THERAPY,0.1065461093600962
2026-08-23 21:00:00,21,OHNS,0.0896532775041681
2026-08-23 21:00:00,21,ONCOLOGY,0.1038188668214027
2026-08-23 21:00:00,21,Ortho OPD,0.0398902334681496
2026-08-23 21:00:00,21,PAEDS,0.1087149663232366
2026-08-23 21:00:00,21,PAEDS BKKH,0.089186171333514
2026-08-23 21:00:00,21,PALLIATIVE,0.0396742199134863
2026-08-23 21:00:00,21,PATHOLOGY,0.1087149663232366
2026-08-23 21:00:00,21,PEDIATRIC NEUROLOGY,0.1087149663232366
2026-08-23 21:00:00,21,PHYSIOTHERAPY,0.1840135077264897
2026-08-23 21:00:00,21,PRIVATE CLINIC,0.0671882695772524
2026-08-23 21:00:00,21,PSYCHOLOGY,0.0857111541303087
2026-08-23 21:00:00,21,RENAL,0.6129817532822999
2026-08-23 21:00:00,21,RESPIRATORY CENTER,0.1087149663232366
2026-08-23 21:00:00,21,SPECIALITY CLINIC,0.0875821036714057
2026-08-23 21:00:00,21,TELEMEDICINE,0.154707544539367
2026-08-23 22:00:00,22,ADMISSION,0.2781836761059486
2026-08-23 22:00:00,22,ANAESTHESIA,0.1087149663232366
2026-08-23 22:00:00,22,Audiology,0.0891325362129057
2026-08-23 22:00:00,22,CARDIOLOGY,0.0603368887173761
2026-08-23 22:00:00,22,CASUALTY,0.2053466163150277
2026-08-23 22:00:00,22,CHRONIC CARE CLINIC (DM/HTN/TB/CCC),0.1212314963950965
2026-08-23 22:00:00,22,DAYCASE,0.1674937550605373
2026-08-23 22:00:00,22,DENTAL,0.0745665863319106
2026-08-23 22:00:00,22,DIABETIC CLINIC,0.0603368887173761
2026-08-23 22:00:00,22,EYE CLINIC,0.1111263921004815
2026-08-23 22:00:00,22,FAMILY CLINIC,0.0609131348168656
2026-08-23 22:00:00,22,FAMILY MEDICINE,0.0578697200493624
2026-08-23 22:00:00,22,GENERAL OPD ,0.6874988707696457
2026-08-23 22:00:00,22,Gen Surg OPD,0.1116406511570835
2026-08-23 22:00:00,22,Gynae OPD,0.0609131348168656
2026-08-23 22:00:00,22,HTS,0.1087149663232366
2026-08-23 22:00:00,22,MATERNITY NURSERY,0.0638914960925023
2026-08-23 22:00:00,22,MCH,0.1763255530371251
2026-08-23 22:00:00,22,MEB PHYSIOTHERAPY,0.1087149663232366
2026-08-23 22:00:00,22,MEB SPECIALITY CLINIC,0.0779578149792487
2026-08-23 22:00:00,22,MENTAL HEALTH,0.1087149663232366
2026-08-23 22:00:00,22,MORGUE,0.1087149663232366
2026-08-23 22:00:00,22,NEURO SURGERY CONSULTATION,0.0603368887173761
2026-08-23 22:00:00,22,NEUROSURGERY,0.1245084309255665
2026-08-23 22:00:00,22,NUTRITION,0.0848270230628577
2026-08-23 22:00:00,22,OCCUPATIONAL THERAPY,0.1065461093600962
2026-08-23 22:00:00,22,OHNS,0.0896532775041681
2026-08-23 22:00:00,22,ONCOLOGY,0.1038188668214027
2026-08-23 22:00:00,22,Ortho OPD,0.0398902334681496
2026-08-23 22:00:00,22,PAEDS,0.1087149663232366
2026-08-23 22:00:00,22,PAEDS BKKH,0.089186171333514
2026-08-23 22:00:00,22,PALLIATIVE,0.0396742199134863
2026-08-23 22:00:00,22,PATHOLOGY,0.1087149663232366
2026-08-23 22:00:00,22,PEDIATRIC NEUROLOGY,0.1087149663232366
2026-08-23 22:00:00,22,PHYSIOTHERAPY,0.1840135077264897
2026-08-23 22:00:00,22,PRIVATE CLINIC,0.0671882695772524
2026-08-23 22:00:00,22,PSYCHOLOGY,0.0857111541303087
2026-08-23 22:00:00,22,RENAL,0.6129817532822999
2026-08-23 22:00:00,22,RESPIRATORY CENTER,0.1087149663232366
2026-08-23 22:00:00,22,SPECIALITY CLINIC,0.0875821036714057
2026-08-23 22:00:00,22,TELEMEDICINE,0.154707544539367
2026-08-23 23:00:00,23,ADMISSION,0.2781836761059486
2026-08-23 23:00:00,23,ANAESTHESIA,0.1087149663232366
2026-08-23 23:00:00,23,Audiology,0.0891325362129057
2026-08-23 23:00:00,23,CARDIOLOGY,0.0603368887173761
2026-08-23 23:00:00,23,CASUALTY,0.2053466163150277
2026-08-23 23:00:00,23,CHRONIC CARE CLINIC (DM/HTN/TB/CCC),0.1212314963950965
2026-08-23 23:00:00,23,DAYCASE,0.1674937550605373
2026-08-23 23:00:00,23,DENTAL,0.0745665863319106
2026-08-23 23:00:00,23,DIABETIC CLINIC,0.0603368887173761
2026-08-23 23:00:00,23,EYE CLINIC,0.1111263921004815
2026-08-23 23:00:00,23,FAMILY CLINIC,0.0609131348168656
2026-08-23 23:00:00,23,FAMILY MEDICINE,0.0578697200493624
2026-08-23 23:00:00,23,GENERAL OPD ,0.6123549704762651
2026-08-23 23:00:00,23,Gen Surg OPD,0.1116406511570835
2026-08-23 23:00:00,23,Gynae OPD,0.0609131348168656
2026-08-23 23:00:00,23,HTS,0.1087149663232366
2026-08-23 23:00:00,23,MATERNITY NURSERY,0.0638914960925023
2026-08-23 23:00:00,23,MCH,0.1763255530371251
2026-08-23 23:00:00,23,MEB PHYSIOTHERAPY,0.1087149663232366
2026-08-23 23:00:00,23,MEB SPECIALITY CLINIC,0.0779578149792487
2026-08-23 23:00:00,23,MENTAL HEALTH,0.1087149663232366
2026-08-23 23:00:00,23,MORGUE,0.1087149663232366
2026-08-23 23:00:00,23,NEURO SURGERY CONSULTATION,0.0603368887173761
2026-08-23 23:00:00,23,NEUROSURGERY,0.1245084309255665
2026-08-23 23:00:00,23,NUTRITION,0.0848270230628577
2026-08-23 23:00:00,23,OCCUPATIONAL THERAPY,0.1065461093600962
2026-08-23 23:00:00,23,OHNS,0.0896532775041681
2026-08-23 23:00:00,23,ONCOLOGY,0.1038188668214027
2026-08-23 23:00:00,23,Ortho OPD,0.0398902334681496
2026-08-23 23:00:00,23,PAEDS,0.1087149663232366
2026-08-23 23:00:00,23,PAEDS BKKH,0.089186171333514
2026-08-23 23:00:00,23,PALLIATIVE,0.0396742199134863
2026-08-23 23:00:00,23,PATHOLOGY,0.1087149663232366
2026-08-23 23:00:00,23,PEDIATRIC NEUROLOGY,0.1087149663232366
2026-08-23 23:00:00,23,PHYSIOTHERAPY,0.1840135077264897
2026-08-23 23:00:00,23,PRIVATE CLINIC,0.0671882695772524
2026-08-23 23:00:00,23,PSYCHOLOGY,0.0857111541303087
2026-08-23 23:00:00,23,RENAL,0.6129817532822999
2026-08-23 23:00:00,23,RESPIRATORY CENTER,0.1087149663232366
2026-08-23 23:00:00,23,SPECIALITY CLINIC,0.0875821036714057
2026-08-23 23:00:00,23,TELEMEDICINE,0.154707544539367
2026-08-24 00:00:00,0,ADMISSION,1.7219486838189066
2026-08-24 00:00:00,0,ANAESTHESIA,0.1361605774393602
2026-08-24 00:00:00,0,Audiology,0.0859975854117379
2026-08-24 00:00:00,0,CARDIOLOGY,0.0628200295050043
2026-08-24 00:00:00,0,CASUALTY,0.0613718067282823
2026-08-24 00:00:00,0,CHRONIC CARE CLINIC (DM/HTN/TB/CCC),0.4521952067044064
2026-08-24 00:00:00,0,DAYCASE,0.1396064731419663
2026-08-24 00:00:00,0,DENTAL,0.1742034371326085
2026-08-24 00:00:00,0,DIABETIC CLINIC,0.0628200295050043
2026-08-24 00:00:00,0,EYE CLINIC,0.2823727001615251
2026-08-24 00:00:00,0,FAMILY CLINIC,0.0627935350955095
2026-08-24 00:00:00,0,FAMILY MEDICINE,0.0675814394085996
2026-08-24 00:00:00,0,GENERAL OPD ,0.6683567346447001
2026-08-24 00:00:00,0,Gen Surg OPD,0.1497290020062003
2026-08-24 00:00:00,0,Gynae OPD,0.0627935350955095
2026-08-24 00:00:00,0,HTS,0.1361605774393602
2026-08-24 00:00:00,0,MATERNITY NURSERY,0.0628200295050043
2026-08-24 00:00:00,0,MCH,0.1407662190513419
2026-08-24 00:00:00,0,MEB PHYSIOTHERAPY,0.1361605774393602
2026-08-24 00:00:00,0,MEB SPECIALITY CLINIC,0.8402382579005739
2026-08-24 00:00:00,0,MENTAL HEALTH,0.1361605774393602
2026-08-24 00:00:00,0,MORGUE,0.1361605774393602
2026-08-24 00:00:00,0,NEURO SURGERY CONSULTATION,0.0628200295050043
2026-08-24 00:00:00,0,NEUROSURGERY,0.3914642136096578
2026-08-24 00:00:00,0,NUTRITION,0.0713276905710749
2026-08-24 00:00:00,0,OCCUPATIONAL THERAPY,0.1523162453892873
2026-08-24 00:00:00,0,OHNS,0.3187379449560059
2026-08-24 00:00:00,0,ONCOLOGY,0.3394548843631855
2026-08-24 00:00:00,0,Ortho OPD,0.0256143982183025
2026-08-24 00:00:00,0,PAEDS,0.1361605774393602
2026-08-24 00:00:00,0,PAEDS BKKH,0.4721433059413901
2026-08-24 00:00:00,0,PALLIATIVE,0.0230010252646852
2026-08-24 00:00:00,0,PATHOLOGY,0.1361605774393602
2026-08-24 00:00:00,0,PEDIATRIC NEUROLOGY,0.1361605774393602
2026-08-24 00:00:00,0,PHYSIOTHERAPY,0.3081202608889942
2026-08-24 00:00:00,0,PRIVATE CLINIC,0.2531152255256997
2026-08-24 00:00:00,0,PSYCHOLOGY,0.2209587785727199
2026-08-24 00:00:00,0,RENAL,0.5197493235927896
2026-08-24 00:00:00,0,RESPIRATORY CENTER,0.1361605774393602
2026-08-24 00:00:00,0,SPECIALITY CLINIC,0.6577098179474872
2026-08-24 00:00:00,0,TELEMEDICINE,0.1332674153533897
2026-08-24 01:00:00,1,ADMISSION,0.9191629775907026
2026-08-24 01:00:00,1,ANAESTHESIA,0.1361605774393602
2026-08-24 01:00:00,1,Audiology,0.0859975854117379
2026-08-24 01:00:00,1,CARDIOLOGY,0.0628200295050043
2026-08-24 01:00:00,1,CASUALTY,0.0464605173050084
2026-08-24 01:00:00,1,CHRONIC CARE CLINIC (DM/HTN/TB/CCC),0.3781779963541157
2026-08-24 01:00:00,1,DAYCASE,0.0901182682768907
2026-08-24 01:00:00,1,DENTAL,0.1327254812746254
2026-08-24 01:00:00,1,DIABETIC CLINIC,0.0628200295050043
2026-08-24 01:00:00,1,EYE CLINIC,0.2625912533883511
2026-08-24 01:00:00,1,FAMILY CLINIC,0.0627935350955095
2026-08-24 01:00:00,1,FAMILY MEDICINE,0.0661849008146335
2026-08-24 01:00:00,1,GENERAL OPD ,0.4201578608093826
2026-08-24 01:00:00,1,Gen Surg OPD,0.0888776031464436
2026-08-24 01:00:00,1,Gynae OPD,0.0627935350955095
2026-08-24 01:00:00,1,HTS,0.1361605774393602
2026-08-24 01:00:00,1,MATERNITY NURSERY,0.0628200295050043
2026-08-24 01:00:00,1,MCH,0.042528032775776
2026-08-24 01:00:00,1,MEB PHYSIOTHERAPY,0.1361605774393602
2026-08-24 01:00:00,1,MEB SPECIALITY CLINIC,0.810734301918507
2026-08-24 01:00:00,1,MENTAL HEALTH,0.1361605774393602
2026-08-24 01:00:00,1,MORGUE,0.1361605774393602
2026-08-24 01:00:00,1,NEURO SURGERY CONSULTATION,0.0628200295050043
2026-08-24 01:00:00,1,NEUROSURGERY,0.3716827668364837
2026-08-24 01:00:00,1,NUTRITION,0.0713276905710749
2026-08-24 01:00:00,1,OCCUPATIONAL THERAPY,0.1523162453892873
2026-08-24 01:00:00,1,OHNS,0.2852964237061776
2026-08-24 01:00:00,1,ONCOLOGY,0.3394548843631855
2026-08-24 01:00:00,1,Ortho OPD,0.0221140751765197
2026-08-24 01:00:00,1,PAEDS,0.1361605774393602
2026-08-24 01:00:00,1,PAEDS BKKH,0.4606065482914522
2026-08-24 01:00:00,1,PALLIATIVE,0.021604486670719
2026-08-24 01:00:00,1,PATHOLOGY,0.1361605774393602
2026-08-24 01:00:00,1,PEDIATRIC NEUROLOGY,0.1361605774393602
2026-08-24 01:00:00,1,PHYSIOTHERAPY,0.2965835032390564
2026-08-24 01:00:00,1,PRIVATE CLINIC,0.2236112695436326
2026-08-24 01:00:00,1,PSYCHOLOGY,0.2011773317995459
2026-08-24 01:00:00,1,RENAL,0.4999678768196154
2026-08-24 01:00:00,1,RESPIRATORY CENTER,0.1361605774393602
2026-08-24 01:00:00,1,SPECIALITY CLINIC,0.6282058619654203
2026-08-24 01:00:00,1,TELEMEDICINE,0.0970574398625251
2026-08-24 02:00:00,2,ADMISSION,0.4788537312292106
2026-08-24 02:00:00,2,ANAESTHESIA,0.1290387319658908
2026-08-24 02:00:00,2,Audiology,0.0624970682166157
2026-08-24 02:00:00,2,CARDIOLOGY,0.055698184031535
2026-08-24 02:00:00,2,CASUALTY,0.0201585801078789
2026-08-24 02:00:00,2,CHRONIC CARE CLINIC (DM/HTN/TB/CCC),0.3627875858926064
2026-08-24 02:00:00,2,DAYCASE,0.0969409069153476
2026-08-24 02:00:00,2,DENTAL,0.1006216275467834
2026-08-24 02:00:00,2,DIABETIC CLINIC,0.055698184031535
2026-08-24 02:00:00,2,EYE CLINIC,0.2248333299909715
2026-08-24 02:00:00,2,FAMILY CLINIC,0.0556716896220402
2026-08-24 02:00:00,2,FAMILY MEDICINE,0.0472802757037506
2026-08-24 02:00:00,2,GENERAL OPD ,0.3651292903901981
2026-08-24 02:00:00,2,Gen Surg OPD,0.073850999322355
2026-08-24 02:00:00,2,Gynae OPD,0.0556716896220402
2026-08-24 02:00:00,2,HTS,0.1290387319658908
2026-08-24 02:00:00,2,MATERNITY NURSERY,0.055698184031535
2026-08-24 02:00:00,2,MCH,0.0
2026-08-24 02:00:00,2,MEB PHYSIOTHERAPY,0.1290387319658908
2026-08-24 02:00:00,2,MEB SPECIALITY CLINIC,1.0291140723559562
2026-08-24 02:00:00,2,MENTAL HEALTH,0.1290387319658908
2026-08-24 02:00:00,2,MORGUE,0.1290387319658908
2026-08-24 02:00:00,2,NEURO SURGERY CONSULTATION,0.055698184031535
2026-08-24 02:00:00,2,NEUROSURGERY,0.3868934398152689
2026-08-24 02:00:00,2,NUTRITION,0.0630541318392671
2026-08-24 02:00:00,2,OCCUPATIONAL THERAPY,0.1442051817632462
2026-08-24 02:00:00,2,OHNS,0.2793022249800035
2026-08-24 02:00:00,2,ONCOLOGY,0.3491655161444884
2026-08-24 02:00:00,2,Ortho OPD,0.0
2026-08-24 02:00:00,2,PAEDS,0.1290387319658908
2026-08-24 02:00:00,2,PAEDS BKKH,0.4360560268656935
2026-08-24 02:00:00,2,PALLIATIVE,0.0007146748752519
2026-08-24 02:00:00,2,PATHOLOGY,0.1290387319658908
2026-08-24 02:00:00,2,PEDIATRIC NEUROLOGY,0.1290387319658908
2026-08-24 02:00:00,2,PHYSIOTHERAPY,0.2763302927860668
2026-08-24 02:00:00,2,PRIVATE CLINIC,0.2333219013249355
2026-08-24 02:00:00,2,PSYCHOLOGY,0.1859460502243109
2026-08-24 02:00:00,2,RENAL,0.4836444875701936
2026-08-24 02:00:00,2,RESPIRATORY CENTER,0.1290387319658908
2026-08-24 02:00:00,2,SPECIALITY CLINIC,0.6560575780477392
2026-08-24 02:00:00,2,TELEMEDICINE,0.0694730283140076
2026-08-24 03:00:00,3,ADMISSION,0.4518714045338698
2026-08-24 03:00:00,3,ANAESTHESIA,0.1290387319658908
2026-08-24 03:00:00,3,Audiology,0.0624970682166157
2026-08-24 03:00:00,3,CARDIOLOGY,0.055698184031535
2026-08-24 03:00:00,3,CASUALTY,0.0168105255016575
2026-08-24 03:00:00,3,CHRONIC CARE CLINIC (DM/HTN/TB/CCC),0.3611493572482224
2026-08-24 03:00:00,3,DAYCASE,0.0969409069153476
2026-08-24 03:00:00,3,DENTAL,0.1006216275467834
2026-08-24 03:00:00,3,DIABETIC CLINIC,0.055698184031535
2026-08-24 03:00:00,3,EYE CLINIC,0.2248333299909715
2026-08-24 03:00:00,3,FAMILY CLINIC,0.0556716896220402
2026-08-24 03:00:00,3,FAMILY MEDICINE,0.0472802757037506
2026-08-24 03:00:00,3,GENERAL OPD ,0.3997124733745522
2026-08-24 03:00:00,3,Gen Surg OPD,0.0885851306459333
2026-08-24 03:00:00,3,Gynae OPD,0.0556716896220402
2026-08-24 03:00:00,3,HTS,0.1290387319658908
2026-08-24 03:00:00,3,MATERNITY NURSERY,0.055698184031535
2026-08-24 03:00:00,3,MCH,0.0898011446415112
2026-08-24 03:00:00,3,MEB PHYSIOTHERAPY,0.1290387319658908
2026-08-24 03:00:00,3,MEB SPECIALITY CLINIC,1.0246927053694248
2026-08-24 03:00:00,3,MENTAL HEALTH,0.1290387319658908
2026-08-24 03:00:00,3,MORGUE,0.1290387319658908
2026-08-24 03:00:00,3,NEURO SURGERY CONSULTATION,0.055698184031535
2026-08-24 03:00:00,3,NEUROSURGERY,0.3868934398152689
2026-08-24 03:00:00,3,NUTRITION,0.0630541318392671
2026-08-24 03:00:00,3,OCCUPATIONAL THERAPY,0.1442051817632462
2026-08-24 03:00:00,3,OHNS,0.2793022249800035
2026-08-24 03:00:00,3,ONCOLOGY,0.3491655161444884
2026-08-24 03:00:00,3,Ortho OPD,0.1342947519105664
2026-08-24 03:00:00,3,PAEDS,0.1290387319658908
2026-08-24 03:00:00,3,PAEDS BKKH,0.4360560268656935
2026-08-24 03:00:00,3,PALLIATIVE,0.0007146748752519
2026-08-24 03:00:00,3,PATHOLOGY,0.1290387319658908
2026-08-24 03:00:00,3,PEDIATRIC NEUROLOGY,0.1290387319658908
2026-08-24 03:00:00,3,PHYSIOTHERAPY,0.2763302927860668
2026-08-24 03:00:00,3,PRIVATE CLINIC,0.2333219013249355
2026-08-24 03:00:00,3,PSYCHOLOGY,0.1859460502243109
2026-08-24 03:00:00,3,RENAL,0.4836444875701936
2026-08-24 03:00:00,3,RESPIRATORY CENTER,0.1290387319658908
2026-08-24 03:00:00,3,SPECIALITY CLINIC,0.8400746747013679
2026-08-24 03:00:00,3,TELEMEDICINE,0.0694730283140076
2026-08-24 04:00:00,4,ADMISSION,0.4813981897277459
2026-08-24 04:00:00,4,ANAESTHESIA,0.1312881342274892
2026-08-24 04:00:00,4,Audiology,0.0486277197543887
2026-08-24 04:00:00,4,CARDIOLOGY,0.0579475862931334
2026-08-24 04:00:00,4,CASUALTY,0.0190599277632558
2026-08-24 04:00:00,4,CHRONIC CARE CLINIC (DM/HTN/TB/CCC),0.3829247026701272
2026-08-24 04:00:00,4,DAYCASE,0.099190309176946
2026-08-24 04:00:00,4,DENTAL,0.0601920743915994
2026-08-24 04:00:00,4,DIABETIC CLINIC,0.0579475862931334
2026-08-24 04:00:00,4,EYE CLINIC,0.1844037768357877
2026-08-24 04:00:00,4,FAMILY CLINIC,0.0579210918836386
2026-08-24 04:00:00,4,FAMILY MEDICINE,0.049529677965349
2026-08-24 04:00:00,4,GENERAL OPD ,0.5415846841581714
2026-08-24 04:00:00,4,Gen Surg OPD,0.0975183563862654
2026-08-24 04:00:00,4,Gynae OPD,0.0579210918836386
2026-08-24 04:00:00,4,HTS,0.1312881342274892
2026-08-24 04:00:00,4,MATERNITY NURSERY,0.0579475862931334
2026-08-24 04:00:00,4,MCH,0.0
2026-08-24 04:00:00,4,MEB PHYSIOTHERAPY,0.1312881342274892
2026-08-24 04:00:00,4,MEB SPECIALITY CLINIC,1.3006790335811456
2026-08-24 04:00:00,4,MENTAL HEALTH,0.1312881342274892
2026-08-24 04:00:00,4,MORGUE,0.1312881342274892
2026-08-24 04:00:00,4,NEURO SURGERY CONSULTATION,0.0579475862931334
2026-08-24 04:00:00,4,NEUROSURGERY,0.3891428420768673
2026-08-24 04:00:00,4,NUTRITION,0.0491847833770401
2026-08-24 04:00:00,4,OCCUPATIONAL THERAPY,0.1380202878286144
2026-08-24 04:00:00,4,OHNS,0.259126837111041
2026-08-24 04:00:00,4,ONCOLOGY,0.4139099903503501
2026-08-24 04:00:00,4,Ortho OPD,0.0
2026-08-24 04:00:00,4,PAEDS,0.1312881342274892
2026-08-24 04:00:00,4,PAEDS BKKH,0.4805463357853333
2026-08-24 04:00:00,4,PALLIATIVE,0.0029640771368502
2026-08-24 04:00:00,4,PATHOLOGY,0.1312881342274892
2026-08-24 04:00:00,4,PEDIATRIC NEUROLOGY,0.1312881342274892
2026-08-24 04:00:00,4,PHYSIOTHERAPY,0.2359007396308827
2026-08-24 04:00:00,4,PRIVATE CLINIC,0.2131465134559733
2026-08-24 04:00:00,4,PSYCHOLOGY,0.1797611562896792
2026-08-24 04:00:00,4,RENAL,0.3732719934892275
2026-08-24 04:00:00,4,RESPIRATORY CENTER,0.1312881342274892
2026-08-24 04:00:00,4,SPECIALITY CLINIC,1.3896328289777409
2026-08-24 04:00:00,4,TELEMEDICINE,0.0717224305756058
2026-08-24 05:00:00,5,ADMISSION,0.4400033589708481
2026-08-24 05:00:00,5,ANAESTHESIA,0.1213001121769239
2026-08-24 05:00:00,5,Audiology,0.06112659382095
2026-08-24 05:00:00,5,CARDIOLOGY,0.0479595642425681
2026-08-24 05:00:00,5,CASUALTY,0.0390776994405496
2026-08-24 05:00:00,5,CHRONIC CARE CLINIC (DM/HTN/TB/CCC),0.408868997975056
2026-08-24 05:00:00,5,DAYCASE,0.0834961014909631
2026-08-24 05:00:00,5,DENTAL,0.0
2026-08-24 05:00:00,5,DIABETIC CLINIC,0.0479595642425681
2026-08-24 05:00:00,5,EYE CLINIC,0.2067674283530879
2026-08-24 05:00:00,5,FAMILY CLINIC,0.0479330698330733
2026-08-24 05:00:00,5,FAMILY MEDICINE,0.0395416559147837
2026-08-24 05:00:00,5,GENERAL OPD ,1.9015584619570352
2026-08-24 05:00:00,5,Gen Surg OPD,0.1336750324186522
2026-08-24 05:00:00,5,Gynae OPD,0.0479330698330733
2026-08-24 05:00:00,5,HTS,0.1213001121769239
2026-08-24 05:00:00,5,MATERNITY NURSERY,0.0479595642425681
2026-08-24 05:00:00,5,MCH,0.1880485189250789
2026-08-24 05:00:00,5,MEB PHYSIOTHERAPY,0.1213001121769239
2026-08-24 05:00:00,5,MEB SPECIALITY CLINIC,2.457089062582709
2026-08-24 05:00:00,5,MENTAL HEALTH,0.1213001121769239
2026-08-24 05:00:00,5,MORGUE,0.1213001121769239
2026-08-24 05:00:00,5,NEURO SURGERY CONSULTATION,0.0479595642425681
2026-08-24 05:00:00,5,NEUROSURGERY,0.4892790304380632
2026-08-24 05:00:00,5,NUTRITION,0.0304840627550564
2026-08-24 05:00:00,5,OCCUPATIONAL THERAPY,0.1244545427396551
2026-08-24 05:00:00,5,OHNS,0.2033032626555177
2026-08-24 05:00:00,5,ONCOLOGY,0.5083234061310461
2026-08-24 05:00:00,5,Ortho OPD,0.1265561321215996
2026-08-24 05:00:00,5,PAEDS,0.1213001121769239
2026-08-24 05:00:00,5,PAEDS BKKH,0.5600061827602499
2026-08-24 05:00:00,5,PALLIATIVE,0.0
2026-08-24 05:00:00,5,PATHOLOGY,0.1213001121769239
2026-08-24 05:00:00,5,PEDIATRIC NEUROLOGY,0.1213001121769239
2026-08-24 05:00:00,5,PHYSIOTHERAPY,0.2512514632376308
2026-08-24 05:00:00,5,PRIVATE CLINIC,0.2943965340768128
2026-08-24 05:00:00,5,PSYCHOLOGY,0.1173760952963046
2026-08-24 05:00:00,5,RENAL,0.5434960171902383
2026-08-24 05:00:00,5,RESPIRATORY CENTER,0.1213001121769239
2026-08-24 05:00:00,5,SPECIALITY CLINIC,3.2610599782267697
2026-08-24 05:00:00,5,TELEMEDICINE,0.1166485501417593
2026-08-24 06:00:00,6,ADMISSION,0.8058619954754462
2026-08-24 06:00:00,6,ANAESTHESIA,0.2289492860939425
2026-08-24 06:00:00,6,Audiology,0.1538357858756036
2026-08-24 06:00:00,6,CARDIOLOGY,0.1556087381595861
2026-08-24 06:00:00,6,CASUALTY,0.1086930540403181
2026-08-24 06:00:00,6,CHRONIC CARE CLINIC (DM/HTN/TB/CCC),1.1076157595959744
2026-08-24 06:00:00,6,DAYCASE,0.2424009927061585
2026-08-24 06:00:00,6,DENTAL,0.5269096617010866
2026-08-24 06:00:00,6,DIABETIC CLINIC,0.1556087381595861
2026-08-24 06:00:00,6,EYE CLINIC,0.3399850938767412
2026-08-24 06:00:00,6,FAMILY CLINIC,0.1555822437500914
2026-08-24 06:00:00,6,FAMILY MEDICINE,0.1430622390503608
2026-08-24 06:00:00,6,GENERAL OPD ,5.553292639156625
2026-08-24 06:00:00,6,Gen Surg OPD,0.2870040620196432
2026-08-24 06:00:00,6,Gynae OPD,0.1555822437500914
2026-08-24 06:00:00,6,HTS,0.2289492860939425
2026-08-24 06:00:00,6,MATERNITY NURSERY,0.1556087381595861
2026-08-24 06:00:00,6,MCH,0.5008574036218985
2026-08-24 06:00:00,6,MEB PHYSIOTHERAPY,0.2289492860939425
2026-08-24 06:00:00,6,MEB SPECIALITY CLINIC,5.176893102755442
2026-08-24 06:00:00,6,MENTAL HEALTH,0.2289492860939425
2026-08-24 06:00:00,6,MORGUE,0.2289492860939425
2026-08-24 06:00:00,6,NEURO SURGERY CONSULTATION,0.1556087381595861
2026-08-24 06:00:00,6,NEUROSURGERY,0.8278677219042733
2026-08-24 06:00:00,6,NUTRITION,0.1195599342198216
2026-08-24 06:00:00,6,OCCUPATIONAL THERAPY,0.2371505538677228
2026-08-24 06:00:00,6,OHNS,0.5149172979582262
2026-08-24 06:00:00,6,ONCOLOGY,1.1839740928378435
2026-08-24 06:00:00,6,Ortho OPD,0.0572128350754286
2026-08-24 06:00:00,6,PAEDS,0.2289492860939425
2026-08-24 06:00:00,6,PAEDS BKKH,1.041032180881144
2026-08-24 06:00:00,6,PALLIATIVE,0.181492793556828
2026-08-24 06:00:00,6,PATHOLOGY,0.2289492860939425
2026-08-24 06:00:00,6,PEDIATRIC NEUROLOGY,0.2289492860939425
2026-08-24 06:00:00,6,PHYSIOTHERAPY,0.5317595659373654
2026-08-24 06:00:00,6,PRIVATE CLINIC,0.4271084851198491
2026-08-24 06:00:00,6,PSYCHOLOGY,0.243478145847214
2026-08-24 06:00:00,6,RENAL,0.9940565505808344
2026-08-24 06:00:00,6,RESPIRATORY CENTER,0.2289492860939425
2026-08-24 06:00:00,6,SPECIALITY CLINIC,7.32886617983712
2026-08-24 06:00:00,6,TELEMEDICINE,0.1990296388054948
2026-08-24 07:00:00,7,ADMISSION,1.5238571502319045
2026-08-24 07:00:00,7,ANAESTHESIA,0.2367679175890668
2026-08-24 07:00:00,7,Audiology,0.3077649785703826
2026-08-24 07:00:00,7,CARDIOLOGY,0.1634273696547105
2026-08-24 07:00:00,7,CASUALTY,0.1891960445443883
2026-08-24 07:00:00,7,CHRONIC CARE CLINIC (DM/HTN/TB/CCC),2.977012833722322
2026-08-24 07:00:00,7,DAYCASE,0.6763856478240318
2026-08-24 07:00:00,7,DENTAL,1.1360388033490485
2026-08-24 07:00:00,7,DIABETIC CLINIC,0.1634273696547105
2026-08-24 07:00:00,7,EYE CLINIC,1.1118564021434696
2026-08-24 07:00:00,7,FAMILY CLINIC,0.1634008752452156
2026-08-24 07:00:00,7,FAMILY MEDICINE,0.1508808705454851
2026-08-24 07:00:00,7,GENERAL OPD ,12.710945122789203
2026-08-24 07:00:00,7,Gen Surg OPD,0.8152754662156494
2026-08-24 07:00:00,7,Gynae OPD,0.1634008752452156
2026-08-24 07:00:00,7,HTS,0.2367679175890668
2026-08-24 07:00:00,7,MATERNITY NURSERY,0.1634273696547105
2026-08-24 07:00:00,7,MCH,1.72599513052889
2026-08-24 07:00:00,7,MEB PHYSIOTHERAPY,0.2367679175890668
2026-08-24 07:00:00,7,MEB SPECIALITY CLINIC,8.749094851588252
2026-08-24 07:00:00,7,MENTAL HEALTH,0.2367679175890668
2026-08-24 07:00:00,7,MORGUE,0.2367679175890668
2026-08-24 07:00:00,7,NEURO SURGERY CONSULTATION,0.1634273696547105
2026-08-24 07:00:00,7,NEUROSURGERY,1.467406583084671
2026-08-24 07:00:00,7,NUTRITION,0.1827060107567071
2026-08-24 07:00:00,7,OCCUPATIONAL THERAPY,0.3794760272976546
2026-08-24 07:00:00,7,OHNS,1.4538020357739625
2026-08-24 07:00:00,7,ONCOLOGY,3.4550398676691727
2026-08-24 07:00:00,7,Ortho OPD,0.0657226396369577
2026-08-24 07:00:00,7,PAEDS,0.2367679175890668
2026-08-24 07:00:00,7,PAEDS BKKH,2.370728247273563
2026-08-24 07:00:00,7,PALLIATIVE,0.1091704793338425
2026-08-24 07:00:00,7,PATHOLOGY,0.2367679175890668
2026-08-24 07:00:00,7,PEDIATRIC NEUROLOGY,0.2367679175890668
2026-08-24 07:00:00,7,PHYSIOTHERAPY,1.4562498055921669
2026-08-24 07:00:00,7,PRIVATE CLINIC,1.0501164129679246
2026-08-24 07:00:00,7,PSYCHOLOGY,0.3563363728615457
2026-08-24 07:00:00,7,RENAL,2.0640733901544137
2026-08-24 07:00:00,7,RESPIRATORY CENTER,0.2367679175890668
2026-08-24 07:00:00,7,SPECIALITY CLINIC,13.572929426463226
2026-08-24 07:00:00,7,TELEMEDICINE,0.228275146941113
2026-08-24 08:00:00,8,ADMISSION,2.9994009024973725
2026-08-24 08:00:00,8,ANAESTHESIA,0.3024976860070337
2026-08-24 08:00:00,8,Audiology,0.5963446704300015
2026-08-24 08:00:00,8,CARDIOLOGY,0.2251182384327519
2026-08-24 08:00:00,8,CASUALTY,0.4538999632128834
2026-08-24 08:00:00,8,CHRONIC CARE CLINIC (DM/HTN/TB/CCC),8.374594980724432
2026-08-24 08:00:00,8,DAYCASE,1.228027164865774
2026-08-24 08:00:00,8,DENTAL,3.4089639642742533
2026-08-24 08:00:00,8,DIABETIC CLINIC,0.2251182384327519
2026-08-24 08:00:00,8,EYE CLINIC,2.273152324943929
2026-08-24 08:00:00,8,FAMILY CLINIC,0.2281984908105008
2026-08-24 08:00:00,8,FAMILY MEDICINE,0.2300056550126547
2026-08-24 08:00:00,8,GENERAL OPD ,21.79104120433723
2026-08-24 08:00:00,8,Gen Surg OPD,1.258093998162925
2026-08-24 08:00:00,8,Gynae OPD,0.2281984908105008
2026-08-24 08:00:00,8,HTS,0.3024976860070337
2026-08-24 08:00:00,8,MATERNITY NURSERY,0.2251182384327519
2026-08-24 08:00:00,8,MCH,7.28759994980227
2026-08-24 08:00:00,8,MEB PHYSIOTHERAPY,0.3024976860070337
2026-08-24 08:00:00,8,MEB SPECIALITY CLINIC,14.313369349286296
2026-08-24 08:00:00,8,MENTAL HEALTH,0.3024976860070337
2026-08-24 08:00:00,8,MORGUE,0.3024976860070337
2026-08-24 08:00:00,8,NEURO SURGERY CONSULTATION,0.2251182384327519
2026-08-24 08:00:00,8,NEUROSURGERY,2.6166305750295766
2026-08-24 08:00:00,8,NUTRITION,0.3813777947336941
2026-08-24 08:00:00,8,OCCUPATIONAL THERAPY,0.4867329381731087
2026-08-24 08:00:00,8,OHNS,3.08895258202555
2026-08-24 08:00:00,8,ONCOLOGY,8.614009370747073
2026-08-24 08:00:00,8,Ortho OPD,0.2202792425963936
2026-08-24 08:00:00,8,PAEDS,0.3024976860070337
2026-08-24 08:00:00,8,PAEDS BKKH,4.882471902884988
2026-08-24 08:00:00,8,PALLIATIVE,0.218796538117171
2026-08-24 08:00:00,8,PATHOLOGY,0.3024976860070337
2026-08-24 08:00:00,8,PEDIATRIC NEUROLOGY,0.3024976860070337
2026-08-24 08:00:00,8,PHYSIOTHERAPY,2.4417814805830105
2026-08-24 08:00:00,8,PRIVATE CLINIC,1.965195195934729
2026-08-24 08:00:00,8,PSYCHOLOGY,0.7797396952983747
2026-08-24 08:00:00,8,RENAL,6.262032070170553
2026-08-24 08:00:00,8,RESPIRATORY CENTER,0.3024976860070337
2026-08-24 08:00:00,8,SPECIALITY CLINIC,16.1074930835726
2026-08-24 08:00:00,8,TELEMEDICINE,0.4081548990628757
2026-08-24 09:00:00,9,ADMISSION,3.5526263617980165
2026-08-24 09:00:00,9,ANAESTHESIA,0.3004150791661296
2026-08-24 09:00:00,9,Audiology,0.5467672057863384
2026-08-24 09:00:00,9,CARDIOLOGY,0.2333147124294102
2026-08-24 09:00:00,9,CASUALTY,0.4843685716827826
2026-08-24 09:00:00,9,CHRONIC CARE CLINIC (DM/HTN/TB/CCC),9.302887116679663
2026-08-24 09:00:00,9,DAYCASE,1.385386686376055
2026-08-24 09:00:00,9,DENTAL,4.182920767257382
2026-08-24 09:00:00,9,DIABETIC CLINIC,0.2333147124294102
2026-08-24 09:00:00,9,EYE CLINIC,2.227557629309703
2026-08-24 09:00:00,9,FAMILY CLINIC,0.2363949648071591
2026-08-24 09:00:00,9,FAMILY MEDICINE,0.2382021290093131
2026-08-24 09:00:00,9,GENERAL OPD ,23.78721501910903
2026-08-24 09:00:00,9,Gen Surg OPD,1.1983844172862137
2026-08-24 09:00:00,9,Gynae OPD,0.2363949648071591
2026-08-24 09:00:00,9,HTS,0.3004150791661296
2026-08-24 09:00:00,9,MATERNITY NURSERY,0.2333147124294102
2026-08-24 09:00:00,9,MCH,7.989377209286843
2026-08-24 09:00:00,9,MEB PHYSIOTHERAPY,0.3004150791661296
2026-08-24 09:00:00,9,MEB SPECIALITY CLINIC,10.7112749978461
2026-08-24 09:00:00,9,MENTAL HEALTH,0.3004150791661296
2026-08-24 09:00:00,9,MORGUE,0.3004150791661296
2026-08-24 09:00:00,9,NEURO SURGERY CONSULTATION,0.2333147124294102
2026-08-24 09:00:00,9,NEUROSURGERY,3.325110483797624
2026-08-24 09:00:00,9,NUTRITION,0.3673927179464234
2026-08-24 09:00:00,9,OCCUPATIONAL THERAPY,0.451527463964572
2026-08-24 09:00:00,9,OHNS,3.0937830464840714
2026-08-24 09:00:00,9,ONCOLOGY,5.367983681320812
2026-08-24 09:00:00,9,Ortho OPD,0.2284757165930517
2026-08-24 09:00:00,9,PAEDS,0.3004150791661296
2026-08-24 09:00:00,9,PAEDS BKKH,3.828395765905343
2026-08-24 09:00:00,9,PALLIATIVE,0.226993012113829
2026-08-24 09:00:00,9,PATHOLOGY,0.3004150791661296
2026-08-24 09:00:00,9,PEDIATRIC NEUROLOGY,0.3004150791661296
2026-08-24 09:00:00,9,PHYSIOTHERAPY,2.5223099378014107
2026-08-24 09:00:00,9,PRIVATE CLINIC,1.8006442505327265
2026-08-24 09:00:00,9,PSYCHOLOGY,0.6152043152289868
2026-08-24 09:00:00,9,RENAL,1.317685306005537
2026-08-24 09:00:00,9,RESPIRATORY CENTER,0.3004150791661296
2026-08-24 09:00:00,9,SPECIALITY CLINIC,14.110236475467776
2026-08-24 09:00:00,9,TELEMEDICINE,0.406249591496556
2026-08-24 10:00:00,10,ADMISSION,3.437280458464259
2026-08-24 10:00:00,10,ANAESTHESIA,0.2020983140727082
2026-08-24 10:00:00,10,Audiology,0.3366146298559573
2026-08-24 10:00:00,10,CARDIOLOGY,0.1349979473359889
2026-08-24 10:00:00,10,CASUALTY,0.3929882077767735
2026-08-24 10:00:00,10,CHRONIC CARE CLINIC (DM/HTN/TB/CCC),6.991442822941284
2026-08-24 10:00:00,10,DAYCASE,1.2249636237758197
2026-08-24 10:00:00,10,DENTAL,3.2392810985438345
2026-08-24 10:00:00,10,DIABETIC CLINIC,0.1349979473359889
2026-08-24 10:00:00,10,EYE CLINIC,1.3856162070972742
2026-08-24 10:00:00,10,FAMILY CLINIC,0.1355741934354784
2026-08-24 10:00:00,10,FAMILY MEDICINE,0.1335573258826635
2026-08-24 10:00:00,10,GENERAL OPD ,15.277304648586735
2026-08-24 10:00:00,10,Gen Surg OPD,0.7991385267241718
2026-08-24 10:00:00,10,Gynae OPD,0.1355741934354784
2026-08-24 10:00:00,10,HTS,0.2020983140727082
2026-08-24 10:00:00,10,MATERNITY NURSERY,0.1349979473359889
2026-08-24 10:00:00,10,MCH,7.484344787726165
2026-08-24 10:00:00,10,MEB PHYSIOTHERAPY,0.2020983140727082
2026-08-24 10:00:00,10,MEB SPECIALITY CLINIC,6.120172138257371
2026-08-24 10:00:00,10,MENTAL HEALTH,0.2020983140727082
2026-08-24 10:00:00,10,MORGUE,0.2020983140727082
2026-08-24 10:00:00,10,NEURO SURGERY CONSULTATION,0.1349979473359889
2026-08-24 10:00:00,10,NEUROSURGERY,2.462798181575093
2026-08-24 10:00:00,10,NUTRITION,0.2268244384440726
2026-08-24 10:00:00,10,OCCUPATIONAL THERAPY,0.2966589506400892
2026-08-24 10:00:00,10,OHNS,2.308123090462013
2026-08-24 10:00:00,10,ONCOLOGY,2.302957028387654
2026-08-24 10:00:00,10,Ortho OPD,0.1238309134664025
2026-08-24 10:00:00,10,PAEDS,0.2020983140727082
2026-08-24 10:00:00,10,PAEDS BKKH,2.403485109756882
2026-08-24 10:00:00,10,PALLIATIVE,0.1223482089871798
2026-08-24 10:00:00,10,PATHOLOGY,0.2020983140727082
2026-08-24 10:00:00,10,PEDIATRIC NEUROLOGY,0.2020983140727082
2026-08-24 10:00:00,10,PHYSIOTHERAPY,1.3698881971892023
2026-08-24 10:00:00,10,PRIVATE CLINIC,0.9062293002880224
2026-08-24 10:00:00,10,PSYCHOLOGY,0.5501068545935184
2026-08-24 10:00:00,10,RENAL,0.6566286510941358
2026-08-24 10:00:00,10,RESPIRATORY CENTER,0.2020983140727082
2026-08-24 10:00:00,10,SPECIALITY CLINIC,7.761691709576044
2026-08-24 10:00:00,10,TELEMEDICINE,0.3016047883699067
2026-08-24 11:00:00,11,ADMISSION,3.325040795431028
2026-08-24 11:00:00,11,ANAESTHESIA,0.202185923320447
2026-08-24 11:00:00,11,Audiology,0.303545985724758
2026-08-24 11:00:00,11,CARDIOLOGY,0.1350855565837277
2026-08-24 11:00:00,11,CASUALTY,0.28718376438033
2026-08-24 11:00:00,11,CHRONIC CARE CLINIC (DM/HTN/TB/CCC),5.732464795885534
2026-08-24 11:00:00,11,DAYCASE,1.2543553494794069
2026-08-24 11:00:00,11,DENTAL,2.433838742543488
2026-08-24 11:00:00,11,DIABETIC CLINIC,0.1350855565837277
2026-08-24 11:00:00,11,EYE CLINIC,1.1440910203975392
2026-08-24 11:00:00,11,FAMILY CLINIC,0.1356618026832172
2026-08-24 11:00:00,11,FAMILY MEDICINE,0.1336449351304023
2026-08-24 11:00:00,11,GENERAL OPD ,13.55409000123719
2026-08-24 11:00:00,11,Gen Surg OPD,0.6997949964741399
2026-08-24 11:00:00,11,Gynae OPD,0.1356618026832172
2026-08-24 11:00:00,11,HTS,0.202185923320447
2026-08-24 11:00:00,11,MATERNITY NURSERY,0.1350855565837277
2026-08-24 11:00:00,11,MCH,7.116954624363561
2026-08-24 11:00:00,11,MEB PHYSIOTHERAPY,0.202185923320447
2026-08-24 11:00:00,11,MEB SPECIALITY CLINIC,3.0356610945773363
2026-08-24 11:00:00,11,MENTAL HEALTH,0.202185923320447
2026-08-24 11:00:00,11,MORGUE,0.202185923320447
2026-08-24 11:00:00,11,NEURO SURGERY CONSULTATION,0.1350855565837277
2026-08-24 11:00:00,11,NEUROSURGERY,1.5023203340331162
2026-08-24 11:00:00,11,NUTRITION,0.2066397556221062
2026-08-24 11:00:00,11,OCCUPATIONAL THERAPY,0.263610195426425
2026-08-24 11:00:00,11,OHNS,1.6823673563861348
2026-08-24 11:00:00,11,ONCOLOGY,1.428435376357456
2026-08-24 11:00:00,11,Ortho OPD,0.1239185227141412
2026-08-24 11:00:00,11,PAEDS,0.202185923320447
2026-08-24 11:00:00,11,PAEDS BKKH,1.6104782537903108
2026-08-24 11:00:00,11,PALLIATIVE,0.1224358182349186
2026-08-24 11:00:00,11,PATHOLOGY,0.202185923320447
2026-08-24 11:00:00,11,PEDIATRIC NEUROLOGY,0.202185923320447
2026-08-24 11:00:00,11,PHYSIOTHERAPY,1.0022368433375846
2026-08-24 11:00:00,11,PRIVATE CLINIC,0.749595090287676
2026-08-24 11:00:00,11,PSYCHOLOGY,0.4939110823340527
2026-08-24 11:00:00,11,RENAL,0.7936658097836469
2026-08-24 11:00:00,11,RESPIRATORY CENTER,0.202185923320447
2026-08-24 11:00:00,11,SPECIALITY CLINIC,4.5582555053579386
2026-08-24 11:00:00,11,TELEMEDICINE,0.2511717393591569
2026-08-24 12:00:00,12,ADMISSION,3.0367862678759683
2026-08-24 12:00:00,12,ANAESTHESIA,0.1581926681946801
2026-08-24 12:00:00,12,Audiology,0.2003738654933524
2026-08-24 12:00:00,12,CARDIOLOGY,0.089844627411567
2026-08-24 12:00:00,12,CASUALTY,0.2387388764457944
2026-08-24 12:00:00,12,CHRONIC CARE CLINIC (DM/HTN/TB/CCC),3.567067745415367
2026-08-24 12:00:00,12,DAYCASE,1.0398813908033986
2026-08-24 12:00:00,12,DENTAL,1.6345573383480656
2026-08-24 12:00:00,12,DIABETIC CLINIC,0.089844627411567
2026-08-24 12:00:00,12,EYE CLINIC,0.6250329527140208
2026-08-24 12:00:00,12,FAMILY CLINIC,0.0904208735110565
2026-08-24 12:00:00,12,FAMILY MEDICINE,0.0884040059582416
2026-08-24 12:00:00,12,GENERAL OPD ,9.49456256561952
2026-08-24 12:00:00,12,Gen Surg OPD,0.5534941219489253
2026-08-24 12:00:00,12,Gynae OPD,0.0904208735110565
2026-08-24 12:00:00,12,HTS,0.1581926681946801
2026-08-24 12:00:00,12,MATERNITY NURSERY,0.089844627411567
2026-08-24 12:00:00,12,MCH,4.613444430721692
2026-08-24 12:00:00,12,MEB PHYSIOTHERAPY,0.1581926681946801
2026-08-24 12:00:00,12,MEB SPECIALITY CLINIC,1.4206453764674565
2026-08-24 12:00:00,12,MENTAL HEALTH,0.1581926681946801
2026-08-24 12:00:00,12,MORGUE,0.1581926681946801
2026-08-24 12:00:00,12,NEURO SURGERY CONSULTATION,0.089844627411567
2026-08-24 12:00:00,12,NEUROSURGERY,0.8107130058646067
2026-08-24 12:00:00,12,NUTRITION,0.1243242350631074
2026-08-24 12:00:00,12,OCCUPATIONAL THERAPY,0.1798265239744083
2026-08-24 12:00:00,12,OHNS,0.8979873769242132
2026-08-24 12:00:00,12,ONCOLOGY,0.6463194992038188
2026-08-24 12:00:00,12,Ortho OPD,0.0734915622221665
2026-08-24 12:00:00,12,PAEDS,0.1581926681946801
2026-08-24 12:00:00,12,PAEDS BKKH,0.8206201056717277
2026-08-24 12:00:00,12,PALLIATIVE,0.0724360995023016
2026-08-24 12:00:00,12,PATHOLOGY,0.1581926681946801
2026-08-24 12:00:00,12,PEDIATRIC NEUROLOGY,0.1581926681946801
2026-08-24 12:00:00,12,PHYSIOTHERAPY,0.5283316324681557
2026-08-24 12:00:00,12,PRIVATE CLINIC,0.4579568854772221
2026-08-24 12:00:00,12,PSYCHOLOGY,0.3185302084174591
2026-08-24 12:00:00,12,RENAL,0.7852868434058513
2026-08-24 12:00:00,12,RESPIRATORY CENTER,0.1581926681946801
2026-08-24 12:00:00,12,SPECIALITY CLINIC,1.8813411105292677
2026-08-24 12:00:00,12,TELEMEDICINE,0.1904651018822336
2026-08-24 13:00:00,13,ADMISSION,2.401189726364662
2026-08-24 13:00:00,13,ANAESTHESIA,0.1377585700851347
2026-08-24 13:00:00,13,Audiology,0.1513734712169059
2026-08-24 13:00:00,13,CARDIOLOGY,0.0888343165837701
2026-08-24 13:00:00,13,CASUALTY,0.2025930634232608
2026-08-24 13:00:00,13,CHRONIC CARE CLINIC (DM/HTN/TB/CCC),2.0393318066559654
2026-08-24 13:00:00,13,DAYCASE,0.7854110706431628
2026-08-24 13:00:00,13,DENTAL,0.8246964823940732
2026-08-24 13:00:00,13,DIABETIC CLINIC,0.0888343165837701
2026-08-24 13:00:00,13,EYE CLINIC,0.2865117653665642
2026-08-24 13:00:00,13,FAMILY CLINIC,0.0894105626832596
2026-08-24 13:00:00,13,FAMILY MEDICINE,0.0873936951304447
2026-08-24 13:00:00,13,GENERAL OPD ,5.792693962885477
2026-08-24 13:00:00,13,Gen Surg OPD,0.3570760521426862
2026-08-24 13:00:00,13,Gynae OPD,0.0894105626832596
2026-08-24 13:00:00,13,HTS,0.1377585700851347
2026-08-24 13:00:00,13,MATERNITY NURSERY,0.0888343165837701
2026-08-24 13:00:00,13,MCH,2.0904364296985944
2026-08-24 13:00:00,13,MEB PHYSIOTHERAPY,0.1377585700851347
2026-08-24 13:00:00,13,MEB SPECIALITY CLINIC,0.4995031276980445
2026-08-24 13:00:00,13,MENTAL HEALTH,0.1377585700851347
2026-08-24 13:00:00,13,MORGUE,0.1377585700851347
2026-08-24 13:00:00,13,NEURO SURGERY CONSULTATION,0.0888343165837701
2026-08-24 13:00:00,13,NEUROSURGERY,0.46895945978595
2026-08-24 13:00:00,13,NUTRITION,0.1223205696430895
2026-08-24 13:00:00,13,OCCUPATIONAL THERAPY,0.1667724510044743
2026-08-24 13:00:00,13,OHNS,0.5037378329488055
2026-08-24 13:00:00,13,ONCOLOGY,0.3958871006508403
2026-08-24 13:00:00,13,Ortho OPD,0.0720838672483094
2026-08-24 13:00:00,13,PAEDS,0.1377585700851347
2026-08-24 13:00:00,13,PAEDS BKKH,0.4362982554961331
2026-08-24 13:00:00,13,PALLIATIVE,0.0714257886745047
2026-08-24 13:00:00,13,PATHOLOGY,0.1377585700851347
2026-08-24 13:00:00,13,PEDIATRIC NEUROLOGY,0.1377585700851347
2026-08-24 13:00:00,13,PHYSIOTHERAPY,0.2594238419172187
2026-08-24 13:00:00,13,PRIVATE CLINIC,0.2612783384916328
2026-08-24 13:00:00,13,PSYCHOLOGY,0.1920214037505841
2026-08-24 13:00:00,13,RENAL,0.3864251070247922
2026-08-24 13:00:00,13,RESPIRATORY CENTER,0.1377585700851347
2026-08-24 13:00:00,13,SPECIALITY CLINIC,0.8270657486663857
2026-08-24 13:00:00,13,TELEMEDICINE,0.1890036186707535
2026-08-24 14:00:00,14,ADMISSION,2.40617729484984
2026-08-24 14:00:00,14,ANAESTHESIA,0.1377585700851347
2026-08-24 14:00:00,14,Audiology,0.1513734712169059
2026-08-24 14:00:00,14,CARDIOLOGY,0.0888343165837701
2026-08-24 14:00:00,14,CASUALTY,0.2025930634232608
2026-08-24 14:00:00,14,CHRONIC CARE CLINIC (DM/HTN/TB/CCC),1.8214517094749616
2026-08-24 14:00:00,14,DAYCASE,0.6546330396323853
2026-08-24 14:00:00,14,DENTAL,0.8510134516302991
2026-08-24 14:00:00,14,DIABETIC CLINIC,0.0888343165837701
2026-08-24 14:00:00,14,EYE CLINIC,0.2962539849830582
2026-08-24 14:00:00,14,FAMILY CLINIC,0.0894105626832596
2026-08-24 14:00:00,14,FAMILY MEDICINE,0.0873936951304447
2026-08-24 14:00:00,14,GENERAL OPD ,5.052170008811383
2026-08-24 14:00:00,14,Gen Surg OPD,0.3570760521426862
2026-08-24 14:00:00,14,Gynae OPD,0.0894105626832596
2026-08-24 14:00:00,14,HTS,0.1377585700851347
2026-08-24 14:00:00,14,MATERNITY NURSERY,0.0888343165837701
2026-08-24 14:00:00,14,MCH,2.0632689120709444
2026-08-24 14:00:00,14,MEB PHYSIOTHERAPY,0.1377585700851347
2026-08-24 14:00:00,14,MEB SPECIALITY CLINIC,0.4478989481240758
2026-08-24 14:00:00,14,MENTAL HEALTH,0.1377585700851347
2026-08-24 14:00:00,14,MORGUE,0.1377585700851347
2026-08-24 14:00:00,14,NEURO SURGERY CONSULTATION,0.0888343165837701
2026-08-24 14:00:00,14,NEUROSURGERY,0.311190271011321
2026-08-24 14:00:00,14,NUTRITION,0.1223205696430895
2026-08-24 14:00:00,14,OCCUPATIONAL THERAPY,0.1667724510044743
2026-08-24 14:00:00,14,OHNS,0.334168714616437
2026-08-24 14:00:00,14,ONCOLOGY,0.3174918881297395
2026-08-24 14:00:00,14,Ortho OPD,0.0720838672483094
2026-08-24 14:00:00,14,PAEDS,0.1377585700851347
2026-08-24 14:00:00,14,PAEDS BKKH,0.2789909930629242
2026-08-24 14:00:00,14,PALLIATIVE,0.0714257886745047
2026-08-24 14:00:00,14,PATHOLOGY,0.1377585700851347
2026-08-24 14:00:00,14,PEDIATRIC NEUROLOGY,0.1377585700851347
2026-08-24 14:00:00,14,PHYSIOTHERAPY,0.2691660615337127
2026-08-24 14:00:00,14,PRIVATE CLINIC,0.1978248177836433
2026-08-24 14:00:00,14,PSYCHOLOGY,0.1920214037505841
2026-08-24 14:00:00,14,RENAL,0.3864251070247922
2026-08-24 14:00:00,14,RESPIRATORY CENTER,0.1377585700851347
2026-08-24 14:00:00,14,SPECIALITY CLINIC,0.4474623388946825
2026-08-24 14:00:00,14,TELEMEDICINE,0.1890036186707535
2026-08-24 15:00:00,15,ADMISSION,2.3707885741077805
2026-08-24 15:00:00,15,ANAESTHESIA,0.1365714037320299
2026-08-24 15:00:00,15,Audiology,0.1473249305822473
2026-08-24 15:00:00,15,CARDIOLOGY,0.0888343165837701
2026-08-24 15:00:00,15,CASUALTY,0.2020252185572879
2026-08-24 15:00:00,15,CHRONIC CARE CLINIC (DM/HTN/TB/CCC),1.2839411618787064
2026-08-24 15:00:00,15,DAYCASE,0.6230934959569476
2026-08-24 15:00:00,15,DENTAL,0.6059087071075909
2026-08-24 15:00:00,15,DIABETIC CLINIC,0.0888343165837701
2026-08-24 15:00:00,15,EYE CLINIC,0.2178552020027477
2026-08-24 15:00:00,15,FAMILY CLINIC,0.0894105626832596
2026-08-24 15:00:00,15,FAMILY MEDICINE,0.0873936951304447
2026-08-24 15:00:00,15,GENERAL OPD ,4.277099473369753
2026-08-24 15:00:00,15,Gen Surg OPD,0.2774392913746381
2026-08-24 15:00:00,15,Gynae OPD,0.0894105626832596
2026-08-24 15:00:00,15,HTS,0.1365714037320299
2026-08-24 15:00:00,15,MATERNITY NURSERY,0.0888343165837701
2026-08-24 15:00:00,15,MCH,1.308204522303989
2026-08-24 15:00:00,15,MEB PHYSIOTHERAPY,0.1365714037320299
2026-08-24 15:00:00,15,MEB SPECIALITY CLINIC,0.3007654842434983
2026-08-24 15:00:00,15,MENTAL HEALTH,0.1365714037320299
2026-08-24 15:00:00,15,MORGUE,0.1365714037320299
2026-08-24 15:00:00,15,NEURO SURGERY CONSULTATION,0.0888343165837701
2026-08-24 15:00:00,15,NEUROSURGERY,0.2488288119233185
2026-08-24 15:00:00,15,NUTRITION,0.1223205696430895
2026-08-24 15:00:00,15,OCCUPATIONAL THERAPY,0.1627239103698157
2026-08-24 15:00:00,15,OHNS,0.2870040996810542
2026-08-24 15:00:00,15,ONCOLOGY,0.2389254855081605
2026-08-24 15:00:00,15,Ortho OPD,0.0720838672483094
2026-08-24 15:00:00,15,PAEDS,0.1365714037320299
2026-08-24 15:00:00,15,PAEDS BKKH,0.26527209948555
2026-08-24 15:00:00,15,PALLIATIVE,0.0714257886745047
2026-08-24 15:00:00,15,PATHOLOGY,0.1365714037320299
2026-08-24 15:00:00,15,PEDIATRIC NEUROLOGY,0.1365714037320299
2026-08-24 15:00:00,15,PHYSIOTHERAPY,0.2059063805316375
2026-08-24 15:00:00,15,PRIVATE CLINIC,0.1785098938078106
2026-08-24 15:00:00,15,PSYCHOLOGY,0.1781360153558013
2026-08-24 15:00:00,15,RENAL,0.3803991711518575
2026-08-24 15:00:00,15,RESPIRATORY CENTER,0.1365714037320299
2026-08-24 15:00:00,15,SPECIALITY CLINIC,0.2939120608602504
2026-08-24 15:00:00,15,TELEMEDICINE,0.2301566952449427
2026-08-24 16:00:00,16,ADMISSION,2.122769445373225
2026-08-24 16:00:00,16,ANAESTHESIA,0.1292027264774907
2026-08-24 16:00:00,16,Audiology,0.1425676342039004
2026-08-24 16:00:00,16,CARDIOLOGY,0.0829063359237143
2026-08-24 16:00:00,16,CASUALTY,0.218475287659482
2026-08-24 16:00:00,16,CHRONIC CARE CLINIC (DM/HTN/TB/CCC),0.7240804286697811
2026-08-24 16:00:00,16,DAYCASE,0.5823373572271948
2026-08-24 16:00:00,16,DENTAL,0.2891023258857434
2026-08-24 16:00:00,16,DIABETIC CLINIC,0.0829063359237143
2026-08-24 16:00:00,16,EYE CLINIC,0.188237815663998
2026-08-24 16:00:00,16,FAMILY CLINIC,0.0834825820232038
2026-08-24 16:00:00,16,FAMILY MEDICINE,0.0843898952607462
2026-08-24 16:00:00,16,GENERAL OPD ,3.502458378641029
2026-08-24 16:00:00,16,Gen Surg OPD,0.2611565251891108
2026-08-24 16:00:00,16,Gynae OPD,0.0834825820232038
2026-08-24 16:00:00,16,HTS,0.1292027264774907
2026-08-24 16:00:00,16,MATERNITY NURSERY,0.0872153893044737
2026-08-24 16:00:00,16,MCH,0.812734342756389
2026-08-24 16:00:00,16,MEB PHYSIOTHERAPY,0.1292027264774907
2026-08-24 16:00:00,16,MEB SPECIALITY CLINIC,0.2312291889250072
2026-08-24 16:00:00,16,MENTAL HEALTH,0.1292027264774907
2026-08-24 16:00:00,16,MORGUE,0.1292027264774907
2026-08-24 16:00:00,16,NEURO SURGERY CONSULTATION,0.0829063359237143
2026-08-24 16:00:00,16,NEUROSURGERY,0.1840106838455525
2026-08-24 16:00:00,16,NUTRITION,0.1175632732647425
2026-08-24 16:00:00,16,OCCUPATIONAL THERAPY,0.1564666434553477
2026-08-24 16:00:00,16,OHNS,0.1962217035705369
2026-08-24 16:00:00,16,ONCOLOGY,0.228631162342699
2026-08-24 16:00:00,16,Ortho OPD,0.0673265708699625
2026-08-24 16:00:00,16,PAEDS,0.1292027264774907
2026-08-24 16:00:00,16,PAEDS BKKH,0.1827003599513255
2026-08-24 16:00:00,16,PALLIATIVE,0.0666684922961577
2026-08-24 16:00:00,16,PATHOLOGY,0.1292027264774907
2026-08-24 16:00:00,16,PEDIATRIC NEUROLOGY,0.1292027264774907
2026-08-24 16:00:00,16,PHYSIOTHERAPY,0.199651098434161
2026-08-24 16:00:00,16,PRIVATE CLINIC,0.1667748740478658
2026-08-24 16:00:00,16,PSYCHOLOGY,0.1531147916047764
2026-08-24 16:00:00,16,RENAL,0.3060898673695454
2026-08-24 16:00:00,16,RESPIRATORY CENTER,0.1292027264774907
2026-08-24 16:00:00,16,SPECIALITY CLINIC,0.2919192607167996
2026-08-24 16:00:00,16,TELEMEDICINE,0.2568076241237443
2026-08-24 17:00:00,17,ADMISSION,0.9529174014541136
2026-08-24 17:00:00,17,ANAESTHESIA,0.1110623273065754
2026-08-24 17:00:00,17,Audiology,0.0906456728926851
2026-08-24 17:00:00,17,CARDIOLOGY,0.0738311599480218
2026-08-24 17:00:00,17,CASUALTY,0.2340401685582848
2026-08-24 17:00:00,17,CHRONIC CARE CLINIC (DM/HTN/TB/CCC),0.2270672510337539
2026-08-24 17:00:00,17,DAYCASE,0.1732840143943413
2026-08-24 17:00:00,17,DENTAL,0.1505451450695263
2026-08-24 17:00:00,17,DIABETIC CLINIC,0.0738311599480218
2026-08-24 17:00:00,17,EYE CLINIC,0.0765220428274795
2026-08-24 17:00:00,17,FAMILY CLINIC,0.0744074060475113
2026-08-24 17:00:00,17,FAMILY MEDICINE,0.0716658099492073
2026-08-24 17:00:00,17,GENERAL OPD ,2.058010507099495
2026-08-24 17:00:00,17,Gen Surg OPD,0.1826710831402742
2026-08-24 17:00:00,17,Gynae OPD,0.0744074060475113
2026-08-24 17:00:00,17,HTS,0.1110623273065754
2026-08-24 17:00:00,17,MATERNITY NURSERY,0.077385767323148
2026-08-24 17:00:00,17,MCH,0.3187820132942173
2026-08-24 17:00:00,17,MEB PHYSIOTHERAPY,0.1110623273065754
2026-08-24 17:00:00,17,MEB SPECIALITY CLINIC,0.1466760035275492
2026-08-24 17:00:00,17,MENTAL HEALTH,0.1110623273065754
2026-08-24 17:00:00,17,MORGUE,0.1110623273065754
2026-08-24 17:00:00,17,NEURO SURGERY CONSULTATION,0.0738311599480218
2026-08-24 17:00:00,17,NEUROSURGERY,0.1126737042924849
2026-08-24 17:00:00,17,NUTRITION,0.0820432320956611
2026-08-24 17:00:00,17,OCCUPATIONAL THERAPY,0.1312610888808942
2026-08-24 17:00:00,17,OHNS,0.1271743344048255
2026-08-24 17:00:00,17,ONCOLOGY,0.1791589916846044
2026-08-24 17:00:00,17,Ortho OPD,0.0453901534269314
2026-08-24 17:00:00,17,PAEDS,0.1110623273065754
2026-08-24 17:00:00,17,PAEDS BKKH,0.0974451710781337
2026-08-24 17:00:00,17,PALLIATIVE,0.0456790515959391
2026-08-24 17:00:00,17,PATHOLOGY,0.1110623273065754
2026-08-24 17:00:00,17,PEDIATRIC NEUROLOGY,0.1110623273065754
2026-08-24 17:00:00,17,PHYSIOTHERAPY,0.1730658065220251
2026-08-24 17:00:00,17,PRIVATE CLINIC,0.0997336771586038
2026-08-24 17:00:00,17,PSYCHOLOGY,0.1024441064543337
2026-08-24 17:00:00,17,RENAL,0.2374650055276449
2026-08-24 17:00:00,17,RESPIRATORY CENTER,0.1110623273065754
2026-08-24 17:00:00,17,SPECIALITY CLINIC,0.1075580005336503
2026-08-24 17:00:00,17,TELEMEDICINE,0.1622161316343453
2026-08-24 18:00:00,18,ADMISSION,0.6762703949619264
2026-08-24 18:00:00,18,ANAESTHESIA,0.1110623273065754
2026-08-24 18:00:00,18,Audiology,0.0906456728926851
2026-08-24 18:00:00,18,CARDIOLOGY,0.0738311599480218
2026-08-24 18:00:00,18,CASUALTY,0.2240776375145192
2026-08-24 18:00:00,18,CHRONIC CARE CLINIC (DM/HTN/TB/CCC),0.15250703583437
2026-08-24 18:00:00,18,DAYCASE,0.1268884379808934
2026-08-24 18:00:00,18,DENTAL,0.0882876293871349
2026-08-24 18:00:00,18,DIABETIC CLINIC,0.0738311599480218
2026-08-24 18:00:00,18,EYE CLINIC,0.0765220428274795
2026-08-24 18:00:00,18,FAMILY CLINIC,0.0744074060475113
2026-08-24 18:00:00,18,FAMILY MEDICINE,0.071363991280008
2026-08-24 18:00:00,18,GENERAL OPD ,1.6820515312127542
2026-08-24 18:00:00,18,Gen Surg OPD,0.1617198171294226
2026-08-24 18:00:00,18,Gynae OPD,0.0744074060475113
2026-08-24 18:00:00,18,HTS,0.1110623273065754
2026-08-24 18:00:00,18,MATERNITY NURSERY,0.077385767323148
2026-08-24 18:00:00,18,MCH,0.2232530480746571
2026-08-24 18:00:00,18,MEB PHYSIOTHERAPY,0.1110623273065754
2026-08-24 18:00:00,18,MEB SPECIALITY CLINIC,0.1466760035275492
2026-08-24 18:00:00,18,MENTAL HEALTH,0.1110623273065754
2026-08-24 18:00:00,18,MORGUE,0.1110623273065754
2026-08-24 18:00:00,18,NEURO SURGERY CONSULTATION,0.0738311599480218
2026-08-24 18:00:00,18,NEUROSURGERY,0.1126737042924849
2026-08-24 18:00:00,18,NUTRITION,0.0820432320956611
2026-08-24 18:00:00,18,OCCUPATIONAL THERAPY,0.1312610888808942
2026-08-24 18:00:00,18,OHNS,0.1268228771631306
2026-08-24 18:00:00,18,ONCOLOGY,0.1791589916846044
2026-08-24 18:00:00,18,Ortho OPD,0.0450386961852365
2026-08-24 18:00:00,18,PAEDS,0.1110623273065754
2026-08-24 18:00:00,18,PAEDS BKKH,0.0970937138364388
2026-08-24 18:00:00,18,PALLIATIVE,0.0453772329267398
2026-08-24 18:00:00,18,PATHOLOGY,0.1110623273065754
2026-08-24 18:00:00,18,PEDIATRIC NEUROLOGY,0.1110623273065754
2026-08-24 18:00:00,18,PHYSIOTHERAPY,0.1631032754782596
2026-08-24 18:00:00,18,PRIVATE CLINIC,0.0997336771586038
2026-08-24 18:00:00,18,PSYCHOLOGY,0.1024441064543337
2026-08-24 18:00:00,18,RENAL,0.2176098606082428
2026-08-24 18:00:00,18,RESPIRATORY CENTER,0.1110623273065754
2026-08-24 18:00:00,18,SPECIALITY CLINIC,0.1075580005336503
2026-08-24 18:00:00,18,TELEMEDICINE,0.1567319301460025
2026-08-24 19:00:00,19,ADMISSION,0.49909956275847
2026-08-24 19:00:00,19,ANAESTHESIA,0.1110623273065754
2026-08-24 19:00:00,19,Audiology,0.0906456728926851
2026-08-24 19:00:00,19,CARDIOLOGY,0.0738311599480218
2026-08-24 19:00:00,19,CASUALTY,0.2240776375145192
2026-08-24 19:00:00,19,CHRONIC CARE CLINIC (DM/HTN/TB/CCC),0.1016331298654994
2026-08-24 19:00:00,19,DAYCASE,0.1268884379808934
2026-08-24 19:00:00,19,DENTAL,0.0882876293871349
2026-08-24 19:00:00,19,DIABETIC CLINIC,0.0738311599480218
2026-08-24 19:00:00,19,EYE CLINIC,0.0765220428274795
2026-08-24 19:00:00,19,FAMILY CLINIC,0.0744074060475113
2026-08-24 19:00:00,19,FAMILY MEDICINE,0.071363991280008
2026-08-24 19:00:00,19,GENERAL OPD ,1.1761969595191737
2026-08-24 19:00:00,19,Gen Surg OPD,0.1617198171294226
2026-08-24 19:00:00,19,Gynae OPD,0.0744074060475113
2026-08-24 19:00:00,19,HTS,0.1110623273065754
2026-08-24 19:00:00,19,MATERNITY NURSERY,0.077385767323148
2026-08-24 19:00:00,19,MCH,0.1802245460399016
2026-08-24 19:00:00,19,MEB PHYSIOTHERAPY,0.1110623273065754
2026-08-24 19:00:00,19,MEB SPECIALITY CLINIC,0.1466760035275492
2026-08-24 19:00:00,19,MENTAL HEALTH,0.1110623273065754
2026-08-24 19:00:00,19,MORGUE,0.1110623273065754
2026-08-24 19:00:00,19,NEURO SURGERY CONSULTATION,0.0738311599480218
2026-08-24 19:00:00,19,NEUROSURGERY,0.1126737042924849
2026-08-24 19:00:00,19,NUTRITION,0.0820432320956611
2026-08-24 19:00:00,19,OCCUPATIONAL THERAPY,0.1312610888808942
2026-08-24 19:00:00,19,OHNS,0.1268228771631306
2026-08-24 19:00:00,19,ONCOLOGY,0.1791589916846044
2026-08-24 19:00:00,19,Ortho OPD,0.0450386961852365
2026-08-24 19:00:00,19,PAEDS,0.1110623273065754
2026-08-24 19:00:00,19,PAEDS BKKH,0.0970937138364388
2026-08-24 19:00:00,19,PALLIATIVE,0.0453772329267398
2026-08-24 19:00:00,19,PATHOLOGY,0.1110623273065754
2026-08-24 19:00:00,19,PEDIATRIC NEUROLOGY,0.1110623273065754
2026-08-24 19:00:00,19,PHYSIOTHERAPY,0.1631032754782596
2026-08-24 19:00:00,19,PRIVATE CLINIC,0.0997336771586038
2026-08-24 19:00:00,19,PSYCHOLOGY,0.1024441064543337
2026-08-24 19:00:00,19,RENAL,0.2176098606082428
2026-08-24 19:00:00,19,RESPIRATORY CENTER,0.1110623273065754
2026-08-24 19:00:00,19,SPECIALITY CLINIC,0.1075580005336503
2026-08-24 19:00:00,19,TELEMEDICINE,0.1567319301460025
2026-08-24 20:00:00,20,ADMISSION,0.4015077709459072
2026-08-24 20:00:00,20,ANAESTHESIA,0.1110623273065754
2026-08-24 20:00:00,20,Audiology,0.0906456728926851
2026-08-24 20:00:00,20,CARDIOLOGY,0.0738311599480218
2026-08-24 20:00:00,20,CASUALTY,0.2240776375145192
2026-08-24 20:00:00,20,CHRONIC CARE CLINIC (DM/HTN/TB/CCC),0.1016331298654994
2026-08-24 20:00:00,20,DAYCASE,0.1268884379808934
2026-08-24 20:00:00,20,DENTAL,0.0882876293871349
2026-08-24 20:00:00,20,DIABETIC CLINIC,0.0738311599480218
2026-08-24 20:00:00,20,EYE CLINIC,0.0765220428274795
2026-08-24 20:00:00,20,FAMILY CLINIC,0.0744074060475113
2026-08-24 20:00:00,20,FAMILY MEDICINE,0.071363991280008
2026-08-24 20:00:00,20,GENERAL OPD ,1.1412121884057334
2026-08-24 20:00:00,20,Gen Surg OPD,0.1617198171294226
2026-08-24 20:00:00,20,Gynae OPD,0.0744074060475113
2026-08-24 20:00:00,20,HTS,0.1110623273065754
2026-08-24 20:00:00,20,MATERNITY NURSERY,0.077385767323148
2026-08-24 20:00:00,20,MCH,0.1802245460399016
2026-08-24 20:00:00,20,MEB PHYSIOTHERAPY,0.1110623273065754
2026-08-24 20:00:00,20,MEB SPECIALITY CLINIC,0.1466760035275492
2026-08-24 20:00:00,20,MENTAL HEALTH,0.1110623273065754
2026-08-24 20:00:00,20,MORGUE,0.1110623273065754
2026-08-24 20:00:00,20,NEURO SURGERY CONSULTATION,0.0738311599480218
2026-08-24 20:00:00,20,NEUROSURGERY,0.1126737042924849
2026-08-24 20:00:00,20,NUTRITION,0.0820432320956611
2026-08-24 20:00:00,20,OCCUPATIONAL THERAPY,0.1312610888808942
2026-08-24 20:00:00,20,OHNS,0.1268228771631306
2026-08-24 20:00:00,20,ONCOLOGY,0.1791589916846044
2026-08-24 20:00:00,20,Ortho OPD,0.0450386961852365
2026-08-24 20:00:00,20,PAEDS,0.1110623273065754
2026-08-24 20:00:00,20,PAEDS BKKH,0.0970937138364388
2026-08-24 20:00:00,20,PALLIATIVE,0.0453772329267398
2026-08-24 20:00:00,20,PATHOLOGY,0.1110623273065754
2026-08-24 20:00:00,20,PEDIATRIC NEUROLOGY,0.1110623273065754
2026-08-24 20:00:00,20,PHYSIOTHERAPY,0.1631032754782596
2026-08-24 20:00:00,20,PRIVATE CLINIC,0.0997336771586038
2026-08-24 20:00:00,20,PSYCHOLOGY,0.1024441064543337
2026-08-24 20:00:00,20,RENAL,0.2012727220403969
2026-08-24 20:00:00,20,RESPIRATORY CENTER,0.1110623273065754
2026-08-24 20:00:00,20,SPECIALITY CLINIC,0.1075580005336503
2026-08-24 20:00:00,20,TELEMEDICINE,0.1567319301460025
2026-08-24 21:00:00,21,ADMISSION,0.363476122017372
2026-08-24 21:00:00,21,ANAESTHESIA,0.1110623273065754
2026-08-24 21:00:00,21,Audiology,0.0906456728926851
2026-08-24 21:00:00,21,CARDIOLOGY,0.0738311599480218
2026-08-24 21:00:00,21,CASUALTY,0.2240776375145192
2026-08-24 21:00:00,21,CHRONIC CARE CLINIC (DM/HTN/TB/CCC),0.1016331298654994
2026-08-24 21:00:00,21,DAYCASE,0.1268884379808934
2026-08-24 21:00:00,21,DENTAL,0.0882876293871349
2026-08-24 21:00:00,21,DIABETIC CLINIC,0.0738311599480218
2026-08-24 21:00:00,21,EYE CLINIC,0.0765220428274795
2026-08-24 21:00:00,21,FAMILY CLINIC,0.0744074060475113
2026-08-24 21:00:00,21,FAMILY MEDICINE,0.071363991280008
2026-08-24 21:00:00,21,GENERAL OPD ,0.984243454236779
2026-08-24 21:00:00,21,Gen Surg OPD,0.1419447178392581
2026-08-24 21:00:00,21,Gynae OPD,0.0744074060475113
2026-08-24 21:00:00,21,HTS,0.1110623273065754
2026-08-24 21:00:00,21,MATERNITY NURSERY,0.077385767323148
2026-08-24 21:00:00,21,MCH,0.1715769494734429
2026-08-24 21:00:00,21,MEB PHYSIOTHERAPY,0.1110623273065754
2026-08-24 21:00:00,21,MEB SPECIALITY CLINIC,0.1466760035275492
2026-08-24 21:00:00,21,MENTAL HEALTH,0.1110623273065754
2026-08-24 21:00:00,21,MORGUE,0.1110623273065754
2026-08-24 21:00:00,21,NEURO SURGERY CONSULTATION,0.0738311599480218
2026-08-24 21:00:00,21,NEUROSURGERY,0.1126737042924849
2026-08-24 21:00:00,21,NUTRITION,0.0820432320956611
2026-08-24 21:00:00,21,OCCUPATIONAL THERAPY,0.1312610888808942
2026-08-24 21:00:00,21,OHNS,0.1268228771631306
2026-08-24 21:00:00,21,ONCOLOGY,0.1791589916846044
2026-08-24 21:00:00,21,Ortho OPD,0.0450386961852365
2026-08-24 21:00:00,21,PAEDS,0.1110623273065754
2026-08-24 21:00:00,21,PAEDS BKKH,0.0970937138364388
2026-08-24 21:00:00,21,PALLIATIVE,0.0453772329267398
2026-08-24 21:00:00,21,PATHOLOGY,0.1110623273065754
2026-08-24 21:00:00,21,PEDIATRIC NEUROLOGY,0.1110623273065754
2026-08-24 21:00:00,21,PHYSIOTHERAPY,0.1631032754782596
2026-08-24 21:00:00,21,PRIVATE CLINIC,0.0997336771586038
2026-08-24 21:00:00,21,PSYCHOLOGY,0.1024441064543337
2026-08-24 21:00:00,21,RENAL,0.2012727220403969
2026-08-24 21:00:00,21,RESPIRATORY CENTER,0.1110623273065754
2026-08-24 21:00:00,21,SPECIALITY CLINIC,0.1075580005336503
2026-08-24 21:00:00,21,TELEMEDICINE,0.1550458505493306
2026-08-24 22:00:00,22,ADMISSION,0.2582062878137848
2026-08-24 22:00:00,22,ANAESTHESIA,0.1110623273065754
2026-08-24 22:00:00,22,Audiology,0.0906456728926851
2026-08-24 22:00:00,22,CARDIOLOGY,0.0738311599480218
2026-08-24 22:00:00,22,CASUALTY,0.2238463153554137
2026-08-24 22:00:00,22,CHRONIC CARE CLINIC (DM/HTN/TB/CCC),0.1016331298654994
2026-08-24 22:00:00,22,DAYCASE,0.1268884379808934
2026-08-24 22:00:00,22,DENTAL,0.0882876293871349
2026-08-24 22:00:00,22,DIABETIC CLINIC,0.0738311599480218
2026-08-24 22:00:00,22,EYE CLINIC,0.0765220428274795
2026-08-24 22:00:00,22,FAMILY CLINIC,0.0744074060475113
2026-08-24 22:00:00,22,FAMILY MEDICINE,0.071363991280008
2026-08-24 22:00:00,22,GENERAL OPD ,0.7514861216020783
2026-08-24 22:00:00,22,Gen Surg OPD,0.1367133576128197
2026-08-24 22:00:00,22,Gynae OPD,0.0744074060475113
2026-08-24 22:00:00,22,HTS,0.1110623273065754
2026-08-24 22:00:00,22,MATERNITY NURSERY,0.077385767323148
2026-08-24 22:00:00,22,MCH,0.1713456273143374
2026-08-24 22:00:00,22,MEB PHYSIOTHERAPY,0.1110623273065754
2026-08-24 22:00:00,22,MEB SPECIALITY CLINIC,0.1466760035275492
2026-08-24 22:00:00,22,MENTAL HEALTH,0.1110623273065754
2026-08-24 22:00:00,22,MORGUE,0.1110623273065754
2026-08-24 22:00:00,22,NEURO SURGERY CONSULTATION,0.0738311599480218
2026-08-24 22:00:00,22,NEUROSURGERY,0.1126737042924849
2026-08-24 22:00:00,22,NUTRITION,0.0820432320956611
2026-08-24 22:00:00,22,OCCUPATIONAL THERAPY,0.1312610888808942
2026-08-24 22:00:00,22,OHNS,0.1268228771631306
2026-08-24 22:00:00,22,ONCOLOGY,0.1791589916846044
2026-08-24 22:00:00,22,Ortho OPD,0.0450386961852365
2026-08-24 22:00:00,22,PAEDS,0.1110623273065754
2026-08-24 22:00:00,22,PAEDS BKKH,0.0970937138364388
2026-08-24 22:00:00,22,PALLIATIVE,0.0453772329267398
2026-08-24 22:00:00,22,PATHOLOGY,0.1110623273065754
2026-08-24 22:00:00,22,PEDIATRIC NEUROLOGY,0.1110623273065754
2026-08-24 22:00:00,22,PHYSIOTHERAPY,0.1631032754782596
2026-08-24 22:00:00,22,PRIVATE CLINIC,0.0997336771586038
2026-08-24 22:00:00,22,PSYCHOLOGY,0.1024441064543337
2026-08-24 22:00:00,22,RENAL,0.2012727220403969
2026-08-24 22:00:00,22,RESPIRATORY CENTER,0.1110623273065754
2026-08-24 22:00:00,22,SPECIALITY CLINIC,0.1075580005336503
2026-08-24 22:00:00,22,TELEMEDICINE,0.1550458505493306
2026-08-24 23:00:00,23,ADMISSION,0.2582062878137848
2026-08-24 23:00:00,23,ANAESTHESIA,0.1110623273065754
2026-08-24 23:00:00,23,Audiology,0.0906456728926851
2026-08-24 23:00:00,23,CARDIOLOGY,0.0738311599480218
2026-08-24 23:00:00,23,CASUALTY,0.2238463153554137
2026-08-24 23:00:00,23,CHRONIC CARE CLINIC (DM/HTN/TB/CCC),0.1016331298654994
2026-08-24 23:00:00,23,DAYCASE,0.1268884379808934
2026-08-24 23:00:00,23,DENTAL,0.0882876293871349
2026-08-24 23:00:00,23,DIABETIC CLINIC,0.0738311599480218
2026-08-24 23:00:00,23,EYE CLINIC,0.0765220428274795
2026-08-24 23:00:00,23,FAMILY CLINIC,0.0744074060475113
2026-08-24 23:00:00,23,FAMILY MEDICINE,0.071363991280008
2026-08-24 23:00:00,23,GENERAL OPD ,0.6955791062138188
2026-08-24 23:00:00,23,Gen Surg OPD,0.1367133576128197
2026-08-24 23:00:00,23,Gynae OPD,0.0744074060475113
2026-08-24 23:00:00,23,HTS,0.1110623273065754
2026-08-24 23:00:00,23,MATERNITY NURSERY,0.077385767323148
2026-08-24 23:00:00,23,MCH,0.1713456273143374
2026-08-24 23:00:00,23,MEB PHYSIOTHERAPY,0.1110623273065754
2026-08-24 23:00:00,23,MEB SPECIALITY CLINIC,0.1466760035275492
2026-08-24 23:00:00,23,MENTAL HEALTH,0.1110623273065754
2026-08-24 23:00:00,23,MORGUE,0.1110623273065754
2026-08-24 23:00:00,23,NEURO SURGERY CONSULTATION,0.0738311599480218
2026-08-24 23:00:00,23,NEUROSURGERY,0.1126737042924849
2026-08-24 23:00:00,23,NUTRITION,0.0820432320956611
2026-08-24 23:00:00,23,OCCUPATIONAL THERAPY,0.1312610888808942
2026-08-24 23:00:00,23,OHNS,0.1268228771631306
2026-08-24 23:00:00,23,ONCOLOGY,0.1791589916846044
2026-08-24 23:00:00,23,Ortho OPD,0.0450386961852365
2026-08-24 23:00:00,23,PAEDS,0.1110623273065754
2026-08-24 23:00:00,23,PAEDS BKKH,0.0970937138364388
2026-08-24 23:00:00,23,PALLIATIVE,0.0453772329267398
2026-08-24 23:00:00,23,PATHOLOGY,0.1110623273065754
2026-08-24 23:00:00,23,PEDIATRIC NEUROLOGY,0.1110623273065754
2026-08-24 23:00:00,23,PHYSIOTHERAPY,0.1631032754782596
2026-08-24 23:00:00,23,PRIVATE CLINIC,0.0997336771586038
2026-08-24 23:00:00,23,PSYCHOLOGY,0.1024441064543337
2026-08-24 23:00:00,23,RENAL,0.2012727220403969
2026-08-24 23:00:00,23,RESPIRATORY CENTER,0.1110623273065754
2026-08-24 23:00:00,23,SPECIALITY CLINIC,0.1075580005336503
2026-08-24 23:00:00,23,TELEMEDICINE,0.1550458505493306
2026-08-25 00:00:00,0,ADMISSION,2.131462975545903
2026-08-25 00:00:00,0,ANAESTHESIA,0.1361605774393602
2026-08-25 00:00:00,0,Audiology,0.0938712128504844
2026-08-25 00:00:00,0,CARDIOLOGY,0.0706936569437508
2026-08-25 00:00:00,0,CASUALTY,0.0692454341670288
2026-08-25 00:00:00,0,CHRONIC CARE CLINIC (DM/HTN/TB/CCC),0.4529924002599646
2026-08-25 00:00:00,0,DAYCASE,0.1470871511163283
2026-08-25 00:00:00,0,DENTAL,0.1816841151069705
2026-08-25 00:00:00,0,DIABETIC CLINIC,0.0706936569437508
2026-08-25 00:00:00,0,EYE CLINIC,0.2898533781358871
2026-08-25 00:00:00,0,FAMILY CLINIC,0.070667162534256
2026-08-25 00:00:00,0,FAMILY MEDICINE,0.0754550668473461
2026-08-25 00:00:00,0,GENERAL OPD ,0.6808001760009409
2026-08-25 00:00:00,0,Gen Surg OPD,0.1576026294449467
2026-08-25 00:00:00,0,Gynae OPD,0.070667162534256
2026-08-25 00:00:00,0,HTS,0.1361605774393602
2026-08-25 00:00:00,0,MATERNITY NURSERY,0.0706936569437508
2026-08-25 00:00:00,0,MCH,0.1367114743512519
2026-08-25 00:00:00,0,MEB PHYSIOTHERAPY,0.1361605774393602
2026-08-25 00:00:00,0,MEB SPECIALITY CLINIC,0.947957788657094
2026-08-25 00:00:00,0,MENTAL HEALTH,0.1361605774393602
2026-08-25 00:00:00,0,MORGUE,0.1361605774393602
2026-08-25 00:00:00,0,NEURO SURGERY CONSULTATION,0.0706936569437508
2026-08-25 00:00:00,0,NEUROSURGERY,0.5022592785005469
2026-08-25 00:00:00,0,NUTRITION,0.0792013180098213
2026-08-25 00:00:00,0,OCCUPATIONAL THERAPY,0.1246269038002096
2026-08-25 00:00:00,0,OHNS,0.2809606591129877
2026-08-25 00:00:00,0,ONCOLOGY,0.3238388292724986
2026-08-25 00:00:00,0,Ortho OPD,0.0334880256570489
2026-08-25 00:00:00,0,PAEDS,0.1361605774393602
2026-08-25 00:00:00,0,PAEDS BKKH,0.4796239839157521
2026-08-25 00:00:00,0,PALLIATIVE,0.0308746527034316
2026-08-25 00:00:00,0,PATHOLOGY,0.1361605774393602
2026-08-25 00:00:00,0,PEDIATRIC NEUROLOGY,0.1361605774393602
2026-08-25 00:00:00,0,PHYSIOTHERAPY,0.3081202608889942
2026-08-25 00:00:00,0,PRIVATE CLINIC,0.2558122939204955
2026-08-25 00:00:00,0,PSYCHOLOGY,0.2332913948027302
2026-08-25 00:00:00,0,RENAL,0.5272209050785591
2026-08-25 00:00:00,0,RESPIRATORY CENTER,0.1361605774393602
2026-08-25 00:00:00,0,SPECIALITY CLINIC,0.6382088738836595
2026-08-25 00:00:00,0,TELEMEDICINE,0.1895339703462722
2026-08-25 01:00:00,1,ADMISSION,0.9111909429922112
2026-08-25 01:00:00,1,ANAESTHESIA,0.1361605774393602
2026-08-25 01:00:00,1,Audiology,0.0938712128504844
2026-08-25 01:00:00,1,CARDIOLOGY,0.0706936569437508
2026-08-25 01:00:00,1,CASUALTY,0.0543341447437548
2026-08-25 01:00:00,1,CHRONIC CARE CLINIC (DM/HTN/TB/CCC),0.3804901637319021
2026-08-25 01:00:00,1,DAYCASE,0.0991139200734809
2026-08-25 01:00:00,1,DENTAL,0.1402061592489874
2026-08-25 01:00:00,1,DIABETIC CLINIC,0.0706936569437508
2026-08-25 01:00:00,1,EYE CLINIC,0.2715869051849413
2026-08-25 01:00:00,1,FAMILY CLINIC,0.070667162534256
2026-08-25 01:00:00,1,FAMILY MEDICINE,0.07405852825338
2026-08-25 01:00:00,1,GENERAL OPD ,0.4341162759878516
2026-08-25 01:00:00,1,Gen Surg OPD,0.0967512305851901
2026-08-25 01:00:00,1,Gynae OPD,0.070667162534256
2026-08-25 01:00:00,1,HTS,0.1361605774393602
2026-08-25 01:00:00,1,MATERNITY NURSERY,0.0706936569437508
2026-08-25 01:00:00,1,MCH,0.038473288075686
2026-08-25 01:00:00,1,MEB PHYSIOTHERAPY,0.1361605774393602
2026-08-25 01:00:00,1,MEB SPECIALITY CLINIC,0.9193085462791556
2026-08-25 01:00:00,1,MENTAL HEALTH,0.1361605774393602
2026-08-25 01:00:00,1,MORGUE,0.1361605774393602
2026-08-25 01:00:00,1,NEURO SURGERY CONSULTATION,0.0706936569437508
2026-08-25 01:00:00,1,NEUROSURGERY,0.4839928055496009
2026-08-25 01:00:00,1,NUTRITION,0.0792013180098213
2026-08-25 01:00:00,1,OCCUPATIONAL THERAPY,0.1246269038002096
2026-08-25 01:00:00,1,OHNS,0.2475191378631595
2026-08-25 01:00:00,1,ONCOLOGY,0.3238388292724986
2026-08-25 01:00:00,1,Ortho OPD,0.0299877026152661
2026-08-25 01:00:00,1,PAEDS,0.1361605774393602
2026-08-25 01:00:00,1,PAEDS BKKH,0.4680872262658143
2026-08-25 01:00:00,1,PALLIATIVE,0.0294781141094655
2026-08-25 01:00:00,1,PATHOLOGY,0.1361605774393602
2026-08-25 01:00:00,1,PEDIATRIC NEUROLOGY,0.1361605774393602
2026-08-25 01:00:00,1,PHYSIOTHERAPY,0.2965835032390564
2026-08-25 01:00:00,1,PRIVATE CLINIC,0.2271630515425569
2026-08-25 01:00:00,1,PSYCHOLOGY,0.2150249218517843
2026-08-25 01:00:00,1,RENAL,0.5089544321276133
2026-08-25 01:00:00,1,RESPIRATORY CENTER,0.1361605774393602
2026-08-25 01:00:00,1,SPECIALITY CLINIC,0.6095596315057211
2026-08-25 01:00:00,1,TELEMEDICINE,0.1645614778865285
2026-08-25 02:00:00,2,ADMISSION,0.4730820155354714
2026-08-25 02:00:00,2,ANAESTHESIA,0.1290387319658908
2026-08-25 02:00:00,2,Audiology,0.0703706956553622
2026-08-25 02:00:00,2,CARDIOLOGY,0.0635718114702815
2026-08-25 02:00:00,2,CASUALTY,0.0280322075466253
2026-08-25 02:00:00,2,CHRONIC CARE CLINIC (DM/HTN/TB/CCC),0.3570158701988672
2026-08-25 02:00:00,2,DAYCASE,0.1059365587119378
2026-08-25 02:00:00,2,DENTAL,0.1081023055211453
2026-08-25 02:00:00,2,DIABETIC CLINIC,0.0635718114702815
2026-08-25 02:00:00,2,EYE CLINIC,0.2338289817875616
2026-08-25 02:00:00,2,FAMILY CLINIC,0.0635453170607867
2026-08-25 02:00:00,2,FAMILY MEDICINE,0.055153903142497
2026-08-25 02:00:00,2,GENERAL OPD ,0.3483899776859545
2026-08-25 02:00:00,2,Gen Surg OPD,0.0817246267611014
2026-08-25 02:00:00,2,Gynae OPD,0.0635453170607867
2026-08-25 02:00:00,2,HTS,0.1290387319658908
2026-08-25 02:00:00,2,MATERNITY NURSERY,0.0635718114702815
2026-08-25 02:00:00,2,MCH,0.0
2026-08-25 02:00:00,2,MEB PHYSIOTHERAPY,0.1290387319658908
2026-08-25 02:00:00,2,MEB SPECIALITY CLINIC,1.1296044336450803
2026-08-25 02:00:00,2,MENTAL HEALTH,0.1290387319658908
2026-08-25 02:00:00,2,MORGUE,0.1290387319658908
2026-08-25 02:00:00,2,NEURO SURGERY CONSULTATION,0.0635718114702815
2026-08-25 02:00:00,2,NEUROSURGERY,0.4911195954568605
2026-08-25 02:00:00,2,NUTRITION,0.0709277592780135
2026-08-25 02:00:00,2,OCCUPATIONAL THERAPY,0.1165158401741686
2026-08-25 02:00:00,2,OHNS,0.2415249391369854
2026-08-25 02:00:00,2,ONCOLOGY,0.3335494610538014
2026-08-25 02:00:00,2,Ortho OPD,0.0
2026-08-25 02:00:00,2,PAEDS,0.1290387319658908
2026-08-25 02:00:00,2,PAEDS BKKH,0.4435367048400554
2026-08-25 02:00:00,2,PALLIATIVE,0.0085883023139984
2026-08-25 02:00:00,2,PATHOLOGY,0.1290387319658908
2026-08-25 02:00:00,2,PEDIATRIC NEUROLOGY,0.1290387319658908
2026-08-25 02:00:00,2,PHYSIOTHERAPY,0.2763302927860668
2026-08-25 02:00:00,2,PRIVATE CLINIC,0.2210222923697531
2026-08-25 02:00:00,2,PSYCHOLOGY,0.1917097572050237
2026-08-25 02:00:00,2,RENAL,0.4845471598066657
2026-08-25 02:00:00,2,RESPIRATORY CENTER,0.1290387319658908
2026-08-25 02:00:00,2,SPECIALITY CLINIC,0.6293274645165146
2026-08-25 02:00:00,2,TELEMEDICINE,0.1288931832664854
2026-08-25 03:00:00,3,ADMISSION,0.4283755359957126
2026-08-25 03:00:00,3,ANAESTHESIA,0.1290387319658908
2026-08-25 03:00:00,3,Audiology,0.0703706956553622
2026-08-25 03:00:00,3,CARDIOLOGY,0.0635718114702815
2026-08-25 03:00:00,3,CASUALTY,0.0246841529404039
2026-08-25 03:00:00,3,CHRONIC CARE CLINIC (DM/HTN/TB/CCC),0.3553776415544832
2026-08-25 03:00:00,3,DAYCASE,0.1059365587119378
2026-08-25 03:00:00,3,DENTAL,0.1081023055211453
2026-08-25 03:00:00,3,DIABETIC CLINIC,0.0635718114702815
2026-08-25 03:00:00,3,EYE CLINIC,0.2338289817875616
2026-08-25 03:00:00,3,FAMILY CLINIC,0.0635453170607867
2026-08-25 03:00:00,3,FAMILY MEDICINE,0.055153903142497
2026-08-25 03:00:00,3,GENERAL OPD ,0.3718243603394894
2026-08-25 03:00:00,3,Gen Surg OPD,0.0853099577538605
2026-08-25 03:00:00,3,Gynae OPD,0.0635453170607867
2026-08-25 03:00:00,3,HTS,0.1290387319658908
2026-08-25 03:00:00,3,MATERNITY NURSERY,0.0635718114702815
2026-08-25 03:00:00,3,MCH,0.0898011446415112
2026-08-25 03:00:00,3,MEB PHYSIOTHERAPY,0.1290387319658908
2026-08-25 03:00:00,3,MEB SPECIALITY CLINIC,1.1409297449021754
2026-08-25 03:00:00,3,MENTAL HEALTH,0.1290387319658908
2026-08-25 03:00:00,3,MORGUE,0.1290387319658908
2026-08-25 03:00:00,3,NEURO SURGERY CONSULTATION,0.0635718114702815
2026-08-25 03:00:00,3,NEUROSURGERY,0.4911195954568605
2026-08-25 03:00:00,3,NUTRITION,0.0709277592780135
2026-08-25 03:00:00,3,OCCUPATIONAL THERAPY,0.1165158401741686
2026-08-25 03:00:00,3,OHNS,0.2415249391369854
2026-08-25 03:00:00,3,ONCOLOGY,0.3335494610538014
2026-08-25 03:00:00,3,Ortho OPD,0.1342947519105664
2026-08-25 03:00:00,3,PAEDS,0.1290387319658908
2026-08-25 03:00:00,3,PAEDS BKKH,0.4435367048400554
2026-08-25 03:00:00,3,PALLIATIVE,0.0085883023139984
2026-08-25 03:00:00,3,PATHOLOGY,0.1290387319658908
2026-08-25 03:00:00,3,PEDIATRIC NEUROLOGY,0.1290387319658908
2026-08-25 03:00:00,3,PHYSIOTHERAPY,0.2763302927860668
2026-08-25 03:00:00,3,PRIVATE CLINIC,0.2210222923697531
2026-08-25 03:00:00,3,PSYCHOLOGY,0.1917097572050237
2026-08-25 03:00:00,3,RENAL,0.5763352205373335
2026-08-25 03:00:00,3,RESPIRATORY CENTER,0.1290387319658908
2026-08-25 03:00:00,3,SPECIALITY CLINIC,0.8133445611701432
2026-08-25 03:00:00,3,TELEMEDICINE,0.1288931832664854
2026-08-25 04:00:00,4,ADMISSION,0.4756264740340067
2026-08-25 04:00:00,4,ANAESTHESIA,0.1312881342274892
2026-08-25 04:00:00,4,Audiology,0.0565013471931351
2026-08-25 04:00:00,4,CARDIOLOGY,0.0658212137318799
2026-08-25 04:00:00,4,CASUALTY,0.0269335552020023
2026-08-25 04:00:00,4,CHRONIC CARE CLINIC (DM/HTN/TB/CCC),0.377152986976388
2026-08-25 04:00:00,4,DAYCASE,0.1081859609735362
2026-08-25 04:00:00,4,DENTAL,0.0676727523659615
2026-08-25 04:00:00,4,DIABETIC CLINIC,0.0658212137318799
2026-08-25 04:00:00,4,EYE CLINIC,0.1933994286323778
2026-08-25 04:00:00,4,FAMILY CLINIC,0.0657947193223851
2026-08-25 04:00:00,4,FAMILY MEDICINE,0.0574033054040954
2026-08-25 04:00:00,4,GENERAL OPD ,0.4277644336231684
2026-08-25 04:00:00,4,Gen Surg OPD,0.0942431834941927
2026-08-25 04:00:00,4,Gynae OPD,0.0657947193223851
2026-08-25 04:00:00,4,HTS,0.1312881342274892
2026-08-25 04:00:00,4,MATERNITY NURSERY,0.0658212137318799
2026-08-25 04:00:00,4,MCH,0.0
2026-08-25 04:00:00,4,MEB PHYSIOTHERAPY,0.1312881342274892
2026-08-25 04:00:00,4,MEB SPECIALITY CLINIC,1.333430494663155
2026-08-25 04:00:00,4,MENTAL HEALTH,0.1312881342274892
2026-08-25 04:00:00,4,MORGUE,0.1312881342274892
2026-08-25 04:00:00,4,NEURO SURGERY CONSULTATION,0.0658212137318799
2026-08-25 04:00:00,4,NEUROSURGERY,0.4933689977184588
2026-08-25 04:00:00,4,NUTRITION,0.0570584108157865
2026-08-25 04:00:00,4,OCCUPATIONAL THERAPY,0.1103309462395369
2026-08-25 04:00:00,4,OHNS,0.2213495512680229
2026-08-25 04:00:00,4,ONCOLOGY,0.3982939352596634
2026-08-25 04:00:00,4,Ortho OPD,0.0
2026-08-25 04:00:00,4,PAEDS,0.1312881342274892
2026-08-25 04:00:00,4,PAEDS BKKH,0.4880270137596955
2026-08-25 04:00:00,4,PALLIATIVE,0.0108377045755967
2026-08-25 04:00:00,4,PATHOLOGY,0.1312881342274892
2026-08-25 04:00:00,4,PEDIATRIC NEUROLOGY,0.1312881342274892
2026-08-25 04:00:00,4,PHYSIOTHERAPY,0.2359007396308827
2026-08-25 04:00:00,4,PRIVATE CLINIC,0.2008469045007906
2026-08-25 04:00:00,4,PSYCHOLOGY,0.185524863270392
2026-08-25 04:00:00,4,RENAL,0.5577507871870347
2026-08-25 04:00:00,4,RESPIRATORY CENTER,0.1312881342274892
2026-08-25 04:00:00,4,SPECIALITY CLINIC,1.1042836250722814
2026-08-25 04:00:00,4,TELEMEDICINE,0.1311425855280837
2026-08-25 05:00:00,5,ADMISSION,0.4342316432771089
2026-08-25 05:00:00,5,ANAESTHESIA,0.1213001121769239
2026-08-25 05:00:00,5,Audiology,0.0690002212596964
2026-08-25 05:00:00,5,CARDIOLOGY,0.0558331916813145
2026-08-25 05:00:00,5,CASUALTY,0.0469513268792961
2026-08-25 05:00:00,5,CHRONIC CARE CLINIC (DM/HTN/TB/CCC),0.4030972822813168
2026-08-25 05:00:00,5,DAYCASE,0.0924917532875533
2026-08-25 05:00:00,5,DENTAL,0.0
2026-08-25 05:00:00,5,DIABETIC CLINIC,0.0558331916813145
2026-08-25 05:00:00,5,EYE CLINIC,0.215763080149678
2026-08-25 05:00:00,5,FAMILY CLINIC,0.0558066972718197
2026-08-25 05:00:00,5,FAMILY MEDICINE,0.0474152833535301
2026-08-25 05:00:00,5,GENERAL OPD ,1.6351798271985958
2026-08-25 05:00:00,5,Gen Surg OPD,0.1303998595265794
2026-08-25 05:00:00,5,Gynae OPD,0.0558066972718197
2026-08-25 05:00:00,5,HTS,0.1213001121769239
2026-08-25 05:00:00,5,MATERNITY NURSERY,0.0558331916813145
2026-08-25 05:00:00,5,MCH,0.1880485189250789
2026-08-25 05:00:00,5,MEB PHYSIOTHERAPY,0.1213001121769239
2026-08-25 05:00:00,5,MEB SPECIALITY CLINIC,2.3040911940626967
2026-08-25 05:00:00,5,MENTAL HEALTH,0.1213001121769239
2026-08-25 05:00:00,5,MORGUE,0.1213001121769239
2026-08-25 05:00:00,5,NEURO SURGERY CONSULTATION,0.0558331916813145
2026-08-25 05:00:00,5,NEUROSURGERY,0.593505186079655
2026-08-25 05:00:00,5,NUTRITION,0.0383576901938029
2026-08-25 05:00:00,5,OCCUPATIONAL THERAPY,0.0967652011505775
2026-08-25 05:00:00,5,OHNS,0.1655259768124994
2026-08-25 05:00:00,5,ONCOLOGY,0.492707351040359
2026-08-25 05:00:00,5,Ortho OPD,0.1265561321215996
2026-08-25 05:00:00,5,PAEDS,0.1213001121769239
2026-08-25 05:00:00,5,PAEDS BKKH,0.5674868607346121
2026-08-25 05:00:00,5,PALLIATIVE,0.0008496825250314
2026-08-25 05:00:00,5,PATHOLOGY,0.1213001121769239
2026-08-25 05:00:00,5,PEDIATRIC NEUROLOGY,0.1213001121769239
2026-08-25 05:00:00,5,PHYSIOTHERAPY,0.2512514632376308
2026-08-25 05:00:00,5,PRIVATE CLINIC,0.2281169157638868
2026-08-25 05:00:00,5,PSYCHOLOGY,0.1231398022770173
2026-08-25 05:00:00,5,RENAL,0.727974810888045
2026-08-25 05:00:00,5,RESPIRATORY CENTER,0.1213001121769239
2026-08-25 05:00:00,5,SPECIALITY CLINIC,1.971139576891309
2026-08-25 05:00:00,5,TELEMEDICINE,0.1220886957364938
2026-08-25 06:00:00,6,ADMISSION,0.8098617136611258
2026-08-25 06:00:00,6,ANAESTHESIA,0.2289492860939425
2026-08-25 06:00:00,6,Audiology,0.1805910513180019
2026-08-25 06:00:00,6,CARDIOLOGY,0.1634823655983326
2026-08-25 06:00:00,6,CASUALTY,0.1165666814790644
2026-08-25 06:00:00,6,CHRONIC CARE CLINIC (DM/HTN/TB/CCC),1.0946575933527507
2026-08-25 06:00:00,6,DAYCASE,0.2513966445027489
2026-08-25 06:00:00,6,DENTAL,0.5457912997047383
2026-08-25 06:00:00,6,DIABETIC CLINIC,0.1634823655983326
2026-08-25 06:00:00,6,EYE CLINIC,0.3417942951238465
2026-08-25 06:00:00,6,FAMILY CLINIC,0.1634558711888378
2026-08-25 06:00:00,6,FAMILY MEDICINE,0.1509358664891073
2026-08-25 06:00:00,6,GENERAL OPD ,4.48316380875357
2026-08-25 06:00:00,6,Gen Surg OPD,0.2837288891275704
2026-08-25 06:00:00,6,Gynae OPD,0.1634558711888378
2026-08-25 06:00:00,6,HTS,0.2289492860939425
2026-08-25 06:00:00,6,MATERNITY NURSERY,0.1634823655983326
2026-08-25 06:00:00,6,MCH,0.4968026589218082
2026-08-25 06:00:00,6,MEB PHYSIOTHERAPY,0.2289492860939425
2026-08-25 06:00:00,6,MEB SPECIALITY CLINIC,4.9981095124910375
2026-08-25 06:00:00,6,MENTAL HEALTH,0.2289492860939425
2026-08-25 06:00:00,6,MORGUE,0.2289492860939425
2026-08-25 06:00:00,6,NEURO SURGERY CONSULTATION,0.1634823655983326
2026-08-25 06:00:00,6,NEUROSURGERY,1.3853866948957403
2026-08-25 06:00:00,6,NUTRITION,0.1274335616585682
2026-08-25 06:00:00,6,OCCUPATIONAL THERAPY,0.2283428502822976
2026-08-25 06:00:00,6,OHNS,0.4699535615657234
2026-08-25 06:00:00,6,ONCOLOGY,1.1611715871976722
2026-08-25 06:00:00,6,Ortho OPD,0.0650864625141751
2026-08-25 06:00:00,6,PAEDS,0.2289492860939425
2026-08-25 06:00:00,6,PAEDS BKKH,1.0413264083060214
2026-08-25 06:00:00,6,PALLIATIVE,0.1085343022110601
2026-08-25 06:00:00,6,PATHOLOGY,0.2289492860939425
2026-08-25 06:00:00,6,PEDIATRIC NEUROLOGY,0.2289492860939425
2026-08-25 06:00:00,6,PHYSIOTHERAPY,0.5245731153878809
2026-08-25 06:00:00,6,PRIVATE CLINIC,0.3536424162574387
2026-08-25 06:00:00,6,PSYCHOLOGY,0.2681234908315791
2026-08-25 06:00:00,6,RENAL,1.122125546839571
2026-08-25 06:00:00,6,RESPIRATORY CENTER,0.2289492860939425
2026-08-25 06:00:00,6,SPECIALITY CLINIC,4.011348276848152
2026-08-25 06:00:00,6,TELEMEDICINE,0.2044697844002293
2026-08-25 07:00:00,7,ADMISSION,1.5362421330143348
2026-08-25 07:00:00,7,ANAESTHESIA,0.2367679175890668
2026-08-25 07:00:00,7,Audiology,0.3345202440127808
2026-08-25 07:00:00,7,CARDIOLOGY,0.1713009970934568
2026-08-25 07:00:00,7,CASUALTY,0.1970696719831349
2026-08-25 07:00:00,7,CHRONIC CARE CLINIC (DM/HTN/TB/CCC),2.979626382625334
2026-08-25 07:00:00,7,DAYCASE,0.6853812996206219
2026-08-25 07:00:00,7,DENTAL,1.1667114498355968
2026-08-25 07:00:00,7,DIABETIC CLINIC,0.1713009970934568
2026-08-25 07:00:00,7,EYE CLINIC,1.129237318536811
2026-08-25 07:00:00,7,FAMILY CLINIC,0.1712745026839621
2026-08-25 07:00:00,7,FAMILY MEDICINE,0.1587544979842316
2026-08-25 07:00:00,7,GENERAL OPD ,12.67676016209837
2026-08-25 07:00:00,7,Gen Surg OPD,0.8231490936543959
2026-08-25 07:00:00,7,Gynae OPD,0.1712745026839621
2026-08-25 07:00:00,7,HTS,0.2367679175890668
2026-08-25 07:00:00,7,MATERNITY NURSERY,0.1713009970934568
2026-08-25 07:00:00,7,MCH,1.7219403858287998
2026-08-25 07:00:00,7,MEB PHYSIOTHERAPY,0.2367679175890668
2026-08-25 07:00:00,7,MEB SPECIALITY CLINIC,8.355097812207006
2026-08-25 07:00:00,7,MENTAL HEALTH,0.2367679175890668
2026-08-25 07:00:00,7,MORGUE,0.2367679175890668
2026-08-25 07:00:00,7,NEURO SURGERY CONSULTATION,0.1713009970934568
2026-08-25 07:00:00,7,NEUROSURGERY,1.5716327387262623
2026-08-25 07:00:00,7,NUTRITION,0.1905796381954536
2026-08-25 07:00:00,7,OCCUPATIONAL THERAPY,0.473651324058021
2026-08-25 07:00:00,7,OHNS,1.4269201290747433
2026-08-25 07:00:00,7,ONCOLOGY,4.068568622331126
2026-08-25 07:00:00,7,Ortho OPD,0.0735962670757041
2026-08-25 07:00:00,7,PAEDS,0.2367679175890668
2026-08-25 07:00:00,7,PAEDS BKKH,2.3825192557564603
2026-08-25 07:00:00,7,PALLIATIVE,0.1170441067725889
2026-08-25 07:00:00,7,PATHOLOGY,0.2367679175890668
2026-08-25 07:00:00,7,PEDIATRIC NEUROLOGY,0.2367679175890668
2026-08-25 07:00:00,7,PHYSIOTHERAPY,1.4562498055921669
2026-08-25 07:00:00,7,PRIVATE CLINIC,0.9557288927260572
2026-08-25 07:00:00,7,PSYCHOLOGY,0.3893669824426614
2026-08-25 07:00:00,7,RENAL,2.2492249370990978
2026-08-25 07:00:00,7,RESPIRATORY CENTER,0.2367679175890668
2026-08-25 07:00:00,7,SPECIALITY CLINIC,7.870805771668246
2026-08-25 07:00:00,7,TELEMEDICINE,0.2337152925358474
2026-08-25 08:00:00,8,ADMISSION,2.892756980927075
2026-08-25 08:00:00,8,ANAESTHESIA,0.3024976860070337
2026-08-25 08:00:00,8,Audiology,0.6346403384303602
2026-08-25 08:00:00,8,CARDIOLOGY,0.2329918658714986
2026-08-25 08:00:00,8,CASUALTY,0.46177359065163
2026-08-25 08:00:00,8,CHRONIC CARE CLINIC (DM/HTN/TB/CCC),8.364233104400586
2026-08-25 08:00:00,8,DAYCASE,1.2370228166623642
2026-08-25 08:00:00,8,DENTAL,3.451724104748932
2026-08-25 08:00:00,8,DIABETIC CLINIC,0.2329918658714986
2026-08-25 08:00:00,8,EYE CLINIC,2.290533241337271
2026-08-25 08:00:00,8,FAMILY CLINIC,0.2360721182492475
2026-08-25 08:00:00,8,FAMILY MEDICINE,0.2378792824514014
2026-08-25 08:00:00,8,GENERAL OPD ,21.455858223410388
2026-08-25 08:00:00,8,Gen Surg OPD,1.2659676256016716
2026-08-25 08:00:00,8,Gynae OPD,0.2360721182492475
2026-08-25 08:00:00,8,HTS,0.3024976860070337
2026-08-25 08:00:00,8,MATERNITY NURSERY,0.2329918658714986
2026-08-25 08:00:00,8,MCH,7.538993722202832
2026-08-25 08:00:00,8,MEB PHYSIOTHERAPY,0.3024976860070337
2026-08-25 08:00:00,8,MEB SPECIALITY CLINIC,16.768764606060042
2026-08-25 08:00:00,8,MENTAL HEALTH,0.3024976860070337
2026-08-25 08:00:00,8,MORGUE,0.3024976860070337
2026-08-25 08:00:00,8,NEURO SURGERY CONSULTATION,0.2329918658714986
2026-08-25 08:00:00,8,NEUROSURGERY,3.604125331975738
2026-08-25 08:00:00,8,NUTRITION,0.4007918247304009
2026-08-25 08:00:00,8,OCCUPATIONAL THERAPY,0.5809082349334761
2026-08-25 08:00:00,8,OHNS,3.0365603994705026
2026-08-25 08:00:00,8,ONCOLOGY,10.970434527341675
2026-08-25 08:00:00,8,Ortho OPD,0.2281528700351401
2026-08-25 08:00:00,8,PAEDS,0.3024976860070337
2026-08-25 08:00:00,8,PAEDS BKKH,4.845594511263313
2026-08-25 08:00:00,8,PALLIATIVE,0.2266701655559174
2026-08-25 08:00:00,8,PATHOLOGY,0.3024976860070337
2026-08-25 08:00:00,8,PEDIATRIC NEUROLOGY,0.3024976860070337
2026-08-25 08:00:00,8,PHYSIOTHERAPY,2.453321883140971
2026-08-25 08:00:00,8,PRIVATE CLINIC,1.5955831963414573
2026-08-25 08:00:00,8,PSYCHOLOGY,0.7079281506330903
2026-08-25 08:00:00,8,RENAL,6.82275097209827
2026-08-25 08:00:00,8,RESPIRATORY CENTER,0.3024976860070337
2026-08-25 08:00:00,8,SPECIALITY CLINIC,13.535297783142726
2026-08-25 08:00:00,8,TELEMEDICINE,0.3631010921938923
2026-08-25 09:00:00,9,ADMISSION,3.560657428867163
2026-08-25 09:00:00,9,ANAESTHESIA,0.3004150791661296
2026-08-25 09:00:00,9,Audiology,0.5747837929491348
2026-08-25 09:00:00,9,CARDIOLOGY,0.2309092590305942
2026-08-25 09:00:00,9,CASUALTY,0.481963118283967
2026-08-25 09:00:00,9,CHRONIC CARE CLINIC (DM/HTN/TB/CCC),8.802571846450803
2026-08-25 09:00:00,9,DAYCASE,1.3943823381726457
2026-08-25 09:00:00,9,DENTAL,4.331056210317825
2026-08-25 09:00:00,9,DIABETIC CLINIC,0.2309092590305942
2026-08-25 09:00:00,9,EYE CLINIC,2.211854604398376
2026-08-25 09:00:00,9,FAMILY CLINIC,0.2339895114083433
2026-08-25 09:00:00,9,FAMILY MEDICINE,0.2357966756104973
2026-08-25 09:00:00,9,GENERAL OPD ,22.214657704150547
2026-08-25 09:00:00,9,Gen Surg OPD,1.195978963887398
2026-08-25 09:00:00,9,Gynae OPD,0.2339895114083433
2026-08-25 09:00:00,9,HTS,0.3004150791661296
2026-08-25 09:00:00,9,MATERNITY NURSERY,0.2309092590305942
2026-08-25 09:00:00,9,MCH,8.101870551765396
2026-08-25 09:00:00,9,MEB PHYSIOTHERAPY,0.3004150791661296
2026-08-25 09:00:00,9,MEB SPECIALITY CLINIC,11.194557559707842
2026-08-25 09:00:00,9,MENTAL HEALTH,0.3004150791661296
2026-08-25 09:00:00,9,MORGUE,0.3004150791661296
2026-08-25 09:00:00,9,NEURO SURGERY CONSULTATION,0.2309092590305942
2026-08-25 09:00:00,9,NEUROSURGERY,4.056855733425774
2026-08-25 09:00:00,9,NUTRITION,0.376527667105568
2026-08-25 09:00:00,9,OCCUPATIONAL THERAPY,0.5457027607249392
2026-08-25 09:00:00,9,OHNS,3.04520296407364
2026-08-25 09:00:00,9,ONCOLOGY,7.367133853251721
2026-08-25 09:00:00,9,Ortho OPD,0.2260702631942359
2026-08-25 09:00:00,9,PAEDS,0.3004150791661296
2026-08-25 09:00:00,9,PAEDS BKKH,3.9073931214839903
2026-08-25 09:00:00,9,PALLIATIVE,0.2245875587150133
2026-08-25 09:00:00,9,PATHOLOGY,0.3004150791661296
2026-08-25 09:00:00,9,PEDIATRIC NEUROLOGY,0.3004150791661296
2026-08-25 09:00:00,9,PHYSIOTHERAPY,2.5051324759231477
2026-08-25 09:00:00,9,PRIVATE CLINIC,1.6496425251366915
2026-08-25 09:00:00,9,PSYCHOLOGY,0.6597753273680629
2026-08-25 09:00:00,9,RENAL,0.9545620912841088
2026-08-25 09:00:00,9,RESPIRATORY CENTER,0.3004150791661296
2026-08-25 09:00:00,9,SPECIALITY CLINIC,10.440930391164526
2026-08-25 09:00:00,9,TELEMEDICINE,0.3611957846275725
2026-08-25 10:00:00,10,ADMISSION,3.4440467800848977
2026-08-25 10:00:00,10,ANAESTHESIA,0.2020983140727082
2026-08-25 10:00:00,10,Audiology,0.4700667990818012
2026-08-25 10:00:00,10,CARDIOLOGY,0.1325924939371732
2026-08-25 10:00:00,10,CASUALTY,0.3905827543779578
2026-08-25 10:00:00,10,CHRONIC CARE CLINIC (DM/HTN/TB/CCC),6.922487450933477
2026-08-25 10:00:00,10,DAYCASE,1.2339592755724098
2026-08-25 10:00:00,10,DENTAL,3.3770466649031894
2026-08-25 10:00:00,10,DIABETIC CLINIC,0.1325924939371732
2026-08-25 10:00:00,10,EYE CLINIC,1.3699131821859467
2026-08-25 10:00:00,10,FAMILY CLINIC,0.1331687400366627
2026-08-25 10:00:00,10,FAMILY MEDICINE,0.1311518724838478
2026-08-25 10:00:00,10,GENERAL OPD ,14.999867204211508
2026-08-25 10:00:00,10,Gen Surg OPD,0.7967330733253561
2026-08-25 10:00:00,10,Gynae OPD,0.1331687400366627
2026-08-25 10:00:00,10,HTS,0.2020983140727082
2026-08-25 10:00:00,10,MATERNITY NURSERY,0.1325924939371732
2026-08-25 10:00:00,10,MCH,7.443057294861955
2026-08-25 10:00:00,10,MEB PHYSIOTHERAPY,0.2020983140727082
2026-08-25 10:00:00,10,MEB SPECIALITY CLINIC,5.881848480634892
2026-08-25 10:00:00,10,MENTAL HEALTH,0.2020983140727082
2026-08-25 10:00:00,10,MORGUE,0.2020983140727082
2026-08-25 10:00:00,10,NEURO SURGERY CONSULTATION,0.1325924939371732
2026-08-25 10:00:00,10,NEUROSURGERY,2.8997155730600017
2026-08-25 10:00:00,10,NUTRITION,0.2244189850452569
2026-08-25 10:00:00,10,OCCUPATIONAL THERAPY,0.4958591529906309
2026-08-25 10:00:00,10,OHNS,2.259543008051581
2026-08-25 10:00:00,10,ONCOLOGY,3.424346081161744
2026-08-25 10:00:00,10,Ortho OPD,0.1214254600675868
2026-08-25 10:00:00,10,PAEDS,0.2020983140727082
2026-08-25 10:00:00,10,PAEDS BKKH,2.490778602354718
2026-08-25 10:00:00,10,PALLIATIVE,0.1199427555883641
2026-08-25 10:00:00,10,PATHOLOGY,0.2020983140727082
2026-08-25 10:00:00,10,PEDIATRIC NEUROLOGY,0.2020983140727082
2026-08-25 10:00:00,10,PHYSIOTHERAPY,1.3133541797938273
2026-08-25 10:00:00,10,PRIVATE CLINIC,0.8115203972839682
2026-08-25 10:00:00,10,PSYCHOLOGY,0.5831374641746341
2026-08-25 10:00:00,10,RENAL,0.6265319933469624
2026-08-25 10:00:00,10,RESPIRATORY CENTER,0.2020983140727082
2026-08-25 10:00:00,10,SPECIALITY CLINIC,4.695027739180579
2026-08-25 10:00:00,10,TELEMEDICINE,0.2565509815009232
2026-08-25 11:00:00,11,ADMISSION,3.3290405136167074
2026-08-25 11:00:00,11,ANAESTHESIA,0.202185923320447
2026-08-25 11:00:00,11,Audiology,0.4105639328702249
2026-08-25 11:00:00,11,CARDIOLOGY,0.1326801031849119
2026-08-25 11:00:00,11,CASUALTY,0.2847783109815142
2026-08-25 11:00:00,11,CHRONIC CARE CLINIC (DM/HTN/TB/CCC),5.728676947434953
2026-08-25 11:00:00,11,DAYCASE,1.263351001275997
2026-08-25 11:00:00,11,DENTAL,2.465775253579808
2026-08-25 11:00:00,11,DIABETIC CLINIC,0.1326801031849119
2026-08-25 11:00:00,11,EYE CLINIC,1.1530866721941293
2026-08-25 11:00:00,11,FAMILY CLINIC,0.1332563492844015
2026-08-25 11:00:00,11,FAMILY MEDICINE,0.1312394817315866
2026-08-25 11:00:00,11,GENERAL OPD ,14.683670406854638
2026-08-25 11:00:00,11,Gen Surg OPD,0.6973895430753242
2026-08-25 11:00:00,11,Gynae OPD,0.1332563492844015
2026-08-25 11:00:00,11,HTS,0.202185923320447
2026-08-25 11:00:00,11,MATERNITY NURSERY,0.1326801031849119
2026-08-25 11:00:00,11,MCH,7.0710133933620245
2026-08-25 11:00:00,11,MEB PHYSIOTHERAPY,0.202185923320447
2026-08-25 11:00:00,11,MEB SPECIALITY CLINIC,3.09995275853664
2026-08-25 11:00:00,11,MENTAL HEALTH,0.202185923320447
2026-08-25 11:00:00,11,MORGUE,0.202185923320447
2026-08-25 11:00:00,11,NEURO SURGERY CONSULTATION,0.1326801031849119
2026-08-25 11:00:00,11,NEUROSURGERY,1.8461821831285097
2026-08-25 11:00:00,11,NUTRITION,0.2042343022232905
2026-08-25 11:00:00,11,OCCUPATIONAL THERAPY,0.3632853209701399
2026-08-25 11:00:00,11,OHNS,1.6603367487867435
2026-08-25 11:00:00,11,ONCOLOGY,1.7099024149727866
2026-08-25 11:00:00,11,Ortho OPD,0.1215130693153255
2026-08-25 11:00:00,11,PAEDS,0.202185923320447
2026-08-25 11:00:00,11,PAEDS BKKH,1.6179589317646728
2026-08-25 11:00:00,11,PALLIATIVE,0.1200303648361029
2026-08-25 11:00:00,11,PATHOLOGY,0.202185923320447
2026-08-25 11:00:00,11,PEDIATRIC NEUROLOGY,0.202185923320447
2026-08-25 11:00:00,11,PHYSIOTHERAPY,1.0022368433375846
2026-08-25 11:00:00,11,PRIVATE CLINIC,0.6597108160470653
2026-08-25 11:00:00,11,PSYCHOLOGY,0.5185564273184181
2026-08-25 11:00:00,11,RENAL,0.7635691520364734
2026-08-25 11:00:00,11,RESPIRATORY CENTER,0.202185923320447
2026-08-25 11:00:00,11,SPECIALITY CLINIC,2.6367922759442783
2026-08-25 11:00:00,11,TELEMEDICINE,0.2490018167289489
2026-08-25 12:00:00,12,ADMISSION,3.040785986061648
2026-08-25 12:00:00,12,ANAESTHESIA,0.1581926681946801
2026-08-25 12:00:00,12,Audiology,0.2168500500981885
2026-08-25 12:00:00,12,CARDIOLOGY,0.0874391740127513
2026-08-25 12:00:00,12,CASUALTY,0.2363334230469787
2026-08-25 12:00:00,12,CHRONIC CARE CLINIC (DM/HTN/TB/CCC),3.536691340436508
2026-08-25 12:00:00,12,DAYCASE,1.0488770425999887
2026-08-25 12:00:00,12,DENTAL,1.6730982095312923
2026-08-25 12:00:00,12,DIABETIC CLINIC,0.0874391740127513
2026-08-25 12:00:00,12,EYE CLINIC,0.6340286045106109
2026-08-25 12:00:00,12,FAMILY CLINIC,0.0880154201122408
2026-08-25 12:00:00,12,FAMILY MEDICINE,0.0859985525594259
2026-08-25 12:00:00,12,GENERAL OPD ,9.777152702258904
2026-08-25 12:00:00,12,Gen Surg OPD,0.5510886685501096
2026-08-25 12:00:00,12,Gynae OPD,0.0880154201122408
2026-08-25 12:00:00,12,HTS,0.1581926681946801
2026-08-25 12:00:00,12,MATERNITY NURSERY,0.0874391740127513
2026-08-25 12:00:00,12,MCH,4.603771024859809
2026-08-25 12:00:00,12,MEB PHYSIOTHERAPY,0.1581926681946801
2026-08-25 12:00:00,12,MEB SPECIALITY CLINIC,1.258319787520107
2026-08-25 12:00:00,12,MENTAL HEALTH,0.1581926681946801
2026-08-25 12:00:00,12,MORGUE,0.1581926681946801
2026-08-25 12:00:00,12,NEURO SURGERY CONSULTATION,0.0874391740127513
2026-08-25 12:00:00,12,NEUROSURGERY,0.9832189296459758
2026-08-25 12:00:00,12,NUTRITION,0.1219187816642917
2026-08-25 12:00:00,12,OCCUPATIONAL THERAPY,0.1889598869774922
2026-08-25 12:00:00,12,OHNS,0.8759567693248219
2026-08-25 12:00:00,12,ONCOLOGY,0.7062983915821766
2026-08-25 12:00:00,12,Ortho OPD,0.0710861088233507
2026-08-25 12:00:00,12,PAEDS,0.1581926681946801
2026-08-25 12:00:00,12,PAEDS BKKH,0.8281007836460897
2026-08-25 12:00:00,12,PALLIATIVE,0.0700306461034859
2026-08-25 12:00:00,12,PATHOLOGY,0.1581926681946801
2026-08-25 12:00:00,12,PEDIATRIC NEUROLOGY,0.1581926681946801
2026-08-25 12:00:00,12,PHYSIOTHERAPY,0.5283316324681557
2026-08-25 12:00:00,12,PRIVATE CLINIC,0.4122500401242763
2026-08-25 12:00:00,12,PSYCHOLOGY,0.3431755534018236
2026-08-25 12:00:00,12,RENAL,0.7734255230854852
2026-08-25 12:00:00,12,RESPIRATORY CENTER,0.1581926681946801
2026-08-25 12:00:00,12,SPECIALITY CLINIC,1.312791337034247
2026-08-25 12:00:00,12,TELEMEDICINE,0.1882951792520255
2026-08-25 13:00:00,13,ADMISSION,2.399472755371013
2026-08-25 13:00:00,13,ANAESTHESIA,0.1377585700851347
2026-08-25 13:00:00,13,Audiology,0.1489680178180902
2026-08-25 13:00:00,13,CARDIOLOGY,0.0864288631849544
2026-08-25 13:00:00,13,CASUALTY,0.200187610024445
2026-08-25 13:00:00,13,CHRONIC CARE CLINIC (DM/HTN/TB/CCC),2.0131494923176696
2026-08-25 13:00:00,13,DAYCASE,0.7869260444653909
2026-08-25 13:00:00,13,DENTAL,0.985479468216306
2026-08-25 13:00:00,13,DIABETIC CLINIC,0.0864288631849544
2026-08-25 13:00:00,13,EYE CLINIC,0.2880267391887924
2026-08-25 13:00:00,13,FAMILY CLINIC,0.0870051092844439
2026-08-25 13:00:00,13,FAMILY MEDICINE,0.084988241731629
2026-08-25 13:00:00,13,GENERAL OPD ,6.0765218662252005
2026-08-25 13:00:00,13,Gen Surg OPD,0.3546705987438704
2026-08-25 13:00:00,13,Gynae OPD,0.0870051092844439
2026-08-25 13:00:00,13,HTS,0.1377585700851347
2026-08-25 13:00:00,13,MATERNITY NURSERY,0.0864288631849544
2026-08-25 13:00:00,13,MCH,2.0848177685368023
2026-08-25 13:00:00,13,MEB PHYSIOTHERAPY,0.1377585700851347
2026-08-25 13:00:00,13,MEB SPECIALITY CLINIC,0.3868024525130798
2026-08-25 13:00:00,13,MENTAL HEALTH,0.1377585700851347
2026-08-25 13:00:00,13,MORGUE,0.1377585700851347
2026-08-25 13:00:00,13,NEURO SURGERY CONSULTATION,0.0864288631849544
2026-08-25 13:00:00,13,NEUROSURGERY,0.5590950170024177
2026-08-25 13:00:00,13,NUTRITION,0.1199151162442738
2026-08-25 13:00:00,13,OCCUPATIONAL THERAPY,0.1570241760039064
2026-08-25 13:00:00,13,OHNS,0.5037378329488055
2026-08-25 13:00:00,13,ONCOLOGY,0.4077921890235096
2026-08-25 13:00:00,13,Ortho OPD,0.0696784138494936
2026-08-25 13:00:00,13,PAEDS,0.1377585700851347
2026-08-25 13:00:00,13,PAEDS BKKH,0.4362982554961331
2026-08-25 13:00:00,13,PALLIATIVE,0.0690203352756889
2026-08-25 13:00:00,13,PATHOLOGY,0.1377585700851347
2026-08-25 13:00:00,13,PEDIATRIC NEUROLOGY,0.1377585700851347
2026-08-25 13:00:00,13,PHYSIOTHERAPY,0.2594238419172187
2026-08-25 13:00:00,13,PRIVATE CLINIC,0.2376021007380781
2026-08-25 13:00:00,13,PSYCHOLOGY,0.1903044327569349
2026-08-25 13:00:00,13,RENAL,0.384708136031143
2026-08-25 13:00:00,13,RESPIRATORY CENTER,0.1377585700851347
2026-08-25 13:00:00,13,SPECIALITY CLINIC,0.5366759465937216
2026-08-25 13:00:00,13,TELEMEDICINE,0.185913031767029
2026-08-25 14:00:00,14,ADMISSION,2.4044603238561906
2026-08-25 14:00:00,14,ANAESTHESIA,0.1377585700851347
2026-08-25 14:00:00,14,Audiology,0.1489680178180902
2026-08-25 14:00:00,14,CARDIOLOGY,0.0864288631849544
2026-08-25 14:00:00,14,CASUALTY,0.200187610024445
2026-08-25 14:00:00,14,CHRONIC CARE CLINIC (DM/HTN/TB/CCC),1.8029280436023627
2026-08-25 14:00:00,14,DAYCASE,0.6561480134546134
2026-08-25 14:00:00,14,DENTAL,0.8515605430604682
2026-08-25 14:00:00,14,DIABETIC CLINIC,0.0864288631849544
2026-08-25 14:00:00,14,EYE CLINIC,0.2977689588052865
2026-08-25 14:00:00,14,FAMILY CLINIC,0.0870051092844439
2026-08-25 14:00:00,14,FAMILY MEDICINE,0.084988241731629
2026-08-25 14:00:00,14,GENERAL OPD ,5.082431557798309
2026-08-25 14:00:00,14,Gen Surg OPD,0.3546705987438704
2026-08-25 14:00:00,14,Gynae OPD,0.0870051092844439
2026-08-25 14:00:00,14,HTS,0.1377585700851347
2026-08-25 14:00:00,14,MATERNITY NURSERY,0.0864288631849544
2026-08-25 14:00:00,14,MCH,2.0464622171919946
2026-08-25 14:00:00,14,MEB PHYSIOTHERAPY,0.1377585700851347
2026-08-25 14:00:00,14,MEB SPECIALITY CLINIC,0.337031751276748
2026-08-25 14:00:00,14,MENTAL HEALTH,0.1377585700851347
2026-08-25 14:00:00,14,MORGUE,0.1377585700851347
2026-08-25 14:00:00,14,NEURO SURGERY CONSULTATION,0.0864288631849544
2026-08-25 14:00:00,14,NEUROSURGERY,0.2916598924008767
2026-08-25 14:00:00,14,NUTRITION,0.1199151162442738
2026-08-25 14:00:00,14,OCCUPATIONAL THERAPY,0.1570241760039064
2026-08-25 14:00:00,14,OHNS,0.334168714616437
2026-08-25 14:00:00,14,ONCOLOGY,0.290184218769729
2026-08-25 14:00:00,14,Ortho OPD,0.0696784138494936
2026-08-25 14:00:00,14,PAEDS,0.1377585700851347
2026-08-25 14:00:00,14,PAEDS BKKH,0.2789909930629242
2026-08-25 14:00:00,14,PALLIATIVE,0.0690203352756889
2026-08-25 14:00:00,14,PATHOLOGY,0.1377585700851347
2026-08-25 14:00:00,14,PEDIATRIC NEUROLOGY,0.1377585700851347
2026-08-25 14:00:00,14,PHYSIOTHERAPY,0.2691660615337127
2026-08-25 14:00:00,14,PRIVATE CLINIC,0.1741485800300888
2026-08-25 14:00:00,14,PSYCHOLOGY,0.1903044327569349
2026-08-25 14:00:00,14,RENAL,0.384708136031143
2026-08-25 14:00:00,14,RESPIRATORY CENTER,0.1377585700851347
2026-08-25 14:00:00,14,SPECIALITY CLINIC,0.3895963699244389
2026-08-25 14:00:00,14,TELEMEDICINE,0.185913031767029
2026-08-25 15:00:00,15,ADMISSION,2.3690716031141315
2026-08-25 15:00:00,15,ANAESTHESIA,0.1365714037320299
2026-08-25 15:00:00,15,Audiology,0.1449194771834316
2026-08-25 15:00:00,15,CARDIOLOGY,0.0864288631849544
2026-08-25 15:00:00,15,CASUALTY,0.1996197651584721
2026-08-25 15:00:00,15,CHRONIC CARE CLINIC (DM/HTN/TB/CCC),1.2822241908850571
2026-08-25 15:00:00,15,DAYCASE,0.6246084697791757
2026-08-25 15:00:00,15,DENTAL,0.7217951897747662
2026-08-25 15:00:00,15,DIABETIC CLINIC,0.0864288631849544
2026-08-25 15:00:00,15,EYE CLINIC,0.2193701758249759
2026-08-25 15:00:00,15,FAMILY CLINIC,0.0870051092844439
2026-08-25 15:00:00,15,FAMILY MEDICINE,0.084988241731629
2026-08-25 15:00:00,15,GENERAL OPD ,4.40658721486569
2026-08-25 15:00:00,15,Gen Surg OPD,0.2750338379758223
2026-08-25 15:00:00,15,Gynae OPD,0.0870051092844439
2026-08-25 15:00:00,15,HTS,0.1365714037320299
2026-08-25 15:00:00,15,MATERNITY NURSERY,0.0864288631849544
2026-08-25 15:00:00,15,MCH,1.308204522303989
2026-08-25 15:00:00,15,MEB PHYSIOTHERAPY,0.1365714037320299
2026-08-25 15:00:00,15,MEB SPECIALITY CLINIC,0.2053988024624352
2026-08-25 15:00:00,15,MENTAL HEALTH,0.1365714037320299
2026-08-25 15:00:00,15,MORGUE,0.1365714037320299
2026-08-25 15:00:00,15,NEURO SURGERY CONSULTATION,0.0864288631849544
2026-08-25 15:00:00,15,NEUROSURGERY,0.2292984333128741
2026-08-25 15:00:00,15,NUTRITION,0.1199151162442738
2026-08-25 15:00:00,15,OCCUPATIONAL THERAPY,0.1529756353692479
2026-08-25 15:00:00,15,OHNS,0.2870040996810542
2026-08-25 15:00:00,15,ONCOLOGY,0.221360035764644
2026-08-25 15:00:00,15,Ortho OPD,0.0696784138494936
2026-08-25 15:00:00,15,PAEDS,0.1365714037320299
2026-08-25 15:00:00,15,PAEDS BKKH,0.26527209948555
2026-08-25 15:00:00,15,PALLIATIVE,0.0690203352756889
2026-08-25 15:00:00,15,PATHOLOGY,0.1365714037320299
2026-08-25 15:00:00,15,PEDIATRIC NEUROLOGY,0.1365714037320299
2026-08-25 15:00:00,15,PHYSIOTHERAPY,0.2059063805316375
2026-08-25 15:00:00,15,PRIVATE CLINIC,0.1548336560542562
2026-08-25 15:00:00,15,PSYCHOLOGY,0.1764190443621521
2026-08-25 15:00:00,15,RENAL,0.3786822001582083
2026-08-25 15:00:00,15,RESPIRATORY CENTER,0.1365714037320299
2026-08-25 15:00:00,15,SPECIALITY CLINIC,0.2901809241460273
2026-08-25 15:00:00,15,TELEMEDICINE,0.2270661083412183
2026-08-25 16:00:00,16,ADMISSION,2.121052474379576
2026-08-25 16:00:00,16,ANAESTHESIA,0.1292027264774907
2026-08-25 16:00:00,16,Audiology,0.1401621808050846
2026-08-25 16:00:00,16,CARDIOLOGY,0.0805008825248985
2026-08-25 16:00:00,16,CASUALTY,0.2160698342606662
2026-08-25 16:00:00,16,CHRONIC CARE CLINIC (DM/HTN/TB/CCC),0.7223634576761319
2026-08-25 16:00:00,16,DAYCASE,0.5838523310494229
2026-08-25 16:00:00,16,DENTAL,0.2840523522694892
2026-08-25 16:00:00,16,DIABETIC CLINIC,0.0805008825248985
2026-08-25 16:00:00,16,EYE CLINIC,0.1897527894862262
2026-08-25 16:00:00,16,FAMILY CLINIC,0.081077128624388
2026-08-25 16:00:00,16,FAMILY MEDICINE,0.0819844418619305
2026-08-25 16:00:00,16,GENERAL OPD ,3.488807087623361
2026-08-25 16:00:00,16,Gen Surg OPD,0.2587510717902951
2026-08-25 16:00:00,16,Gynae OPD,0.081077128624388
2026-08-25 16:00:00,16,HTS,0.1292027264774907
2026-08-25 16:00:00,16,MATERNITY NURSERY,0.084809935905658
2026-08-25 16:00:00,16,MCH,0.812734342756389
2026-08-25 16:00:00,16,MEB PHYSIOTHERAPY,0.1292027264774907
2026-08-25 16:00:00,16,MEB SPECIALITY CLINIC,0.1358625071439443
2026-08-25 16:00:00,16,MENTAL HEALTH,0.1292027264774907
2026-08-25 16:00:00,16,MORGUE,0.1292027264774907
2026-08-25 16:00:00,16,NEURO SURGERY CONSULTATION,0.0805008825248985
2026-08-25 16:00:00,16,NEUROSURGERY,0.1644803052351082
2026-08-25 16:00:00,16,NUTRITION,0.1151578198659268
2026-08-25 16:00:00,16,OCCUPATIONAL THERAPY,0.1467183684547799
2026-08-25 16:00:00,16,OHNS,0.1962217035705369
2026-08-25 16:00:00,16,ONCOLOGY,0.2110657125991827
2026-08-25 16:00:00,16,Ortho OPD,0.0649211174711467
2026-08-25 16:00:00,16,PAEDS,0.1292027264774907
2026-08-25 16:00:00,16,PAEDS BKKH,0.1827003599513255
2026-08-25 16:00:00,16,PALLIATIVE,0.064263038897342
2026-08-25 16:00:00,16,PATHOLOGY,0.1292027264774907
2026-08-25 16:00:00,16,PEDIATRIC NEUROLOGY,0.1292027264774907
2026-08-25 16:00:00,16,PHYSIOTHERAPY,0.199651098434161
2026-08-25 16:00:00,16,PRIVATE CLINIC,0.1430986362943114
2026-08-25 16:00:00,16,PSYCHOLOGY,0.1513978206111272
2026-08-25 16:00:00,16,RENAL,0.3043728963758962
2026-08-25 16:00:00,16,RESPIRATORY CENTER,0.1292027264774907
2026-08-25 16:00:00,16,SPECIALITY CLINIC,0.2235082345996402
2026-08-25 16:00:00,16,TELEMEDICINE,0.2537170372200196
2026-08-25 17:00:00,17,ADMISSION,0.9512004304604644
2026-08-25 17:00:00,17,ANAESTHESIA,0.1110623273065754
2026-08-25 17:00:00,17,Audiology,0.0882402194938694
2026-08-25 17:00:00,17,CARDIOLOGY,0.071425706549206
2026-08-25 17:00:00,17,CASUALTY,0.231634715159469
2026-08-25 17:00:00,17,CHRONIC CARE CLINIC (DM/HTN/TB/CCC),0.2253502800401047
2026-08-25 17:00:00,17,DAYCASE,0.1747989882165694
2026-08-25 17:00:00,17,DENTAL,0.1505451450695263
2026-08-25 17:00:00,17,DIABETIC CLINIC,0.071425706549206
2026-08-25 17:00:00,17,EYE CLINIC,0.0780370166497077
2026-08-25 17:00:00,17,FAMILY CLINIC,0.0720019526486955
2026-08-25 17:00:00,17,FAMILY MEDICINE,0.0692603565503916
2026-08-25 17:00:00,17,GENERAL OPD ,2.0792275742756376
2026-08-25 17:00:00,17,Gen Surg OPD,0.1802656297414584
2026-08-25 17:00:00,17,Gynae OPD,0.0720019526486955
2026-08-25 17:00:00,17,HTS,0.1110623273065754
2026-08-25 17:00:00,17,MATERNITY NURSERY,0.0749803139243322
2026-08-25 17:00:00,17,MCH,0.3187820132942173
2026-08-25 17:00:00,17,MEB PHYSIOTHERAPY,0.1110623273065754
2026-08-25 17:00:00,17,MEB SPECIALITY CLINIC,0.0513093217464864
2026-08-25 17:00:00,17,MENTAL HEALTH,0.1110623273065754
2026-08-25 17:00:00,17,MORGUE,0.1110623273065754
2026-08-25 17:00:00,17,NEURO SURGERY CONSULTATION,0.071425706549206
2026-08-25 17:00:00,17,NEUROSURGERY,0.0931433256820406
2026-08-25 17:00:00,17,NUTRITION,0.0796377786968454
2026-08-25 17:00:00,17,OCCUPATIONAL THERAPY,0.1215128138803263
2026-08-25 17:00:00,17,OHNS,0.1271743344048255
2026-08-25 17:00:00,17,ONCOLOGY,0.161593541941088
2026-08-25 17:00:00,17,Ortho OPD,0.0429847000281156
2026-08-25 17:00:00,17,PAEDS,0.1110623273065754
2026-08-25 17:00:00,17,PAEDS BKKH,0.0974451710781337
2026-08-25 17:00:00,17,PALLIATIVE,0.0432735981971234
2026-08-25 17:00:00,17,PATHOLOGY,0.1110623273065754
2026-08-25 17:00:00,17,PEDIATRIC NEUROLOGY,0.1110623273065754
2026-08-25 17:00:00,17,PHYSIOTHERAPY,0.1730658065220251
2026-08-25 17:00:00,17,PRIVATE CLINIC,0.0760574394050493
2026-08-25 17:00:00,17,PSYCHOLOGY,0.1007271354606845
2026-08-25 17:00:00,17,RENAL,0.2357480345339957
2026-08-25 17:00:00,17,RESPIRATORY CENTER,0.1110623273065754
2026-08-25 17:00:00,17,SPECIALITY CLINIC,0.0940846442029333
2026-08-25 17:00:00,17,TELEMEDICINE,0.1591255447306208
2026-08-25 18:00:00,18,ADMISSION,0.6745534239682772
2026-08-25 18:00:00,18,ANAESTHESIA,0.1110623273065754
2026-08-25 18:00:00,18,Audiology,0.0882402194938694
2026-08-25 18:00:00,18,CARDIOLOGY,0.071425706549206
2026-08-25 18:00:00,18,CASUALTY,0.2216721841157035
2026-08-25 18:00:00,18,CHRONIC CARE CLINIC (DM/HTN/TB/CCC),0.1507900648407208
2026-08-25 18:00:00,18,DAYCASE,0.1284034118031215
2026-08-25 18:00:00,18,DENTAL,0.0882876293871349
2026-08-25 18:00:00,18,DIABETIC CLINIC,0.071425706549206
2026-08-25 18:00:00,18,EYE CLINIC,0.0780370166497077
2026-08-25 18:00:00,18,FAMILY CLINIC,0.0720019526486955
2026-08-25 18:00:00,18,FAMILY MEDICINE,0.0689585378811923
2026-08-25 18:00:00,18,GENERAL OPD ,1.63702017391755
2026-08-25 18:00:00,18,Gen Surg OPD,0.1593143637306069
2026-08-25 18:00:00,18,Gynae OPD,0.0720019526486955
2026-08-25 18:00:00,18,HTS,0.1110623273065754
2026-08-25 18:00:00,18,MATERNITY NURSERY,0.0749803139243322
2026-08-25 18:00:00,18,MCH,0.2232530480746571
2026-08-25 18:00:00,18,MEB PHYSIOTHERAPY,0.1110623273065754
2026-08-25 18:00:00,18,MEB SPECIALITY CLINIC,0.0513093217464864
2026-08-25 18:00:00,18,MENTAL HEALTH,0.1110623273065754
2026-08-25 18:00:00,18,MORGUE,0.1110623273065754
2026-08-25 18:00:00,18,NEURO SURGERY CONSULTATION,0.071425706549206
2026-08-25 18:00:00,18,NEUROSURGERY,0.0931433256820406
2026-08-25 18:00:00,18,NUTRITION,0.0796377786968454
2026-08-25 18:00:00,18,OCCUPATIONAL THERAPY,0.1215128138803263
2026-08-25 18:00:00,18,OHNS,0.1268228771631306
2026-08-25 18:00:00,18,ONCOLOGY,0.161593541941088
2026-08-25 18:00:00,18,Ortho OPD,0.0426332427864207
2026-08-25 18:00:00,18,PAEDS,0.1110623273065754
2026-08-25 18:00:00,18,PAEDS BKKH,0.0970937138364388
2026-08-25 18:00:00,18,PALLIATIVE,0.0429717795279241
2026-08-25 18:00:00,18,PATHOLOGY,0.1110623273065754
2026-08-25 18:00:00,18,PEDIATRIC NEUROLOGY,0.1110623273065754
2026-08-25 18:00:00,18,PHYSIOTHERAPY,0.1631032754782596
2026-08-25 18:00:00,18,PRIVATE CLINIC,0.0760574394050493
2026-08-25 18:00:00,18,PSYCHOLOGY,0.1007271354606845
2026-08-25 18:00:00,18,RENAL,0.2158928896145936
2026-08-25 18:00:00,18,RESPIRATORY CENTER,0.1110623273065754
2026-08-25 18:00:00,18,SPECIALITY CLINIC,0.0940846442029333
2026-08-25 18:00:00,18,TELEMEDICINE,0.153641343242278
2026-08-25 19:00:00,19,ADMISSION,0.4973825917648208
2026-08-25 19:00:00,19,ANAESTHESIA,0.1110623273065754
2026-08-25 19:00:00,19,Audiology,0.0882402194938694
2026-08-25 19:00:00,19,CARDIOLOGY,0.071425706549206
2026-08-25 19:00:00,19,CASUALTY,0.2216721841157035
2026-08-25 19:00:00,19,CHRONIC CARE CLINIC (DM/HTN/TB/CCC),0.0999161588718502
2026-08-25 19:00:00,19,DAYCASE,0.1284034118031215
2026-08-25 19:00:00,19,DENTAL,0.0882876293871349
2026-08-25 19:00:00,19,DIABETIC CLINIC,0.071425706549206
2026-08-25 19:00:00,19,EYE CLINIC,0.0780370166497077
2026-08-25 19:00:00,19,FAMILY CLINIC,0.0720019526486955
2026-08-25 19:00:00,19,FAMILY MEDICINE,0.0689585378811923
2026-08-25 19:00:00,19,GENERAL OPD ,1.1700576104128395
2026-08-25 19:00:00,19,Gen Surg OPD,0.1593143637306069
2026-08-25 19:00:00,19,Gynae OPD,0.0720019526486955
2026-08-25 19:00:00,19,HTS,0.1110623273065754
2026-08-25 19:00:00,19,MATERNITY NURSERY,0.0749803139243322
2026-08-25 19:00:00,19,MCH,0.1802245460399016
2026-08-25 19:00:00,19,MEB PHYSIOTHERAPY,0.1110623273065754
2026-08-25 19:00:00,19,MEB SPECIALITY CLINIC,0.0513093217464864
2026-08-25 19:00:00,19,MENTAL HEALTH,0.1110623273065754
2026-08-25 19:00:00,19,MORGUE,0.1110623273065754
2026-08-25 19:00:00,19,NEURO SURGERY CONSULTATION,0.071425706549206
2026-08-25 19:00:00,19,NEUROSURGERY,0.0931433256820406
2026-08-25 19:00:00,19,NUTRITION,0.0796377786968454
2026-08-25 19:00:00,19,OCCUPATIONAL THERAPY,0.1215128138803263
2026-08-25 19:00:00,19,OHNS,0.1268228771631306
2026-08-25 19:00:00,19,ONCOLOGY,0.161593541941088
2026-08-25 19:00:00,19,Ortho OPD,0.0426332427864207
2026-08-25 19:00:00,19,PAEDS,0.1110623273065754
2026-08-25 19:00:00,19,PAEDS BKKH,0.0970937138364388
2026-08-25 19:00:00,19,PALLIATIVE,0.0429717795279241
2026-08-25 19:00:00,19,PATHOLOGY,0.1110623273065754
2026-08-25 19:00:00,19,PEDIATRIC NEUROLOGY,0.1110623273065754
2026-08-25 19:00:00,19,PHYSIOTHERAPY,0.1631032754782596
2026-08-25 19:00:00,19,PRIVATE CLINIC,0.0760574394050493
2026-08-25 19:00:00,19,PSYCHOLOGY,0.1007271354606845
2026-08-25 19:00:00,19,RENAL,0.2158928896145936
2026-08-25 19:00:00,19,RESPIRATORY CENTER,0.1110623273065754
2026-08-25 19:00:00,19,SPECIALITY CLINIC,0.0940846442029333
2026-08-25 19:00:00,19,TELEMEDICINE,0.153641343242278
2026-08-25 20:00:00,20,ADMISSION,0.399790799952258
2026-08-25 20:00:00,20,ANAESTHESIA,0.1110623273065754
2026-08-25 20:00:00,20,Audiology,0.0882402194938694
2026-08-25 20:00:00,20,CARDIOLOGY,0.071425706549206
2026-08-25 20:00:00,20,CASUALTY,0.2216721841157035
2026-08-25 20:00:00,20,CHRONIC CARE CLINIC (DM/HTN/TB/CCC),0.0999161588718502
2026-08-25 20:00:00,20,DAYCASE,0.1284034118031215
2026-08-25 20:00:00,20,DENTAL,0.0882876293871349
2026-08-25 20:00:00,20,DIABETIC CLINIC,0.071425706549206
2026-08-25 20:00:00,20,EYE CLINIC,0.0780370166497077
2026-08-25 20:00:00,20,FAMILY CLINIC,0.0720019526486955
2026-08-25 20:00:00,20,FAMILY MEDICINE,0.0689585378811923
2026-08-25 20:00:00,20,GENERAL OPD ,1.142759042917275
2026-08-25 20:00:00,20,Gen Surg OPD,0.1593143637306069
2026-08-25 20:00:00,20,Gynae OPD,0.0720019526486955
2026-08-25 20:00:00,20,HTS,0.1110623273065754
2026-08-25 20:00:00,20,MATERNITY NURSERY,0.0749803139243322
2026-08-25 20:00:00,20,MCH,0.1802245460399016
2026-08-25 20:00:00,20,MEB PHYSIOTHERAPY,0.1110623273065754
2026-08-25 20:00:00,20,MEB SPECIALITY CLINIC,0.0513093217464864
2026-08-25 20:00:00,20,MENTAL HEALTH,0.1110623273065754
2026-08-25 20:00:00,20,MORGUE,0.1110623273065754
2026-08-25 20:00:00,20,NEURO SURGERY CONSULTATION,0.071425706549206
2026-08-25 20:00:00,20,NEUROSURGERY,0.0931433256820406
2026-08-25 20:00:00,20,NUTRITION,0.0796377786968454
2026-08-25 20:00:00,20,OCCUPATIONAL THERAPY,0.1215128138803263
2026-08-25 20:00:00,20,OHNS,0.1268228771631306
2026-08-25 20:00:00,20,ONCOLOGY,0.161593541941088
2026-08-25 20:00:00,20,Ortho OPD,0.0426332427864207
2026-08-25 20:00:00,20,PAEDS,0.1110623273065754
2026-08-25 20:00:00,20,PAEDS BKKH,0.0970937138364388
2026-08-25 20:00:00,20,PALLIATIVE,0.0429717795279241
2026-08-25 20:00:00,20,PATHOLOGY,0.1110623273065754
2026-08-25 20:00:00,20,PEDIATRIC NEUROLOGY,0.1110623273065754
2026-08-25 20:00:00,20,PHYSIOTHERAPY,0.1631032754782596
2026-08-25 20:00:00,20,PRIVATE CLINIC,0.0760574394050493
2026-08-25 20:00:00,20,PSYCHOLOGY,0.1007271354606845
2026-08-25 20:00:00,20,RENAL,0.1995557510467477
2026-08-25 20:00:00,20,RESPIRATORY CENTER,0.1110623273065754
2026-08-25 20:00:00,20,SPECIALITY CLINIC,0.0940846442029333
2026-08-25 20:00:00,20,TELEMEDICINE,0.153641343242278
2026-08-25 21:00:00,21,ADMISSION,0.3617591510237228
2026-08-25 21:00:00,21,ANAESTHESIA,0.1110623273065754
2026-08-25 21:00:00,21,Audiology,0.0882402194938694
2026-08-25 21:00:00,21,CARDIOLOGY,0.071425706549206
2026-08-25 21:00:00,21,CASUALTY,0.2216721841157035
2026-08-25 21:00:00,21,CHRONIC CARE CLINIC (DM/HTN/TB/CCC),0.0999161588718502
2026-08-25 21:00:00,21,DAYCASE,0.1284034118031215
2026-08-25 21:00:00,21,DENTAL,0.0882876293871349
2026-08-25 21:00:00,21,DIABETIC CLINIC,0.071425706549206
2026-08-25 21:00:00,21,EYE CLINIC,0.0780370166497077
2026-08-25 21:00:00,21,FAMILY CLINIC,0.0720019526486955
2026-08-25 21:00:00,21,FAMILY MEDICINE,0.0689585378811923
2026-08-25 21:00:00,21,GENERAL OPD ,0.9825264832431296
2026-08-25 21:00:00,21,Gen Surg OPD,0.1395392644404423
2026-08-25 21:00:00,21,Gynae OPD,0.0720019526486955
2026-08-25 21:00:00,21,HTS,0.1110623273065754
2026-08-25 21:00:00,21,MATERNITY NURSERY,0.0749803139243322
2026-08-25 21:00:00,21,MCH,0.1715769494734429
2026-08-25 21:00:00,21,MEB PHYSIOTHERAPY,0.1110623273065754
2026-08-25 21:00:00,21,MEB SPECIALITY CLINIC,0.0513093217464864
2026-08-25 21:00:00,21,MENTAL HEALTH,0.1110623273065754
2026-08-25 21:00:00,21,MORGUE,0.1110623273065754
2026-08-25 21:00:00,21,NEURO SURGERY CONSULTATION,0.071425706549206
2026-08-25 21:00:00,21,NEUROSURGERY,0.0931433256820406
2026-08-25 21:00:00,21,NUTRITION,0.0796377786968454
2026-08-25 21:00:00,21,OCCUPATIONAL THERAPY,0.1215128138803263
2026-08-25 21:00:00,21,OHNS,0.1268228771631306
2026-08-25 21:00:00,21,ONCOLOGY,0.161593541941088
2026-08-25 21:00:00,21,Ortho OPD,0.0426332427864207
2026-08-25 21:00:00,21,PAEDS,0.1110623273065754
2026-08-25 21:00:00,21,PAEDS BKKH,0.0970937138364388
2026-08-25 21:00:00,21,PALLIATIVE,0.0429717795279241
2026-08-25 21:00:00,21,PATHOLOGY,0.1110623273065754
2026-08-25 21:00:00,21,PEDIATRIC NEUROLOGY,0.1110623273065754
2026-08-25 21:00:00,21,PHYSIOTHERAPY,0.1631032754782596
2026-08-25 21:00:00,21,PRIVATE CLINIC,0.0760574394050493
2026-08-25 21:00:00,21,PSYCHOLOGY,0.1007271354606845
2026-08-25 21:00:00,21,RENAL,0.1995557510467477
2026-08-25 21:00:00,21,RESPIRATORY CENTER,0.1110623273065754
2026-08-25 21:00:00,21,SPECIALITY CLINIC,0.0940846442029333
2026-08-25 21:00:00,21,TELEMEDICINE,0.1519552636456061
2026-08-25 22:00:00,22,ADMISSION,0.2564893168201356
2026-08-25 22:00:00,22,ANAESTHESIA,0.1110623273065754
2026-08-25 22:00:00,22,Audiology,0.0882402194938694
2026-08-25 22:00:00,22,CARDIOLOGY,0.071425706549206
2026-08-25 22:00:00,22,CASUALTY,0.2214408619565979
2026-08-25 22:00:00,22,CHRONIC CARE CLINIC (DM/HTN/TB/CCC),0.0999161588718502
2026-08-25 22:00:00,22,DAYCASE,0.1284034118031215
2026-08-25 22:00:00,22,DENTAL,0.0882876293871349
2026-08-25 22:00:00,22,DIABETIC CLINIC,0.071425706549206
2026-08-25 22:00:00,22,EYE CLINIC,0.0780370166497077
2026-08-25 22:00:00,22,FAMILY CLINIC,0.0720019526486955
2026-08-25 22:00:00,22,FAMILY MEDICINE,0.0689585378811923
2026-08-25 22:00:00,22,GENERAL OPD ,0.7497691506084291
2026-08-25 22:00:00,22,Gen Surg OPD,0.134307904214004
2026-08-25 22:00:00,22,Gynae OPD,0.0720019526486955
2026-08-25 22:00:00,22,HTS,0.1110623273065754
2026-08-25 22:00:00,22,MATERNITY NURSERY,0.0749803139243322
2026-08-25 22:00:00,22,MCH,0.1713456273143374
2026-08-25 22:00:00,22,MEB PHYSIOTHERAPY,0.1110623273065754
2026-08-25 22:00:00,22,MEB SPECIALITY CLINIC,0.0513093217464864
2026-08-25 22:00:00,22,MENTAL HEALTH,0.1110623273065754
2026-08-25 22:00:00,22,MORGUE,0.1110623273065754
2026-08-25 22:00:00,22,NEURO SURGERY CONSULTATION,0.071425706549206
2026-08-25 22:00:00,22,NEUROSURGERY,0.0931433256820406
2026-08-25 22:00:00,22,NUTRITION,0.0796377786968454
2026-08-25 22:00:00,22,OCCUPATIONAL THERAPY,0.1215128138803263
2026-08-25 22:00:00,22,OHNS,0.1268228771631306
2026-08-25 22:00:00,22,ONCOLOGY,0.161593541941088
2026-08-25 22:00:00,22,Ortho OPD,0.0426332427864207
2026-08-25 22:00:00,22,PAEDS,0.1110623273065754
2026-08-25 22:00:00,22,PAEDS BKKH,0.0970937138364388
2026-08-25 22:00:00,22,PALLIATIVE,0.0429717795279241
2026-08-25 22:00:00,22,PATHOLOGY,0.1110623273065754
2026-08-25 22:00:00,22,PEDIATRIC NEUROLOGY,0.1110623273065754
2026-08-25 22:00:00,22,PHYSIOTHERAPY,0.1631032754782596
2026-08-25 22:00:00,22,PRIVATE CLINIC,0.0760574394050493
2026-08-25 22:00:00,22,PSYCHOLOGY,0.1007271354606845
2026-08-25 22:00:00,22,RENAL,0.1995557510467477
2026-08-25 22:00:00,22,RESPIRATORY CENTER,0.1110623273065754
2026-08-25 22:00:00,22,SPECIALITY CLINIC,0.0940846442029333
2026-08-25 22:00:00,22,TELEMEDICINE,0.1519552636456061
2026-08-25 23:00:00,23,ADMISSION,0.2564893168201356
2026-08-25 23:00:00,23,ANAESTHESIA,0.1110623273065754
2026-08-25 23:00:00,23,Audiology,0.0882402194938694
2026-08-25 23:00:00,23,CARDIOLOGY,0.071425706549206
2026-08-25 23:00:00,23,CASUALTY,0.2214408619565979
2026-08-25 23:00:00,23,CHRONIC CARE CLINIC (DM/HTN/TB/CCC),0.0999161588718502
2026-08-25 23:00:00,23,DAYCASE,0.1284034118031215
2026-08-25 23:00:00,23,DENTAL,0.0882876293871349
2026-08-25 23:00:00,23,DIABETIC CLINIC,0.071425706549206
2026-08-25 23:00:00,23,EYE CLINIC,0.0780370166497077
2026-08-25 23:00:00,23,FAMILY CLINIC,0.0720019526486955
2026-08-25 23:00:00,23,FAMILY MEDICINE,0.0689585378811923
2026-08-25 23:00:00,23,GENERAL OPD ,0.6938621352201696
2026-08-25 23:00:00,23,Gen Surg OPD,0.134307904214004
2026-08-25 23:00:00,23,Gynae OPD,0.0720019526486955
2026-08-25 23:00:00,23,HTS,0.1110623273065754
2026-08-25 23:00:00,23,MATERNITY NURSERY,0.0749803139243322
2026-08-25 23:00:00,23,MCH,0.1713456273143374
2026-08-25 23:00:00,23,MEB PHYSIOTHERAPY,0.1110623273065754
2026-08-25 23:00:00,23,MEB SPECIALITY CLINIC,0.0513093217464864
2026-08-25 23:00:00,23,MENTAL HEALTH,0.1110623273065754
2026-08-25 23:00:00,23,MORGUE,0.1110623273065754
2026-08-25 23:00:00,23,NEURO SURGERY CONSULTATION,0.071425706549206
2026-08-25 23:00:00,23,NEUROSURGERY,0.0931433256820406
2026-08-25 23:00:00,23,NUTRITION,0.0796377786968454
2026-08-25 23:00:00,23,OCCUPATIONAL THERAPY,0.1215128138803263
2026-08-25 23:00:00,23,OHNS,0.1268228771631306
2026-08-25 23:00:00,23,ONCOLOGY,0.161593541941088
2026-08-25 23:00:00,23,Ortho OPD,0.0426332427864207
2026-08-25 23:00:00,23,PAEDS,0.1110623273065754
2026-08-25 23:00:00,23,PAEDS BKKH,0.0970937138364388
2026-08-25 23:00:00,23,PALLIATIVE,0.0429717795279241
2026-08-25 23:00:00,23,PATHOLOGY,0.1110623273065754
2026-08-25 23:00:00,23,PEDIATRIC NEUROLOGY,0.1110623273065754
2026-08-25 23:00:00,23,PHYSIOTHERAPY,0.1631032754782596
2026-08-25 23:00:00,23,PRIVATE CLINIC,0.0760574394050493
2026-08-25 23:00:00,23,PSYCHOLOGY,0.1007271354606845
2026-08-25 23:00:00,23,RENAL,0.1995557510467477
2026-08-25 23:00:00,23,RESPIRATORY CENTER,0.1110623273065754
2026-08-25 23:00:00,23,SPECIALITY CLINIC,0.0940846442029333
2026-08-25 23:00:00,23,TELEMEDICINE,0.1519552636456061
2026-08-26 00:00:00,0,ADMISSION,2.015862158341789
2026-08-26 00:00:00,0,ANAESTHESIA,0.1999704074192417
2026-08-26 00:00:00,0,Audiology,0.1260585648162258
2026-08-26 00:00:00,0,CARDIOLOGY,0.1345034869236322
2026-08-26 00:00:00,0,CASUALTY,0.1330552641469102
2026-08-26 00:00:00,0,CHRONIC CARE CLINIC (DM/HTN/TB/CCC),0.4575602006502762
2026-08-26 00:00:00,0,DAYCASE,0.2108969810962098
2026-08-26 00:00:00,0,DENTAL,0.2991159318314189
2026-08-26 00:00:00,0,DIABETIC CLINIC,0.1345034869236322
2026-08-26 00:00:00,0,EYE CLINIC,0.3536632081157687
2026-08-26 00:00:00,0,FAMILY CLINIC,0.1344769925141374
2026-08-26 00:00:00,0,FAMILY MEDICINE,0.1392648968272275
2026-08-26 00:00:00,0,GENERAL OPD ,0.6585408033479294
2026-08-26 00:00:00,0,Gen Surg OPD,0.1742139465397878
2026-08-26 00:00:00,0,Gynae OPD,0.1344769925141374
2026-08-26 00:00:00,0,HTS,0.1999704074192417
2026-08-26 00:00:00,0,MATERNITY NURSERY,0.1345034869236322
2026-08-26 00:00:00,0,MCH,0.1940833417173246
2026-08-26 00:00:00,0,MEB PHYSIOTHERAPY,0.1999704074192417
2026-08-26 00:00:00,0,MEB SPECIALITY CLINIC,0.7033621927531379
2026-08-26 00:00:00,0,MENTAL HEALTH,0.1999704074192417
2026-08-26 00:00:00,0,MORGUE,0.1999704074192417
2026-08-26 00:00:00,0,NEURO SURGERY CONSULTATION,0.1345034869236322
2026-08-26 00:00:00,0,NEUROSURGERY,0.3737175424096701
2026-08-26 00:00:00,0,NUTRITION,0.1430111479897028
2026-08-26 00:00:00,0,OCCUPATIONAL THERAPY,0.1307208742699203
2026-08-26 00:00:00,0,OHNS,0.2978195027805245
2026-08-26 00:00:00,0,ONCOLOGY,0.3489675444038759
2026-08-26 00:00:00,0,Ortho OPD,0.0972978556369303
2026-08-26 00:00:00,0,PAEDS,0.1999704074192417
2026-08-26 00:00:00,0,PAEDS BKKH,0.6721751935895687
2026-08-26 00:00:00,0,PALLIATIVE,0.0946844826833131
2026-08-26 00:00:00,0,PATHOLOGY,0.1999704074192417
2026-08-26 00:00:00,0,PEDIATRIC NEUROLOGY,0.1999704074192417
2026-08-26 00:00:00,0,PHYSIOTHERAPY,0.3719300908688758
2026-08-26 00:00:00,0,PRIVATE CLINIC,0.2411433694941159
2026-08-26 00:00:00,0,PSYCHOLOGY,0.2078575971785244
2026-08-26 00:00:00,0,RENAL,0.3411988557229077
2026-08-26 00:00:00,0,RESPIRATORY CENTER,0.1999704074192417
2026-08-26 00:00:00,0,SPECIALITY CLINIC,0.636861677863235
2026-08-26 00:00:00,0,TELEMEDICINE,0.1826002252188278
