date,hour,department,service,is_24_7,operating,demand,simulated_arrivals,patients_served,patients_remaining,maximum_queue,average_wait_minutes,maximum_wait_minutes,capacity,utilization_pct,congestion_status
2026-08-19,1,ADMISSION,Admission Processing,True,True,0.2615446599963168,1,1,0,0,0.0,0.0,24.0,4.166666666666666,Low
2026-08-19,2,ADMISSION,Admission Processing,True,True,0.6698418265460968,1,1,0,0,0.0,0.0,24.0,4.166666666666666,Low
2026-08-19,3,ADMISSION,Admission Processing,True,True,0.6955448083990432,3,3,0,0,0.0,0.0,24.0,12.5,Low
2026-08-19,4,ADMISSION,Admission Processing,True,True,0.4919233485012941,1,1,0,0,0.0,0.0,24.0,4.166666666666666,Low
2026-08-19,5,ADMISSION,Admission Processing,True,True,0.4892782134336932,1,1,0,0,0.0,0.0,24.0,4.166666666666666,Low
2026-08-19,6,ADMISSION,Admission Processing,True,True,0.8963752022477238,1,1,0,0,0.0,0.0,24.0,4.166666666666666,Low
2026-08-19,7,ADMISSION,Admission Processing,True,True,1.5171269394200022,3,3,0,0,0.0,0.0,24.0,12.5,Low
2026-08-19,8,ADMISSION,Admission Processing,True,True,2.8611039153770914,3,3,0,0,0.0,0.0,24.0,12.5,Low
2026-08-19,9,ADMISSION,Admission Processing,True,True,3.543556593324854,5,5,0,0,0.0,0.0,24.0,20.833333333333336,Low
2026-08-19,10,ADMISSION,Admission Processing,True,True,3.431500478818059,5,5,0,0,0.0,0.0,24.0,20.833333333333336,Low
2026-08-19,11,ADMISSION,Admission Processing,True,True,3.3166062889890227,3,3,0,0,0.0,0.0,24.0,12.5,Low
2026-08-19,12,ADMISSION,Admission Processing,True,True,3.035706143965354,6,6,0,0,0.0,0.0,24.0,25.0,Low
2026-08-19,13,ADMISSION,Admission Processing,True,True,2.4184524783172234,4,4,0,0,0.0,0.0,24.0,16.666666666666664,Low
2026-08-19,14,ADMISSION,Admission Processing,True,True,2.404333282519256,2,2,0,0,0.0,0.0,24.0,8.333333333333332,Low
2026-08-19,15,ADMISSION,Admission Processing,True,True,2.372993102411856,1,1,0,0,0.0,0.0,24.0,4.166666666666666,Low
2026-08-19,16,ADMISSION,Admission Processing,True,True,2.1249739736773,1,1,0,0,0.0,0.0,24.0,4.166666666666666,Low
2026-08-19,17,ADMISSION,Admission Processing,True,True,0.954067609346575,2,2,0,0,0.0,0.0,24.0,8.333333333333332,Low
2026-08-19,18,ADMISSION,Admission Processing,True,True,0.6774206028543878,1,1,0,0,0.0,0.0,24.0,4.166666666666666,Low
2026-08-19,19,ADMISSION,Admission Processing,True,True,0.5002497706509315,0,0,0,0,0.0,0.0,24.0,0.0,Low
2026-08-19,20,ADMISSION,Admission Processing,True,True,0.4026579788383684,0,0,0,0,0.0,0.0,24.0,0.0,Low
2026-08-19,21,ADMISSION,Admission Processing,True,True,0.3646263299098332,1,1,0,0,0.0,0.0,24.0,4.166666666666666,Low
2026-08-19,22,ADMISSION,Admission Processing,True,True,0.259356495706246,0,0,0,0,0.0,0.0,24.0,0.0,Low
2026-08-19,23,ADMISSION,Admission Processing,True,True,0.259356495706246,0,0,0,0,0.0,0.0,24.0,0.0,Low
2026-08-20,0,ADMISSION,Admission Processing,True,True,2.011533800775246,2,2,0,0,0.0,0.0,24.0,8.333333333333332,Low
2026-08-20,1,ADMISSION,Admission Processing,True,True,0.9257063143490354,1,1,0,0,0.0,0.0,24.0,4.166666666666666,Low
2026-08-20,2,ADMISSION,Admission Processing,True,True,0.4792390322567244,0,0,0,0,0.0,0.0,24.0,0.0,Low
2026-08-20,3,ADMISSION,Admission Processing,True,True,0.4420131799844659,0,0,0,0,0.0,0.0,24.0,0.0,Low
2026-08-20,4,ADMISSION,Admission Processing,True,True,0.4705486343345452,2,2,0,0,0.0,0.0,24.0,8.333333333333332,Low
2026-08-20,5,ADMISSION,Admission Processing,True,True,0.3987733944513996,2,2,0,0,0.0,0.0,24.0,8.333333333333332,Low
2026-08-20,6,ADMISSION,Admission Processing,True,True,0.7335297660879703,0,0,0,0,0.0,0.0,24.0,0.0,Low
2026-08-20,7,ADMISSION,Admission Processing,True,True,1.4435452527721182,0,0,0,0,0.0,0.0,24.0,0.0,Low
2026-08-20,8,ADMISSION,Admission Processing,True,True,2.9899167234937,3,3,0,0,0.0,0.0,24.0,12.5,Low
2026-08-20,9,ADMISSION,Admission Processing,True,True,3.610753274867139,7,7,0,0,0.0,0.0,24.0,29.166666666666668,Low
2026-08-20,10,ADMISSION,Admission Processing,True,True,3.332401389702996,2,2,0,0,0.0,0.0,24.0,8.333333333333332,Low
2026-08-20,11,ADMISSION,Admission Processing,True,True,3.260711731178538,3,3,0,0,0.0,0.0,24.0,12.5,Low
2026-08-20,12,ADMISSION,Admission Processing,True,True,2.988619203138823,3,3,0,0,0.0,0.0,24.0,12.5,Low
2026-08-20,13,ADMISSION,Admission Processing,True,True,2.362792962486188,4,4,0,0,0.0,0.0,24.0,16.666666666666664,Low
2026-08-20,14,ADMISSION,Admission Processing,True,True,2.3772816275023567,1,1,0,0,0.0,0.0,24.0,4.166666666666666,Low
2026-08-20,15,ADMISSION,Admission Processing,True,True,2.3435056531435743,2,2,0,0,0.0,0.0,24.0,8.333333333333332,Low
2026-08-20,16,ADMISSION,Admission Processing,True,True,2.0954865244090186,3,3,0,0,0.0,0.0,24.0,12.5,Low
2026-08-20,17,ADMISSION,Admission Processing,True,True,0.9509132296922812,0,0,0,0,0.0,0.0,24.0,0.0,Low
2026-08-20,18,ADMISSION,Admission Processing,True,True,0.6742662232000942,1,1,0,0,0.0,0.0,24.0,4.166666666666666,Low
2026-08-20,19,ADMISSION,Admission Processing,True,True,0.4970953909966378,0,0,0,0,0.0,0.0,24.0,0.0,Low
2026-08-20,20,ADMISSION,Admission Processing,True,True,0.3995035991840747,0,0,0,0,0.0,0.0,24.0,0.0,Low
2026-08-20,21,ADMISSION,Admission Processing,True,True,0.3602979723432905,1,1,0,0,0.0,0.0,24.0,4.166666666666666,Low
2026-08-20,22,ADMISSION,Admission Processing,True,True,0.2550281381397032,0,0,0,0,0.0,0.0,24.0,0.0,Low
2026-08-20,23,ADMISSION,Admission Processing,True,True,0.2550281381397032,1,1,0,0,0.0,0.0,24.0,4.166666666666666,Low
2026-08-21,0,ADMISSION,Admission Processing,True,True,2.0701624375630336,2,2,0,0,0.0,0.0,24.0,8.333333333333332,Low
2026-08-21,1,ADMISSION,Admission Processing,True,True,0.9252807219197156,2,2,0,0,0.0,0.0,24.0,8.333333333333332,Low
2026-08-21,2,ADMISSION,Admission Processing,True,True,0.4788134398274045,2,2,0,0,0.0,0.0,24.0,8.333333333333332,Low
2026-08-21,3,ADMISSION,Admission Processing,True,True,0.4415875875551461,1,1,0,0,0.0,0.0,24.0,4.166666666666666,Low
2026-08-21,4,ADMISSION,Admission Processing,True,True,0.4701230419052254,0,0,0,0,0.0,0.0,24.0,0.0,Low
2026-08-21,5,ADMISSION,Admission Processing,True,True,0.3941975828503629,0,0,0,0,0.0,0.0,24.0,0.0,Low
2026-08-21,6,ADMISSION,Admission Processing,True,True,0.7333190076052871,1,1,0,0,0.0,0.0,24.0,4.166666666666666,Low
2026-08-21,7,ADMISSION,Admission Processing,True,True,1.4350739694722805,1,1,0,0,0.0,0.0,24.0,4.166666666666666,Low
2026-08-21,8,ADMISSION,Admission Processing,True,True,2.879628695227541,2,2,0,0,0.0,0.0,24.0,8.333333333333332,Low
2026-08-21,9,ADMISSION,Admission Processing,True,True,3.4619349215775683,5,5,0,0,0.0,0.0,24.0,20.833333333333336,Low
2026-08-21,10,ADMISSION,Admission Processing,True,True,3.158527503301249,2,2,0,0,0.0,0.0,24.0,8.333333333333332,Low
2026-08-21,11,ADMISSION,Admission Processing,True,True,3.2282493780334,5,5,0,0,0.0,0.0,24.0,20.833333333333336,Low
2026-08-21,12,ADMISSION,Admission Processing,True,True,2.9696427510238728,4,4,0,0,0.0,0.0,24.0,16.666666666666664,Low
2026-08-21,13,ADMISSION,Admission Processing,True,True,2.2707380583603536,1,1,0,0,0.0,0.0,24.0,4.166666666666666,Low
2026-08-21,14,ADMISSION,Admission Processing,True,True,2.2996487295871537,1,1,0,0,0.0,0.0,24.0,4.166666666666666,Low
2026-08-21,15,ADMISSION,Admission Processing,True,True,2.3820028946187355,1,1,0,0,0.0,0.0,24.0,4.166666666666666,Low
2026-08-21,16,ADMISSION,Admission Processing,True,True,2.0797087473862064,5,5,0,0,0.0,0.0,24.0,20.833333333333336,Low
2026-08-21,17,ADMISSION,Admission Processing,True,True,0.9451048348039818,1,1,0,0,0.0,0.0,24.0,4.166666666666666,Low
2026-08-21,18,ADMISSION,Admission Processing,True,True,0.6748899067919465,2,2,0,0,0.0,0.0,24.0,8.333333333333332,Low
2026-08-21,19,ADMISSION,Admission Processing,True,True,0.4977190745884901,0,0,0,0,0.0,0.0,24.0,0.0,Low
2026-08-21,20,ADMISSION,Admission Processing,True,True,0.400127282775927,0,0,0,0,0.0,0.0,24.0,0.0,Low
2026-08-21,21,ADMISSION,Admission Processing,True,True,0.3609216559351427,0,0,0,0,0.0,0.0,24.0,0.0,Low
2026-08-21,22,ADMISSION,Admission Processing,True,True,0.2556518217315555,1,1,0,0,0.0,0.0,24.0,4.166666666666666,Low
2026-08-21,23,ADMISSION,Admission Processing,True,True,0.2556518217315555,0,0,0,0,0.0,0.0,24.0,0.0,Low
2026-08-22,0,ADMISSION,Admission Processing,True,True,1.9290999893527985,2,2,0,0,0.0,0.0,24.0,8.333333333333332,Low
2026-08-22,1,ADMISSION,Admission Processing,True,True,0.912632770888352,0,0,0,0,0.0,0.0,24.0,0.0,Low
2026-08-22,2,ADMISSION,Admission Processing,True,True,0.4112027707921451,0,0,0,0,0.0,0.0,24.0,0.0,Low
2026-08-22,3,ADMISSION,Admission Processing,True,True,0.3523717264246217,0,0,0,0,0.0,0.0,24.0,0.0,Low
2026-08-22,4,ADMISSION,Admission Processing,True,True,0.347739218276597,1,1,0,0,0.0,0.0,24.0,4.166666666666666,Low
2026-08-22,5,ADMISSION,Admission Processing,True,True,0.2745769443710967,1,1,0,0,0.0,0.0,24.0,4.166666666666666,Low
2026-08-22,6,ADMISSION,Admission Processing,True,True,0.5621886156479263,0,0,0,0,0.0,0.0,24.0,0.0,Low
2026-08-22,7,ADMISSION,Admission Processing,True,True,0.8411319434571468,0,0,0,0,0.0,0.0,24.0,0.0,Low
2026-08-22,8,ADMISSION,Admission Processing,True,True,0.9822443814186546,0,0,0,0,0.0,0.0,24.0,0.0,Low
2026-08-22,9,ADMISSION,Admission Processing,True,True,1.0234656958930133,0,0,0,0,0.0,0.0,24.0,0.0,Low
2026-08-22,10,ADMISSION,Admission Processing,True,True,1.1137506297149555,0,0,0,0,0.0,0.0,24.0,0.0,Low
2026-08-22,11,ADMISSION,Admission Processing,True,True,1.157715707477477,0,0,0,0,0.0,0.0,24.0,0.0,Low
2026-08-22,12,ADMISSION,Admission Processing,True,True,1.0254886101828644,0,0,0,0,0.0,0.0,24.0,0.0,Low
2026-08-22,13,ADMISSION,Admission Processing,True,True,1.0113298727339477,2,2,0,0,0.0,0.0,24.0,8.333333333333332,Low
2026-08-22,14,ADMISSION,Admission Processing,True,True,1.0113298727339477,3,3,0,0,0.0,0.0,24.0,12.5,Low
2026-08-22,15,ADMISSION,Admission Processing,True,True,1.0030954401279206,0,0,0,0,0.0,0.0,24.0,0.0,Low
2026-08-22,16,ADMISSION,Admission Processing,True,True,0.9060106029726216,1,1,0,0,0.0,0.0,24.0,4.166666666666666,Low
2026-08-22,17,ADMISSION,Admission Processing,True,True,0.6808256496890712,0,0,0,0,0.0,0.0,24.0,0.0,Low
2026-08-22,18,ADMISSION,Admission Processing,True,True,0.4709288207000853,0,0,0,0,0.0,0.0,24.0,0.0,Low
2026-08-22,19,ADMISSION,Admission Processing,True,True,0.3937867330320469,0,0,0,0,0.0,0.0,24.0,0.0,Low
2026-08-22,20,ADMISSION,Admission Processing,True,True,0.3937867330320469,0,0,0,0,0.0,0.0,24.0,0.0,Low
2026-08-22,21,ADMISSION,Admission Processing,True,True,0.2788313914895021,1,1,0,0,0.0,0.0,24.0,4.166666666666666,Low
2026-08-22,22,ADMISSION,Admission Processing,True,True,0.2721289625259552,0,0,0,0,0.0,0.0,24.0,0.0,Low
2026-08-22,23,ADMISSION,Admission Processing,True,True,0.2721289625259552,1,1,0,0,0.0,0.0,24.0,4.166666666666666,Low
2026-08-23,0,ADMISSION,Admission Processing,True,True,1.8439558096207629,5,5,0,0,0.0,0.0,24.0,20.833333333333336,Low
2026-08-23,1,ADMISSION,Admission Processing,True,True,0.8921650348371465,1,1,0,0,0.0,0.0,24.0,4.166666666666666,Low
2026-08-23,2,ADMISSION,Admission Processing,True,True,0.4078198944261969,0,0,0,0,0.0,0.0,24.0,0.0,Low
2026-08-23,3,ADMISSION,Admission Processing,True,True,0.3489888500586735,0,0,0,0,0.0,0.0,24.0,0.0,Low
2026-08-23,4,ADMISSION,Admission Processing,True,True,0.3443563419106488,0,0,0,0,0.0,0.0,24.0,0.0,Low
2026-08-23,5,ADMISSION,Admission Processing,True,True,0.2711940680051485,0,0,0,0,0.0,0.0,24.0,0.0,Low
2026-08-23,6,ADMISSION,Admission Processing,True,True,0.5588057392819781,0,0,0,0,0.0,0.0,24.0,0.0,Low
2026-08-23,7,ADMISSION,Admission Processing,True,True,0.8377490670911985,0,0,0,0,0.0,0.0,24.0,0.0,Low
2026-08-23,8,ADMISSION,Admission Processing,True,True,0.9734069557698748,0,0,0,0,0.0,0.0,24.0,0.0,Low
2026-08-23,9,ADMISSION,Admission Processing,True,True,1.013455521490492,1,1,0,0,0.0,0.0,24.0,4.166666666666666,Low
2026-08-23,10,ADMISSION,Admission Processing,True,True,1.092618870607156,1,1,0,0,0.0,0.0,24.0,4.166666666666666,Low
2026-08-23,11,ADMISSION,Admission Processing,True,True,1.1365839483696776,3,3,0,0,0.0,0.0,24.0,12.5,Low
2026-08-23,12,ADMISSION,Admission Processing,True,True,1.0043568510750651,2,2,0,0,0.0,0.0,24.0,8.333333333333332,Low
2026-08-23,13,ADMISSION,Admission Processing,True,True,0.9901981136261518,0,0,0,0,0.0,0.0,24.0,0.0,Low
2026-08-23,14,ADMISSION,Admission Processing,True,True,0.9901981136261518,1,1,0,0,0.0,0.0,24.0,4.166666666666666,Low
2026-08-23,15,ADMISSION,Admission Processing,True,True,0.981963681020124,2,2,0,0,0.0,0.0,24.0,8.333333333333332,Low
2026-08-23,16,ADMISSION,Admission Processing,True,True,0.8953899698375783,0,0,0,0,0.0,0.0,24.0,0.0,Low
2026-08-23,17,ADMISSION,Admission Processing,True,True,0.6868803632690647,1,1,0,0,0.0,0.0,24.0,4.166666666666666,Low
2026-08-23,18,ADMISSION,Admission Processing,True,True,0.4769835342800786,0,0,0,0,0.0,0.0,24.0,0.0,Low
2026-08-23,19,ADMISSION,Admission Processing,True,True,0.3998414466120403,2,2,0,0,0.0,0.0,24.0,8.333333333333332,Low
2026-08-23,20,ADMISSION,Admission Processing,True,True,0.3998414466120403,2,2,0,0,0.0,0.0,24.0,8.333333333333332,Low
2026-08-23,21,ADMISSION,Admission Processing,True,True,0.2848861050694954,0,0,0,0,0.0,0.0,24.0,0.0,Low
2026-08-23,22,ADMISSION,Admission Processing,True,True,0.2781836761059486,0,0,0,0,0.0,0.0,24.0,0.0,Low
2026-08-23,23,ADMISSION,Admission Processing,True,True,0.2781836761059486,0,0,0,0,0.0,0.0,24.0,0.0,Low
2026-08-24,0,ADMISSION,Admission Processing,True,True,1.7219486838189066,2,2,0,0,0.0,0.0,24.0,8.333333333333332,Low
2026-08-24,1,ADMISSION,Admission Processing,True,True,0.9191629775907026,2,2,0,0,0.0,0.0,24.0,8.333333333333332,Low
2026-08-24,2,ADMISSION,Admission Processing,True,True,0.4788537312292106,1,1,0,0,0.0,0.0,24.0,4.166666666666666,Low
2026-08-24,3,ADMISSION,Admission Processing,True,True,0.4518714045338698,0,0,0,0,0.0,0.0,24.0,0.0,Low
2026-08-24,4,ADMISSION,Admission Processing,True,True,0.4813981897277459,0,0,0,0,0.0,0.0,24.0,0.0,Low
2026-08-24,5,ADMISSION,Admission Processing,True,True,0.4400033589708481,1,1,0,0,0.0,0.0,24.0,4.166666666666666,Low
2026-08-24,6,ADMISSION,Admission Processing,True,True,0.8058619954754462,1,1,0,0,0.0,0.0,24.0,4.166666666666666,Low
2026-08-24,7,ADMISSION,Admission Processing,True,True,1.5238571502319045,2,2,0,0,0.0,0.0,24.0,8.333333333333332,Low
2026-08-24,8,ADMISSION,Admission Processing,True,True,2.9994009024973725,1,1,0,0,0.0,0.0,24.0,4.166666666666666,Low
2026-08-24,9,ADMISSION,Admission Processing,True,True,3.5526263617980165,7,7,0,0,0.0,0.0,24.0,29.166666666666668,Low
2026-08-24,10,ADMISSION,Admission Processing,True,True,3.437280458464259,4,4,0,0,0.0,0.0,24.0,16.666666666666664,Low
2026-08-24,11,ADMISSION,Admission Processing,True,True,3.325040795431028,0,0,0,0,0.0,0.0,24.0,0.0,Low
2026-08-24,12,ADMISSION,Admission Processing,True,True,3.0367862678759683,4,4,0,0,0.0,0.0,24.0,16.666666666666664,Low
2026-08-24,13,ADMISSION,Admission Processing,True,True,2.401189726364662,1,1,0,0,0.0,0.0,24.0,4.166666666666666,Low
2026-08-24,14,ADMISSION,Admission Processing,True,True,2.40617729484984,3,3,0,0,0.0,0.0,24.0,12.5,Low
2026-08-24,15,ADMISSION,Admission Processing,True,True,2.3707885741077805,2,2,0,0,0.0,0.0,24.0,8.333333333333332,Low
2026-08-24,16,ADMISSION,Admission Processing,True,True,2.122769445373225,0,0,0,0,0.0,0.0,24.0,0.0,Low
2026-08-24,17,ADMISSION,Admission Processing,True,True,0.9529174014541136,0,0,0,0,0.0,0.0,24.0,0.0,Low
2026-08-24,18,ADMISSION,Admission Processing,True,True,0.6762703949619264,0,0,0,0,0.0,0.0,24.0,0.0,Low
2026-08-24,19,ADMISSION,Admission Processing,True,True,0.49909956275847,1,1,0,0,0.0,0.0,24.0,4.166666666666666,Low
2026-08-24,20,ADMISSION,Admission Processing,True,True,0.4015077709459072,0,0,0,0,0.0,0.0,24.0,0.0,Low
2026-08-24,21,ADMISSION,Admission Processing,True,True,0.363476122017372,0,0,0,0,0.0,0.0,24.0,0.0,Low
2026-08-24,22,ADMISSION,Admission Processing,True,True,0.2582062878137848,0,0,0,0,0.0,0.0,24.0,0.0,Low
2026-08-24,23,ADMISSION,Admission Processing,True,True,0.2582062878137848,0,0,0,0,0.0,0.0,24.0,0.0,Low
2026-08-25,0,ADMISSION,Admission Processing,True,True,2.131462975545903,2,2,0,0,0.0,0.0,24.0,8.333333333333332,Low
2026-08-25,1,ADMISSION,Admission Processing,True,True,0.9111909429922112,0,0,0,0,0.0,0.0,24.0,0.0,Low
2026-08-25,2,ADMISSION,Admission Processing,True,True,0.4730820155354714,2,2,0,0,0.0,0.0,24.0,8.333333333333332,Low
2026-08-25,3,ADMISSION,Admission Processing,True,True,0.4283755359957126,1,1,0,0,0.0,0.0,24.0,4.166666666666666,Low
2026-08-25,4,ADMISSION,Admission Processing,True,True,0.4756264740340067,0,0,0,0,0.0,0.0,24.0,0.0,Low
2026-08-25,5,ADMISSION,Admission Processing,True,True,0.4342316432771089,0,0,0,0,0.0,0.0,24.0,0.0,Low
2026-08-25,6,ADMISSION,Admission Processing,True,True,0.8098617136611258,1,1,0,0,0.0,0.0,24.0,4.166666666666666,Low
2026-08-25,7,ADMISSION,Admission Processing,True,True,1.5362421330143348,1,1,0,0,0.0,0.0,24.0,4.166666666666666,Low
2026-08-25,8,ADMISSION,Admission Processing,True,True,2.892756980927075,2,2,0,0,0.0,0.0,24.0,8.333333333333332,Low
2026-08-25,9,ADMISSION,Admission Processing,True,True,3.560657428867163,3,3,0,0,0.0,0.0,24.0,12.5,Low
2026-08-25,10,ADMISSION,Admission Processing,True,True,3.4440467800848977,2,2,0,0,0.0,0.0,24.0,8.333333333333332,Low
2026-08-25,11,ADMISSION,Admission Processing,True,True,3.3290405136167074,5,5,0,0,0.0,0.0,24.0,20.833333333333336,Low
2026-08-25,12,ADMISSION,Admission Processing,True,True,3.040785986061648,4,4,0,0,0.0,0.0,24.0,16.666666666666664,Low
2026-08-25,13,ADMISSION,Admission Processing,True,True,2.399472755371013,1,1,0,0,0.0,0.0,24.0,4.166666666666666,Low
2026-08-25,14,ADMISSION,Admission Processing,True,True,2.4044603238561906,1,1,0,0,0.0,0.0,24.0,4.166666666666666,Low
2026-08-25,15,ADMISSION,Admission Processing,True,True,2.3690716031141315,3,3,0,0,0.0,0.0,24.0,12.5,Low
2026-08-25,16,ADMISSION,Admission Processing,True,True,2.121052474379576,2,2,0,0,0.0,0.0,24.0,8.333333333333332,Low
2026-08-25,17,ADMISSION,Admission Processing,True,True,0.9512004304604644,1,1,0,0,0.0,0.0,24.0,4.166666666666666,Low
2026-08-25,18,ADMISSION,Admission Processing,True,True,0.6745534239682772,1,1,0,0,0.0,0.0,24.0,4.166666666666666,Low
2026-08-25,19,ADMISSION,Admission Processing,True,True,0.4973825917648208,1,1,0,0,0.0,0.0,24.0,4.166666666666666,Low
2026-08-25,20,ADMISSION,Admission Processing,True,True,0.399790799952258,0,0,0,0,0.0,0.0,24.0,0.0,Low
2026-08-25,21,ADMISSION,Admission Processing,True,True,0.3617591510237228,1,1,0,0,0.0,0.0,24.0,4.166666666666666,Low
2026-08-25,22,ADMISSION,Admission Processing,True,True,0.2564893168201356,0,0,0,0,0.0,0.0,24.0,0.0,Low
2026-08-25,23,ADMISSION,Admission Processing,True,True,0.2564893168201356,0,0,0,0,0.0,0.0,24.0,0.0,Low
2026-08-26,0,ADMISSION,Admission Processing,True,True,2.015862158341789,5,5,0,0,0.0,0.0,24.0,20.833333333333336,Low
2026-08-19,1,ANAESTHESIA,Anaesthesia Service,False,False,0.0004894227732387,0,0,0,0,0.0,0.0,0.0,0.0,Closed
2026-08-19,2,ANAESTHESIA,Anaesthesia Service,False,False,0.1928485619457723,0,0,0,0,0.0,0.0,0.0,0.0,Closed
2026-08-19,3,ANAESTHESIA,Anaesthesia Service,False,False,0.1928485619457723,1,0,1,1,0.0,0.0,0.0,0.0,Closed
2026-08-19,4,ANAESTHESIA,Anaesthesia Service,False,False,0.1950979642073707,1,0,2,2,0.0,0.0,0.0,0.0,Closed
2026-08-19,5,ANAESTHESIA,Anaesthesia Service,False,False,0.1851099421568054,0,0,2,2,0.0,0.0,0.0,0.0,Closed
2026-08-19,6,ANAESTHESIA,Anaesthesia Service,False,False,0.2927591160738241,0,0,2,2,0.0,0.0,0.0,0.0,Closed
2026-08-19,7,ANAESTHESIA,Anaesthesia Service,False,False,0.3005777475689484,0,0,2,2,0.0,0.0,0.0,0.0,Closed
2026-08-19,8,ANAESTHESIA,Anaesthesia Service,False,True,0.347955883146599,0,2,0,0,261.5,288.0,12.0,0.0,Low
2026-08-19,9,ANAESTHESIA,Anaesthesia Service,False,True,0.3458732763056948,1,1,0,0,0.0,0.0,12.0,8.333333333333332,Low
2026-08-19,10,ANAESTHESIA,Anaesthesia Service,False,True,0.2210401413960455,0,0,0,0,0.0,0.0,12.0,0.0,Low
2026-08-19,11,ANAESTHESIA,Anaesthesia Service,False,True,0.2211277506437843,0,0,0,0,0.0,0.0,12.0,0.0,Low
2026-08-19,12,ANAESTHESIA,Anaesthesia Service,False,True,0.1771344955180175,0,0,0,0,0.0,0.0,12.0,0.0,Low
2026-08-19,13,ANAESTHESIA,Anaesthesia Service,False,True,0.1567003974084722,0,0,0,0,0.0,0.0,12.0,0.0,Low
2026-08-19,14,ANAESTHESIA,Anaesthesia Service,False,True,0.1567003974084722,0,0,0,0,0.0,0.0,12.0,0.0,Low
2026-08-19,15,ANAESTHESIA,Anaesthesia Service,False,True,0.1555132310553673,0,0,0,0,0.0,0.0,12.0,0.0,Low
2026-08-19,16,ANAESTHESIA,Anaesthesia Service,False,True,0.1481445538008281,0,0,0,0,0.0,0.0,12.0,0.0,Low
2026-08-19,17,ANAESTHESIA,Anaesthesia Service,False,False,0.1300041546299128,0,0,0,0,0.0,0.0,0.0,0.0,Closed
2026-08-19,18,ANAESTHESIA,Anaesthesia Service,False,False,0.1300041546299128,1,0,1,1,0.0,0.0,0.0,0.0,Closed
2026-08-19,19,ANAESTHESIA,Anaesthesia Service,False,False,0.1300041546299128,0,0,1,1,0.0,0.0,0.0,0.0,Closed
2026-08-19,20,ANAESTHESIA,Anaesthesia Service,False,False,0.1300041546299128,0,0,1,1,0.0,0.0,0.0,0.0,Closed
2026-08-19,21,ANAESTHESIA,Anaesthesia Service,False,False,0.1300041546299128,0,0,1,1,0.0,0.0,0.0,0.0,Closed
2026-08-19,22,ANAESTHESIA,Anaesthesia Service,False,False,0.1300041546299128,0,0,1,1,0.0,0.0,0.0,0.0,Closed
2026-08-19,23,ANAESTHESIA,Anaesthesia Service,False,False,0.1300041546299128,0,0,1,1,0.0,0.0,0.0,0.0,Closed
2026-08-20,0,ANAESTHESIA,Anaesthesia Service,False,False,0.1525248376937078,0,0,1,1,0.0,0.0,0.0,0.0,Closed
2026-08-20,1,ANAESTHESIA,Anaesthesia Service,False,False,0.1525248376937078,0,0,1,1,0.0,0.0,0.0,0.0,Closed
2026-08-20,2,ANAESTHESIA,Anaesthesia Service,False,False,0.1518793997910408,1,0,2,2,0.0,0.0,0.0,0.0,Closed
2026-08-20,3,ANAESTHESIA,Anaesthesia Service,False,False,0.1518793997910408,0,0,2,2,0.0,0.0,0.0,0.0,Closed
2026-08-20,4,ANAESTHESIA,Anaesthesia Service,False,False,0.1541288020526391,0,0,2,2,0.0,0.0,0.0,0.0,Closed
2026-08-20,5,ANAESTHESIA,Anaesthesia Service,False,False,0.131138291167955,0,0,2,2,0.0,0.0,0.0,0.0,Closed
2026-08-20,6,ANAESTHESIA,Anaesthesia Service,False,False,0.2387874650849737,0,0,2,2,0.0,0.0,0.0,0.0,Closed
2026-08-20,7,ANAESTHESIA,Anaesthesia Service,False,False,0.246606096580098,0,0,2,2,0.0,0.0,0.0,0.0,Closed
2026-08-20,8,ANAESTHESIA,Anaesthesia Service,False,True,0.3005103134210652,0,2,0,0,548.5,791.0,12.0,0.0,Low
2026-08-20,9,ANAESTHESIA,Anaesthesia Service,False,True,0.3137884481534819,0,0,0,0,0.0,0.0,12.0,0.0,Low
2026-08-20,10,ANAESTHESIA,Anaesthesia Service,False,True,0.204017876149722,1,1,0,0,0.0,0.0,12.0,8.333333333333332,Low
2026-08-20,11,ANAESTHESIA,Anaesthesia Service,False,True,0.2041054853974607,0,0,0,0,0.0,0.0,12.0,0.0,Low
2026-08-20,12,ANAESTHESIA,Anaesthesia Service,False,True,0.1707148369263652,0,0,0,0,0.0,0.0,12.0,0.0,Low
2026-08-20,13,ANAESTHESIA,Anaesthesia Service,False,True,0.1502807388168198,0,0,0,0,0.0,0.0,12.0,0.0,Low
2026-08-20,14,ANAESTHESIA,Anaesthesia Service,False,True,0.1502807388168198,0,0,0,0,0.0,0.0,12.0,0.0,Low
2026-08-20,15,ANAESTHESIA,Anaesthesia Service,False,True,0.149093572463715,0,0,0,0,0.0,0.0,12.0,0.0,Low
2026-08-20,16,ANAESTHESIA,Anaesthesia Service,False,True,0.1417248952091758,0,0,0,0,0.0,0.0,12.0,0.0,Low
2026-08-20,17,ANAESTHESIA,Anaesthesia Service,False,False,0.1235844960382604,0,0,0,0,0.0,0.0,0.0,0.0,Closed
2026-08-20,18,ANAESTHESIA,Anaesthesia Service,False,False,0.1235844960382604,0,0,0,0,0.0,0.0,0.0,0.0,Closed
2026-08-20,19,ANAESTHESIA,Anaesthesia Service,False,False,0.1235844960382604,0,0,0,0,0.0,0.0,0.0,0.0,Closed
2026-08-20,20,ANAESTHESIA,Anaesthesia Service,False,False,0.1235844960382604,0,0,0,0,0.0,0.0,0.0,0.0,Closed
2026-08-20,21,ANAESTHESIA,Anaesthesia Service,False,False,0.1235844960382604,0,0,0,0,0.0,0.0,0.0,0.0,Closed
2026-08-20,22,ANAESTHESIA,Anaesthesia Service,False,False,0.1235844960382604,0,0,0,0,0.0,0.0,0.0,0.0,Closed
2026-08-20,23,ANAESTHESIA,Anaesthesia Service,False,False,0.1235844960382604,0,0,0,0,0.0,0.0,0.0,0.0,Closed
2026-08-21,0,ANAESTHESIA,Anaesthesia Service,False,False,0.1533271225967408,0,0,0,0,0.0,0.0,0.0,0.0,Closed
2026-08-21,1,ANAESTHESIA,Anaesthesia Service,False,False,0.1533271225967408,0,0,0,0,0.0,0.0,0.0,0.0,Closed
2026-08-21,2,ANAESTHESIA,Anaesthesia Service,False,False,0.1402281270473906,0,0,0,0,0.0,0.0,0.0,0.0,Closed
2026-08-21,3,ANAESTHESIA,Anaesthesia Service,False,False,0.1402281270473906,0,0,0,0,0.0,0.0,0.0,0.0,Closed
2026-08-21,4,ANAESTHESIA,Anaesthesia Service,False,False,0.1424775293089889,0,0,0,0,0.0,0.0,0.0,0.0,Closed
2026-08-21,5,ANAESTHESIA,Anaesthesia Service,False,False,0.1182120060726809,0,0,0,0,0.0,0.0,0.0,0.0,Closed
2026-08-21,6,ANAESTHESIA,Anaesthesia Service,False,False,0.2258611799896995,0,0,0,0,0.0,0.0,0.0,0.0,Closed
2026-08-21,7,ANAESTHESIA,Anaesthesia Service,False,False,0.2336798114848238,0,0,0,0,0.0,0.0,0.0,0.0,Closed
2026-08-21,8,ANAESTHESIA,Anaesthesia Service,False,True,0.2888590406774149,0,0,0,0,0.0,0.0,12.0,0.0,Low
2026-08-21,9,ANAESTHESIA,Anaesthesia Service,False,True,0.3021371754098316,0,0,0,0,0.0,0.0,12.0,0.0,Low
2026-08-21,10,ANAESTHESIA,Anaesthesia Service,False,True,0.1923666034060717,0,0,0,0,0.0,0.0,12.0,0.0,Low
2026-08-21,11,ANAESTHESIA,Anaesthesia Service,False,True,0.1924542126538105,0,0,0,0,0.0,0.0,12.0,0.0,Low
2026-08-21,12,ANAESTHESIA,Anaesthesia Service,False,True,0.1715171218293981,0,0,0,0,0.0,0.0,12.0,0.0,Low
2026-08-21,13,ANAESTHESIA,Anaesthesia Service,False,True,0.1510830237198528,0,0,0,0,0.0,0.0,12.0,0.0,Low
2026-08-21,14,ANAESTHESIA,Anaesthesia Service,False,True,0.1510830237198528,0,0,0,0,0.0,0.0,12.0,0.0,Low
2026-08-21,15,ANAESTHESIA,Anaesthesia Service,False,True,0.1498958573667479,0,0,0,0,0.0,0.0,12.0,0.0,Low
2026-08-21,16,ANAESTHESIA,Anaesthesia Service,False,True,0.1425271801122087,0,0,0,0,0.0,0.0,12.0,0.0,Low
2026-08-21,17,ANAESTHESIA,Anaesthesia Service,False,False,0.1243867809412933,0,0,0,0,0.0,0.0,0.0,0.0,Closed
2026-08-21,18,ANAESTHESIA,Anaesthesia Service,False,False,0.1243867809412933,0,0,0,0,0.0,0.0,0.0,0.0,Closed
2026-08-21,19,ANAESTHESIA,Anaesthesia Service,False,False,0.1243867809412933,0,0,0,0,0.0,0.0,0.0,0.0,Closed
2026-08-21,20,ANAESTHESIA,Anaesthesia Service,False,False,0.1243867809412933,0,0,0,0,0.0,0.0,0.0,0.0,Closed
2026-08-21,21,ANAESTHESIA,Anaesthesia Service,False,False,0.1243867809412933,0,0,0,0,0.0,0.0,0.0,0.0,Closed
2026-08-21,22,ANAESTHESIA,Anaesthesia Service,False,False,0.1243867809412933,0,0,0,0,0.0,0.0,0.0,0.0,Closed
2026-08-21,23,ANAESTHESIA,Anaesthesia Service,False,False,0.1243867809412933,0,0,0,0,0.0,0.0,0.0,0.0,Closed
2026-08-22,0,ANAESTHESIA,Anaesthesia Service,False,False,0.1660434392284973,0,0,0,0,0.0,0.0,0.0,0.0,Closed
2026-08-22,1,ANAESTHESIA,Anaesthesia Service,False,False,0.1660434392284973,0,0,0,0,0.0,0.0,0.0,0.0,Closed
2026-08-22,2,ANAESTHESIA,Anaesthesia Service,False,False,0.1521448399003155,0,0,0,0,0.0,0.0,0.0,0.0,Closed
2026-08-22,3,ANAESTHESIA,Anaesthesia Service,False,False,0.1521448399003155,0,0,0,0,0.0,0.0,0.0,0.0,Closed
2026-08-22,4,ANAESTHESIA,Anaesthesia Service,False,False,0.1212262796638102,0,0,0,0,0.0,0.0,0.0,0.0,Closed
2026-08-22,5,ANAESTHESIA,Anaesthesia Service,False,False,0.0969607564275023,0,0,0,0,0.0,0.0,0.0,0.0,Closed
2026-08-22,6,ANAESTHESIA,Anaesthesia Service,False,False,0.2111912038396584,0,0,0,0,0.0,0.0,0.0,0.0,Closed
2026-08-22,7,ANAESTHESIA,Anaesthesia Service,False,False,0.2190098353347828,0,0,0,0,0.0,0.0,0.0,0.0,Closed
2026-08-22,8,ANAESTHESIA,Anaesthesia Service,False,True,0.2624875868792359,0,0,0,0,0.0,0.0,12.0,0.0,Low
2026-08-22,9,ANAESTHESIA,Anaesthesia Service,False,True,0.2757657216116526,0,0,0,0,0.0,0.0,12.0,0.0,Low
2026-08-22,10,ANAESTHESIA,Anaesthesia Service,False,True,0.1727355497187463,0,0,0,0,0.0,0.0,12.0,0.0,Low
2026-08-22,11,ANAESTHESIA,Anaesthesia Service,False,True,0.172823158966485,0,0,0,0,0.0,0.0,12.0,0.0,Low
2026-08-22,12,ANAESTHESIA,Anaesthesia Service,False,True,0.1487210747957543,0,0,0,0,0.0,0.0,12.0,0.0,Low
2026-08-22,13,ANAESTHESIA,Anaesthesia Service,False,True,0.1394739395628766,0,0,0,0,0.0,0.0,12.0,0.0,Low
2026-08-22,14,ANAESTHESIA,Anaesthesia Service,False,True,0.1394739395628766,0,0,0,0,0.0,0.0,12.0,0.0,Low
2026-08-22,15,ANAESTHESIA,Anaesthesia Service,False,True,0.1382867732097718,0,0,0,0,0.0,0.0,12.0,0.0,Low
2026-08-22,16,ANAESTHESIA,Anaesthesia Service,False,True,0.1309180959552326,0,0,0,0,0.0,0.0,12.0,0.0,Low
2026-08-22,17,ANAESTHESIA,Anaesthesia Service,False,False,0.1100391256064206,0,0,0,0,0.0,0.0,0.0,0.0,Closed
2026-08-22,18,ANAESTHESIA,Anaesthesia Service,False,False,0.1100391256064206,0,0,0,0,0.0,0.0,0.0,0.0,Closed
2026-08-22,19,ANAESTHESIA,Anaesthesia Service,False,False,0.1100391256064206,1,0,1,1,0.0,0.0,0.0,0.0,Closed
2026-08-22,20,ANAESTHESIA,Anaesthesia Service,False,False,0.1100391256064206,0,0,1,1,0.0,0.0,0.0,0.0,Closed
2026-08-22,21,ANAESTHESIA,Anaesthesia Service,False,False,0.1100391256064206,1,0,2,2,0.0,0.0,0.0,0.0,Closed
2026-08-22,22,ANAESTHESIA,Anaesthesia Service,False,False,0.1100391256064206,0,0,2,2,0.0,0.0,0.0,0.0,Closed
2026-08-22,23,ANAESTHESIA,Anaesthesia Service,False,False,0.1100391256064206,0,0,2,2,0.0,0.0,0.0,0.0,Closed
2026-08-23,0,ANAESTHESIA,Anaesthesia Service,False,False,0.1644907820560245,0,0,2,2,0.0,0.0,0.0,0.0,Closed
2026-08-23,1,ANAESTHESIA,Anaesthesia Service,False,False,0.1644907820560245,0,0,2,2,0.0,0.0,0.0,0.0,Closed
2026-08-23,2,ANAESTHESIA,Anaesthesia Service,False,False,0.1505921827278427,1,0,3,3,0.0,0.0,0.0,0.0,Closed
2026-08-23,3,ANAESTHESIA,Anaesthesia Service,False,False,0.1505921827278427,0,0,3,3,0.0,0.0,0.0,0.0,Closed
2026-08-23,4,ANAESTHESIA,Anaesthesia Service,False,False,0.1196736224913375,0,0,3,3,0.0,0.0,0.0,0.0,Closed
2026-08-23,5,ANAESTHESIA,Anaesthesia Service,False,False,0.0954080992550295,0,0,3,3,0.0,0.0,0.0,0.0,Closed
2026-08-23,6,ANAESTHESIA,Anaesthesia Service,False,False,0.2096385466671857,1,0,4,4,0.0,0.0,0.0,0.0,Closed
2026-08-23,7,ANAESTHESIA,Anaesthesia Service,False,False,0.21745717816231,0,0,4,4,0.0,0.0,0.0,0.0,Closed
2026-08-23,8,ANAESTHESIA,Anaesthesia Service,False,True,0.2609349297067632,0,4,0,0,449.0,751.0,12.0,0.0,Low
2026-08-23,9,ANAESTHESIA,Anaesthesia Service,False,True,0.2742130644391799,0,0,0,0,0.0,0.0,12.0,0.0,Low
2026-08-23,10,ANAESTHESIA,Anaesthesia Service,False,True,0.1711828925462735,0,0,0,0,0.0,0.0,12.0,0.0,Low
2026-08-23,11,ANAESTHESIA,Anaesthesia Service,False,True,0.1712705017940122,0,0,0,0,0.0,0.0,12.0,0.0,Low
2026-08-23,12,ANAESTHESIA,Anaesthesia Service,False,True,0.1471684176232815,0,0,0,0,0.0,0.0,12.0,0.0,Low
2026-08-23,13,ANAESTHESIA,Anaesthesia Service,False,True,0.1379212823904038,0,0,0,0,0.0,0.0,12.0,0.0,Low
2026-08-23,14,ANAESTHESIA,Anaesthesia Service,False,True,0.1379212823904038,0,0,0,0,0.0,0.0,12.0,0.0,Low
2026-08-23,15,ANAESTHESIA,Anaesthesia Service,False,True,0.136734116037299,0,0,0,0,0.0,0.0,12.0,0.0,Low
2026-08-23,16,ANAESTHESIA,Anaesthesia Service,False,True,0.1293654387827598,0,0,0,0,0.0,0.0,12.0,0.0,Low
2026-08-23,17,ANAESTHESIA,Anaesthesia Service,False,False,0.1087149663232366,0,0,0,0,0.0,0.0,0.0,0.0,Closed
2026-08-23,18,ANAESTHESIA,Anaesthesia Service,False,False,0.1087149663232366,0,0,0,0,0.0,0.0,0.0,0.0,Closed
2026-08-23,19,ANAESTHESIA,Anaesthesia Service,False,False,0.1087149663232366,0,0,0,0,0.0,0.0,0.0,0.0,Closed
2026-08-23,20,ANAESTHESIA,Anaesthesia Service,False,False,0.1087149663232366,0,0,0,0,0.0,0.0,0.0,0.0,Closed
2026-08-23,21,ANAESTHESIA,Anaesthesia Service,False,False,0.1087149663232366,1,0,1,1,0.0,0.0,0.0,0.0,Closed
2026-08-23,22,ANAESTHESIA,Anaesthesia Service,False,False,0.1087149663232366,0,0,1,1,0.0,0.0,0.0,0.0,Closed
2026-08-23,23,ANAESTHESIA,Anaesthesia Service,False,False,0.1087149663232366,0,0,1,1,0.0,0.0,0.0,0.0,Closed
2026-08-24,0,ANAESTHESIA,Anaesthesia Service,False,False,0.1361605774393602,1,0,2,2,0.0,0.0,0.0,0.0,Closed
2026-08-24,1,ANAESTHESIA,Anaesthesia Service,False,False,0.1361605774393602,0,0,2,2,0.0,0.0,0.0,0.0,Closed
2026-08-24,2,ANAESTHESIA,Anaesthesia Service,False,False,0.1290387319658908,0,0,2,2,0.0,0.0,0.0,0.0,Closed
2026-08-24,3,ANAESTHESIA,Anaesthesia Service,False,False,0.1290387319658908,0,0,2,2,0.0,0.0,0.0,0.0,Closed
2026-08-24,4,ANAESTHESIA,Anaesthesia Service,False,False,0.1312881342274892,0,0,2,2,0.0,0.0,0.0,0.0,Closed
2026-08-24,5,ANAESTHESIA,Anaesthesia Service,False,False,0.1213001121769239,1,0,3,3,0.0,0.0,0.0,0.0,Closed
2026-08-24,6,ANAESTHESIA,Anaesthesia Service,False,False,0.2289492860939425,0,0,3,3,0.0,0.0,0.0,0.0,Closed
2026-08-24,7,ANAESTHESIA,Anaesthesia Service,False,False,0.2367679175890668,0,0,3,3,0.0,0.0,0.0,0.0,Closed
2026-08-24,8,ANAESTHESIA,Anaesthesia Service,False,True,0.3024976860070337,0,3,0,0,414.0,634.0,12.0,0.0,Low
2026-08-24,9,ANAESTHESIA,Anaesthesia Service,False,True,0.3004150791661296,0,0,0,0,0.0,0.0,12.0,0.0,Low
2026-08-24,10,ANAESTHESIA,Anaesthesia Service,False,True,0.2020983140727082,0,0,0,0,0.0,0.0,12.0,0.0,Low
2026-08-24,11,ANAESTHESIA,Anaesthesia Service,False,True,0.202185923320447,1,1,0,0,0.0,0.0,12.0,8.333333333333332,Low
2026-08-24,12,ANAESTHESIA,Anaesthesia Service,False,True,0.1581926681946801,0,0,0,0,0.0,0.0,12.0,0.0,Low
2026-08-24,13,ANAESTHESIA,Anaesthesia Service,False,True,0.1377585700851347,0,0,0,0,0.0,0.0,12.0,0.0,Low
2026-08-24,14,ANAESTHESIA,Anaesthesia Service,False,True,0.1377585700851347,0,0,0,0,0.0,0.0,12.0,0.0,Low
2026-08-24,15,ANAESTHESIA,Anaesthesia Service,False,True,0.1365714037320299,0,0,0,0,0.0,0.0,12.0,0.0,Low
2026-08-24,16,ANAESTHESIA,Anaesthesia Service,False,True,0.1292027264774907,0,0,0,0,0.0,0.0,12.0,0.0,Low
2026-08-24,17,ANAESTHESIA,Anaesthesia Service,False,False,0.1110623273065754,0,0,0,0,0.0,0.0,0.0,0.0,Closed
2026-08-24,18,ANAESTHESIA,Anaesthesia Service,False,False,0.1110623273065754,0,0,0,0,0.0,0.0,0.0,0.0,Closed
2026-08-24,19,ANAESTHESIA,Anaesthesia Service,False,False,0.1110623273065754,0,0,0,0,0.0,0.0,0.0,0.0,Closed
2026-08-24,20,ANAESTHESIA,Anaesthesia Service,False,False,0.1110623273065754,0,0,0,0,0.0,0.0,0.0,0.0,Closed
2026-08-24,21,ANAESTHESIA,Anaesthesia Service,False,False,0.1110623273065754,1,0,1,1,0.0,0.0,0.0,0.0,Closed
2026-08-24,22,ANAESTHESIA,Anaesthesia Service,False,False,0.1110623273065754,0,0,1,1,0.0,0.0,0.0,0.0,Closed
2026-08-24,23,ANAESTHESIA,Anaesthesia Service,False,False,0.1110623273065754,0,0,1,1,0.0,0.0,0.0,0.0,Closed
2026-08-25,0,ANAESTHESIA,Anaesthesia Service,False,False,0.1361605774393602,0,0,1,1,0.0,0.0,0.0,0.0,Closed
2026-08-25,1,ANAESTHESIA,Anaesthesia Service,False,False,0.1361605774393602,0,0,1,1,0.0,0.0,0.0,0.0,Closed
2026-08-25,2,ANAESTHESIA,Anaesthesia Service,False,False,0.1290387319658908,0,0,1,1,0.0,0.0,0.0,0.0,Closed
2026-08-25,3,ANAESTHESIA,Anaesthesia Service,False,False,0.1290387319658908,1,0,2,2,0.0,0.0,0.0,0.0,Closed
2026-08-25,4,ANAESTHESIA,Anaesthesia Service,False,False,0.1312881342274892,0,0,2,2,0.0,0.0,0.0,0.0,Closed
2026-08-25,5,ANAESTHESIA,Anaesthesia Service,False,False,0.1213001121769239,0,0,2,2,0.0,0.0,0.0,0.0,Closed
2026-08-25,6,ANAESTHESIA,Anaesthesia Service,False,False,0.2289492860939425,1,0,3,3,0.0,0.0,0.0,0.0,Closed
2026-08-25,7,ANAESTHESIA,Anaesthesia Service,False,False,0.2367679175890668,0,0,3,3,0.0,0.0,0.0,0.0,Closed
2026-08-25,8,ANAESTHESIA,Anaesthesia Service,False,True,0.3024976860070337,2,5,0,0,206.6,646.0,12.0,16.666666666666664,Low
2026-08-25,9,ANAESTHESIA,Anaesthesia Service,False,True,0.3004150791661296,1,1,0,0,0.0,0.0,12.0,8.333333333333332,Low
2026-08-25,10,ANAESTHESIA,Anaesthesia Service,False,True,0.2020983140727082,0,0,0,0,0.0,0.0,12.0,0.0,Low
2026-08-25,11,ANAESTHESIA,Anaesthesia Service,False,True,0.202185923320447,0,0,0,0,0.0,0.0,12.0,0.0,Low
2026-08-25,12,ANAESTHESIA,Anaesthesia Service,False,True,0.1581926681946801,0,0,0,0,0.0,0.0,12.0,0.0,Low
2026-08-25,13,ANAESTHESIA,Anaesthesia Service,False,True,0.1377585700851347,0,0,0,0,0.0,0.0,12.0,0.0,Low
2026-08-25,14,ANAESTHESIA,Anaesthesia Service,False,True,0.1377585700851347,0,0,0,0,0.0,0.0,12.0,0.0,Low
2026-08-25,15,ANAESTHESIA,Anaesthesia Service,False,True,0.1365714037320299,0,0,0,0,0.0,0.0,12.0,0.0,Low
2026-08-25,16,ANAESTHESIA,Anaesthesia Service,False,True,0.1292027264774907,0,0,0,0,0.0,0.0,12.0,0.0,Low
2026-08-25,17,ANAESTHESIA,Anaesthesia Service,False,False,0.1110623273065754,1,0,1,1,0.0,0.0,0.0,0.0,Closed
2026-08-25,18,ANAESTHESIA,Anaesthesia Service,False,False,0.1110623273065754,0,0,1,1,0.0,0.0,0.0,0.0,Closed
2026-08-25,19,ANAESTHESIA,Anaesthesia Service,False,False,0.1110623273065754,0,0,1,1,0.0,0.0,0.0,0.0,Closed
2026-08-25,20,ANAESTHESIA,Anaesthesia Service,False,False,0.1110623273065754,0,0,1,1,0.0,0.0,0.0,0.0,Closed
2026-08-25,21,ANAESTHESIA,Anaesthesia Service,False,False,0.1110623273065754,0,0,1,1,0.0,0.0,0.0,0.0,Closed
2026-08-25,22,ANAESTHESIA,Anaesthesia Service,False,False,0.1110623273065754,0,0,1,1,0.0,0.0,0.0,0.0,Closed
2026-08-25,23,ANAESTHESIA,Anaesthesia Service,False,False,0.1110623273065754,0,0,1,1,0.0,0.0,0.0,0.0,Closed
2026-08-26,0,ANAESTHESIA,Anaesthesia Service,False,False,0.1999704074192417,0,0,1,1,0.0,0.0,0.0,0.0,Closed
2026-08-19,1,Audiology,Audiology Assessment,False,False,0.0061726256108759,0,0,0,0,0.0,0.0,0.0,0.0,Closed
2026-08-19,2,Audiology,Audiology Assessment,False,False,0.1038478758984408,0,0,0,0,0.0,0.0,0.0,0.0,Closed
2026-08-19,3,Audiology,Audiology Assessment,False,False,0.1038478758984408,0,0,0,0,0.0,0.0,0.0,0.0,Closed
2026-08-19,4,Audiology,Audiology Assessment,False,False,0.0899785274362138,0,0,0,0,0.0,0.0,0.0,0.0,Closed
2026-08-19,5,Audiology,Audiology Assessment,False,False,0.1024774015027751,0,0,0,0,0.0,0.0,0.0,0.0,Closed
2026-08-19,6,Audiology,Audiology Assessment,False,False,0.1883848492181876,1,0,1,1,0.0,0.0,0.0,0.0,Closed
2026-08-19,7,Audiology,Audiology Assessment,False,False,0.3348321930617866,0,0,1,1,0.0,0.0,0.0,0.0,Closed
2026-08-19,8,Audiology,Audiology Assessment,False,True,0.5826998914731932,0,1,0,0,77.0,77.0,12.0,0.0,Low
2026-08-19,9,Audiology,Audiology Assessment,False,True,0.5228433459919675,0,0,0,0,0.0,0.0,12.0,0.0,Low
2026-08-19,10,Audiology,Audiology Assessment,False,True,0.2981438087287537,1,1,0,0,0.0,0.0,12.0,8.333333333333332,Low
2026-08-19,11,Audiology,Audiology Assessment,False,True,0.2912564733181413,1,1,0,0,0.0,0.0,12.0,8.333333333333332,Low
2026-08-19,12,Audiology,Audiology Assessment,False,True,0.201730150909301,0,0,0,0,0.0,0.0,12.0,0.0,Low
2026-08-19,13,Audiology,Audiology Assessment,False,True,0.1539988841363282,0,0,0,0,0.0,0.0,12.0,0.0,Low
2026-08-19,14,Audiology,Audiology Assessment,False,True,0.1539988841363282,0,0,0,0,0.0,0.0,12.0,0.0,Low
2026-08-19,15,Audiology,Audiology Assessment,False,True,0.1539988841363282,0,0,0,0,0.0,0.0,12.0,0.0,Low
2026-08-19,16,Audiology,Audiology Assessment,False,True,0.1492415877579812,0,0,0,0,0.0,0.0,12.0,0.0,Low
2026-08-19,17,Audiology,Audiology Assessment,False,False,0.097319626446766,0,0,0,0,0.0,0.0,0.0,0.0,Closed
2026-08-19,18,Audiology,Audiology Assessment,False,False,0.097319626446766,1,0,1,1,0.0,0.0,0.0,0.0,Closed
2026-08-19,19,Audiology,Audiology Assessment,False,False,0.097319626446766,0,0,1,1,0.0,0.0,0.0,0.0,Closed
2026-08-19,20,Audiology,Audiology Assessment,False,False,0.097319626446766,0,0,1,1,0.0,0.0,0.0,0.0,Closed
2026-08-19,21,Audiology,Audiology Assessment,False,False,0.097319626446766,0,0,1,1,0.0,0.0,0.0,0.0,Closed
2026-08-19,22,Audiology,Audiology Assessment,False,False,0.097319626446766,0,0,1,1,0.0,0.0,0.0,0.0,Closed
2026-08-19,23,Audiology,Audiology Assessment,False,False,0.097319626446766,0,0,1,1,0.0,0.0,0.0,0.0,Closed
2026-08-20,0,Audiology,Audiology Assessment,False,False,0.1098235548525448,0,0,1,1,0.0,0.0,0.0,0.0,Closed
2026-08-20,1,Audiology,Audiology Assessment,False,False,0.1098235548525448,0,0,1,1,0.0,0.0,0.0,0.0,Closed
2026-08-20,2,Audiology,Audiology Assessment,False,False,0.089513795472505,1,0,2,2,0.0,0.0,0.0,0.0,Closed
2026-08-20,3,Audiology,Audiology Assessment,False,False,0.089513795472505,0,0,2,2,0.0,0.0,0.0,0.0,Closed
2026-08-20,4,Audiology,Audiology Assessment,False,False,0.075644447010278,0,0,2,2,0.0,0.0,0.0,0.0,Closed
2026-08-20,5,Audiology,Audiology Assessment,False,False,0.0333714807153757,0,0,2,2,0.0,0.0,0.0,0.0,Closed
2026-08-20,6,Audiology,Audiology Assessment,False,False,0.1088724255105102,0,0,2,2,0.0,0.0,0.0,0.0,Closed
2026-08-20,7,Audiology,Audiology Assessment,False,False,0.2553197693541092,0,0,2,2,0.0,0.0,0.0,0.0,Closed
2026-08-20,8,Audiology,Audiology Assessment,False,True,0.5616404950823618,1,3,0,0,377.6666666666667,827.0,12.0,8.333333333333332,Low
2026-08-20,9,Audiology,Audiology Assessment,False,True,0.532757468821492,1,1,0,0,0.0,0.0,12.0,8.333333333333332,Low
2026-08-20,10,Audiology,Audiology Assessment,False,True,0.325575398091683,1,1,0,0,0.0,0.0,12.0,8.333333333333332,Low
2026-08-20,11,Audiology,Audiology Assessment,False,True,0.3039795939392113,0,0,0,0,0.0,0.0,12.0,0.0,Low
2026-08-20,12,Audiology,Audiology Assessment,False,True,0.1857061233592891,0,0,0,0,0.0,0.0,12.0,0.0,Low
2026-08-20,13,Audiology,Audiology Assessment,False,True,0.1379748565863163,0,0,0,0,0.0,0.0,12.0,0.0,Low
2026-08-20,14,Audiology,Audiology Assessment,False,True,0.1379748565863163,0,0,0,0,0.0,0.0,12.0,0.0,Low
2026-08-20,15,Audiology,Audiology Assessment,False,True,0.1379748565863163,0,0,0,0,0.0,0.0,12.0,0.0,Low
2026-08-20,16,Audiology,Audiology Assessment,False,True,0.1332175602079693,0,0,0,0,0.0,0.0,12.0,0.0,Low
2026-08-20,17,Audiology,Audiology Assessment,False,False,0.0878347628796485,0,0,0,0,0.0,0.0,0.0,0.0,Closed
2026-08-20,18,Audiology,Audiology Assessment,False,False,0.0878347628796485,0,0,0,0,0.0,0.0,0.0,0.0,Closed
2026-08-20,19,Audiology,Audiology Assessment,False,False,0.0878347628796485,0,0,0,0,0.0,0.0,0.0,0.0,Closed
2026-08-20,20,Audiology,Audiology Assessment,False,False,0.0878347628796485,0,0,0,0,0.0,0.0,0.0,0.0,Closed
2026-08-20,21,Audiology,Audiology Assessment,False,False,0.0878347628796485,0,0,0,0,0.0,0.0,0.0,0.0,Closed
2026-08-20,22,Audiology,Audiology Assessment,False,False,0.0878347628796485,0,0,0,0,0.0,0.0,0.0,0.0,Closed
2026-08-20,23,Audiology,Audiology Assessment,False,False,0.0878347628796485,0,0,0,0,0.0,0.0,0.0,0.0,Closed
2026-08-21,0,Audiology,Audiology Assessment,False,False,0.1101287780773488,0,0,0,0,0.0,0.0,0.0,0.0,Closed
2026-08-21,1,Audiology,Audiology Assessment,False,False,0.1101287780773488,0,0,0,0,0.0,0.0,0.0,0.0,Closed
2026-08-21,2,Audiology,Audiology Assessment,False,False,0.0887833062179917,0,0,0,0,0.0,0.0,0.0,0.0,Closed
2026-08-21,3,Audiology,Audiology Assessment,False,False,0.0887833062179917,0,0,0,0,0.0,0.0,0.0,0.0,Closed
2026-08-21,4,Audiology,Audiology Assessment,False,False,0.0932409722077998,0,0,0,0,0.0,0.0,0.0,0.0,Closed
2026-08-21,5,Audiology,Audiology Assessment,False,False,0.0514032172802631,0,0,0,0,0.0,0.0,0.0,0.0,Closed
2026-08-21,6,Audiology,Audiology Assessment,False,False,0.1269041620753974,0,0,0,0,0.0,0.0,0.0,0.0,Closed
2026-08-21,7,Audiology,Audiology Assessment,False,False,0.2581894724258428,0,0,0,0,0.0,0.0,0.0,0.0,Closed
2026-08-21,8,Audiology,Audiology Assessment,False,True,0.4934347521804055,0,0,0,0,0.0,0.0,12.0,0.0,Low
2026-08-21,9,Audiology,Audiology Assessment,False,True,0.4645517259195354,0,0,0,0,0.0,0.0,12.0,0.0,Low
2026-08-21,10,Audiology,Audiology Assessment,False,True,0.2784949526670003,0,0,0,0,0.0,0.0,12.0,0.0,Low
2026-08-21,11,Audiology,Audiology Assessment,False,True,0.2834789413401112,0,0,0,0,0.0,0.0,12.0,0.0,Low
2026-08-21,12,Audiology,Audiology Assessment,False,True,0.1858730810271009,0,0,0,0,0.0,0.0,12.0,0.0,Low
2026-08-21,13,Audiology,Audiology Assessment,False,True,0.138141814254128,0,0,0,0,0.0,0.0,12.0,0.0,Low
2026-08-21,14,Audiology,Audiology Assessment,False,True,0.138141814254128,0,0,0,0,0.0,0.0,12.0,0.0,Low
2026-08-21,15,Audiology,Audiology Assessment,False,True,0.138141814254128,0,0,0,0,0.0,0.0,12.0,0.0,Low
2026-08-21,16,Audiology,Audiology Assessment,False,True,0.133384517875781,0,0,0,0,0.0,0.0,12.0,0.0,Low
2026-08-21,17,Audiology,Audiology Assessment,False,False,0.0880017205474603,0,0,0,0,0.0,0.0,0.0,0.0,Closed
2026-08-21,18,Audiology,Audiology Assessment,False,False,0.0880017205474603,0,0,0,0,0.0,0.0,0.0,0.0,Closed
2026-08-21,19,Audiology,Audiology Assessment,False,False,0.0880017205474603,0,0,0,0,0.0,0.0,0.0,0.0,Closed
2026-08-21,20,Audiology,Audiology Assessment,False,False,0.0880017205474603,0,0,0,0,0.0,0.0,0.0,0.0,Closed
2026-08-21,21,Audiology,Audiology Assessment,False,False,0.0880017205474603,0,0,0,0,0.0,0.0,0.0,0.0,Closed
2026-08-21,22,Audiology,Audiology Assessment,False,False,0.0880017205474603,0,0,0,0,0.0,0.0,0.0,0.0,Closed
2026-08-21,23,Audiology,Audiology Assessment,False,False,0.0880017205474603,0,0,0,0,0.0,0.0,0.0,0.0,Closed
2026-08-22,0,Audiology,Audiology Assessment,False,False,0.0918357751687177,0,0,0,0,0.0,0.0,0.0,0.0,Closed
2026-08-22,1,Audiology,Audiology Assessment,False,False,0.0918357751687177,0,0,0,0,0.0,0.0,0.0,0.0,Closed
2026-08-22,2,Audiology,Audiology Assessment,False,False,0.0664135454244116,0,0,0,0,0.0,0.0,0.0,0.0,Closed
2026-08-22,3,Audiology,Audiology Assessment,False,False,0.0664135454244116,0,0,0,0,0.0,0.0,0.0,0.0,Closed
2026-08-22,4,Audiology,Audiology Assessment,False,False,0.0377032489161159,0,0,0,0,0.0,0.0,0.0,0.0,Closed
2026-08-22,5,Audiology,Audiology Assessment,False,False,0.0296104633097581,0,0,0,0,0.0,0.0,0.0,0.0,Closed
2026-08-22,6,Audiology,Audiology Assessment,False,False,0.1021403253145504,0,0,0,0,0.0,0.0,0.0,0.0,Closed
2026-08-22,7,Audiology,Audiology Assessment,False,False,0.1203430761759423,0,0,0,0,0.0,0.0,0.0,0.0,Closed
2026-08-22,8,Audiology,Audiology Assessment,False,True,0.2823708031516804,0,0,0,0,0.0,0.0,12.0,0.0,Low
2026-08-22,9,Audiology,Audiology Assessment,False,True,0.277550983709123,0,0,0,0,0.0,0.0,12.0,0.0,Low
2026-08-22,10,Audiology,Audiology Assessment,False,True,0.1505615682602409,0,0,0,0,0.0,0.0,12.0,0.0,Low
2026-08-22,11,Audiology,Audiology Assessment,False,True,0.1555455569333519,0,0,0,0,0.0,0.0,12.0,0.0,Low
2026-08-22,12,Audiology,Audiology Assessment,False,True,0.1200570832491678,0,0,0,0,0.0,0.0,12.0,0.0,Low
2026-08-22,13,Audiology,Audiology Assessment,False,True,0.1243870212468031,0,0,0,0,0.0,0.0,12.0,0.0,Low
2026-08-22,14,Audiology,Audiology Assessment,False,True,0.1243870212468031,0,0,0,0,0.0,0.0,12.0,0.0,Low
2026-08-22,15,Audiology,Audiology Assessment,False,True,0.1243870212468031,0,0,0,0,0.0,0.0,12.0,0.0,Low
2026-08-22,16,Audiology,Audiology Assessment,False,True,0.1196297248684561,1,1,0,0,0.0,0.0,12.0,8.333333333333332,Low
2026-08-22,17,Audiology,Audiology Assessment,False,False,0.0904566954960897,0,0,0,0,0.0,0.0,0.0,0.0,Closed
2026-08-22,18,Audiology,Audiology Assessment,False,False,0.0904566954960897,1,0,1,1,0.0,0.0,0.0,0.0,Closed
2026-08-22,19,Audiology,Audiology Assessment,False,False,0.0904566954960897,0,0,1,1,0.0,0.0,0.0,0.0,Closed
2026-08-22,20,Audiology,Audiology Assessment,False,False,0.0904566954960897,0,0,1,1,0.0,0.0,0.0,0.0,Closed
2026-08-22,21,Audiology,Audiology Assessment,False,False,0.0904566954960897,0,0,1,1,0.0,0.0,0.0,0.0,Closed
2026-08-22,22,Audiology,Audiology Assessment,False,False,0.0904566954960897,0,0,1,1,0.0,0.0,0.0,0.0,Closed
2026-08-22,23,Audiology,Audiology Assessment,False,False,0.0904566954960897,0,0,1,1,0.0,0.0,0.0,0.0,Closed
2026-08-23,0,Audiology,Audiology Assessment,False,False,0.0902831179962449,0,0,1,1,0.0,0.0,0.0,0.0,Closed
2026-08-23,1,Audiology,Audiology Assessment,False,False,0.0902831179962449,0,0,1,1,0.0,0.0,0.0,0.0,Closed
2026-08-23,2,Audiology,Audiology Assessment,False,False,0.0648608882519388,0,0,1,1,0.0,0.0,0.0,0.0,Closed
2026-08-23,3,Audiology,Audiology Assessment,False,False,0.0648608882519388,0,0,1,1,0.0,0.0,0.0,0.0,Closed
2026-08-23,4,Audiology,Audiology Assessment,False,False,0.0361505917436432,0,0,1,1,0.0,0.0,0.0,0.0,Closed
2026-08-23,5,Audiology,Audiology Assessment,False,False,0.0280578061372853,0,0,1,1,0.0,0.0,0.0,0.0,Closed
2026-08-23,6,Audiology,Audiology Assessment,False,False,0.1005876681420776,0,0,1,1,0.0,0.0,0.0,0.0,Closed
2026-08-23,7,Audiology,Audiology Assessment,False,False,0.112052211544155,0,0,1,1,0.0,0.0,0.0,0.0,Closed
2026-08-23,8,Audiology,Audiology Assessment,False,True,0.265067749048302,0,1,0,0,799.0,799.0,12.0,0.0,Low
2026-08-23,9,Audiology,Audiology Assessment,False,True,0.2602479296057446,0,0,0,0,0.0,0.0,12.0,0.0,Low
2026-08-23,10,Audiology,Audiology Assessment,False,True,0.1490089110877681,0,0,0,0,0.0,0.0,12.0,0.0,Low
2026-08-23,11,Audiology,Audiology Assessment,False,True,0.1539928997608791,0,0,0,0,0.0,0.0,12.0,0.0,Low
2026-08-23,12,Audiology,Audiology Assessment,False,True,0.118504426076695,0,0,0,0,0.0,0.0,12.0,0.0,Low
2026-08-23,13,Audiology,Audiology Assessment,False,True,0.1228343640743304,0,0,0,0,0.0,0.0,12.0,0.0,Low
2026-08-23,14,Audiology,Audiology Assessment,False,True,0.1228343640743304,0,0,0,0,0.0,0.0,12.0,0.0,Low
2026-08-23,15,Audiology,Audiology Assessment,False,True,0.1228343640743304,0,0,0,0,0.0,0.0,12.0,0.0,Low
2026-08-23,16,Audiology,Audiology Assessment,False,True,0.1180770676959834,0,0,0,0,0.0,0.0,12.0,0.0,Low
2026-08-23,17,Audiology,Audiology Assessment,False,False,0.0891325362129057,0,0,0,0,0.0,0.0,0.0,0.0,Closed
2026-08-23,18,Audiology,Audiology Assessment,False,False,0.0891325362129057,0,0,0,0,0.0,0.0,0.0,0.0,Closed
2026-08-23,19,Audiology,Audiology Assessment,False,False,0.0891325362129057,0,0,0,0,0.0,0.0,0.0,0.0,Closed
2026-08-23,20,Audiology,Audiology Assessment,False,False,0.0891325362129057,0,0,0,0,0.0,0.0,0.0,0.0,Closed
2026-08-23,21,Audiology,Audiology Assessment,False,False,0.0891325362129057,1,0,1,1,0.0,0.0,0.0,0.0,Closed
2026-08-23,22,Audiology,Audiology Assessment,False,False,0.0891325362129057,0,0,1,1,0.0,0.0,0.0,0.0,Closed
2026-08-23,23,Audiology,Audiology Assessment,False,False,0.0891325362129057,0,0,1,1,0.0,0.0,0.0,0.0,Closed
2026-08-24,0,Audiology,Audiology Assessment,False,False,0.0859975854117379,1,0,2,2,0.0,0.0,0.0,0.0,Closed
2026-08-24,1,Audiology,Audiology Assessment,False,False,0.0859975854117379,0,0,2,2,0.0,0.0,0.0,0.0,Closed
2026-08-24,2,Audiology,Audiology Assessment,False,False,0.0624970682166157,0,0,2,2,0.0,0.0,0.0,0.0,Closed
2026-08-24,3,Audiology,Audiology Assessment,False,False,0.0624970682166157,0,0,2,2,0.0,0.0,0.0,0.0,Closed
2026-08-24,4,Audiology,Audiology Assessment,False,False,0.0486277197543887,0,0,2,2,0.0,0.0,0.0,0.0,Closed
2026-08-24,5,Audiology,Audiology Assessment,False,False,0.06112659382095,0,0,2,2,0.0,0.0,0.0,0.0,Closed
2026-08-24,6,Audiology,Audiology Assessment,False,False,0.1538357858756036,0,0,2,2,0.0,0.0,0.0,0.0,Closed
2026-08-24,7,Audiology,Audiology Assessment,False,False,0.3077649785703826,0,0,2,2,0.0,0.0,0.0,0.0,Closed
2026-08-24,8,Audiology,Audiology Assessment,False,True,0.5963446704300015,0,2,0,0,547.0,634.0,12.0,0.0,Low
2026-08-24,9,Audiology,Audiology Assessment,False,True,0.5467672057863384,0,0,0,0,0.0,0.0,12.0,0.0,Low
2026-08-24,10,Audiology,Audiology Assessment,False,True,0.3366146298559573,0,0,0,0,0.0,0.0,12.0,0.0,Low
2026-08-24,11,Audiology,Audiology Assessment,False,True,0.303545985724758,0,0,0,0,0.0,0.0,12.0,0.0,Low
2026-08-24,12,Audiology,Audiology Assessment,False,True,0.2003738654933524,0,0,0,0,0.0,0.0,12.0,0.0,Low
2026-08-24,13,Audiology,Audiology Assessment,False,True,0.1513734712169059,0,0,0,0,0.0,0.0,12.0,0.0,Low
2026-08-24,14,Audiology,Audiology Assessment,False,True,0.1513734712169059,1,1,0,0,0.0,0.0,12.0,8.333333333333332,Low
2026-08-24,15,Audiology,Audiology Assessment,False,True,0.1473249305822473,0,0,0,0,0.0,0.0,12.0,0.0,Low
2026-08-24,16,Audiology,Audiology Assessment,False,True,0.1425676342039004,0,0,0,0,0.0,0.0,12.0,0.0,Low
2026-08-24,17,Audiology,Audiology Assessment,False,False,0.0906456728926851,0,0,0,0,0.0,0.0,0.0,0.0,Closed
2026-08-24,18,Audiology,Audiology Assessment,False,False,0.0906456728926851,0,0,0,0,0.0,0.0,0.0,0.0,Closed
2026-08-24,19,Audiology,Audiology Assessment,False,False,0.0906456728926851,0,0,0,0,0.0,0.0,0.0,0.0,Closed
2026-08-24,20,Audiology,Audiology Assessment,False,False,0.0906456728926851,0,0,0,0,0.0,0.0,0.0,0.0,Closed
2026-08-24,21,Audiology,Audiology Assessment,False,False,0.0906456728926851,0,0,0,0,0.0,0.0,0.0,0.0,Closed
2026-08-24,22,Audiology,Audiology Assessment,False,False,0.0906456728926851,1,0,1,1,0.0,0.0,0.0,0.0,Closed
2026-08-24,23,Audiology,Audiology Assessment,False,False,0.0906456728926851,0,0,1,1,0.0,0.0,0.0,0.0,Closed
2026-08-25,0,Audiology,Audiology Assessment,False,False,0.0938712128504844,0,0,1,1,0.0,0.0,0.0,0.0,Closed
2026-08-25,1,Audiology,Audiology Assessment,False,False,0.0938712128504844,0,0,1,1,0.0,0.0,0.0,0.0,Closed
2026-08-25,2,Audiology,Audiology Assessment,False,False,0.0703706956553622,0,0,1,1,0.0,0.0,0.0,0.0,Closed
2026-08-25,3,Audiology,Audiology Assessment,False,False,0.0703706956553622,0,0,1,1,0.0,0.0,0.0,0.0,Closed
2026-08-25,4,Audiology,Audiology Assessment,False,False,0.0565013471931351,0,0,1,1,0.0,0.0,0.0,0.0,Closed
2026-08-25,5,Audiology,Audiology Assessment,False,False,0.0690002212596964,1,0,2,2,0.0,0.0,0.0,0.0,Closed
2026-08-25,6,Audiology,Audiology Assessment,False,False,0.1805910513180019,0,0,2,2,0.0,0.0,0.0,0.0,Closed
2026-08-25,7,Audiology,Audiology Assessment,False,False,0.3345202440127808,1,0,3,3,0.0,0.0,0.0,0.0,Closed
2026-08-25,8,Audiology,Audiology Assessment,False,True,0.6346403384303602,0,3,0,0,246.66666666666663,567.0,12.0,0.0,Low
2026-08-25,9,Audiology,Audiology Assessment,False,True,0.5747837929491348,0,0,0,0,0.0,0.0,12.0,0.0,Low
2026-08-25,10,Audiology,Audiology Assessment,False,True,0.4700667990818012,3,3,0,0,0.0,0.0,12.0,25.0,Low
2026-08-25,11,Audiology,Audiology Assessment,False,True,0.4105639328702249,0,0,0,0,0.0,0.0,12.0,0.0,Low
2026-08-25,12,Audiology,Audiology Assessment,False,True,0.2168500500981885,0,0,0,0,0.0,0.0,12.0,0.0,Low
2026-08-25,13,Audiology,Audiology Assessment,False,True,0.1489680178180902,0,0,0,0,0.0,0.0,12.0,0.0,Low
2026-08-25,14,Audiology,Audiology Assessment,False,True,0.1489680178180902,0,0,0,0,0.0,0.0,12.0,0.0,Low
2026-08-25,15,Audiology,Audiology Assessment,False,True,0.1449194771834316,0,0,0,0,0.0,0.0,12.0,0.0,Low
2026-08-25,16,Audiology,Audiology Assessment,False,True,0.1401621808050846,0,0,0,0,0.0,0.0,12.0,0.0,Low
2026-08-25,17,Audiology,Audiology Assessment,False,False,0.0882402194938694,0,0,0,0,0.0,0.0,0.0,0.0,Closed
2026-08-25,18,Audiology,Audiology Assessment,False,False,0.0882402194938694,1,0,1,1,0.0,0.0,0.0,0.0,Closed
2026-08-25,19,Audiology,Audiology Assessment,False,False,0.0882402194938694,0,0,1,1,0.0,0.0,0.0,0.0,Closed
2026-08-25,20,Audiology,Audiology Assessment,False,False,0.0882402194938694,0,0,1,1,0.0,0.0,0.0,0.0,Closed
2026-08-25,21,Audiology,Audiology Assessment,False,False,0.0882402194938694,0,0,1,1,0.0,0.0,0.0,0.0,Closed
2026-08-25,22,Audiology,Audiology Assessment,False,False,0.0882402194938694,0,0,1,1,0.0,0.0,0.0,0.0,Closed
2026-08-25,23,Audiology,Audiology Assessment,False,False,0.0882402194938694,0,0,1,1,0.0,0.0,0.0,0.0,Closed
2026-08-26,0,Audiology,Audiology Assessment,False,False,0.1260585648162258,0,0,1,1,0.0,0.0,0.0,0.0,Closed
2026-08-19,1,CARDIOLOGY,Cardiology Consultation,False,False,0.0004894227732387,0,0,0,0,0.0,0.0,0.0,0.0,Closed
2026-08-19,2,CARDIOLOGY,Cardiology Consultation,False,False,0.1273816414501629,0,0,0,0,0.0,0.0,0.0,0.0,Closed
2026-08-19,3,CARDIOLOGY,Cardiology Consultation,False,False,0.1273816414501629,0,0,0,0,0.0,0.0,0.0,0.0,Closed
2026-08-19,4,CARDIOLOGY,Cardiology Consultation,False,False,0.1296310437117612,0,0,0,0,0.0,0.0,0.0,0.0,Closed
2026-08-19,5,CARDIOLOGY,Cardiology Consultation,False,False,0.1196430216611959,0,0,0,0,0.0,0.0,0.0,0.0,Closed
2026-08-19,6,CARDIOLOGY,Cardiology Consultation,False,False,0.2272921955782146,1,0,1,1,0.0,0.0,0.0,0.0,Closed
2026-08-19,7,CARDIOLOGY,Cardiology Consultation,False,False,0.235110827073339,0,0,1,1,0.0,0.0,0.0,0.0,Closed
2026-08-19,8,CARDIOLOGY,Cardiology Consultation,False,True,0.2784500630110639,0,1,0,0,77.0,77.0,12.0,0.0,Low
2026-08-19,9,CARDIOLOGY,Cardiology Consultation,False,True,0.2763674561701598,0,0,0,0,0.0,0.0,12.0,0.0,Low
2026-08-19,10,CARDIOLOGY,Cardiology Consultation,False,True,0.1515343212605105,1,1,0,0,0.0,0.0,12.0,8.333333333333332,Low
2026-08-19,11,CARDIOLOGY,Cardiology Consultation,False,True,0.1516219305082493,0,0,0,0,0.0,0.0,12.0,0.0,Low
2026-08-19,12,CARDIOLOGY,Cardiology Consultation,False,True,0.1063810013360887,0,0,0,0,0.0,0.0,12.0,0.0,Low
2026-08-19,13,CARDIOLOGY,Cardiology Consultation,False,True,0.1053706905082918,0,0,0,0,0.0,0.0,12.0,0.0,Low
2026-08-19,14,CARDIOLOGY,Cardiology Consultation,False,True,0.1053706905082918,0,0,0,0,0.0,0.0,12.0,0.0,Low
2026-08-19,15,CARDIOLOGY,Cardiology Consultation,False,True,0.1053706905082918,0,0,0,0,0.0,0.0,12.0,0.0,Low
2026-08-19,16,CARDIOLOGY,Cardiology Consultation,False,True,0.0994427098482359,0,0,0,0,0.0,0.0,12.0,0.0,Low
2026-08-19,17,CARDIOLOGY,Cardiology Consultation,False,False,0.0903675338725435,0,0,0,0,0.0,0.0,0.0,0.0,Closed
2026-08-19,18,CARDIOLOGY,Cardiology Consultation,False,False,0.0903675338725435,0,0,0,0,0.0,0.0,0.0,0.0,Closed
2026-08-19,19,CARDIOLOGY,Cardiology Consultation,False,False,0.0903675338725435,0,0,0,0,0.0,0.0,0.0,0.0,Closed
2026-08-19,20,CARDIOLOGY,Cardiology Consultation,False,False,0.0903675338725435,1,0,1,1,0.0,0.0,0.0,0.0,Closed
2026-08-19,21,CARDIOLOGY,Cardiology Consultation,False,False,0.0903675338725435,0,0,1,1,0.0,0.0,0.0,0.0,Closed
2026-08-19,22,CARDIOLOGY,Cardiology Consultation,False,False,0.0903675338725435,0,0,1,1,0.0,0.0,0.0,0.0,Closed
2026-08-19,23,CARDIOLOGY,Cardiology Consultation,False,False,0.0903675338725435,0,0,1,1,0.0,0.0,0.0,0.0,Closed
2026-08-20,0,CARDIOLOGY,Cardiology Consultation,False,False,0.0889190670042787,0,0,1,1,0.0,0.0,0.0,0.0,Closed
2026-08-20,1,CARDIOLOGY,Cardiology Consultation,False,False,0.0889190670042787,0,0,1,1,0.0,0.0,0.0,0.0,Closed
2026-08-20,2,CARDIOLOGY,Cardiology Consultation,False,False,0.0882736291016117,0,0,1,1,0.0,0.0,0.0,0.0,Closed
2026-08-20,3,CARDIOLOGY,Cardiology Consultation,False,False,0.0882736291016117,1,0,2,2,0.0,0.0,0.0,0.0,Closed
2026-08-20,4,CARDIOLOGY,Cardiology Consultation,False,False,0.0905230313632101,0,0,2,2,0.0,0.0,0.0,0.0,Closed
2026-08-20,5,CARDIOLOGY,Cardiology Consultation,False,False,0.0675325204785259,0,0,2,2,0.0,0.0,0.0,0.0,Closed
2026-08-20,6,CARDIOLOGY,Cardiology Consultation,False,False,0.1751816943955441,0,0,2,2,0.0,0.0,0.0,0.0,Closed
2026-08-20,7,CARDIOLOGY,Cardiology Consultation,False,False,0.1830003258906684,0,0,2,2,0.0,0.0,0.0,0.0,Closed
2026-08-20,8,CARDIOLOGY,Cardiology Consultation,False,True,0.2328656430917104,0,2,0,0,467.0,680.0,12.0,0.0,Low
2026-08-20,9,CARDIOLOGY,Cardiology Consultation,False,True,0.2461437778241272,0,0,0,0,0.0,0.0,12.0,0.0,Low
2026-08-20,10,CARDIOLOGY,Cardiology Consultation,False,True,0.1363732058203672,0,0,0,0,0.0,0.0,12.0,0.0,Low
2026-08-20,11,CARDIOLOGY,Cardiology Consultation,False,True,0.1364608150681059,0,0,0,0,0.0,0.0,12.0,0.0,Low
2026-08-20,12,CARDIOLOGY,Cardiology Consultation,False,True,0.0912198858959453,0,0,0,0,0.0,0.0,12.0,0.0,Low
2026-08-20,13,CARDIOLOGY,Cardiology Consultation,False,True,0.0902095750681484,0,0,0,0,0.0,0.0,12.0,0.0,Low
2026-08-20,14,CARDIOLOGY,Cardiology Consultation,False,True,0.0902095750681484,0,0,0,0,0.0,0.0,12.0,0.0,Low
2026-08-20,15,CARDIOLOGY,Cardiology Consultation,False,True,0.0902095750681484,0,0,0,0,0.0,0.0,12.0,0.0,Low
2026-08-20,16,CARDIOLOGY,Cardiology Consultation,False,True,0.0842815944080925,0,0,0,0,0.0,0.0,12.0,0.0,Low
2026-08-20,17,CARDIOLOGY,Cardiology Consultation,False,False,0.0752064184324,0,0,0,0,0.0,0.0,0.0,0.0,Closed
2026-08-20,18,CARDIOLOGY,Cardiology Consultation,False,False,0.0752064184324,0,0,0,0,0.0,0.0,0.0,0.0,Closed
2026-08-20,19,CARDIOLOGY,Cardiology Consultation,False,False,0.0752064184324,0,0,0,0,0.0,0.0,0.0,0.0,Closed
2026-08-20,20,CARDIOLOGY,Cardiology Consultation,False,False,0.0752064184324,0,0,0,0,0.0,0.0,0.0,0.0,Closed
2026-08-20,21,CARDIOLOGY,Cardiology Consultation,False,False,0.0752064184324,0,0,0,0,0.0,0.0,0.0,0.0,Closed
2026-08-20,22,CARDIOLOGY,Cardiology Consultation,False,False,0.0752064184324,0,0,0,0,0.0,0.0,0.0,0.0,Closed
2026-08-20,23,CARDIOLOGY,Cardiology Consultation,False,False,0.0752064184324,0,0,0,0,0.0,0.0,0.0,0.0,Closed
2026-08-21,0,CARDIOLOGY,Cardiology Consultation,False,False,0.0897213519073116,0,0,0,0,0.0,0.0,0.0,0.0,Closed
2026-08-21,1,CARDIOLOGY,Cardiology Consultation,False,False,0.0897213519073116,0,0,0,0,0.0,0.0,0.0,0.0,Closed
2026-08-21,2,CARDIOLOGY,Cardiology Consultation,False,False,0.0766223563579615,0,0,0,0,0.0,0.0,0.0,0.0,Closed
2026-08-21,3,CARDIOLOGY,Cardiology Consultation,False,False,0.0766223563579615,0,0,0,0,0.0,0.0,0.0,0.0,Closed
2026-08-21,4,CARDIOLOGY,Cardiology Consultation,False,False,0.0788717586195599,0,0,0,0,0.0,0.0,0.0,0.0,Closed
2026-08-21,5,CARDIOLOGY,Cardiology Consultation,False,False,0.0546062353832519,0,0,0,0,0.0,0.0,0.0,0.0,Closed
2026-08-21,6,CARDIOLOGY,Cardiology Consultation,False,False,0.1622554093002699,0,0,0,0,0.0,0.0,0.0,0.0,Closed
2026-08-21,7,CARDIOLOGY,Cardiology Consultation,False,False,0.1700740407953943,0,0,0,0,0.0,0.0,0.0,0.0,Closed
2026-08-21,8,CARDIOLOGY,Cardiology Consultation,False,True,0.2212143703480601,0,0,0,0,0.0,0.0,12.0,0.0,Low
2026-08-21,9,CARDIOLOGY,Cardiology Consultation,False,True,0.2344925050804768,0,0,0,0,0.0,0.0,12.0,0.0,Low
2026-08-21,10,CARDIOLOGY,Cardiology Consultation,False,True,0.1247219330767169,0,0,0,0,0.0,0.0,12.0,0.0,Low
2026-08-21,11,CARDIOLOGY,Cardiology Consultation,False,True,0.1248095423244557,0,0,0,0,0.0,0.0,12.0,0.0,Low
2026-08-21,12,CARDIOLOGY,Cardiology Consultation,False,True,0.0920221707989783,0,0,0,0,0.0,0.0,12.0,0.0,Low
2026-08-21,13,CARDIOLOGY,Cardiology Consultation,False,True,0.0910118599711813,0,0,0,0,0.0,0.0,12.0,0.0,Low
2026-08-21,14,CARDIOLOGY,Cardiology Consultation,False,True,0.0910118599711813,0,0,0,0,0.0,0.0,12.0,0.0,Low
2026-08-21,15,CARDIOLOGY,Cardiology Consultation,False,True,0.0910118599711813,0,0,0,0,0.0,0.0,12.0,0.0,Low
2026-08-21,16,CARDIOLOGY,Cardiology Consultation,False,True,0.0850838793111254,0,0,0,0,0.0,0.0,12.0,0.0,Low
2026-08-21,17,CARDIOLOGY,Cardiology Consultation,False,False,0.0760087033354329,0,0,0,0,0.0,0.0,0.0,0.0,Closed
2026-08-21,18,CARDIOLOGY,Cardiology Consultation,False,False,0.0760087033354329,0,0,0,0,0.0,0.0,0.0,0.0,Closed
2026-08-21,19,CARDIOLOGY,Cardiology Consultation,False,False,0.0760087033354329,0,0,0,0,0.0,0.0,0.0,0.0,Closed
2026-08-21,20,CARDIOLOGY,Cardiology Consultation,False,False,0.0760087033354329,0,0,0,0,0.0,0.0,0.0,0.0,Closed
2026-08-21,21,CARDIOLOGY,Cardiology Consultation,False,False,0.0760087033354329,0,0,0,0,0.0,0.0,0.0,0.0,Closed
2026-08-21,22,CARDIOLOGY,Cardiology Consultation,False,False,0.0760087033354329,0,0,0,0,0.0,0.0,0.0,0.0,Closed
2026-08-21,23,CARDIOLOGY,Cardiology Consultation,False,False,0.0760087033354329,0,0,0,0,0.0,0.0,0.0,0.0,Closed
2026-08-22,0,CARDIOLOGY,Cardiology Consultation,False,False,0.0657290569811854,0,0,0,0,0.0,0.0,0.0,0.0,Closed
2026-08-22,1,CARDIOLOGY,Cardiology Consultation,False,False,0.0657290569811854,0,0,0,0,0.0,0.0,0.0,0.0,Closed
2026-08-22,2,CARDIOLOGY,Cardiology Consultation,False,False,0.0772968016460871,0,0,0,0,0.0,0.0,0.0,0.0,Closed
2026-08-22,3,CARDIOLOGY,Cardiology Consultation,False,False,0.0772968016460871,0,0,0,0,0.0,0.0,0.0,0.0,Closed
2026-08-22,4,CARDIOLOGY,Cardiology Consultation,False,False,0.0795462039076854,0,0,0,0,0.0,0.0,0.0,0.0,Closed
2026-08-22,5,CARDIOLOGY,Cardiology Consultation,False,False,0.0552806806713775,0,0,0,0,0.0,0.0,0.0,0.0,Closed
2026-08-22,6,CARDIOLOGY,Cardiology Consultation,False,False,0.1695111280835336,0,0,0,0,0.0,0.0,0.0,0.0,Closed
2026-08-22,7,CARDIOLOGY,Cardiology Consultation,False,False,0.1773297595786579,0,0,0,0,0.0,0.0,0.0,0.0,Closed
2026-08-22,8,CARDIOLOGY,Cardiology Consultation,False,True,0.2167686114831851,0,0,0,0,0.0,0.0,12.0,0.0,Low
2026-08-22,9,CARDIOLOGY,Cardiology Consultation,False,True,0.2300467462156018,0,0,0,0,0.0,0.0,12.0,0.0,Low
2026-08-22,10,CARDIOLOGY,Cardiology Consultation,False,True,0.1221997127381609,0,0,0,0,0.0,0.0,12.0,0.0,Low
2026-08-22,11,CARDIOLOGY,Cardiology Consultation,False,True,0.1222873219858996,0,0,0,0,0.0,0.0,12.0,0.0,Low
2026-08-22,12,CARDIOLOGY,Cardiology Consultation,False,True,0.072180882352289,0,0,0,0,0.0,0.0,12.0,0.0,Low
2026-08-22,13,CARDIOLOGY,Cardiology Consultation,False,True,0.071170571524492,0,0,0,0,0.0,0.0,12.0,0.0,Low
2026-08-22,14,CARDIOLOGY,Cardiology Consultation,False,True,0.071170571524492,0,0,0,0,0.0,0.0,12.0,0.0,Low
2026-08-22,15,CARDIOLOGY,Cardiology Consultation,False,True,0.071170571524492,0,0,0,0,0.0,0.0,12.0,0.0,Low
2026-08-22,16,CARDIOLOGY,Cardiology Consultation,False,True,0.0652425908644362,0,0,0,0,0.0,0.0,12.0,0.0,Low
2026-08-22,17,CARDIOLOGY,Cardiology Consultation,False,False,0.0616610480005601,0,0,0,0,0.0,0.0,0.0,0.0,Closed
2026-08-22,18,CARDIOLOGY,Cardiology Consultation,False,False,0.0616610480005601,0,0,0,0,0.0,0.0,0.0,0.0,Closed
2026-08-22,19,CARDIOLOGY,Cardiology Consultation,False,False,0.0616610480005601,0,0,0,0,0.0,0.0,0.0,0.0,Closed
2026-08-22,20,CARDIOLOGY,Cardiology Consultation,False,False,0.0616610480005601,0,0,0,0,0.0,0.0,0.0,0.0,Closed
2026-08-22,21,CARDIOLOGY,Cardiology Consultation,False,False,0.0616610480005601,0,0,0,0,0.0,0.0,0.0,0.0,Closed
2026-08-22,22,CARDIOLOGY,Cardiology Consultation,False,False,0.0616610480005601,1,0,1,1,0.0,0.0,0.0,0.0,Closed
2026-08-22,23,CARDIOLOGY,Cardiology Consultation,False,False,0.0616610480005601,0,0,1,1,0.0,0.0,0.0,0.0,Closed
2026-08-23,0,CARDIOLOGY,Cardiology Consultation,False,False,0.0641763998087126,1,0,2,2,0.0,0.0,0.0,0.0,Closed
2026-08-23,1,CARDIOLOGY,Cardiology Consultation,False,False,0.0641763998087126,0,0,2,2,0.0,0.0,0.0,0.0,Closed
2026-08-23,2,CARDIOLOGY,Cardiology Consultation,False,False,0.0757441444736142,0,0,2,2,0.0,0.0,0.0,0.0,Closed
2026-08-23,3,CARDIOLOGY,Cardiology Consultation,False,False,0.0757441444736142,0,0,2,2,0.0,0.0,0.0,0.0,Closed
2026-08-23,4,CARDIOLOGY,Cardiology Consultation,False,False,0.0779935467352126,0,0,2,2,0.0,0.0,0.0,0.0,Closed
2026-08-23,5,CARDIOLOGY,Cardiology Consultation,False,False,0.0537280234989047,0,0,2,2,0.0,0.0,0.0,0.0,Closed
2026-08-23,6,CARDIOLOGY,Cardiology Consultation,False,False,0.1679584709110609,0,0,2,2,0.0,0.0,0.0,0.0,Closed
2026-08-23,7,CARDIOLOGY,Cardiology Consultation,False,False,0.1757771024061852,0,0,2,2,0.0,0.0,0.0,0.0,Closed
2026-08-23,8,CARDIOLOGY,Cardiology Consultation,False,True,0.2152159543107124,0,2,0,0,505.0,571.0,12.0,0.0,Low
2026-08-23,9,CARDIOLOGY,Cardiology Consultation,False,True,0.2284940890431291,0,0,0,0,0.0,0.0,12.0,0.0,Low
2026-08-23,10,CARDIOLOGY,Cardiology Consultation,False,True,0.1206470555656881,0,0,0,0,0.0,0.0,12.0,0.0,Low
2026-08-23,11,CARDIOLOGY,Cardiology Consultation,False,True,0.1207346648134268,0,0,0,0,0.0,0.0,12.0,0.0,Low
2026-08-23,12,CARDIOLOGY,Cardiology Consultation,False,True,0.0706282251798161,0,0,0,0,0.0,0.0,12.0,0.0,Low
2026-08-23,13,CARDIOLOGY,Cardiology Consultation,False,True,0.0696179143520192,0,0,0,0,0.0,0.0,12.0,0.0,Low
2026-08-23,14,CARDIOLOGY,Cardiology Consultation,False,True,0.0696179143520192,0,0,0,0,0.0,0.0,12.0,0.0,Low
2026-08-23,15,CARDIOLOGY,Cardiology Consultation,False,True,0.0696179143520192,0,0,0,0,0.0,0.0,12.0,0.0,Low
2026-08-23,16,CARDIOLOGY,Cardiology Consultation,False,True,0.0636899336919634,0,0,0,0,0.0,0.0,12.0,0.0,Low
2026-08-23,17,CARDIOLOGY,Cardiology Consultation,False,False,0.0603368887173761,0,0,0,0,0.0,0.0,0.0,0.0,Closed
2026-08-23,18,CARDIOLOGY,Cardiology Consultation,False,False,0.0603368887173761,0,0,0,0,0.0,0.0,0.0,0.0,Closed
2026-08-23,19,CARDIOLOGY,Cardiology Consultation,False,False,0.0603368887173761,0,0,0,0,0.0,0.0,0.0,0.0,Closed
2026-08-23,20,CARDIOLOGY,Cardiology Consultation,False,False,0.0603368887173761,0,0,0,0,0.0,0.0,0.0,0.0,Closed
2026-08-23,21,CARDIOLOGY,Cardiology Consultation,False,False,0.0603368887173761,0,0,0,0,0.0,0.0,0.0,0.0,Closed
2026-08-23,22,CARDIOLOGY,Cardiology Consultation,False,False,0.0603368887173761,0,0,0,0,0.0,0.0,0.0,0.0,Closed
2026-08-23,23,CARDIOLOGY,Cardiology Consultation,False,False,0.0603368887173761,0,0,0,0,0.0,0.0,0.0,0.0,Closed
2026-08-24,0,CARDIOLOGY,Cardiology Consultation,False,False,0.0628200295050043,0,0,0,0,0.0,0.0,0.0,0.0,Closed
2026-08-24,1,CARDIOLOGY,Cardiology Consultation,False,False,0.0628200295050043,0,0,0,0,0.0,0.0,0.0,0.0,Closed
2026-08-24,2,CARDIOLOGY,Cardiology Consultation,False,False,0.055698184031535,0,0,0,0,0.0,0.0,0.0,0.0,Closed
2026-08-24,3,CARDIOLOGY,Cardiology Consultation,False,False,0.055698184031535,0,0,0,0,0.0,0.0,0.0,0.0,Closed
2026-08-24,4,CARDIOLOGY,Cardiology Consultation,False,False,0.0579475862931334,0,0,0,0,0.0,0.0,0.0,0.0,Closed
2026-08-24,5,CARDIOLOGY,Cardiology Consultation,False,False,0.0479595642425681,0,0,0,0,0.0,0.0,0.0,0.0,Closed
2026-08-24,6,CARDIOLOGY,Cardiology Consultation,False,False,0.1556087381595861,0,0,0,0,0.0,0.0,0.0,0.0,Closed
2026-08-24,7,CARDIOLOGY,Cardiology Consultation,False,False,0.1634273696547105,0,0,0,0,0.0,0.0,0.0,0.0,Closed
2026-08-24,8,CARDIOLOGY,Cardiology Consultation,False,True,0.2251182384327519,1,1,0,0,0.0,0.0,12.0,8.333333333333332,Low
2026-08-24,9,CARDIOLOGY,Cardiology Consultation,False,True,0.2333147124294102,0,0,0,0,0.0,0.0,12.0,0.0,Low
2026-08-24,10,CARDIOLOGY,Cardiology Consultation,False,True,0.1349979473359889,0,0,0,0,0.0,0.0,12.0,0.0,Low
2026-08-24,11,CARDIOLOGY,Cardiology Consultation,False,True,0.1350855565837277,0,0,0,0,0.0,0.0,12.0,0.0,Low
2026-08-24,12,CARDIOLOGY,Cardiology Consultation,False,True,0.089844627411567,1,1,0,0,0.0,0.0,12.0,8.333333333333332,Low
2026-08-24,13,CARDIOLOGY,Cardiology Consultation,False,True,0.0888343165837701,0,0,0,0,0.0,0.0,12.0,0.0,Low
2026-08-24,14,CARDIOLOGY,Cardiology Consultation,False,True,0.0888343165837701,0,0,0,0,0.0,0.0,12.0,0.0,Low
2026-08-24,15,CARDIOLOGY,Cardiology Consultation,False,True,0.0888343165837701,0,0,0,0,0.0,0.0,12.0,0.0,Low
2026-08-24,16,CARDIOLOGY,Cardiology Consultation,False,True,0.0829063359237143,0,0,0,0,0.0,0.0,12.0,0.0,Low
2026-08-24,17,CARDIOLOGY,Cardiology Consultation,False,False,0.0738311599480218,0,0,0,0,0.0,0.0,0.0,0.0,Closed
2026-08-24,18,CARDIOLOGY,Cardiology Consultation,False,False,0.0738311599480218,0,0,0,0,0.0,0.0,0.0,0.0,Closed
2026-08-24,19,CARDIOLOGY,Cardiology Consultation,False,False,0.0738311599480218,0,0,0,0,0.0,0.0,0.0,0.0,Closed
2026-08-24,20,CARDIOLOGY,Cardiology Consultation,False,False,0.0738311599480218,0,0,0,0,0.0,0.0,0.0,0.0,Closed
2026-08-24,21,CARDIOLOGY,Cardiology Consultation,False,False,0.0738311599480218,0,0,0,0,0.0,0.0,0.0,0.0,Closed
2026-08-24,22,CARDIOLOGY,Cardiology Consultation,False,False,0.0738311599480218,0,0,0,0,0.0,0.0,0.0,0.0,Closed
2026-08-24,23,CARDIOLOGY,Cardiology Consultation,False,False,0.0738311599480218,0,0,0,0,0.0,0.0,0.0,0.0,Closed
2026-08-25,0,CARDIOLOGY,Cardiology Consultation,False,False,0.0706936569437508,0,0,0,0,0.0,0.0,0.0,0.0,Closed
2026-08-25,1,CARDIOLOGY,Cardiology Consultation,False,False,0.0706936569437508,0,0,0,0,0.0,0.0,0.0,0.0,Closed
2026-08-25,2,CARDIOLOGY,Cardiology Consultation,False,False,0.0635718114702815,0,0,0,0,0.0,0.0,0.0,0.0,Closed
2026-08-25,3,CARDIOLOGY,Cardiology Consultation,False,False,0.0635718114702815,0,0,0,0,0.0,0.0,0.0,0.0,Closed
2026-08-25,4,CARDIOLOGY,Cardiology Consultation,False,False,0.0658212137318799,0,0,0,0,0.0,0.0,0.0,0.0,Closed
2026-08-25,5,CARDIOLOGY,Cardiology Consultation,False,False,0.0558331916813145,0,0,0,0,0.0,0.0,0.0,0.0,Closed
2026-08-25,6,CARDIOLOGY,Cardiology Consultation,False,False,0.1634823655983326,1,0,1,1,0.0,0.0,0.0,0.0,Closed
2026-08-25,7,CARDIOLOGY,Cardiology Consultation,False,False,0.1713009970934568,0,0,1,1,0.0,0.0,0.0,0.0,Closed
2026-08-25,8,CARDIOLOGY,Cardiology Consultation,False,True,0.2329918658714986,0,1,0,0,106.0,106.0,12.0,0.0,Low
2026-08-25,9,CARDIOLOGY,Cardiology Consultation,False,True,0.2309092590305942,1,1,0,0,0.0,0.0,12.0,8.333333333333332,Low
2026-08-25,10,CARDIOLOGY,Cardiology Consultation,False,True,0.1325924939371732,0,0,0,0,0.0,0.0,12.0,0.0,Low
2026-08-25,11,CARDIOLOGY,Cardiology Consultation,False,True,0.1326801031849119,1,1,0,0,0.0,0.0,12.0,8.333333333333332,Low
2026-08-25,12,CARDIOLOGY,Cardiology Consultation,False,True,0.0874391740127513,0,0,0,0,0.0,0.0,12.0,0.0,Low
2026-08-25,13,CARDIOLOGY,Cardiology Consultation,False,True,0.0864288631849544,1,1,0,0,0.0,0.0,12.0,8.333333333333332,Low
2026-08-25,14,CARDIOLOGY,Cardiology Consultation,False,True,0.0864288631849544,0,0,0,0,0.0,0.0,12.0,0.0,Low
2026-08-25,15,CARDIOLOGY,Cardiology Consultation,False,True,0.0864288631849544,0,0,0,0,0.0,0.0,12.0,0.0,Low
2026-08-25,16,CARDIOLOGY,Cardiology Consultation,False,True,0.0805008825248985,1,1,0,0,0.0,0.0,12.0,8.333333333333332,Low
2026-08-25,17,CARDIOLOGY,Cardiology Consultation,False,False,0.071425706549206,0,0,0,0,0.0,0.0,0.0,0.0,Closed
2026-08-25,18,CARDIOLOGY,Cardiology Consultation,False,False,0.071425706549206,0,0,0,0,0.0,0.0,0.0,0.0,Closed
2026-08-25,19,CARDIOLOGY,Cardiology Consultation,False,False,0.071425706549206,0,0,0,0,0.0,0.0,0.0,0.0,Closed
2026-08-25,20,CARDIOLOGY,Cardiology Consultation,False,False,0.071425706549206,0,0,0,0,0.0,0.0,0.0,0.0,Closed
2026-08-25,21,CARDIOLOGY,Cardiology Consultation,False,False,0.071425706549206,0,0,0,0,0.0,0.0,0.0,0.0,Closed
2026-08-25,22,CARDIOLOGY,Cardiology Consultation,False,False,0.071425706549206,0,0,0,0,0.0,0.0,0.0,0.0,Closed
2026-08-25,23,CARDIOLOGY,Cardiology Consultation,False,False,0.071425706549206,0,0,0,0,0.0,0.0,0.0,0.0,Closed
2026-08-26,0,CARDIOLOGY,Cardiology Consultation,False,False,0.1345034869236322,0,0,0,0,0.0,0.0,0.0,0.0,Closed
2026-08-19,1,CASUALTY,Emergency Consultation,True,True,0.0294735180883501,0,0,0,0,0.0,0.0,18.0,0.0,Low
2026-08-19,2,CASUALTY,Emergency Consultation,True,True,0.093131865803844,0,0,0,0,0.0,0.0,18.0,0.0,Low
2026-08-19,3,CASUALTY,Emergency Consultation,True,True,0.0897838111976226,0,0,0,0,0.0,0.0,18.0,0.0,Low
2026-08-19,4,CASUALTY,Emergency Consultation,True,True,0.092033213459221,0,0,0,0,0.0,0.0,18.0,0.0,Low
2026-08-19,5,CASUALTY,Emergency Consultation,True,True,0.1120509851365147,0,0,0,0,0.0,0.0,18.0,0.0,Low
2026-08-19,6,CASUALTY,Emergency Consultation,True,True,0.1816663397362828,1,1,0,0,0.0,0.0,18.0,5.555555555555555,Low
2026-08-19,7,CASUALTY,Emergency Consultation,True,True,0.2621693302403542,0,0,0,0,0.0,0.0,18.0,0.0,Low
2026-08-19,8,CASUALTY,Emergency Consultation,True,True,0.5072317877911952,0,0,0,0,0.0,0.0,18.0,0.0,Low
2026-08-19,9,CASUALTY,Emergency Consultation,True,True,0.5274213154235323,0,0,0,0,0.0,0.0,18.0,0.0,Low
2026-08-19,10,CASUALTY,Emergency Consultation,True,True,0.4095245817012953,1,1,0,0,0.0,0.0,18.0,5.555555555555555,Low
2026-08-19,11,CASUALTY,Emergency Consultation,True,True,0.3037201383048515,1,1,0,0,0.0,0.0,18.0,5.555555555555555,Low
2026-08-19,12,CASUALTY,Emergency Consultation,True,True,0.2552752503703164,0,0,0,0,0.0,0.0,18.0,0.0,Low
2026-08-19,13,CASUALTY,Emergency Consultation,True,True,0.2191294373477823,0,0,0,0,0.0,0.0,18.0,0.0,Low
2026-08-19,14,CASUALTY,Emergency Consultation,True,True,0.2191294373477823,1,1,0,0,0.0,0.0,18.0,5.555555555555555,Low
2026-08-19,15,CASUALTY,Emergency Consultation,True,True,0.2185615924818095,0,0,0,0,0.0,0.0,18.0,0.0,Low
2026-08-19,16,CASUALTY,Emergency Consultation,True,True,0.2350116615840037,0,0,0,0,0.0,0.0,18.0,0.0,Low
2026-08-19,17,CASUALTY,Emergency Consultation,True,True,0.2505765424828065,2,2,0,0,0.0,0.0,18.0,11.11111111111111,Low
2026-08-19,18,CASUALTY,Emergency Consultation,True,True,0.2406140114390409,0,0,0,0,0.0,0.0,18.0,0.0,Low
2026-08-19,19,CASUALTY,Emergency Consultation,True,True,0.2406140114390409,0,0,0,0,0.0,0.0,18.0,0.0,Low
2026-08-19,20,CASUALTY,Emergency Consultation,True,True,0.2406140114390409,0,0,0,0,0.0,0.0,18.0,0.0,Low
2026-08-19,21,CASUALTY,Emergency Consultation,True,True,0.2406140114390409,0,0,0,0,0.0,0.0,18.0,0.0,Low
2026-08-19,22,CASUALTY,Emergency Consultation,True,True,0.2403826892799354,0,0,0,0,0.0,0.0,18.0,0.0,Low
2026-08-19,23,CASUALTY,Emergency Consultation,True,True,0.2403826892799354,1,1,0,0,0.0,0.0,18.0,5.555555555555555,Low
2026-08-20,0,CASUALTY,Emergency Consultation,True,True,0.0979052310192323,0,0,0,0,0.0,0.0,18.0,0.0,Low
2026-08-20,1,CASUALTY,Emergency Consultation,True,True,0.0829939415959582,0,0,0,0,0.0,0.0,18.0,0.0,Low
2026-08-20,2,CASUALTY,Emergency Consultation,True,True,0.0534063546431087,0,0,0,0,0.0,0.0,18.0,0.0,Low
2026-08-20,3,CASUALTY,Emergency Consultation,True,True,0.0500583000368873,0,0,0,0,0.0,0.0,18.0,0.0,Low
2026-08-20,4,CASUALTY,Emergency Consultation,True,True,0.0523077022984856,0,0,0,0,0.0,0.0,18.0,0.0,Low
2026-08-20,5,CASUALTY,Emergency Consultation,True,True,0.0723254739757795,0,0,0,0,0.0,0.0,18.0,0.0,Low
2026-08-20,6,CASUALTY,Emergency Consultation,True,True,0.1315343256552696,0,0,0,0,0.0,0.0,18.0,0.0,Low
2026-08-20,7,CASUALTY,Emergency Consultation,True,True,0.2120373161593406,1,1,0,0,0.0,0.0,18.0,5.555555555555555,Low
2026-08-20,8,CASUALTY,Emergency Consultation,True,True,0.4720817546635169,0,0,0,0,0.0,0.0,18.0,0.0,Low
2026-08-20,9,CASUALTY,Emergency Consultation,True,True,0.4922712822958539,2,2,0,0,0.0,0.0,18.0,11.11111111111111,Low
2026-08-20,10,CASUALTY,Emergency Consultation,True,True,0.3894371114795064,1,1,0,0,0.0,0.0,18.0,5.555555555555555,Low
2026-08-20,11,CASUALTY,Emergency Consultation,True,True,0.2836326680830628,0,0,0,0,0.0,0.0,18.0,0.0,Low
2026-08-20,12,CASUALTY,Emergency Consultation,True,True,0.2457903868031987,1,1,0,0,0.0,0.0,18.0,5.555555555555555,Low
2026-08-20,13,CASUALTY,Emergency Consultation,True,True,0.2096445737806649,0,0,0,0,0.0,0.0,18.0,0.0,Low
2026-08-20,14,CASUALTY,Emergency Consultation,True,True,0.2096445737806649,0,0,0,0,0.0,0.0,18.0,0.0,Low
2026-08-20,15,CASUALTY,Emergency Consultation,True,True,0.2090767289146921,0,0,0,0,0.0,0.0,18.0,0.0,Low
2026-08-20,16,CASUALTY,Emergency Consultation,True,True,0.2255267980168862,0,0,0,0,0.0,0.0,18.0,0.0,Low
2026-08-20,17,CASUALTY,Emergency Consultation,True,True,0.2410916789156889,0,0,0,0,0.0,0.0,18.0,0.0,Low
2026-08-20,18,CASUALTY,Emergency Consultation,True,True,0.2311291478719234,0,0,0,0,0.0,0.0,18.0,0.0,Low
2026-08-20,19,CASUALTY,Emergency Consultation,True,True,0.2311291478719234,0,0,0,0,0.0,0.0,18.0,0.0,Low
2026-08-20,20,CASUALTY,Emergency Consultation,True,True,0.2311291478719234,0,0,0,0,0.0,0.0,18.0,0.0,Low
2026-08-20,21,CASUALTY,Emergency Consultation,True,True,0.2311291478719234,0,0,0,0,0.0,0.0,18.0,0.0,Low
2026-08-20,22,CASUALTY,Emergency Consultation,True,True,0.2308978257128179,0,0,0,0,0.0,0.0,18.0,0.0,Low
2026-08-20,23,CASUALTY,Emergency Consultation,True,True,0.2308978257128179,0,0,0,0,0.0,0.0,18.0,0.0,Low
2026-08-21,0,CASUALTY,Emergency Consultation,True,True,0.0987075159222653,0,0,0,0,0.0,0.0,18.0,0.0,Low
2026-08-21,1,CASUALTY,Emergency Consultation,True,True,0.0837962264989911,0,0,0,0,0.0,0.0,18.0,0.0,Low
2026-08-21,2,CASUALTY,Emergency Consultation,True,True,0.0417550818994584,0,0,0,0,0.0,0.0,18.0,0.0,Low
2026-08-21,3,CASUALTY,Emergency Consultation,True,True,0.038407027293237,0,0,0,0,0.0,0.0,18.0,0.0,Low
2026-08-21,4,CASUALTY,Emergency Consultation,True,True,0.0406564295548354,0,0,0,0,0.0,0.0,18.0,0.0,Low
2026-08-21,5,CASUALTY,Emergency Consultation,True,True,0.0606742012321293,0,0,0,0,0.0,0.0,18.0,0.0,Low
2026-08-21,6,CASUALTY,Emergency Consultation,True,True,0.1198830529116194,0,0,0,0,0.0,0.0,18.0,0.0,Low
2026-08-21,7,CASUALTY,Emergency Consultation,True,True,0.2003860434156903,1,1,0,0,0.0,0.0,18.0,5.555555555555555,Low
2026-08-21,8,CASUALTY,Emergency Consultation,True,True,0.452915773195844,0,0,0,0,0.0,0.0,18.0,0.0,Low
2026-08-21,9,CASUALTY,Emergency Consultation,True,True,0.4731053008281812,0,0,0,0,0.0,0.0,18.0,0.0,Low
2026-08-21,10,CASUALTY,Emergency Consultation,True,True,0.3777858387358562,0,0,0,0,0.0,0.0,18.0,0.0,Low
2026-08-21,11,CASUALTY,Emergency Consultation,True,True,0.2645006767107594,0,0,0,0,0.0,0.0,18.0,0.0,Low
2026-08-21,12,CASUALTY,Emergency Consultation,True,True,0.2391119530775783,0,0,0,0,0.0,0.0,18.0,0.0,Low
2026-08-21,13,CASUALTY,Emergency Consultation,True,True,0.2104468586836978,0,0,0,0,0.0,0.0,18.0,0.0,Low
2026-08-21,14,CASUALTY,Emergency Consultation,True,True,0.2104468586836978,0,0,0,0,0.0,0.0,18.0,0.0,Low
2026-08-21,15,CASUALTY,Emergency Consultation,True,True,0.209879013817725,1,1,0,0,0.0,0.0,18.0,5.555555555555555,Low
2026-08-21,16,CASUALTY,Emergency Consultation,True,True,0.2263290829199191,0,0,0,0,0.0,0.0,18.0,0.0,Low
2026-08-21,17,CASUALTY,Emergency Consultation,True,True,0.2418939638187219,0,0,0,0,0.0,0.0,18.0,0.0,Low
2026-08-21,18,CASUALTY,Emergency Consultation,True,True,0.2319314327749563,0,0,0,0,0.0,0.0,18.0,0.0,Low
2026-08-21,19,CASUALTY,Emergency Consultation,True,True,0.2319314327749563,0,0,0,0,0.0,0.0,18.0,0.0,Low
2026-08-21,20,CASUALTY,Emergency Consultation,True,True,0.2319314327749563,0,0,0,0,0.0,0.0,18.0,0.0,Low
2026-08-21,21,CASUALTY,Emergency Consultation,True,True,0.2319314327749563,0,0,0,0,0.0,0.0,18.0,0.0,Low
2026-08-21,22,CASUALTY,Emergency Consultation,True,True,0.2317001106158508,0,0,0,0,0.0,0.0,18.0,0.0,Low
2026-08-21,23,CASUALTY,Emergency Consultation,True,True,0.2317001106158508,0,0,0,0,0.0,0.0,18.0,0.0,Low
2026-08-22,0,CASUALTY,Emergency Consultation,True,True,0.1008798913957202,0,0,0,0,0.0,0.0,18.0,0.0,Low
2026-08-22,1,CASUALTY,Emergency Consultation,True,True,0.085968601972446,0,0,0,0,0.0,0.0,18.0,0.0,Low
2026-08-22,2,CASUALTY,Emergency Consultation,True,True,0.0685941975871652,0,0,0,0,0.0,0.0,18.0,0.0,Low
2026-08-22,3,CASUALTY,Emergency Consultation,True,True,0.0652461429809438,0,0,0,0,0.0,0.0,18.0,0.0,Low
2026-08-22,4,CASUALTY,Emergency Consultation,True,True,0.0343275827444386,0,0,0,0,0.0,0.0,18.0,0.0,Low
2026-08-22,5,CASUALTY,Emergency Consultation,True,True,0.0343602676086122,0,0,0,0,0.0,0.0,18.0,0.0,Low
2026-08-22,6,CASUALTY,Emergency Consultation,True,True,0.0934912485501874,0,0,0,0,0.0,0.0,18.0,0.0,Low
2026-08-22,7,CASUALTY,Emergency Consultation,True,True,0.0185916943715598,0,0,0,0,0.0,0.0,18.0,0.0,Low
2026-08-22,8,CASUALTY,Emergency Consultation,True,True,0.2251843103697664,1,1,0,0,0.0,0.0,18.0,5.555555555555555,Low
2026-08-22,9,CASUALTY,Emergency Consultation,True,True,0.2420304339577473,1,1,0,0,0.0,0.0,18.0,5.555555555555555,Low
2026-08-22,10,CASUALTY,Emergency Consultation,True,True,0.1880258333863503,0,0,0,0,0.0,0.0,18.0,0.0,Low
2026-08-22,11,CASUALTY,Emergency Consultation,True,True,0.2075142179411914,0,0,0,0,0.0,0.0,18.0,0.0,Low
2026-08-22,12,CASUALTY,Emergency Consultation,True,True,0.1789605009616927,0,0,0,0,0.0,0.0,18.0,0.0,Low
2026-08-22,13,CASUALTY,Emergency Consultation,True,True,0.1820289222811241,0,0,0,0,0.0,0.0,18.0,0.0,Low
2026-08-22,14,CASUALTY,Emergency Consultation,True,True,0.1820289222811241,1,1,0,0,0.0,0.0,18.0,5.555555555555555,Low
2026-08-22,15,CASUALTY,Emergency Consultation,True,True,0.181461077415151,0,0,0,0,0.0,0.0,18.0,0.0,Low
2026-08-22,16,CASUALTY,Emergency Consultation,True,True,0.2014715721150445,0,0,0,0,0.0,0.0,18.0,0.0,Low
2026-08-22,17,CASUALTY,Emergency Consultation,True,True,0.2072535549990121,0,0,0,0,0.0,0.0,18.0,0.0,Low
2026-08-22,18,CASUALTY,Emergency Consultation,True,True,0.2069020977573172,1,1,0,0,0.0,0.0,18.0,5.555555555555555,Low
2026-08-22,19,CASUALTY,Emergency Consultation,True,True,0.2069020977573172,0,0,0,0,0.0,0.0,18.0,0.0,Low
2026-08-22,20,CASUALTY,Emergency Consultation,True,True,0.2069020977573172,0,0,0,0,0.0,0.0,18.0,0.0,Low
2026-08-22,21,CASUALTY,Emergency Consultation,True,True,0.2069020977573172,0,0,0,0,0.0,0.0,18.0,0.0,Low
2026-08-22,22,CASUALTY,Emergency Consultation,True,True,0.2066707755982117,0,0,0,0,0.0,0.0,18.0,0.0,Low
2026-08-22,23,CASUALTY,Emergency Consultation,True,True,0.2066707755982117,0,0,0,0,0.0,0.0,18.0,0.0,Low
2026-08-23,0,CASUALTY,Emergency Consultation,True,True,0.0993272342232473,0,0,0,0,0.0,0.0,18.0,0.0,Low
2026-08-23,1,CASUALTY,Emergency Consultation,True,True,0.0844159447999732,0,0,0,0,0.0,0.0,18.0,0.0,Low
2026-08-23,2,CASUALTY,Emergency Consultation,True,True,0.0670415404146924,0,0,0,0,0.0,0.0,18.0,0.0,Low
2026-08-23,3,CASUALTY,Emergency Consultation,True,True,0.0636934858084711,0,0,0,0,0.0,0.0,18.0,0.0,Low
2026-08-23,4,CASUALTY,Emergency Consultation,True,True,0.0327749255719659,0,0,0,0,0.0,0.0,18.0,0.0,Low
2026-08-23,5,CASUALTY,Emergency Consultation,True,True,0.0328076104361393,0,0,0,0,0.0,0.0,18.0,0.0,Low
2026-08-23,6,CASUALTY,Emergency Consultation,True,True,0.0919385913777146,0,0,0,0,0.0,0.0,18.0,0.0,Low
2026-08-23,7,CASUALTY,Emergency Consultation,True,True,0.017039037199087,0,0,0,0,0.0,0.0,18.0,0.0,Low
2026-08-23,8,CASUALTY,Emergency Consultation,True,True,0.2236316531972937,0,0,0,0,0.0,0.0,18.0,0.0,Low
2026-08-23,9,CASUALTY,Emergency Consultation,True,True,0.2404777767852745,1,1,0,0,0.0,0.0,18.0,5.555555555555555,Low
2026-08-23,10,CASUALTY,Emergency Consultation,True,True,0.1864731762138775,0,0,0,0,0.0,0.0,18.0,0.0,Low
2026-08-23,11,CASUALTY,Emergency Consultation,True,True,0.2059615607687186,0,0,0,0,0.0,0.0,18.0,0.0,Low
2026-08-23,12,CASUALTY,Emergency Consultation,True,True,0.1774078437892199,1,1,0,0,0.0,0.0,18.0,5.555555555555555,Low
2026-08-23,13,CASUALTY,Emergency Consultation,True,True,0.1804762651086513,0,0,0,0,0.0,0.0,18.0,0.0,Low
2026-08-23,14,CASUALTY,Emergency Consultation,True,True,0.1804762651086513,0,0,0,0,0.0,0.0,18.0,0.0,Low
2026-08-23,15,CASUALTY,Emergency Consultation,True,True,0.1799084202426782,0,0,0,0,0.0,0.0,18.0,0.0,Low
2026-08-23,16,CASUALTY,Emergency Consultation,True,True,0.1999189149425717,0,0,0,0,0.0,0.0,18.0,0.0,Low
2026-08-23,17,CASUALTY,Emergency Consultation,True,True,0.2059293957158282,1,1,0,0,0.0,0.0,18.0,5.555555555555555,Low
2026-08-23,18,CASUALTY,Emergency Consultation,True,True,0.2055779384741332,0,0,0,0,0.0,0.0,18.0,0.0,Low
2026-08-23,19,CASUALTY,Emergency Consultation,True,True,0.2055779384741332,0,0,0,0,0.0,0.0,18.0,0.0,Low
2026-08-23,20,CASUALTY,Emergency Consultation,True,True,0.2055779384741332,0,0,0,0,0.0,0.0,18.0,0.0,Low
2026-08-23,21,CASUALTY,Emergency Consultation,True,True,0.2055779384741332,0,0,0,0,0.0,0.0,18.0,0.0,Low
2026-08-23,22,CASUALTY,Emergency Consultation,True,True,0.2053466163150277,0,0,0,0,0.0,0.0,18.0,0.0,Low
2026-08-23,23,CASUALTY,Emergency Consultation,True,True,0.2053466163150277,1,1,0,0,0.0,0.0,18.0,5.555555555555555,Low
2026-08-24,0,CASUALTY,Emergency Consultation,True,True,0.0613718067282823,0,0,0,0,0.0,0.0,18.0,0.0,Low
2026-08-24,1,CASUALTY,Emergency Consultation,True,True,0.0464605173050084,0,0,0,0,0.0,0.0,18.0,0.0,Low
2026-08-24,2,CASUALTY,Emergency Consultation,True,True,0.0201585801078789,0,0,0,0,0.0,0.0,18.0,0.0,Low
2026-08-24,3,CASUALTY,Emergency Consultation,True,True,0.0168105255016575,0,0,0,0,0.0,0.0,18.0,0.0,Low
2026-08-24,4,CASUALTY,Emergency Consultation,True,True,0.0190599277632558,0,0,0,0,0.0,0.0,18.0,0.0,Low
2026-08-24,5,CASUALTY,Emergency Consultation,True,True,0.0390776994405496,0,0,0,0,0.0,0.0,18.0,0.0,Low
2026-08-24,6,CASUALTY,Emergency Consultation,True,True,0.1086930540403181,0,0,0,0,0.0,0.0,18.0,0.0,Low
2026-08-24,7,CASUALTY,Emergency Consultation,True,True,0.1891960445443883,0,0,0,0,0.0,0.0,18.0,0.0,Low
2026-08-24,8,CASUALTY,Emergency Consultation,True,True,0.4538999632128834,0,0,0,0,0.0,0.0,18.0,0.0,Low
2026-08-24,9,CASUALTY,Emergency Consultation,True,True,0.4843685716827826,1,1,0,0,0.0,0.0,18.0,5.555555555555555,Low
2026-08-24,10,CASUALTY,Emergency Consultation,True,True,0.3929882077767735,0,0,0,0,0.0,0.0,18.0,0.0,Low
2026-08-24,11,CASUALTY,Emergency Consultation,True,True,0.28718376438033,0,0,0,0,0.0,0.0,18.0,0.0,Low
2026-08-24,12,CASUALTY,Emergency Consultation,True,True,0.2387388764457944,1,1,0,0,0.0,0.0,18.0,5.555555555555555,Low
2026-08-24,13,CASUALTY,Emergency Consultation,True,True,0.2025930634232608,0,0,0,0,0.0,0.0,18.0,0.0,Low
2026-08-24,14,CASUALTY,Emergency Consultation,True,True,0.2025930634232608,1,1,0,0,0.0,0.0,18.0,5.555555555555555,Low
2026-08-24,15,CASUALTY,Emergency Consultation,True,True,0.2020252185572879,0,0,0,0,0.0,0.0,18.0,0.0,Low
2026-08-24,16,CASUALTY,Emergency Consultation,True,True,0.218475287659482,1,1,0,0,0.0,0.0,18.0,5.555555555555555,Low
2026-08-24,17,CASUALTY,Emergency Consultation,True,True,0.2340401685582848,0,0,0,0,0.0,0.0,18.0,0.0,Low
2026-08-24,18,CASUALTY,Emergency Consultation,True,True,0.2240776375145192,0,0,0,0,0.0,0.0,18.0,0.0,Low
2026-08-24,19,CASUALTY,Emergency Consultation,True,True,0.2240776375145192,2,2,0,0,0.0,0.0,18.0,11.11111111111111,Low
2026-08-24,20,CASUALTY,Emergency Consultation,True,True,0.2240776375145192,1,1,0,0,0.0,0.0,18.0,5.555555555555555,Low
2026-08-24,21,CASUALTY,Emergency Consultation,True,True,0.2240776375145192,0,0,0,0,0.0,0.0,18.0,0.0,Low
2026-08-24,22,CASUALTY,Emergency Consultation,True,True,0.2238463153554137,0,0,0,0,0.0,0.0,18.0,0.0,Low
2026-08-24,23,CASUALTY,Emergency Consultation,True,True,0.2238463153554137,0,0,0,0,0.0,0.0,18.0,0.0,Low
2026-08-25,0,CASUALTY,Emergency Consultation,True,True,0.0692454341670288,0,0,0,0,0.0,0.0,18.0,0.0,Low
2026-08-25,1,CASUALTY,Emergency Consultation,True,True,0.0543341447437548,0,0,0,0,0.0,0.0,18.0,0.0,Low
2026-08-25,2,CASUALTY,Emergency Consultation,True,True,0.0280322075466253,0,0,0,0,0.0,0.0,18.0,0.0,Low
2026-08-25,3,CASUALTY,Emergency Consultation,True,True,0.0246841529404039,0,0,0,0,0.0,0.0,18.0,0.0,Low
2026-08-25,4,CASUALTY,Emergency Consultation,True,True,0.0269335552020023,0,0,0,0,0.0,0.0,18.0,0.0,Low
2026-08-25,5,CASUALTY,Emergency Consultation,True,True,0.0469513268792961,0,0,0,0,0.0,0.0,18.0,0.0,Low
2026-08-25,6,CASUALTY,Emergency Consultation,True,True,0.1165666814790644,0,0,0,0,0.0,0.0,18.0,0.0,Low
2026-08-25,7,CASUALTY,Emergency Consultation,True,True,0.1970696719831349,0,0,0,0,0.0,0.0,18.0,0.0,Low
2026-08-25,8,CASUALTY,Emergency Consultation,True,True,0.46177359065163,0,0,0,0,0.0,0.0,18.0,0.0,Low
2026-08-25,9,CASUALTY,Emergency Consultation,True,True,0.481963118283967,0,0,0,0,0.0,0.0,18.0,0.0,Low
2026-08-25,10,CASUALTY,Emergency Consultation,True,True,0.3905827543779578,1,1,0,0,0.0,0.0,18.0,5.555555555555555,Low
2026-08-25,11,CASUALTY,Emergency Consultation,True,True,0.2847783109815142,0,0,0,0,0.0,0.0,18.0,0.0,Low
2026-08-25,12,CASUALTY,Emergency Consultation,True,True,0.2363334230469787,0,0,0,0,0.0,0.0,18.0,0.0,Low
2026-08-25,13,CASUALTY,Emergency Consultation,True,True,0.200187610024445,1,1,0,0,0.0,0.0,18.0,5.555555555555555,Low
2026-08-25,14,CASUALTY,Emergency Consultation,True,True,0.200187610024445,0,0,0,0,0.0,0.0,18.0,0.0,Low
2026-08-25,15,CASUALTY,Emergency Consultation,True,True,0.1996197651584721,0,0,0,0,0.0,0.0,18.0,0.0,Low
2026-08-25,16,CASUALTY,Emergency Consultation,True,True,0.2160698342606662,0,0,0,0,0.0,0.0,18.0,0.0,Low
2026-08-25,17,CASUALTY,Emergency Consultation,True,True,0.231634715159469,0,0,0,0,0.0,0.0,18.0,0.0,Low
2026-08-25,18,CASUALTY,Emergency Consultation,True,True,0.2216721841157035,0,0,0,0,0.0,0.0,18.0,0.0,Low
2026-08-25,19,CASUALTY,Emergency Consultation,True,True,0.2216721841157035,0,0,0,0,0.0,0.0,18.0,0.0,Low
2026-08-25,20,CASUALTY,Emergency Consultation,True,True,0.2216721841157035,0,0,0,0,0.0,0.0,18.0,0.0,Low
2026-08-25,21,CASUALTY,Emergency Consultation,True,True,0.2216721841157035,0,0,0,0,0.0,0.0,18.0,0.0,Low
2026-08-25,22,CASUALTY,Emergency Consultation,True,True,0.2214408619565979,0,0,0,0,0.0,0.0,18.0,0.0,Low
2026-08-25,23,CASUALTY,Emergency Consultation,True,True,0.2214408619565979,1,1,0,0,0.0,0.0,18.0,5.555555555555555,Low
2026-08-26,0,CASUALTY,Emergency Consultation,True,True,0.1330552641469102,0,0,0,0,0.0,0.0,18.0,0.0,Low
2026-08-19,1,CHRONIC CARE CLINIC (DM/HTN/TB/CCC),Chronic Care Consultation,False,False,1.7688309738133832,4,0,4,4,0.0,0.0,0.0,0.0,Closed
2026-08-19,2,CHRONIC CARE CLINIC (DM/HTN/TB/CCC),Chronic Care Consultation,False,False,0.0,0,0,4,4,0.0,0.0,0.0,0.0,Closed
2026-08-19,3,CHRONIC CARE CLINIC (DM/HTN/TB/CCC),Chronic Care Consultation,False,False,0.7597137739523635,1,0,5,5,0.0,0.0,0.0,0.0,Closed
2026-08-19,4,CHRONIC CARE CLINIC (DM/HTN/TB/CCC),Chronic Care Consultation,False,False,0.4375928692699968,0,0,5,5,0.0,0.0,0.0,0.0,Closed
2026-08-19,5,CHRONIC CARE CLINIC (DM/HTN/TB/CCC),Chronic Care Consultation,False,False,0.3934325170249089,1,0,6,6,0.0,0.0,0.0,0.0,Closed
2026-08-19,6,CHRONIC CARE CLINIC (DM/HTN/TB/CCC),Chronic Care Consultation,False,False,1.5863470900993633,2,0,8,8,0.0,0.0,0.0,0.0,Closed
2026-08-19,7,CHRONIC CARE CLINIC (DM/HTN/TB/CCC),Chronic Care Consultation,False,False,3.114919739496224,2,0,10,10,0.0,0.0,0.0,0.0,Closed
2026-08-19,8,CHRONIC CARE CLINIC (DM/HTN/TB/CCC),Chronic Care Consultation,False,True,8.268817146977703,7,17,0,0,132.52941176470588,389.0,18.0,38.88888888888889,Low
2026-08-19,9,CHRONIC CARE CLINIC (DM/HTN/TB/CCC),Chronic Care Consultation,False,True,8.53156346447594,7,7,0,0,0.0,0.0,18.0,38.88888888888889,Low
2026-08-19,10,CHRONIC CARE CLINIC (DM/HTN/TB/CCC),Chronic Care Consultation,False,True,6.419834555684877,6,6,0,0,0.0,0.0,18.0,33.33333333333333,Low
2026-08-19,11,CHRONIC CARE CLINIC (DM/HTN/TB/CCC),Chronic Care Consultation,False,True,5.333062078991267,5,5,0,0,0.0,0.0,18.0,27.77777777777778,Low
2026-08-19,12,CHRONIC CARE CLINIC (DM/HTN/TB/CCC),Chronic Care Consultation,False,True,3.31318685034174,5,5,0,0,0.0,0.0,18.0,27.77777777777778,Low
2026-08-19,13,CHRONIC CARE CLINIC (DM/HTN/TB/CCC),Chronic Care Consultation,False,True,2.133048714228352,2,2,0,0,0.0,0.0,18.0,11.11111111111111,Low
2026-08-19,14,CHRONIC CARE CLINIC (DM/HTN/TB/CCC),Chronic Care Consultation,False,True,1.7874251227279678,1,1,0,0,0.0,0.0,18.0,5.555555555555555,Low
2026-08-19,15,CHRONIC CARE CLINIC (DM/HTN/TB/CCC),Chronic Care Consultation,False,True,1.2841122567528034,3,3,0,0,0.0,0.0,18.0,16.666666666666664,Low
2026-08-19,16,CHRONIC CARE CLINIC (DM/HTN/TB/CCC),Chronic Care Consultation,False,True,0.7242515235438789,0,0,0,0,0.0,0.0,18.0,0.0,Low
2026-08-19,17,CHRONIC CARE CLINIC (DM/HTN/TB/CCC),Chronic Care Consultation,False,False,0.2272383459078513,0,0,0,0,0.0,0.0,0.0,0.0,Closed
2026-08-19,18,CHRONIC CARE CLINIC (DM/HTN/TB/CCC),Chronic Care Consultation,False,False,0.1526781307084675,0,0,0,0,0.0,0.0,0.0,0.0,Closed
2026-08-19,19,CHRONIC CARE CLINIC (DM/HTN/TB/CCC),Chronic Care Consultation,False,False,0.101804224739597,0,0,0,0,0.0,0.0,0.0,0.0,Closed
2026-08-19,20,CHRONIC CARE CLINIC (DM/HTN/TB/CCC),Chronic Care Consultation,False,False,0.101804224739597,0,0,0,0,0.0,0.0,0.0,0.0,Closed
2026-08-19,21,CHRONIC CARE CLINIC (DM/HTN/TB/CCC),Chronic Care Consultation,False,False,0.101804224739597,0,0,0,0,0.0,0.0,0.0,0.0,Closed
2026-08-19,22,CHRONIC CARE CLINIC (DM/HTN/TB/CCC),Chronic Care Consultation,False,False,0.101804224739597,0,0,0,0,0.0,0.0,0.0,0.0,Closed
2026-08-19,23,CHRONIC CARE CLINIC (DM/HTN/TB/CCC),Chronic Care Consultation,False,False,0.101804224739597,0,0,0,0,0.0,0.0,0.0,0.0,Closed
2026-08-20,0,CHRONIC CARE CLINIC (DM/HTN/TB/CCC),Chronic Care Consultation,False,False,0.4595322217865989,1,0,1,1,0.0,0.0,0.0,0.0,Closed
2026-08-20,1,CHRONIC CARE CLINIC (DM/HTN/TB/CCC),Chronic Care Consultation,False,False,0.3870299852585364,0,0,1,1,0.0,0.0,0.0,0.0,Closed
2026-08-20,2,CHRONIC CARE CLINIC (DM/HTN/TB/CCC),Chronic Care Consultation,False,False,0.3700320992963037,0,0,1,1,0.0,0.0,0.0,0.0,Closed
2026-08-20,3,CHRONIC CARE CLINIC (DM/HTN/TB/CCC),Chronic Care Consultation,False,False,0.3683938706519197,0,0,1,1,0.0,0.0,0.0,0.0,Closed
2026-08-20,4,CHRONIC CARE CLINIC (DM/HTN/TB/CCC),Chronic Care Consultation,False,False,0.3699150507876032,0,0,1,1,0.0,0.0,0.0,0.0,Closed
2026-08-20,5,CHRONIC CARE CLINIC (DM/HTN/TB/CCC),Chronic Care Consultation,False,False,0.4866196966109087,0,0,1,1,0.0,0.0,0.0,0.0,Closed
2026-08-20,6,CHRONIC CARE CLINIC (DM/HTN/TB/CCC),Chronic Care Consultation,False,False,1.163022630567265,3,0,4,4,0.0,0.0,0.0,0.0,Closed
2026-08-20,7,CHRONIC CARE CLINIC (DM/HTN/TB/CCC),Chronic Care Consultation,False,False,3.3857716170699184,4,0,8,8,0.0,0.0,0.0,0.0,Closed
2026-08-20,8,CHRONIC CARE CLINIC (DM/HTN/TB/CCC),Chronic Care Consultation,False,True,10.11601067945031,7,15,0,0,60.46666666666667,471.0,18.0,38.88888888888889,Low
2026-08-20,9,CHRONIC CARE CLINIC (DM/HTN/TB/CCC),Chronic Care Consultation,False,True,10.06380169224852,12,12,0,0,0.6666666666666666,8.0,18.0,66.66666666666666,Low
2026-08-20,10,CHRONIC CARE CLINIC (DM/HTN/TB/CCC),Chronic Care Consultation,False,True,6.642946210420944,5,5,0,0,0.0,0.0,18.0,27.77777777777778,Low
2026-08-20,11,CHRONIC CARE CLINIC (DM/HTN/TB/CCC),Chronic Care Consultation,False,True,5.4934358884465215,4,4,0,0,0.0,0.0,18.0,22.22222222222222,Low
2026-08-20,12,CHRONIC CARE CLINIC (DM/HTN/TB/CCC),Chronic Care Consultation,False,True,3.4077281415860377,5,5,0,0,0.0,0.0,18.0,27.77777777777778,Low
2026-08-20,13,CHRONIC CARE CLINIC (DM/HTN/TB/CCC),Chronic Care Consultation,False,True,2.1517771095523988,0,0,0,0,0.0,0.0,18.0,0.0,Low
2026-08-20,14,CHRONIC CARE CLINIC (DM/HTN/TB/CCC),Chronic Care Consultation,False,True,1.770608453097532,2,2,0,0,0.0,0.0,18.0,11.11111111111111,Low
2026-08-20,15,CHRONIC CARE CLINIC (DM/HTN/TB/CCC),Chronic Care Consultation,False,True,1.2736891549938905,0,0,0,0,0.0,0.0,18.0,0.0,Low
2026-08-20,16,CHRONIC CARE CLINIC (DM/HTN/TB/CCC),Chronic Care Consultation,False,True,0.7262235446802017,1,1,0,0,0.0,0.0,18.0,5.555555555555555,Low
2026-08-20,17,CHRONIC CARE CLINIC (DM/HTN/TB/CCC),Chronic Care Consultation,False,False,0.2292103670441741,0,0,0,0,0.0,0.0,0.0,0.0,Closed
2026-08-20,18,CHRONIC CARE CLINIC (DM/HTN/TB/CCC),Chronic Care Consultation,False,False,0.1546501518447902,0,0,0,0,0.0,0.0,0.0,0.0,Closed
2026-08-20,19,CHRONIC CARE CLINIC (DM/HTN/TB/CCC),Chronic Care Consultation,False,False,0.1037762458759197,0,0,0,0,0.0,0.0,0.0,0.0,Closed
2026-08-20,20,CHRONIC CARE CLINIC (DM/HTN/TB/CCC),Chronic Care Consultation,False,False,0.1037762458759197,0,0,0,0,0.0,0.0,0.0,0.0,Closed
2026-08-20,21,CHRONIC CARE CLINIC (DM/HTN/TB/CCC),Chronic Care Consultation,False,False,0.1037762458759197,1,0,1,1,0.0,0.0,0.0,0.0,Closed
2026-08-20,22,CHRONIC CARE CLINIC (DM/HTN/TB/CCC),Chronic Care Consultation,False,False,0.1037762458759197,0,0,1,1,0.0,0.0,0.0,0.0,Closed
2026-08-20,23,CHRONIC CARE CLINIC (DM/HTN/TB/CCC),Chronic Care Consultation,False,False,0.1037762458759197,0,0,1,1,0.0,0.0,0.0,0.0,Closed
2026-08-21,0,CHRONIC CARE CLINIC (DM/HTN/TB/CCC),Chronic Care Consultation,False,False,0.4669986304509591,2,0,3,3,0.0,0.0,0.0,0.0,Closed
2026-08-21,1,CHRONIC CARE CLINIC (DM/HTN/TB/CCC),Chronic Care Consultation,False,False,0.3944963939228965,0,0,3,3,0.0,0.0,0.0,0.0,Closed
2026-08-21,2,CHRONIC CARE CLINIC (DM/HTN/TB/CCC),Chronic Care Consultation,False,False,0.3774985079606639,0,0,3,3,0.0,0.0,0.0,0.0,Closed
2026-08-21,3,CHRONIC CARE CLINIC (DM/HTN/TB/CCC),Chronic Care Consultation,False,False,0.3758602793162799,0,0,3,3,0.0,0.0,0.0,0.0,Closed
2026-08-21,4,CHRONIC CARE CLINIC (DM/HTN/TB/CCC),Chronic Care Consultation,False,False,0.3844622709121849,1,0,4,4,0.0,0.0,0.0,0.0,Closed
2026-08-21,5,CHRONIC CARE CLINIC (DM/HTN/TB/CCC),Chronic Care Consultation,False,False,0.466601568831776,0,0,4,4,0.0,0.0,0.0,0.0,Closed
2026-08-21,6,CHRONIC CARE CLINIC (DM/HTN/TB/CCC),Chronic Care Consultation,False,False,1.1295159865103612,3,0,7,7,0.0,0.0,0.0,0.0,Closed
2026-08-21,7,CHRONIC CARE CLINIC (DM/HTN/TB/CCC),Chronic Care Consultation,False,False,3.18583798975708,4,0,11,11,0.0,0.0,0.0,0.0,Closed
2026-08-21,8,CHRONIC CARE CLINIC (DM/HTN/TB/CCC),Chronic Care Consultation,False,True,8.750088510150293,7,18,0,0,127.61111111111111,646.0,18.0,38.88888888888889,Low
2026-08-21,9,CHRONIC CARE CLINIC (DM/HTN/TB/CCC),Chronic Care Consultation,False,True,9.6795947940751,6,6,0,0,0.0,0.0,18.0,33.33333333333333,Low
2026-08-21,10,CHRONIC CARE CLINIC (DM/HTN/TB/CCC),Chronic Care Consultation,False,True,6.607999585665081,7,7,0,0,0.0,0.0,18.0,38.88888888888889,Low
2026-08-21,11,CHRONIC CARE CLINIC (DM/HTN/TB/CCC),Chronic Care Consultation,False,True,5.832954141950026,5,5,0,0,0.0,0.0,18.0,27.77777777777778,Low
2026-08-21,12,CHRONIC CARE CLINIC (DM/HTN/TB/CCC),Chronic Care Consultation,False,True,3.6280087907187824,5,5,0,0,0.0,0.0,18.0,27.77777777777778,Low
2026-08-21,13,CHRONIC CARE CLINIC (DM/HTN/TB/CCC),Chronic Care Consultation,False,True,2.090194566430619,0,0,0,0,0.0,0.0,18.0,0.0,Low
2026-08-21,14,CHRONIC CARE CLINIC (DM/HTN/TB/CCC),Chronic Care Consultation,False,True,1.7896449895802975,2,2,0,0,0.0,0.0,18.0,11.11111111111111,Low
2026-08-21,15,CHRONIC CARE CLINIC (DM/HTN/TB/CCC),Chronic Care Consultation,False,True,1.451138194576758,3,3,0,0,0.0,0.0,18.0,16.666666666666664,Low
2026-08-21,16,CHRONIC CARE CLINIC (DM/HTN/TB/CCC),Chronic Care Consultation,False,True,0.7263045853046558,0,0,0,0,0.0,0.0,18.0,0.0,Low
2026-08-21,17,CHRONIC CARE CLINIC (DM/HTN/TB/CCC),Chronic Care Consultation,False,False,0.2292914076686283,0,0,0,0,0.0,0.0,0.0,0.0,Closed
2026-08-21,18,CHRONIC CARE CLINIC (DM/HTN/TB/CCC),Chronic Care Consultation,False,False,0.1547311924692444,1,0,1,1,0.0,0.0,0.0,0.0,Closed
2026-08-21,19,CHRONIC CARE CLINIC (DM/HTN/TB/CCC),Chronic Care Consultation,False,False,0.103857286500374,0,0,1,1,0.0,0.0,0.0,0.0,Closed
2026-08-21,20,CHRONIC CARE CLINIC (DM/HTN/TB/CCC),Chronic Care Consultation,False,False,0.103857286500374,0,0,1,1,0.0,0.0,0.0,0.0,Closed
2026-08-21,21,CHRONIC CARE CLINIC (DM/HTN/TB/CCC),Chronic Care Consultation,False,False,0.103857286500374,0,0,1,1,0.0,0.0,0.0,0.0,Closed
2026-08-21,22,CHRONIC CARE CLINIC (DM/HTN/TB/CCC),Chronic Care Consultation,False,False,0.103857286500374,0,0,1,1,0.0,0.0,0.0,0.0,Closed
2026-08-21,23,CHRONIC CARE CLINIC (DM/HTN/TB/CCC),Chronic Care Consultation,False,False,0.103857286500374,0,0,1,1,0.0,0.0,0.0,0.0,Closed
2026-08-22,0,CHRONIC CARE CLINIC (DM/HTN/TB/CCC),Chronic Care Consultation,False,False,0.4967921644151599,0,0,1,1,0.0,0.0,0.0,0.0,Closed
2026-08-22,1,CHRONIC CARE CLINIC (DM/HTN/TB/CCC),Chronic Care Consultation,False,False,0.4272308863313189,0,0,1,1,0.0,0.0,0.0,0.0,Closed
2026-08-22,2,CHRONIC CARE CLINIC (DM/HTN/TB/CCC),Chronic Care Consultation,False,False,0.3317435364745673,1,0,2,2,0.0,0.0,0.0,0.0,Closed
2026-08-22,3,CHRONIC CARE CLINIC (DM/HTN/TB/CCC),Chronic Care Consultation,False,False,0.3085001157349183,0,0,2,2,0.0,0.0,0.0,0.0,Closed
2026-08-22,4,CHRONIC CARE CLINIC (DM/HTN/TB/CCC),Chronic Care Consultation,False,False,0.2839341448327198,1,0,3,3,0.0,0.0,0.0,0.0,Closed
2026-08-22,5,CHRONIC CARE CLINIC (DM/HTN/TB/CCC),Chronic Care Consultation,False,False,0.2641544202122733,0,0,3,3,0.0,0.0,0.0,0.0,Closed
2026-08-22,6,CHRONIC CARE CLINIC (DM/HTN/TB/CCC),Chronic Care Consultation,False,False,0.7449032651151637,0,0,3,3,0.0,0.0,0.0,0.0,Closed
2026-08-22,7,CHRONIC CARE CLINIC (DM/HTN/TB/CCC),Chronic Care Consultation,False,False,1.1277879964774302,0,0,3,3,0.0,0.0,0.0,0.0,Closed
2026-08-22,8,CHRONIC CARE CLINIC (DM/HTN/TB/CCC),Chronic Care Consultation,False,True,2.2268966444092126,0,3,0,0,462.0,809.0,18.0,0.0,Low
2026-08-22,9,CHRONIC CARE CLINIC (DM/HTN/TB/CCC),Chronic Care Consultation,False,True,3.131231708191432,1,1,0,0,0.0,0.0,18.0,5.555555555555555,Low
2026-08-22,10,CHRONIC CARE CLINIC (DM/HTN/TB/CCC),Chronic Care Consultation,False,True,2.9939177923917115,4,4,0,0,0.0,0.0,18.0,22.22222222222222,Low
2026-08-22,11,CHRONIC CARE CLINIC (DM/HTN/TB/CCC),Chronic Care Consultation,False,True,2.621982721042714,0,0,0,0,0.0,0.0,18.0,0.0,Low
2026-08-22,12,CHRONIC CARE CLINIC (DM/HTN/TB/CCC),Chronic Care Consultation,False,True,2.07826922457671,1,1,0,0,0.0,0.0,18.0,5.555555555555555,Low
2026-08-22,13,CHRONIC CARE CLINIC (DM/HTN/TB/CCC),Chronic Care Consultation,False,True,1.168761508036248,1,1,0,0,0.0,0.0,18.0,5.555555555555555,Low
2026-08-22,14,CHRONIC CARE CLINIC (DM/HTN/TB/CCC),Chronic Care Consultation,False,True,1.060878257421792,0,0,0,0,0.0,0.0,18.0,0.0,Low
2026-08-22,15,CHRONIC CARE CLINIC (DM/HTN/TB/CCC),Chronic Care Consultation,False,True,0.79065430889863,0,0,0,0,0.0,0.0,18.0,0.0,Low
2026-08-22,16,CHRONIC CARE CLINIC (DM/HTN/TB/CCC),Chronic Care Consultation,False,True,0.3740145917698197,0,0,0,0,0.0,0.0,18.0,0.0,Low
2026-08-22,17,CHRONIC CARE CLINIC (DM/HTN/TB/CCC),Chronic Care Consultation,False,False,0.1660506887839737,0,0,0,0,0.0,0.0,0.0,0.0,Closed
2026-08-22,18,CHRONIC CARE CLINIC (DM/HTN/TB/CCC),Chronic Care Consultation,False,False,0.1151767828151031,0,0,0,0,0.0,0.0,0.0,0.0,Closed
2026-08-22,19,CHRONIC CARE CLINIC (DM/HTN/TB/CCC),Chronic Care Consultation,False,False,0.1151767828151031,0,0,0,0,0.0,0.0,0.0,0.0,Closed
2026-08-22,20,CHRONIC CARE CLINIC (DM/HTN/TB/CCC),Chronic Care Consultation,False,False,0.1151767828151031,1,0,1,1,0.0,0.0,0.0,0.0,Closed
2026-08-22,21,CHRONIC CARE CLINIC (DM/HTN/TB/CCC),Chronic Care Consultation,False,False,0.1151767828151031,1,0,2,2,0.0,0.0,0.0,0.0,Closed
2026-08-22,22,CHRONIC CARE CLINIC (DM/HTN/TB/CCC),Chronic Care Consultation,False,False,0.1151767828151031,0,0,2,2,0.0,0.0,0.0,0.0,Closed
2026-08-22,23,CHRONIC CARE CLINIC (DM/HTN/TB/CCC),Chronic Care Consultation,False,False,0.1151767828151031,0,0,2,2,0.0,0.0,0.0,0.0,Closed
2026-08-23,0,CHRONIC CARE CLINIC (DM/HTN/TB/CCC),Chronic Care Consultation,False,False,0.4934092880492118,1,0,3,3,0.0,0.0,0.0,0.0,Closed
2026-08-23,1,CHRONIC CARE CLINIC (DM/HTN/TB/CCC),Chronic Care Consultation,False,False,0.4238480099653707,0,0,3,3,0.0,0.0,0.0,0.0,Closed
2026-08-23,2,CHRONIC CARE CLINIC (DM/HTN/TB/CCC),Chronic Care Consultation,False,False,0.3283606601086191,0,0,3,3,0.0,0.0,0.0,0.0,Closed
2026-08-23,3,CHRONIC CARE CLINIC (DM/HTN/TB/CCC),Chronic Care Consultation,False,False,0.3051172393689701,1,0,4,4,0.0,0.0,0.0,0.0,Closed
2026-08-23,4,CHRONIC CARE CLINIC (DM/HTN/TB/CCC),Chronic Care Consultation,False,False,0.2805512684667716,0,0,4,4,0.0,0.0,0.0,0.0,Closed
2026-08-23,5,CHRONIC CARE CLINIC (DM/HTN/TB/CCC),Chronic Care Consultation,False,False,0.260771543846325,0,0,4,4,0.0,0.0,0.0,0.0,Closed
2026-08-23,6,CHRONIC CARE CLINIC (DM/HTN/TB/CCC),Chronic Care Consultation,False,False,0.7253734813474613,0,0,4,4,0.0,0.0,0.0,0.0,Closed
2026-08-23,7,CHRONIC CARE CLINIC (DM/HTN/TB/CCC),Chronic Care Consultation,False,False,1.101520005250413,0,0,4,4,0.0,0.0,0.0,0.0,Closed
2026-08-23,8,CHRONIC CARE CLINIC (DM/HTN/TB/CCC),Chronic Care Consultation,False,True,2.204186293370956,2,6,0,0,334.6666666666667,670.0,18.0,11.11111111111111,Low
2026-08-23,9,CHRONIC CARE CLINIC (DM/HTN/TB/CCC),Chronic Care Consultation,False,True,3.0116116495826937,2,2,0,0,0.0,0.0,18.0,11.11111111111111,Low
2026-08-23,10,CHRONIC CARE CLINIC (DM/HTN/TB/CCC),Chronic Care Consultation,False,True,2.6113718071014307,4,4,0,0,0.0,0.0,18.0,22.22222222222222,Low
2026-08-23,11,CHRONIC CARE CLINIC (DM/HTN/TB/CCC),Chronic Care Consultation,False,True,2.337311474202665,4,4,0,0,0.0,0.0,18.0,22.22222222222222,Low
2026-08-23,12,CHRONIC CARE CLINIC (DM/HTN/TB/CCC),Chronic Care Consultation,False,True,1.5788444926570242,2,2,0,0,0.0,0.0,18.0,11.11111111111111,Low
2026-08-23,13,CHRONIC CARE CLINIC (DM/HTN/TB/CCC),Chronic Care Consultation,False,True,0.9298222979754438,0,0,0,0,0.0,0.0,18.0,0.0,Low
2026-08-23,14,CHRONIC CARE CLINIC (DM/HTN/TB/CCC),Chronic Care Consultation,False,True,0.8067262811619761,1,1,0,0,0.0,0.0,18.0,5.555555555555555,Low
2026-08-23,15,CHRONIC CARE CLINIC (DM/HTN/TB/CCC),Chronic Care Consultation,False,True,0.6185236549752908,0,0,0,0,0.0,0.0,18.0,0.0,Low
2026-08-23,16,CHRONIC CARE CLINIC (DM/HTN/TB/CCC),Chronic Care Consultation,False,True,0.3684439322510308,2,2,0,0,0.0,0.0,18.0,11.11111111111111,Low
2026-08-23,17,CHRONIC CARE CLINIC (DM/HTN/TB/CCC),Chronic Care Consultation,False,False,0.172105402363967,0,0,0,0,0.0,0.0,0.0,0.0,Closed
2026-08-23,18,CHRONIC CARE CLINIC (DM/HTN/TB/CCC),Chronic Care Consultation,False,False,0.1212314963950965,1,0,1,1,0.0,0.0,0.0,0.0,Closed
2026-08-23,19,CHRONIC CARE CLINIC (DM/HTN/TB/CCC),Chronic Care Consultation,False,False,0.1212314963950965,0,0,1,1,0.0,0.0,0.0,0.0,Closed
2026-08-23,20,CHRONIC CARE CLINIC (DM/HTN/TB/CCC),Chronic Care Consultation,False,False,0.1212314963950965,0,0,1,1,0.0,0.0,0.0,0.0,Closed
2026-08-23,21,CHRONIC CARE CLINIC (DM/HTN/TB/CCC),Chronic Care Consultation,False,False,0.1212314963950965,0,0,1,1,0.0,0.0,0.0,0.0,Closed
2026-08-23,22,CHRONIC CARE CLINIC (DM/HTN/TB/CCC),Chronic Care Consultation,False,False,0.1212314963950965,0,0,1,1,0.0,0.0,0.0,0.0,Closed
2026-08-23,23,CHRONIC CARE CLINIC (DM/HTN/TB/CCC),Chronic Care Consultation,False,False,0.1212314963950965,0,0,1,1,0.0,0.0,0.0,0.0,Closed
2026-08-24,0,CHRONIC CARE CLINIC (DM/HTN/TB/CCC),Chronic Care Consultation,False,False,0.4521952067044064,0,0,1,1,0.0,0.0,0.0,0.0,Closed
2026-08-24,1,CHRONIC CARE CLINIC (DM/HTN/TB/CCC),Chronic Care Consultation,False,False,0.3781779963541157,0,0,1,1,0.0,0.0,0.0,0.0,Closed
2026-08-24,2,CHRONIC CARE CLINIC (DM/HTN/TB/CCC),Chronic Care Consultation,False,False,0.3627875858926064,0,0,1,1,0.0,0.0,0.0,0.0,Closed
2026-08-24,3,CHRONIC CARE CLINIC (DM/HTN/TB/CCC),Chronic Care Consultation,False,False,0.3611493572482224,1,0,2,2,0.0,0.0,0.0,0.0,Closed
2026-08-24,4,CHRONIC CARE CLINIC (DM/HTN/TB/CCC),Chronic Care Consultation,False,False,0.3829247026701272,0,0,2,2,0.0,0.0,0.0,0.0,Closed
2026-08-24,5,CHRONIC CARE CLINIC (DM/HTN/TB/CCC),Chronic Care Consultation,False,False,0.408868997975056,1,0,3,3,0.0,0.0,0.0,0.0,Closed
2026-08-24,6,CHRONIC CARE CLINIC (DM/HTN/TB/CCC),Chronic Care Consultation,False,False,1.1076157595959744,0,0,3,3,0.0,0.0,0.0,0.0,Closed
2026-08-24,7,CHRONIC CARE CLINIC (DM/HTN/TB/CCC),Chronic Care Consultation,False,False,2.977012833722322,2,0,5,5,0.0,0.0,0.0,0.0,Closed
2026-08-24,8,CHRONIC CARE CLINIC (DM/HTN/TB/CCC),Chronic Care Consultation,False,True,8.374594980724432,8,13,0,0,95.84615384615384,794.0,18.0,44.44444444444444,Low
2026-08-24,9,CHRONIC CARE CLINIC (DM/HTN/TB/CCC),Chronic Care Consultation,False,True,9.302887116679663,14,14,0,0,1.2857142857142858,10.0,18.0,77.77777777777779,Moderate
2026-08-24,10,CHRONIC CARE CLINIC (DM/HTN/TB/CCC),Chronic Care Consultation,False,True,6.991442822941284,9,9,0,0,0.0,0.0,18.0,50.0,Low
2026-08-24,11,CHRONIC CARE CLINIC (DM/HTN/TB/CCC),Chronic Care Consultation,False,True,5.732464795885534,5,5,0,0,0.0,0.0,18.0,27.77777777777778,Low
2026-08-24,12,CHRONIC CARE CLINIC (DM/HTN/TB/CCC),Chronic Care Consultation,False,True,3.567067745415367,3,3,0,0,0.0,0.0,18.0,16.666666666666664,Low
2026-08-24,13,CHRONIC CARE CLINIC (DM/HTN/TB/CCC),Chronic Care Consultation,False,True,2.0393318066559654,3,3,0,0,0.0,0.0,18.0,16.666666666666664,Low
2026-08-24,14,CHRONIC CARE CLINIC (DM/HTN/TB/CCC),Chronic Care Consultation,False,True,1.8214517094749616,0,0,0,0,0.0,0.0,18.0,0.0,Low
2026-08-24,15,CHRONIC CARE CLINIC (DM/HTN/TB/CCC),Chronic Care Consultation,False,True,1.2839411618787064,2,2,0,0,0.0,0.0,18.0,11.11111111111111,Low
2026-08-24,16,CHRONIC CARE CLINIC (DM/HTN/TB/CCC),Chronic Care Consultation,False,True,0.7240804286697811,0,0,0,0,0.0,0.0,18.0,0.0,Low
2026-08-24,17,CHRONIC CARE CLINIC (DM/HTN/TB/CCC),Chronic Care Consultation,False,False,0.2270672510337539,0,0,0,0,0.0,0.0,0.0,0.0,Closed
2026-08-24,18,CHRONIC CARE CLINIC (DM/HTN/TB/CCC),Chronic Care Consultation,False,False,0.15250703583437,0,0,0,0,0.0,0.0,0.0,0.0,Closed
2026-08-24,19,CHRONIC CARE CLINIC (DM/HTN/TB/CCC),Chronic Care Consultation,False,False,0.1016331298654994,0,0,0,0,0.0,0.0,0.0,0.0,Closed
2026-08-24,20,CHRONIC CARE CLINIC (DM/HTN/TB/CCC),Chronic Care Consultation,False,False,0.1016331298654994,0,0,0,0,0.0,0.0,0.0,0.0,Closed
2026-08-24,21,CHRONIC CARE CLINIC (DM/HTN/TB/CCC),Chronic Care Consultation,False,False,0.1016331298654994,1,0,1,1,0.0,0.0,0.0,0.0,Closed
2026-08-24,22,CHRONIC CARE CLINIC (DM/HTN/TB/CCC),Chronic Care Consultation,False,False,0.1016331298654994,0,0,1,1,0.0,0.0,0.0,0.0,Closed
2026-08-24,23,CHRONIC CARE CLINIC (DM/HTN/TB/CCC),Chronic Care Consultation,False,False,0.1016331298654994,0,0,1,1,0.0,0.0,0.0,0.0,Closed
2026-08-25,0,CHRONIC CARE CLINIC (DM/HTN/TB/CCC),Chronic Care Consultation,False,False,0.4529924002599646,1,0,2,2,0.0,0.0,0.0,0.0,Closed
2026-08-25,1,CHRONIC CARE CLINIC (DM/HTN/TB/CCC),Chronic Care Consultation,False,False,0.3804901637319021,0,0,2,2,0.0,0.0,0.0,0.0,Closed
2026-08-25,2,CHRONIC CARE CLINIC (DM/HTN/TB/CCC),Chronic Care Consultation,False,False,0.3570158701988672,0,0,2,2,0.0,0.0,0.0,0.0,Closed
2026-08-25,3,CHRONIC CARE CLINIC (DM/HTN/TB/CCC),Chronic Care Consultation,False,False,0.3553776415544832,0,0,2,2,0.0,0.0,0.0,0.0,Closed
2026-08-25,4,CHRONIC CARE CLINIC (DM/HTN/TB/CCC),Chronic Care Consultation,False,False,0.377152986976388,1,0,3,3,0.0,0.0,0.0,0.0,Closed
2026-08-25,5,CHRONIC CARE CLINIC (DM/HTN/TB/CCC),Chronic Care Consultation,False,False,0.4030972822813168,0,0,3,3,0.0,0.0,0.0,0.0,Closed
2026-08-25,6,CHRONIC CARE CLINIC (DM/HTN/TB/CCC),Chronic Care Consultation,False,False,1.0946575933527507,1,0,4,4,0.0,0.0,0.0,0.0,Closed
2026-08-25,7,CHRONIC CARE CLINIC (DM/HTN/TB/CCC),Chronic Care Consultation,False,False,2.979626382625334,6,0,10,10,0.0,0.0,0.0,0.0,Closed
2026-08-25,8,CHRONIC CARE CLINIC (DM/HTN/TB/CCC),Chronic Care Consultation,False,True,8.364233104400586,6,16,0,0,104.625,630.0,18.0,33.33333333333333,Low
2026-08-25,9,CHRONIC CARE CLINIC (DM/HTN/TB/CCC),Chronic Care Consultation,False,True,8.802571846450803,7,7,0,0,1.4285714285714286,10.0,18.0,38.88888888888889,Low
2026-08-25,10,CHRONIC CARE CLINIC (DM/HTN/TB/CCC),Chronic Care Consultation,False,True,6.922487450933477,12,12,0,0,0.0,0.0,18.0,66.66666666666666,Low
2026-08-25,11,CHRONIC CARE CLINIC (DM/HTN/TB/CCC),Chronic Care Consultation,False,True,5.728676947434953,5,5,0,0,0.0,0.0,18.0,27.77777777777778,Low
2026-08-25,12,CHRONIC CARE CLINIC (DM/HTN/TB/CCC),Chronic Care Consultation,False,True,3.536691340436508,3,3,0,0,0.0,0.0,18.0,16.666666666666664,Low
2026-08-25,13,CHRONIC CARE CLINIC (DM/HTN/TB/CCC),Chronic Care Consultation,False,True,2.0131494923176696,4,4,0,0,0.0,0.0,18.0,22.22222222222222,Low
2026-08-25,14,CHRONIC CARE CLINIC (DM/HTN/TB/CCC),Chronic Care Consultation,False,True,1.8029280436023627,0,0,0,0,0.0,0.0,18.0,0.0,Low
2026-08-25,15,CHRONIC CARE CLINIC (DM/HTN/TB/CCC),Chronic Care Consultation,False,True,1.2822241908850571,0,0,0,0,0.0,0.0,18.0,0.0,Low
2026-08-25,16,CHRONIC CARE CLINIC (DM/HTN/TB/CCC),Chronic Care Consultation,False,True,0.7223634576761319,1,1,0,0,0.0,0.0,18.0,5.555555555555555,Low
2026-08-25,17,CHRONIC CARE CLINIC (DM/HTN/TB/CCC),Chronic Care Consultation,False,False,0.2253502800401047,0,0,0,0,0.0,0.0,0.0,0.0,Closed
2026-08-25,18,CHRONIC CARE CLINIC (DM/HTN/TB/CCC),Chronic Care Consultation,False,False,0.1507900648407208,0,0,0,0,0.0,0.0,0.0,0.0,Closed
2026-08-25,19,CHRONIC CARE CLINIC (DM/HTN/TB/CCC),Chronic Care Consultation,False,False,0.0999161588718502,1,0,1,1,0.0,0.0,0.0,0.0,Closed
2026-08-25,20,CHRONIC CARE CLINIC (DM/HTN/TB/CCC),Chronic Care Consultation,False,False,0.0999161588718502,1,0,2,2,0.0,0.0,0.0,0.0,Closed
2026-08-25,21,CHRONIC CARE CLINIC (DM/HTN/TB/CCC),Chronic Care Consultation,False,False,0.0999161588718502,0,0,2,2,0.0,0.0,0.0,0.0,Closed
2026-08-25,22,CHRONIC CARE CLINIC (DM/HTN/TB/CCC),Chronic Care Consultation,False,False,0.0999161588718502,0,0,2,2,0.0,0.0,0.0,0.0,Closed
2026-08-25,23,CHRONIC CARE CLINIC (DM/HTN/TB/CCC),Chronic Care Consultation,False,False,0.0999161588718502,0,0,2,2,0.0,0.0,0.0,0.0,Closed
2026-08-26,0,CHRONIC CARE CLINIC (DM/HTN/TB/CCC),Chronic Care Consultation,False,False,0.4575602006502762,1,0,3,3,0.0,0.0,0.0,0.0,Closed
2026-08-19,1,DAYCASE,Day Surgery,False,False,0.2544502631486973,0,0,0,0,0.0,0.0,0.0,0.0,Closed
2026-08-19,2,DAYCASE,Day Surgery,False,False,0.1700191858585885,0,0,0,0,0.0,0.0,0.0,0.0,Closed
2026-08-19,3,DAYCASE,Day Surgery,False,False,0.1700191858585885,1,0,1,1,0.0,0.0,0.0,0.0,Closed
2026-08-19,4,DAYCASE,Day Surgery,False,False,0.1719957909534177,1,0,2,2,0.0,0.0,0.0,0.0,Closed
2026-08-19,5,DAYCASE,Day Surgery,False,False,0.1563015832674348,0,0,2,2,0.0,0.0,0.0,0.0,Closed
2026-08-19,6,DAYCASE,Day Surgery,False,False,0.3152064744826304,0,0,2,2,0.0,0.0,0.0,0.0,Closed
2026-08-19,7,DAYCASE,Day Surgery,False,False,0.7491911296005035,0,0,2,2,0.0,0.0,0.0,0.0,Closed
2026-08-19,8,DAYCASE,Day Surgery,False,True,1.2824810138019296,2,4,0,0,130.75,288.0,6.0,33.33333333333333,Low
2026-08-19,9,DAYCASE,Day Surgery,False,True,1.4398405353122108,1,1,0,0,0.0,0.0,6.0,16.666666666666664,Low
2026-08-19,10,DAYCASE,Day Surgery,False,True,1.2529011028957473,0,0,0,0,0.0,0.0,6.0,0.0,Low
2026-08-19,11,DAYCASE,Day Surgery,False,True,1.2822928285993345,3,3,0,0,0.0,0.0,6.0,50.0,Low
2026-08-19,12,DAYCASE,Day Surgery,False,True,1.0678188699233262,2,2,0,0,0.0,0.0,6.0,33.33333333333333,Low
2026-08-19,13,DAYCASE,Day Surgery,False,True,0.8058678717887284,0,0,0,0,0.0,0.0,6.0,0.0,Low
2026-08-19,14,DAYCASE,Day Surgery,False,True,0.6750898407779509,0,0,0,0,0.0,0.0,6.0,0.0,Low
2026-08-19,15,DAYCASE,Day Surgery,False,True,0.721471806971051,3,3,0,0,0.0,0.0,6.0,50.0,Low
2026-08-19,16,DAYCASE,Day Surgery,False,True,0.6027941583727604,0,0,0,0,0.0,0.0,6.0,0.0,Low
2026-08-19,17,DAYCASE,Day Surgery,False,False,0.1937408155399068,0,0,0,0,0.0,0.0,0.0,0.0,Closed
2026-08-19,18,DAYCASE,Day Surgery,False,False,0.1982191450953296,0,0,0,0,0.0,0.0,0.0,0.0,Closed
2026-08-19,19,DAYCASE,Day Surgery,False,False,0.147345239126459,0,0,0,0,0.0,0.0,0.0,0.0,Closed
2026-08-19,20,DAYCASE,Day Surgery,False,False,0.147345239126459,0,0,0,0,0.0,0.0,0.0,0.0,Closed
2026-08-19,21,DAYCASE,Day Surgery,False,False,0.147345239126459,0,0,0,0,0.0,0.0,0.0,0.0,Closed
2026-08-19,22,DAYCASE,Day Surgery,False,False,0.147345239126459,0,0,0,0,0.0,0.0,0.0,0.0,Closed
2026-08-19,23,DAYCASE,Day Surgery,False,False,0.147345239126459,0,0,0,0,0.0,0.0,0.0,0.0,Closed
2026-08-20,0,DAYCASE,Day Surgery,False,False,0.2128690022325325,0,0,0,0,0.0,0.0,0.0,0.0,Closed
2026-08-20,1,DAYCASE,Day Surgery,False,False,0.1648957711896851,0,0,0,0,0.0,0.0,0.0,0.0,Closed
2026-08-20,2,DAYCASE,Day Surgery,False,False,0.1781948173989443,0,0,0,0,0.0,0.0,0.0,0.0,Closed
2026-08-20,3,DAYCASE,Day Surgery,False,False,0.1781948173989443,0,0,0,0,0.0,0.0,0.0,0.0,Closed
2026-08-20,4,DAYCASE,Day Surgery,False,False,0.1804442196605427,0,0,0,0,0.0,0.0,0.0,0.0,Closed
2026-08-20,5,DAYCASE,Day Surgery,False,False,0.1517475231404409,0,0,0,0,0.0,0.0,0.0,0.0,Closed
2026-08-20,6,DAYCASE,Day Surgery,False,False,0.3106524143556365,0,0,0,0,0.0,0.0,0.0,0.0,Closed
2026-08-20,7,DAYCASE,Day Surgery,False,False,0.7446370694735096,0,0,0,0,0.0,0.0,0.0,0.0,Closed
2026-08-20,8,DAYCASE,Day Surgery,False,True,1.3608480270647256,0,0,0,0,0.0,0.0,6.0,0.0,Low
2026-08-20,9,DAYCASE,Day Surgery,False,True,1.4592983783254103,4,4,0,0,0.0,0.0,6.0,66.66666666666666,Low
2026-08-20,10,DAYCASE,Day Surgery,False,True,1.378190521715065,0,0,0,0,0.0,0.0,6.0,0.0,Low
2026-08-20,11,DAYCASE,Day Surgery,False,True,1.28059627704277,2,2,0,0,0.0,0.0,6.0,33.33333333333333,Low
2026-08-20,12,DAYCASE,Day Surgery,False,True,1.0661223183667616,2,2,0,0,0.0,0.0,6.0,33.33333333333333,Low
2026-08-20,13,DAYCASE,Day Surgery,False,True,0.8041713202321639,0,0,0,0,0.0,0.0,6.0,0.0,Low
2026-08-20,14,DAYCASE,Day Surgery,False,True,0.6733932892213863,0,0,0,0,0.0,0.0,6.0,0.0,Low
2026-08-20,15,DAYCASE,Day Surgery,False,True,0.7234438281073737,0,0,0,0,0.0,0.0,6.0,0.0,Low
2026-08-20,16,DAYCASE,Day Surgery,False,True,0.6047661795090832,0,0,0,0,0.0,0.0,6.0,0.0,Low
2026-08-20,17,DAYCASE,Day Surgery,False,False,0.1957128366762295,1,0,1,1,0.0,0.0,0.0,0.0,Closed
2026-08-20,18,DAYCASE,Day Surgery,False,False,0.2001911662316523,0,0,1,1,0.0,0.0,0.0,0.0,Closed
2026-08-20,19,DAYCASE,Day Surgery,False,False,0.1493172602627817,0,0,1,1,0.0,0.0,0.0,0.0,Closed
2026-08-20,20,DAYCASE,Day Surgery,False,False,0.1493172602627817,0,0,1,1,0.0,0.0,0.0,0.0,Closed
2026-08-20,21,DAYCASE,Day Surgery,False,False,0.1493172602627817,0,0,1,1,0.0,0.0,0.0,0.0,Closed
2026-08-20,22,DAYCASE,Day Surgery,False,False,0.1493172602627817,0,0,1,1,0.0,0.0,0.0,0.0,Closed
2026-08-20,23,DAYCASE,Day Surgery,False,False,0.1493172602627817,0,0,1,1,0.0,0.0,0.0,0.0,Closed
2026-08-21,0,DAYCASE,Day Surgery,False,False,0.2209872810432199,0,0,1,1,0.0,0.0,0.0,0.0,Closed
2026-08-21,1,DAYCASE,Day Surgery,False,False,0.1730140500003725,0,0,1,1,0.0,0.0,0.0,0.0,Closed
2026-08-21,2,DAYCASE,Day Surgery,False,False,0.1863130962096317,0,0,1,1,0.0,0.0,0.0,0.0,Closed
2026-08-21,3,DAYCASE,Day Surgery,False,False,0.1863130962096317,0,0,1,1,0.0,0.0,0.0,0.0,Closed
2026-08-21,4,DAYCASE,Day Surgery,False,False,0.18856249847123,0,0,1,1,0.0,0.0,0.0,0.0,Closed
2026-08-21,5,DAYCASE,Day Surgery,False,False,0.1585907895995045,0,0,1,1,0.0,0.0,0.0,0.0,Closed
2026-08-21,6,DAYCASE,Day Surgery,False,False,0.3174956808147,0,0,1,1,0.0,0.0,0.0,0.0,Closed
2026-08-21,7,DAYCASE,Day Surgery,False,False,0.7478389807681841,0,0,1,1,0.0,0.0,0.0,0.0,Closed
2026-08-21,8,DAYCASE,Day Surgery,False,True,1.3210311311784262,0,1,0,0,882.0,882.0,6.0,0.0,Low
2026-08-21,9,DAYCASE,Day Surgery,False,True,1.43042041206975,1,1,0,0,0.0,0.0,6.0,16.666666666666664,Low
2026-08-21,10,DAYCASE,Day Surgery,False,True,1.1846504755915026,1,1,0,0,0.0,0.0,6.0,16.666666666666664,Low
2026-08-21,11,DAYCASE,Day Surgery,False,True,1.2374443882498942,1,1,0,0,0.0,0.0,6.0,16.666666666666664,Low
2026-08-21,12,DAYCASE,Day Surgery,False,True,1.0229704295738862,0,0,0,0,0.0,0.0,6.0,0.0,Low
2026-08-21,13,DAYCASE,Day Surgery,False,True,0.6673586137068772,0,0,0,0,0.0,0.0,6.0,0.0,Low
2026-08-21,14,DAYCASE,Day Surgery,False,True,0.6673586137068772,3,3,0,0,0.0,0.0,6.0,50.0,Low
2026-08-21,15,DAYCASE,Day Surgery,False,True,0.646324603141869,2,2,0,0,0.0,0.0,6.0,33.33333333333333,Low
2026-08-21,16,DAYCASE,Day Surgery,False,True,0.6055684644121162,0,0,0,0,0.0,0.0,6.0,0.0,Low
2026-08-21,17,DAYCASE,Day Surgery,False,False,0.1965151215792624,1,0,1,1,0.0,0.0,0.0,0.0,Closed
2026-08-21,18,DAYCASE,Day Surgery,False,False,0.1501195451658147,0,0,1,1,0.0,0.0,0.0,0.0,Closed
2026-08-21,19,DAYCASE,Day Surgery,False,False,0.1501195451658147,0,0,1,1,0.0,0.0,0.0,0.0,Closed
2026-08-21,20,DAYCASE,Day Surgery,False,False,0.1501195451658147,0,0,1,1,0.0,0.0,0.0,0.0,Closed
2026-08-21,21,DAYCASE,Day Surgery,False,False,0.1501195451658147,0,0,1,1,0.0,0.0,0.0,0.0,Closed
2026-08-21,22,DAYCASE,Day Surgery,False,False,0.1501195451658147,0,0,1,1,0.0,0.0,0.0,0.0,Closed
2026-08-21,23,DAYCASE,Day Surgery,False,False,0.1501195451658147,0,0,1,1,0.0,0.0,0.0,0.0,Closed
2026-08-22,0,DAYCASE,Day Surgery,False,False,0.2503450160576561,0,0,1,1,0.0,0.0,0.0,0.0,Closed
2026-08-22,1,DAYCASE,Day Surgery,False,False,0.2053127434590302,0,0,1,1,0.0,0.0,0.0,0.0,Closed
2026-08-22,2,DAYCASE,Day Surgery,False,False,0.1401223257737705,0,0,1,1,0.0,0.0,0.0,0.0,Closed
2026-08-22,3,DAYCASE,Day Surgery,False,False,0.1185171336785056,0,0,1,1,0.0,0.0,0.0,0.0,Closed
2026-08-22,4,DAYCASE,Day Surgery,False,False,0.0875985734420003,0,0,1,1,0.0,0.0,0.0,0.0,Closed
2026-08-22,5,DAYCASE,Day Surgery,False,False,0.0541907608809801,0,0,1,1,0.0,0.0,0.0,0.0,Closed
2026-08-22,6,DAYCASE,Day Surgery,False,False,0.219911981408,0,0,1,1,0.0,0.0,0.0,0.0,Closed
2026-08-22,7,DAYCASE,Day Surgery,False,False,0.2826077915181467,0,0,1,1,0.0,0.0,0.0,0.0,Closed
2026-08-22,8,DAYCASE,Day Surgery,False,True,0.457492067553726,0,1,0,0,858.0,858.0,6.0,0.0,Low
2026-08-22,9,DAYCASE,Day Surgery,False,True,0.4635971272982239,0,0,0,0,0.0,0.0,6.0,0.0,Low
2026-08-22,10,DAYCASE,Day Surgery,False,True,0.464388435579976,0,0,0,0,0.0,0.0,6.0,0.0,Low
2026-08-22,11,DAYCASE,Day Surgery,False,True,0.4231604025188248,0,0,0,0,0.0,0.0,6.0,0.0,Low
2026-08-22,12,DAYCASE,Day Surgery,False,True,0.2732269511273232,0,0,0,0,0.0,0.0,6.0,0.0,Low
2026-08-22,13,DAYCASE,Day Surgery,False,True,0.2533682488267357,1,1,0,0,0.0,0.0,6.0,16.666666666666664,Low
2026-08-22,14,DAYCASE,Day Surgery,False,True,0.2533682488267357,0,0,0,0,0.0,0.0,6.0,0.0,Low
2026-08-22,15,DAYCASE,Day Surgery,False,True,0.2379989713581791,0,0,0,0,0.0,0.0,6.0,0.0,Low
2026-08-22,16,DAYCASE,Day Surgery,False,True,0.2223808269956424,0,0,0,0,0.0,0.0,6.0,0.0,Low
2026-08-22,17,DAYCASE,Day Surgery,False,False,0.175213334377636,1,0,1,1,0.0,0.0,0.0,0.0,Closed
2026-08-22,18,DAYCASE,Day Surgery,False,False,0.161439041480544,0,0,1,1,0.0,0.0,0.0,0.0,Closed
2026-08-22,19,DAYCASE,Day Surgery,False,False,0.161439041480544,0,0,1,1,0.0,0.0,0.0,0.0,Closed
2026-08-22,20,DAYCASE,Day Surgery,False,False,0.161439041480544,0,0,1,1,0.0,0.0,0.0,0.0,Closed
2026-08-22,21,DAYCASE,Day Surgery,False,False,0.161439041480544,1,0,2,2,0.0,0.0,0.0,0.0,Closed
2026-08-22,22,DAYCASE,Day Surgery,False,False,0.161439041480544,0,0,2,2,0.0,0.0,0.0,0.0,Closed
2026-08-22,23,DAYCASE,Day Surgery,False,False,0.161439041480544,0,0,2,2,0.0,0.0,0.0,0.0,Closed
2026-08-23,0,DAYCASE,Day Surgery,False,False,0.2563652022563821,0,0,2,2,0.0,0.0,0.0,0.0,Closed
2026-08-23,1,DAYCASE,Day Surgery,False,False,0.211332929657756,0,0,2,2,0.0,0.0,0.0,0.0,Closed
2026-08-23,2,DAYCASE,Day Surgery,False,False,0.1461425119724964,0,0,2,2,0.0,0.0,0.0,0.0,Closed
2026-08-23,3,DAYCASE,Day Surgery,False,False,0.1245373198772314,0,0,2,2,0.0,0.0,0.0,0.0,Closed
2026-08-23,4,DAYCASE,Day Surgery,False,False,0.0936187596407261,0,0,2,2,0.0,0.0,0.0,0.0,Closed
2026-08-23,5,DAYCASE,Day Surgery,False,False,0.0602109470797059,0,0,2,2,0.0,0.0,0.0,0.0,Closed
2026-08-23,6,DAYCASE,Day Surgery,False,False,0.2259321676067259,0,0,2,2,0.0,0.0,0.0,0.0,Closed
2026-08-23,7,DAYCASE,Day Surgery,False,False,0.2886279777168726,0,0,2,2,0.0,0.0,0.0,0.0,Closed
2026-08-23,8,DAYCASE,Day Surgery,False,True,0.4634433753955095,0,2,0,0,743.0,872.0,6.0,0.0,Low
2026-08-23,9,DAYCASE,Day Surgery,False,True,0.4625991423672939,1,1,0,0,0.0,0.0,6.0,16.666666666666664,Low
2026-08-23,10,DAYCASE,Day Surgery,False,True,0.4432566764721767,1,1,0,0,0.0,0.0,6.0,16.666666666666664,Low
2026-08-23,11,DAYCASE,Day Surgery,False,True,0.4020286434110254,0,0,0,0,0.0,0.0,6.0,0.0,Low
2026-08-23,12,DAYCASE,Day Surgery,False,True,0.2520951920195238,1,1,0,0,0.0,0.0,6.0,16.666666666666664,Low
2026-08-23,13,DAYCASE,Day Surgery,False,True,0.2322364897189362,0,0,0,0,0.0,0.0,6.0,0.0,Low
2026-08-23,14,DAYCASE,Day Surgery,False,True,0.2322364897189362,0,0,0,0,0.0,0.0,6.0,0.0,Low
2026-08-23,15,DAYCASE,Day Surgery,False,True,0.2168672122503799,1,1,0,0,0.0,0.0,6.0,16.666666666666664,Low
2026-08-23,16,DAYCASE,Day Surgery,False,True,0.2117601938605993,0,0,0,0,0.0,0.0,6.0,0.0,Low
2026-08-23,17,DAYCASE,Day Surgery,False,False,0.1812680479576294,1,0,1,1,0.0,0.0,0.0,0.0,Closed
2026-08-23,18,DAYCASE,Day Surgery,False,False,0.1674937550605373,0,0,1,1,0.0,0.0,0.0,0.0,Closed
2026-08-23,19,DAYCASE,Day Surgery,False,False,0.1674937550605373,1,0,2,2,0.0,0.0,0.0,0.0,Closed
2026-08-23,20,DAYCASE,Day Surgery,False,False,0.1674937550605373,0,0,2,2,0.0,0.0,0.0,0.0,Closed
2026-08-23,21,DAYCASE,Day Surgery,False,False,0.1674937550605373,0,0,2,2,0.0,0.0,0.0,0.0,Closed
2026-08-23,22,DAYCASE,Day Surgery,False,False,0.1674937550605373,2,0,4,4,0.0,0.0,0.0,0.0,Closed
2026-08-23,23,DAYCASE,Day Surgery,False,False,0.1674937550605373,1,0,5,5,0.0,0.0,0.0,0.0,Closed
2026-08-24,0,DAYCASE,Day Surgery,False,False,0.1396064731419663,0,0,5,5,0.0,0.0,0.0,0.0,Closed
2026-08-24,1,DAYCASE,Day Surgery,False,False,0.0901182682768907,0,0,5,5,0.0,0.0,0.0,0.0,Closed
2026-08-24,2,DAYCASE,Day Surgery,False,False,0.0969409069153476,0,0,5,5,0.0,0.0,0.0,0.0,Closed
2026-08-24,3,DAYCASE,Day Surgery,False,False,0.0969409069153476,0,0,5,5,0.0,0.0,0.0,0.0,Closed
2026-08-24,4,DAYCASE,Day Surgery,False,False,0.099190309176946,0,0,5,5,0.0,0.0,0.0,0.0,Closed
2026-08-24,5,DAYCASE,Day Surgery,False,False,0.0834961014909631,0,0,5,5,0.0,0.0,0.0,0.0,Closed
2026-08-24,6,DAYCASE,Day Surgery,False,False,0.2424009927061585,1,0,6,6,0.0,0.0,0.0,0.0,Closed
2026-08-24,7,DAYCASE,Day Surgery,False,False,0.6763856478240318,0,0,6,6,0.0,0.0,0.0,0.0,Closed
2026-08-24,8,DAYCASE,Day Surgery,False,True,1.228027164865774,1,6,1,1,554.0,863.0,6.0,16.666666666666664,Moderate
2026-08-24,9,DAYCASE,Day Surgery,False,True,1.385386686376055,2,3,0,0,5.333333333333333,16.0,6.0,33.33333333333333,Low
2026-08-24,10,DAYCASE,Day Surgery,False,True,1.2249636237758197,3,3,0,0,0.0,0.0,6.0,50.0,Low
2026-08-24,11,DAYCASE,Day Surgery,False,True,1.2543553494794069,0,0,0,0,0.0,0.0,6.0,0.0,Low
2026-08-24,12,DAYCASE,Day Surgery,False,True,1.0398813908033986,0,0,0,0,0.0,0.0,6.0,0.0,Low
2026-08-24,13,DAYCASE,Day Surgery,False,True,0.7854110706431628,1,1,0,0,0.0,0.0,6.0,16.666666666666664,Low
2026-08-24,14,DAYCASE,Day Surgery,False,True,0.6546330396323853,1,1,0,0,0.0,0.0,6.0,16.666666666666664,Low
2026-08-24,15,DAYCASE,Day Surgery,False,True,0.6230934959569476,0,0,0,0,0.0,0.0,6.0,0.0,Low
2026-08-24,16,DAYCASE,Day Surgery,False,True,0.5823373572271948,2,2,0,0,0.0,0.0,6.0,33.33333333333333,Low
2026-08-24,17,DAYCASE,Day Surgery,False,False,0.1732840143943413,0,0,0,0,0.0,0.0,0.0,0.0,Closed
2026-08-24,18,DAYCASE,Day Surgery,False,False,0.1268884379808934,1,0,1,1,0.0,0.0,0.0,0.0,Closed
2026-08-24,19,DAYCASE,Day Surgery,False,False,0.1268884379808934,0,0,1,1,0.0,0.0,0.0,0.0,Closed
2026-08-24,20,DAYCASE,Day Surgery,False,False,0.1268884379808934,0,0,1,1,0.0,0.0,0.0,0.0,Closed
2026-08-24,21,DAYCASE,Day Surgery,False,False,0.1268884379808934,1,0,2,2,0.0,0.0,0.0,0.0,Closed
2026-08-24,22,DAYCASE,Day Surgery,False,False,0.1268884379808934,1,0,3,3,0.0,0.0,0.0,0.0,Closed
2026-08-24,23,DAYCASE,Day Surgery,False,False,0.1268884379808934,0,0,3,3,0.0,0.0,0.0,0.0,Closed
2026-08-25,0,DAYCASE,Day Surgery,False,False,0.1470871511163283,0,0,3,3,0.0,0.0,0.0,0.0,Closed
2026-08-25,1,DAYCASE,Day Surgery,False,False,0.0991139200734809,0,0,3,3,0.0,0.0,0.0,0.0,Closed
2026-08-25,2,DAYCASE,Day Surgery,False,False,0.1059365587119378,0,0,3,3,0.0,0.0,0.0,0.0,Closed
2026-08-25,3,DAYCASE,Day Surgery,False,False,0.1059365587119378,1,0,4,4,0.0,0.0,0.0,0.0,Closed
2026-08-25,4,DAYCASE,Day Surgery,False,False,0.1081859609735362,1,0,5,5,0.0,0.0,0.0,0.0,Closed
2026-08-25,5,DAYCASE,Day Surgery,False,False,0.0924917532875533,0,0,5,5,0.0,0.0,0.0,0.0,Closed
2026-08-25,6,DAYCASE,Day Surgery,False,False,0.2513966445027489,0,0,5,5,0.0,0.0,0.0,0.0,Closed
2026-08-25,7,DAYCASE,Day Surgery,False,False,0.6853812996206219,0,0,5,5,0.0,0.0,0.0,0.0,Closed
2026-08-25,8,DAYCASE,Day Surgery,False,True,1.2370228166623642,2,6,1,1,411.8333333333333,782.0,6.0,33.33333333333333,Moderate
2026-08-25,9,DAYCASE,Day Surgery,False,True,1.3943823381726457,3,4,0,0,8.0,32.0,6.0,50.0,Low
2026-08-25,10,DAYCASE,Day Surgery,False,True,1.2339592755724098,1,1,0,0,0.0,0.0,6.0,16.666666666666664,Low
2026-08-25,11,DAYCASE,Day Surgery,False,True,1.263351001275997,1,1,0,0,0.0,0.0,6.0,16.666666666666664,Low
2026-08-25,12,DAYCASE,Day Surgery,False,True,1.0488770425999887,0,0,0,0,0.0,0.0,6.0,0.0,Low
2026-08-25,13,DAYCASE,Day Surgery,False,True,0.7869260444653909,2,2,0,0,0.0,0.0,6.0,33.33333333333333,Low
2026-08-25,14,DAYCASE,Day Surgery,False,True,0.6561480134546134,1,1,0,0,0.0,0.0,6.0,16.666666666666664,Low
2026-08-25,15,DAYCASE,Day Surgery,False,True,0.6246084697791757,0,0,0,0,0.0,0.0,6.0,0.0,Low
2026-08-25,16,DAYCASE,Day Surgery,False,True,0.5838523310494229,0,0,0,0,0.0,0.0,6.0,0.0,Low
2026-08-25,17,DAYCASE,Day Surgery,False,False,0.1747989882165694,1,0,1,1,0.0,0.0,0.0,0.0,Closed
2026-08-25,18,DAYCASE,Day Surgery,False,False,0.1284034118031215,0,0,1,1,0.0,0.0,0.0,0.0,Closed
2026-08-25,19,DAYCASE,Day Surgery,False,False,0.1284034118031215,0,0,1,1,0.0,0.0,0.0,0.0,Closed
2026-08-25,20,DAYCASE,Day Surgery,False,False,0.1284034118031215,0,0,1,1,0.0,0.0,0.0,0.0,Closed
2026-08-25,21,DAYCASE,Day Surgery,False,False,0.1284034118031215,0,0,1,1,0.0,0.0,0.0,0.0,Closed
2026-08-25,22,DAYCASE,Day Surgery,False,False,0.1284034118031215,0,0,1,1,0.0,0.0,0.0,0.0,Closed
2026-08-25,23,DAYCASE,Day Surgery,False,False,0.1284034118031215,0,0,1,1,0.0,0.0,0.0,0.0,Closed
2026-08-26,0,DAYCASE,Day Surgery,False,False,0.2108969810962098,0,0,1,1,0.0,0.0,0.0,0.0,Closed
2026-08-19,1,DENTAL,Dental Consultation,False,False,0.977934026511606,1,0,1,1,0.0,0.0,0.0,0.0,Closed
2026-08-19,2,DENTAL,Dental Consultation,False,False,0.279882178081217,0,0,1,1,0.0,0.0,0.0,0.0,Closed
2026-08-19,3,DENTAL,Dental Consultation,False,False,0.2706161194276859,0,0,1,1,0.0,0.0,0.0,0.0,Closed
2026-08-19,4,DENTAL,Dental Consultation,False,False,0.300160980492892,2,0,3,3,0.0,0.0,0.0,0.0,Closed
2026-08-19,5,DENTAL,Dental Consultation,False,False,0.1637350907126578,0,0,3,3,0.0,0.0,0.0,0.0,Closed
2026-08-19,6,DENTAL,Dental Consultation,False,False,0.6944426336255166,0,0,3,3,0.0,0.0,0.0,0.0,Closed
2026-08-19,7,DENTAL,Dental Consultation,False,False,1.492680708531111,3,0,6,6,0.0,0.0,0.0,0.0,Closed
2026-08-19,8,DENTAL,Dental Consultation,False,True,3.5768513555266788,3,9,0,0,105.33333333333331,395.0,12.0,25.0,Low
2026-08-19,9,DENTAL,Dental Consultation,False,True,5.386220659083512,5,5,0,0,0.0,0.0,12.0,41.66666666666667,Low
2026-08-19,10,DENTAL,Dental Consultation,False,True,4.155221682655082,5,5,0,0,0.0,0.0,12.0,41.66666666666667,Low
2026-08-19,11,DENTAL,Dental Consultation,False,True,2.3206795424024054,4,4,0,0,0.0,0.0,12.0,33.33333333333333,Low
2026-08-19,12,DENTAL,Dental Consultation,False,True,1.6151899025539025,1,1,0,0,0.0,0.0,12.0,8.333333333333332,Low
2026-08-19,13,DENTAL,Dental Consultation,False,True,0.9661201641016016,1,1,0,0,0.0,0.0,12.0,8.333333333333332,Low
2026-08-19,14,DENTAL,Dental Consultation,False,True,0.8189769870947439,0,0,0,0,0.0,0.0,12.0,0.0,Low
2026-08-19,15,DENTAL,Dental Consultation,False,True,0.6068762116347621,1,1,0,0,0.0,0.0,12.0,8.333333333333332,Low
2026-08-19,16,DENTAL,Dental Consultation,False,True,0.2900698304129146,0,0,0,0,0.0,0.0,12.0,0.0,Low
2026-08-19,17,DENTAL,Dental Consultation,False,False,0.158127620134768,0,0,0,0,0.0,0.0,0.0,0.0,Closed
2026-08-19,18,DENTAL,Dental Consultation,False,False,0.0958701044523767,0,0,0,0,0.0,0.0,0.0,0.0,Closed
2026-08-19,19,DENTAL,Dental Consultation,False,False,0.0958701044523767,0,0,0,0,0.0,0.0,0.0,0.0,Closed
2026-08-19,20,DENTAL,Dental Consultation,False,False,0.0958701044523767,0,0,0,0,0.0,0.0,0.0,0.0,Closed
2026-08-19,21,DENTAL,Dental Consultation,False,False,0.0958701044523767,0,0,0,0,0.0,0.0,0.0,0.0,Closed
2026-08-19,22,DENTAL,Dental Consultation,False,False,0.0958701044523767,0,0,0,0,0.0,0.0,0.0,0.0,Closed
2026-08-19,23,DENTAL,Dental Consultation,False,False,0.0958701044523767,0,0,0,0,0.0,0.0,0.0,0.0,Closed
2026-08-20,0,DENTAL,Dental Consultation,False,False,0.2537197430041499,0,0,0,0,0.0,0.0,0.0,0.0,Closed
2026-08-20,1,DENTAL,Dental Consultation,False,False,0.2122417871461666,0,0,0,0,0.0,0.0,0.0,0.0,Closed
2026-08-20,2,DENTAL,Dental Consultation,False,False,0.1801379334183245,0,0,0,0,0.0,0.0,0.0,0.0,Closed
2026-08-20,3,DENTAL,Dental Consultation,False,False,0.1801379334183245,0,0,0,0,0.0,0.0,0.0,0.0,Closed
2026-08-20,4,DENTAL,Dental Consultation,False,False,0.1397083802631407,0,0,0,0,0.0,0.0,0.0,0.0,Closed
2026-08-20,5,DENTAL,Dental Consultation,False,False,0.0279518264601042,0,0,0,0,0.0,0.0,0.0,0.0,Closed
2026-08-20,6,DENTAL,Dental Consultation,False,False,0.52530885384631,0,0,0,0,0.0,0.0,0.0,0.0,Closed
2026-08-20,7,DENTAL,Dental Consultation,False,False,1.2004898803043,1,0,1,1,0.0,0.0,0.0,0.0,Closed
2026-08-20,8,DENTAL,Dental Consultation,False,True,3.2513645807440152,2,3,0,0,14.666666666666666,44.0,12.0,16.666666666666664,Low
2026-08-20,9,DENTAL,Dental Consultation,False,True,3.9824771225517055,7,7,0,0,0.0,0.0,12.0,58.333333333333336,Low
2026-08-20,10,DENTAL,Dental Consultation,False,True,2.960651847889144,2,2,0,0,0.0,0.0,12.0,16.666666666666664,Low
2026-08-20,11,DENTAL,Dental Consultation,False,True,2.2479610542915425,3,3,0,0,0.0,0.0,12.0,25.0,Low
2026-08-20,12,DENTAL,Dental Consultation,False,True,1.5715688476315732,0,0,0,0,0.0,0.0,12.0,0.0,Low
2026-08-20,13,DENTAL,Dental Consultation,False,True,0.8116101954523429,0,0,0,0,0.0,0.0,12.0,0.0,Low
2026-08-20,14,DENTAL,Dental Consultation,False,True,0.7421806701950526,3,3,0,0,0.0,0.0,12.0,25.0,Low
2026-08-20,15,DENTAL,Dental Consultation,False,True,0.5469175631470945,1,1,0,0,0.0,0.0,12.0,8.333333333333332,Low
2026-08-20,16,DENTAL,Dental Consultation,False,True,0.28477391675443,0,0,0,0,0.0,0.0,12.0,0.0,Low
2026-08-20,17,DENTAL,Dental Consultation,False,False,0.1611885885716139,0,0,0,0,0.0,0.0,0.0,0.0,Closed
2026-08-20,18,DENTAL,Dental Consultation,False,False,0.0887636110084167,0,0,0,0,0.0,0.0,0.0,0.0,Closed
2026-08-20,19,DENTAL,Dental Consultation,False,False,0.0887636110084167,0,0,0,0,0.0,0.0,0.0,0.0,Closed
2026-08-20,20,DENTAL,Dental Consultation,False,False,0.0887636110084167,0,0,0,0,0.0,0.0,0.0,0.0,Closed
2026-08-20,21,DENTAL,Dental Consultation,False,False,0.0887636110084167,0,0,0,0,0.0,0.0,0.0,0.0,Closed
2026-08-20,22,DENTAL,Dental Consultation,False,False,0.0887636110084167,0,0,0,0,0.0,0.0,0.0,0.0,Closed
2026-08-20,23,DENTAL,Dental Consultation,False,False,0.0887636110084167,0,0,0,0,0.0,0.0,0.0,0.0,Closed
2026-08-21,0,DENTAL,Dental Consultation,False,False,0.1076376707355729,0,0,0,0,0.0,0.0,0.0,0.0,Closed
2026-08-21,1,DENTAL,Dental Consultation,False,False,0.0661597148775898,0,0,0,0,0.0,0.0,0.0,0.0,Closed
2026-08-21,2,DENTAL,Dental Consultation,False,False,0.0047698262482924,0,0,0,0,0.0,0.0,0.0,0.0,Closed
2026-08-21,3,DENTAL,Dental Consultation,False,False,0.0047698262482924,0,0,0,0,0.0,0.0,0.0,0.0,Closed
2026-08-21,4,DENTAL,Dental Consultation,False,False,0.0,0,0,0,0,0.0,0.0,0.0,0.0,Closed
2026-08-21,5,DENTAL,Dental Consultation,False,False,0.2881696469523336,0,0,0,0,0.0,0.0,0.0,0.0,Closed
2026-08-21,6,DENTAL,Dental Consultation,False,False,0.2826917979374324,0,0,0,0,0.0,0.0,0.0,0.0,Closed
2026-08-21,7,DENTAL,Dental Consultation,False,False,0.990845654190371,1,0,1,1,0.0,0.0,0.0,0.0,Closed
2026-08-21,8,DENTAL,Dental Consultation,False,True,2.799783188048929,1,2,0,0,17.0,34.0,12.0,8.333333333333332,Low
2026-08-21,9,DENTAL,Dental Consultation,False,True,3.366674211516739,2,2,0,0,0.0,0.0,12.0,16.666666666666664,Low
2026-08-21,10,DENTAL,Dental Consultation,False,True,2.511967130287277,3,3,0,0,0.0,0.0,12.0,25.0,Low
2026-08-21,11,DENTAL,Dental Consultation,False,True,2.0973990764822554,0,0,0,0,0.0,0.0,12.0,0.0,Low
2026-08-21,12,DENTAL,Dental Consultation,False,True,1.4181209285257934,3,3,0,0,0.0,0.0,12.0,25.0,Low
2026-08-21,13,DENTAL,Dental Consultation,False,True,0.789388132541624,2,2,0,0,0.0,0.0,12.0,16.666666666666664,Low
2026-08-21,14,DENTAL,Dental Consultation,False,True,0.6390456884378234,0,0,0,0,0.0,0.0,12.0,0.0,Low
2026-08-21,15,DENTAL,Dental Consultation,False,True,0.526164083187049,0,0,0,0,0.0,0.0,12.0,0.0,Low
2026-08-21,16,DENTAL,Dental Consultation,False,True,0.2640204367943844,0,0,0,0,0.0,0.0,12.0,0.0,Low
2026-08-21,17,DENTAL,Dental Consultation,False,False,0.0686688443916359,0,0,0,0,0.0,0.0,0.0,0.0,Closed
2026-08-21,18,DENTAL,Dental Consultation,False,False,0.0647377007195991,0,0,0,0,0.0,0.0,0.0,0.0,Closed
2026-08-21,19,DENTAL,Dental Consultation,False,False,0.0647377007195991,0,0,0,0,0.0,0.0,0.0,0.0,Closed
2026-08-21,20,DENTAL,Dental Consultation,False,False,0.0647377007195991,0,0,0,0,0.0,0.0,0.0,0.0,Closed
2026-08-21,21,DENTAL,Dental Consultation,False,False,0.0647377007195991,0,0,0,0,0.0,0.0,0.0,0.0,Closed
2026-08-21,22,DENTAL,Dental Consultation,False,False,0.0647377007195991,0,0,0,0,0.0,0.0,0.0,0.0,Closed
2026-08-21,23,DENTAL,Dental Consultation,False,False,0.0647377007195991,0,0,0,0,0.0,0.0,0.0,0.0,Closed
2026-08-22,0,DENTAL,Dental Consultation,False,False,0.1494389452625242,0,0,0,0,0.0,0.0,0.0,0.0,Closed
2026-08-22,1,DENTAL,Dental Consultation,False,False,0.1109019478487627,0,0,0,0,0.0,0.0,0.0,0.0,Closed
2026-08-22,2,DENTAL,Dental Consultation,False,False,0.0,0,0,0,0,0.0,0.0,0.0,0.0,Closed
2026-08-22,3,DENTAL,Dental Consultation,False,False,0.2327978848211845,0,0,0,0,0.0,0.0,0.0,0.0,Closed
2026-08-22,4,DENTAL,Dental Consultation,False,False,0.0,0,0,0,0,0.0,0.0,0.0,0.0,Closed
2026-08-22,5,DENTAL,Dental Consultation,False,False,0.2310324713605876,0,0,0,0,0.0,0.0,0.0,0.0,Closed
2026-08-22,6,DENTAL,Dental Consultation,False,False,0.339175581096435,0,0,0,0,0.0,0.0,0.0,0.0,Closed
2026-08-22,7,DENTAL,Dental Consultation,False,False,0.6421133724067176,1,0,1,1,0.0,0.0,0.0,0.0,Closed
2026-08-22,8,DENTAL,Dental Consultation,False,True,1.056062800299991,0,1,0,0,44.0,44.0,12.0,0.0,Low
2026-08-22,9,DENTAL,Dental Consultation,False,True,1.5941792808021986,2,2,0,0,0.0,0.0,12.0,16.666666666666664,Low
2026-08-22,10,DENTAL,Dental Consultation,False,True,1.3738301403800652,2,2,0,0,0.0,0.0,12.0,16.666666666666664,Low
2026-08-22,11,DENTAL,Dental Consultation,False,True,1.377829415393356,1,1,0,0,0.0,0.0,12.0,8.333333333333332,Low
2026-08-22,12,DENTAL,Dental Consultation,False,True,0.5877639968306516,0,0,0,0,0.0,0.0,12.0,0.0,Low
2026-08-22,13,DENTAL,Dental Consultation,False,True,0.4350945585751747,0,0,0,0,0.0,0.0,12.0,0.0,Low
2026-08-22,14,DENTAL,Dental Consultation,False,True,0.291002133214847,2,2,0,0,0.0,0.0,12.0,16.666666666666664,Low
2026-08-22,15,DENTAL,Dental Consultation,False,True,0.1631375850413152,1,1,0,0,0.0,0.0,12.0,8.333333333333332,Low
2026-08-22,16,DENTAL,Dental Consultation,False,True,0.1392870501688012,0,0,0,0,0.0,0.0,12.0,0.0,Low
2026-08-22,17,DENTAL,Dental Consultation,False,False,0.0798218892871314,0,0,0,0,0.0,0.0,0.0,0.0,Closed
2026-08-22,18,DENTAL,Dental Consultation,False,False,0.0758907456150946,0,0,0,0,0.0,0.0,0.0,0.0,Closed
2026-08-22,19,DENTAL,Dental Consultation,False,False,0.0758907456150946,0,0,0,0,0.0,0.0,0.0,0.0,Closed
2026-08-22,20,DENTAL,Dental Consultation,False,False,0.0758907456150946,0,0,0,0,0.0,0.0,0.0,0.0,Closed
2026-08-22,21,DENTAL,Dental Consultation,False,False,0.0758907456150946,0,0,0,0,0.0,0.0,0.0,0.0,Closed
2026-08-22,22,DENTAL,Dental Consultation,False,False,0.0758907456150946,0,0,0,0,0.0,0.0,0.0,0.0,Closed
2026-08-22,23,DENTAL,Dental Consultation,False,False,0.0758907456150946,1,0,1,1,0.0,0.0,0.0,0.0,Closed
2026-08-23,0,DENTAL,Dental Consultation,False,False,0.1478862880900513,0,0,1,1,0.0,0.0,0.0,0.0,Closed
2026-08-23,1,DENTAL,Dental Consultation,False,False,0.1093492906762899,0,0,1,1,0.0,0.0,0.0,0.0,Closed
2026-08-23,2,DENTAL,Dental Consultation,False,False,0.0,0,0,1,1,0.0,0.0,0.0,0.0,Closed
2026-08-23,3,DENTAL,Dental Consultation,False,False,0.2312452276487117,0,0,1,1,0.0,0.0,0.0,0.0,Closed
2026-08-23,4,DENTAL,Dental Consultation,False,False,0.0,0,0,1,1,0.0,0.0,0.0,0.0,Closed
2026-08-23,5,DENTAL,Dental Consultation,False,False,0.2294798141881149,0,0,1,1,0.0,0.0,0.0,0.0,Closed
2026-08-23,6,DENTAL,Dental Consultation,False,False,0.3376229239239621,1,0,2,2,0.0,0.0,0.0,0.0,Closed
2026-08-23,7,DENTAL,Dental Consultation,False,False,0.6405607152342446,0,0,2,2,0.0,0.0,0.0,0.0,Closed
2026-08-23,8,DENTAL,Dental Consultation,False,True,1.045396482750115,3,5,0,0,130.4,539.0,12.0,25.0,Low
2026-08-23,9,DENTAL,Dental Consultation,False,True,1.5835129632523226,0,0,0,0,0.0,0.0,12.0,0.0,Low
2026-08-23,10,DENTAL,Dental Consultation,False,True,1.3150710168480615,1,1,0,0,0.0,0.0,12.0,8.333333333333332,Low
2026-08-23,11,DENTAL,Dental Consultation,False,True,1.3657656322481269,2,2,0,0,0.0,0.0,12.0,16.666666666666664,Low
2026-08-23,12,DENTAL,Dental Consultation,False,True,0.5757002136854226,2,2,0,0,0.0,0.0,12.0,16.666666666666664,Low
2026-08-23,13,DENTAL,Dental Consultation,False,True,0.423030775429946,0,0,0,0,0.0,0.0,12.0,0.0,Low
2026-08-23,14,DENTAL,Dental Consultation,False,True,0.278938350069618,1,1,0,0,0.0,0.0,12.0,8.333333333333332,Low
2026-08-23,15,DENTAL,Dental Consultation,False,True,0.151073801896086,0,0,0,0,0.0,0.0,12.0,0.0,Low
2026-08-23,16,DENTAL,Dental Consultation,False,True,0.1377343929963284,0,0,0,0,0.0,0.0,12.0,0.0,Low
2026-08-23,17,DENTAL,Dental Consultation,False,False,0.0784977300039474,1,0,1,1,0.0,0.0,0.0,0.0,Closed
2026-08-23,18,DENTAL,Dental Consultation,False,False,0.0745665863319106,0,0,1,1,0.0,0.0,0.0,0.0,Closed
2026-08-23,19,DENTAL,Dental Consultation,False,False,0.0745665863319106,0,0,1,1,0.0,0.0,0.0,0.0,Closed
2026-08-23,20,DENTAL,Dental Consultation,False,False,0.0745665863319106,0,0,1,1,0.0,0.0,0.0,0.0,Closed
2026-08-23,21,DENTAL,Dental Consultation,False,False,0.0745665863319106,0,0,1,1,0.0,0.0,0.0,0.0,Closed
2026-08-23,22,DENTAL,Dental Consultation,False,False,0.0745665863319106,0,0,1,1,0.0,0.0,0.0,0.0,Closed
2026-08-23,23,DENTAL,Dental Consultation,False,False,0.0745665863319106,0,0,1,1,0.0,0.0,0.0,0.0,Closed
2026-08-24,0,DENTAL,Dental Consultation,False,False,0.1742034371326085,0,0,1,1,0.0,0.0,0.0,0.0,Closed
2026-08-24,1,DENTAL,Dental Consultation,False,False,0.1327254812746254,1,0,2,2,0.0,0.0,0.0,0.0,Closed
2026-08-24,2,DENTAL,Dental Consultation,False,False,0.1006216275467834,0,0,2,2,0.0,0.0,0.0,0.0,Closed
2026-08-24,3,DENTAL,Dental Consultation,False,False,0.1006216275467834,0,0,2,2,0.0,0.0,0.0,0.0,Closed
2026-08-24,4,DENTAL,Dental Consultation,False,False,0.0601920743915994,0,0,2,2,0.0,0.0,0.0,0.0,Closed
2026-08-24,5,DENTAL,Dental Consultation,False,False,0.0,0,0,2,2,0.0,0.0,0.0,0.0,Closed
2026-08-24,6,DENTAL,Dental Consultation,False,False,0.5269096617010866,0,0,2,2,0.0,0.0,0.0,0.0,Closed
2026-08-24,7,DENTAL,Dental Consultation,False,False,1.1360388033490485,0,0,2,2,0.0,0.0,0.0,0.0,Closed
2026-08-24,8,DENTAL,Dental Consultation,False,True,3.4089639642742533,6,8,0,0,161.5,882.0,12.0,50.0,Low
2026-08-24,9,DENTAL,Dental Consultation,False,True,4.182920767257382,4,4,0,0,0.0,0.0,12.0,33.33333333333333,Low
2026-08-24,10,DENTAL,Dental Consultation,False,True,3.2392810985438345,1,1,0,0,0.0,0.0,12.0,8.333333333333332,Low
2026-08-24,11,DENTAL,Dental Consultation,False,True,2.433838742543488,1,1,0,0,0.0,0.0,12.0,8.333333333333332,Low
2026-08-24,12,DENTAL,Dental Consultation,False,True,1.6345573383480656,1,1,0,0,0.0,0.0,12.0,8.333333333333332,Low
2026-08-24,13,DENTAL,Dental Consultation,False,True,0.8246964823940732,1,1,0,0,0.0,0.0,12.0,8.333333333333332,Low
2026-08-24,14,DENTAL,Dental Consultation,False,True,0.8510134516302991,0,0,0,0,0.0,0.0,12.0,0.0,Low
2026-08-24,15,DENTAL,Dental Consultation,False,True,0.6059087071075909,0,0,0,0,0.0,0.0,12.0,0.0,Low
2026-08-24,16,DENTAL,Dental Consultation,False,True,0.2891023258857434,0,0,0,0,0.0,0.0,12.0,0.0,Low
2026-08-24,17,DENTAL,Dental Consultation,False,False,0.1505451450695263,0,0,0,0,0.0,0.0,0.0,0.0,Closed
2026-08-24,18,DENTAL,Dental Consultation,False,False,0.0882876293871349,0,0,0,0,0.0,0.0,0.0,0.0,Closed
2026-08-24,19,DENTAL,Dental Consultation,False,False,0.0882876293871349,0,0,0,0,0.0,0.0,0.0,0.0,Closed
2026-08-24,20,DENTAL,Dental Consultation,False,False,0.0882876293871349,0,0,0,0,0.0,0.0,0.0,0.0,Closed
2026-08-24,21,DENTAL,Dental Consultation,False,False,0.0882876293871349,0,0,0,0,0.0,0.0,0.0,0.0,Closed
2026-08-24,22,DENTAL,Dental Consultation,False,False,0.0882876293871349,0,0,0,0,0.0,0.0,0.0,0.0,Closed
2026-08-24,23,DENTAL,Dental Consultation,False,False,0.0882876293871349,0,0,0,0,0.0,0.0,0.0,0.0,Closed
2026-08-25,0,DENTAL,Dental Consultation,False,False,0.1816841151069705,0,0,0,0,0.0,0.0,0.0,0.0,Closed
2026-08-25,1,DENTAL,Dental Consultation,False,False,0.1402061592489874,1,0,1,1,0.0,0.0,0.0,0.0,Closed
2026-08-25,2,DENTAL,Dental Consultation,False,False,0.1081023055211453,0,0,1,1,0.0,0.0,0.0,0.0,Closed
2026-08-25,3,DENTAL,Dental Consultation,False,False,0.1081023055211453,0,0,1,1,0.0,0.0,0.0,0.0,Closed
2026-08-25,4,DENTAL,Dental Consultation,False,False,0.0676727523659615,0,0,1,1,0.0,0.0,0.0,0.0,Closed
2026-08-25,5,DENTAL,Dental Consultation,False,False,0.0,0,0,1,1,0.0,0.0,0.0,0.0,Closed
2026-08-25,6,DENTAL,Dental Consultation,False,False,0.5457912997047383,0,0,1,1,0.0,0.0,0.0,0.0,Closed
2026-08-25,7,DENTAL,Dental Consultation,False,False,1.1667114498355968,1,0,2,2,0.0,0.0,0.0,0.0,Closed
2026-08-25,8,DENTAL,Dental Consultation,False,True,3.451724104748932,2,4,0,0,111.75,403.0,12.0,16.666666666666664,Low
2026-08-25,9,DENTAL,Dental Consultation,False,True,4.331056210317825,2,2,0,0,0.0,0.0,12.0,16.666666666666664,Low
2026-08-25,10,DENTAL,Dental Consultation,False,True,3.3770466649031894,7,7,0,0,0.0,0.0,12.0,58.333333333333336,Low
2026-08-25,11,DENTAL,Dental Consultation,False,True,2.465775253579808,2,2,0,0,0.0,0.0,12.0,16.666666666666664,Low
2026-08-25,12,DENTAL,Dental Consultation,False,True,1.6730982095312923,2,2,0,0,0.0,0.0,12.0,16.666666666666664,Low
2026-08-25,13,DENTAL,Dental Consultation,False,True,0.985479468216306,0,0,0,0,0.0,0.0,12.0,0.0,Low
2026-08-25,14,DENTAL,Dental Consultation,False,True,0.8515605430604682,0,0,0,0,0.0,0.0,12.0,0.0,Low
2026-08-25,15,DENTAL,Dental Consultation,False,True,0.7217951897747662,0,0,0,0,0.0,0.0,12.0,0.0,Low
2026-08-25,16,DENTAL,Dental Consultation,False,True,0.2840523522694892,0,0,0,0,0.0,0.0,12.0,0.0,Low
2026-08-25,17,DENTAL,Dental Consultation,False,False,0.1505451450695263,0,0,0,0,0.0,0.0,0.0,0.0,Closed
2026-08-25,18,DENTAL,Dental Consultation,False,False,0.0882876293871349,1,0,1,1,0.0,0.0,0.0,0.0,Closed
2026-08-25,19,DENTAL,Dental Consultation,False,False,0.0882876293871349,0,0,1,1,0.0,0.0,0.0,0.0,Closed
2026-08-25,20,DENTAL,Dental Consultation,False,False,0.0882876293871349,0,0,1,1,0.0,0.0,0.0,0.0,Closed
2026-08-25,21,DENTAL,Dental Consultation,False,False,0.0882876293871349,0,0,1,1,0.0,0.0,0.0,0.0,Closed
2026-08-25,22,DENTAL,Dental Consultation,False,False,0.0882876293871349,0,0,1,1,0.0,0.0,0.0,0.0,Closed
2026-08-25,23,DENTAL,Dental Consultation,False,False,0.0882876293871349,0,0,1,1,0.0,0.0,0.0,0.0,Closed
2026-08-26,0,DENTAL,Dental Consultation,False,False,0.2991159318314189,0,0,1,1,0.0,0.0,0.0,0.0,Closed
2026-08-19,1,DIABETIC CLINIC,Diabetic Clinic Consultation,False,False,0.0004894227732387,0,0,0,0,0.0,0.0,0.0,0.0,Closed
2026-08-19,2,DIABETIC CLINIC,Diabetic Clinic Consultation,False,False,0.1273816414501629,0,0,0,0,0.0,0.0,0.0,0.0,Closed
2026-08-19,3,DIABETIC CLINIC,Diabetic Clinic Consultation,False,False,0.1273816414501629,0,0,0,0,0.0,0.0,0.0,0.0,Closed
2026-08-19,4,DIABETIC CLINIC,Diabetic Clinic Consultation,False,False,0.1296310437117612,0,0,0,0,0.0,0.0,0.0,0.0,Closed
2026-08-19,5,DIABETIC CLINIC,Diabetic Clinic Consultation,False,False,0.1196430216611959,0,0,0,0,0.0,0.0,0.0,0.0,Closed
2026-08-19,6,DIABETIC CLINIC,Diabetic Clinic Consultation,False,False,0.2272921955782146,1,0,1,1,0.0,0.0,0.0,0.0,Closed
2026-08-19,7,DIABETIC CLINIC,Diabetic Clinic Consultation,False,False,0.235110827073339,0,0,1,1,0.0,0.0,0.0,0.0,Closed
2026-08-19,8,DIABETIC CLINIC,Diabetic Clinic Consultation,False,True,0.2784500630110639,0,1,0,0,77.0,77.0,18.0,0.0,Low
2026-08-19,9,DIABETIC CLINIC,Diabetic Clinic Consultation,False,True,0.2763674561701598,0,0,0,0,0.0,0.0,18.0,0.0,Low
2026-08-19,10,DIABETIC CLINIC,Diabetic Clinic Consultation,False,True,0.1515343212605105,1,1,0,0,0.0,0.0,18.0,5.555555555555555,Low
2026-08-19,11,DIABETIC CLINIC,Diabetic Clinic Consultation,False,True,0.1516219305082493,0,0,0,0,0.0,0.0,18.0,0.0,Low
2026-08-19,12,DIABETIC CLINIC,Diabetic Clinic Consultation,False,True,0.1063810013360887,0,0,0,0,0.0,0.0,18.0,0.0,Low
2026-08-19,13,DIABETIC CLINIC,Diabetic Clinic Consultation,False,True,0.1053706905082918,0,0,0,0,0.0,0.0,18.0,0.0,Low
2026-08-19,14,DIABETIC CLINIC,Diabetic Clinic Consultation,False,True,0.1053706905082918,0,0,0,0,0.0,0.0,18.0,0.0,Low
2026-08-19,15,DIABETIC CLINIC,Diabetic Clinic Consultation,False,True,0.1053706905082918,0,0,0,0,0.0,0.0,18.0,0.0,Low
2026-08-19,16,DIABETIC CLINIC,Diabetic Clinic Consultation,False,True,0.0994427098482359,0,0,0,0,0.0,0.0,18.0,0.0,Low
2026-08-19,17,DIABETIC CLINIC,Diabetic Clinic Consultation,False,False,0.0903675338725435,0,0,0,0,0.0,0.0,0.0,0.0,Closed
2026-08-19,18,DIABETIC CLINIC,Diabetic Clinic Consultation,False,False,0.0903675338725435,0,0,0,0,0.0,0.0,0.0,0.0,Closed
2026-08-19,19,DIABETIC CLINIC,Diabetic Clinic Consultation,False,False,0.0903675338725435,0,0,0,0,0.0,0.0,0.0,0.0,Closed
2026-08-19,20,DIABETIC CLINIC,Diabetic Clinic Consultation,False,False,0.0903675338725435,1,0,1,1,0.0,0.0,0.0,0.0,Closed
2026-08-19,21,DIABETIC CLINIC,Diabetic Clinic Consultation,False,False,0.0903675338725435,0,0,1,1,0.0,0.0,0.0,0.0,Closed
2026-08-19,22,DIABETIC CLINIC,Diabetic Clinic Consultation,False,False,0.0903675338725435,0,0,1,1,0.0,0.0,0.0,0.0,Closed
2026-08-19,23,DIABETIC CLINIC,Diabetic Clinic Consultation,False,False,0.0903675338725435,0,0,1,1,0.0,0.0,0.0,0.0,Closed
2026-08-20,0,DIABETIC CLINIC,Diabetic Clinic Consultation,False,False,0.0889190670042787,0,0,1,1,0.0,0.0,0.0,0.0,Closed
2026-08-20,1,DIABETIC CLINIC,Diabetic Clinic Consultation,False,False,0.0889190670042787,0,0,1,1,0.0,0.0,0.0,0.0,Closed
2026-08-20,2,DIABETIC CLINIC,Diabetic Clinic Consultation,False,False,0.0882736291016117,0,0,1,1,0.0,0.0,0.0,0.0,Closed
2026-08-20,3,DIABETIC CLINIC,Diabetic Clinic Consultation,False,False,0.0882736291016117,1,0,2,2,0.0,0.0,0.0,0.0,Closed
2026-08-20,4,DIABETIC CLINIC,Diabetic Clinic Consultation,False,False,0.0905230313632101,0,0,2,2,0.0,0.0,0.0,0.0,Closed
2026-08-20,5,DIABETIC CLINIC,Diabetic Clinic Consultation,False,False,0.0675325204785259,0,0,2,2,0.0,0.0,0.0,0.0,Closed
2026-08-20,6,DIABETIC CLINIC,Diabetic Clinic Consultation,False,False,0.1751816943955441,0,0,2,2,0.0,0.0,0.0,0.0,Closed
2026-08-20,7,DIABETIC CLINIC,Diabetic Clinic Consultation,False,False,0.1830003258906684,0,0,2,2,0.0,0.0,0.0,0.0,Closed
2026-08-20,8,DIABETIC CLINIC,Diabetic Clinic Consultation,False,True,0.2328656430917104,0,2,0,0,467.0,680.0,18.0,0.0,Low
2026-08-20,9,DIABETIC CLINIC,Diabetic Clinic Consultation,False,True,0.2461437778241272,0,0,0,0,0.0,0.0,18.0,0.0,Low
2026-08-20,10,DIABETIC CLINIC,Diabetic Clinic Consultation,False,True,0.1363732058203672,0,0,0,0,0.0,0.0,18.0,0.0,Low
2026-08-20,11,DIABETIC CLINIC,Diabetic Clinic Consultation,False,True,0.1364608150681059,0,0,0,0,0.0,0.0,18.0,0.0,Low
2026-08-20,12,DIABETIC CLINIC,Diabetic Clinic Consultation,False,True,0.0912198858959453,0,0,0,0,0.0,0.0,18.0,0.0,Low
2026-08-20,13,DIABETIC CLINIC,Diabetic Clinic Consultation,False,True,0.0902095750681484,0,0,0,0,0.0,0.0,18.0,0.0,Low
2026-08-20,14,DIABETIC CLINIC,Diabetic Clinic Consultation,False,True,0.0902095750681484,0,0,0,0,0.0,0.0,18.0,0.0,Low
2026-08-20,15,DIABETIC CLINIC,Diabetic Clinic Consultation,False,True,0.0902095750681484,0,0,0,0,0.0,0.0,18.0,0.0,Low
2026-08-20,16,DIABETIC CLINIC,Diabetic Clinic Consultation,False,True,0.0842815944080925,0,0,0,0,0.0,0.0,18.0,0.0,Low
2026-08-20,17,DIABETIC CLINIC,Diabetic Clinic Consultation,False,False,0.0752064184324,0,0,0,0,0.0,0.0,0.0,0.0,Closed
2026-08-20,18,DIABETIC CLINIC,Diabetic Clinic Consultation,False,False,0.0752064184324,0,0,0,0,0.0,0.0,0.0,0.0,Closed
2026-08-20,19,DIABETIC CLINIC,Diabetic Clinic Consultation,False,False,0.0752064184324,0,0,0,0,0.0,0.0,0.0,0.0,Closed
2026-08-20,20,DIABETIC CLINIC,Diabetic Clinic Consultation,False,False,0.0752064184324,0,0,0,0,0.0,0.0,0.0,0.0,Closed
2026-08-20,21,DIABETIC CLINIC,Diabetic Clinic Consultation,False,False,0.0752064184324,0,0,0,0,0.0,0.0,0.0,0.0,Closed
2026-08-20,22,DIABETIC CLINIC,Diabetic Clinic Consultation,False,False,0.0752064184324,0,0,0,0,0.0,0.0,0.0,0.0,Closed
2026-08-20,23,DIABETIC CLINIC,Diabetic Clinic Consultation,False,False,0.0752064184324,0,0,0,0,0.0,0.0,0.0,0.0,Closed
2026-08-21,0,DIABETIC CLINIC,Diabetic Clinic Consultation,False,False,0.0897213519073116,0,0,0,0,0.0,0.0,0.0,0.0,Closed
2026-08-21,1,DIABETIC CLINIC,Diabetic Clinic Consultation,False,False,0.0897213519073116,0,0,0,0,0.0,0.0,0.0,0.0,Closed
2026-08-21,2,DIABETIC CLINIC,Diabetic Clinic Consultation,False,False,0.0766223563579615,0,0,0,0,0.0,0.0,0.0,0.0,Closed
2026-08-21,3,DIABETIC CLINIC,Diabetic Clinic Consultation,False,False,0.0766223563579615,0,0,0,0,0.0,0.0,0.0,0.0,Closed
2026-08-21,4,DIABETIC CLINIC,Diabetic Clinic Consultation,False,False,0.0788717586195599,0,0,0,0,0.0,0.0,0.0,0.0,Closed
2026-08-21,5,DIABETIC CLINIC,Diabetic Clinic Consultation,False,False,0.0546062353832519,0,0,0,0,0.0,0.0,0.0,0.0,Closed
2026-08-21,6,DIABETIC CLINIC,Diabetic Clinic Consultation,False,False,0.1622554093002699,0,0,0,0,0.0,0.0,0.0,0.0,Closed
2026-08-21,7,DIABETIC CLINIC,Diabetic Clinic Consultation,False,False,0.1700740407953943,0,0,0,0,0.0,0.0,0.0,0.0,Closed
2026-08-21,8,DIABETIC CLINIC,Diabetic Clinic Consultation,False,True,0.2212143703480601,0,0,0,0,0.0,0.0,18.0,0.0,Low
2026-08-21,9,DIABETIC CLINIC,Diabetic Clinic Consultation,False,True,0.2344925050804768,0,0,0,0,0.0,0.0,18.0,0.0,Low
2026-08-21,10,DIABETIC CLINIC,Diabetic Clinic Consultation,False,True,0.1247219330767169,0,0,0,0,0.0,0.0,18.0,0.0,Low
2026-08-21,11,DIABETIC CLINIC,Diabetic Clinic Consultation,False,True,0.1248095423244557,0,0,0,0,0.0,0.0,18.0,0.0,Low
2026-08-21,12,DIABETIC CLINIC,Diabetic Clinic Consultation,False,True,0.0920221707989783,0,0,0,0,0.0,0.0,18.0,0.0,Low
2026-08-21,13,DIABETIC CLINIC,Diabetic Clinic Consultation,False,True,0.0910118599711813,0,0,0,0,0.0,0.0,18.0,0.0,Low
2026-08-21,14,DIABETIC CLINIC,Diabetic Clinic Consultation,False,True,0.0910118599711813,0,0,0,0,0.0,0.0,18.0,0.0,Low
2026-08-21,15,DIABETIC CLINIC,Diabetic Clinic Consultation,False,True,0.0910118599711813,0,0,0,0,0.0,0.0,18.0,0.0,Low
2026-08-21,16,DIABETIC CLINIC,Diabetic Clinic Consultation,False,True,0.0850838793111254,0,0,0,0,0.0,0.0,18.0,0.0,Low
2026-08-21,17,DIABETIC CLINIC,Diabetic Clinic Consultation,False,False,0.0760087033354329,0,0,0,0,0.0,0.0,0.0,0.0,Closed
2026-08-21,18,DIABETIC CLINIC,Diabetic Clinic Consultation,False,False,0.0760087033354329,0,0,0,0,0.0,0.0,0.0,0.0,Closed
2026-08-21,19,DIABETIC CLINIC,Diabetic Clinic Consultation,False,False,0.0760087033354329,0,0,0,0,0.0,0.0,0.0,0.0,Closed
2026-08-21,20,DIABETIC CLINIC,Diabetic Clinic Consultation,False,False,0.0760087033354329,0,0,0,0,0.0,0.0,0.0,0.0,Closed
2026-08-21,21,DIABETIC CLINIC,Diabetic Clinic Consultation,False,False,0.0760087033354329,0,0,0,0,0.0,0.0,0.0,0.0,Closed
2026-08-21,22,DIABETIC CLINIC,Diabetic Clinic Consultation,False,False,0.0760087033354329,0,0,0,0,0.0,0.0,0.0,0.0,Closed
2026-08-21,23,DIABETIC CLINIC,Diabetic Clinic Consultation,False,False,0.0760087033354329,0,0,0,0,0.0,0.0,0.0,0.0,Closed
2026-08-22,0,DIABETIC CLINIC,Diabetic Clinic Consultation,False,False,0.0657290569811854,0,0,0,0,0.0,0.0,0.0,0.0,Closed
2026-08-22,1,DIABETIC CLINIC,Diabetic Clinic Consultation,False,False,0.0657290569811854,0,0,0,0,0.0,0.0,0.0,0.0,Closed
2026-08-22,2,DIABETIC CLINIC,Diabetic Clinic Consultation,False,False,0.0772968016460871,0,0,0,0,0.0,0.0,0.0,0.0,Closed
2026-08-22,3,DIABETIC CLINIC,Diabetic Clinic Consultation,False,False,0.0772968016460871,0,0,0,0,0.0,0.0,0.0,0.0,Closed
2026-08-22,4,DIABETIC CLINIC,Diabetic Clinic Consultation,False,False,0.0795462039076854,0,0,0,0,0.0,0.0,0.0,0.0,Closed
2026-08-22,5,DIABETIC CLINIC,Diabetic Clinic Consultation,False,False,0.0552806806713775,0,0,0,0,0.0,0.0,0.0,0.0,Closed
2026-08-22,6,DIABETIC CLINIC,Diabetic Clinic Consultation,False,False,0.1695111280835336,0,0,0,0,0.0,0.0,0.0,0.0,Closed
2026-08-22,7,DIABETIC CLINIC,Diabetic Clinic Consultation,False,False,0.1773297595786579,0,0,0,0,0.0,0.0,0.0,0.0,Closed
2026-08-22,8,DIABETIC CLINIC,Diabetic Clinic Consultation,False,True,0.2167686114831851,0,0,0,0,0.0,0.0,18.0,0.0,Low
2026-08-22,9,DIABETIC CLINIC,Diabetic Clinic Consultation,False,True,0.2300467462156018,0,0,0,0,0.0,0.0,18.0,0.0,Low
2026-08-22,10,DIABETIC CLINIC,Diabetic Clinic Consultation,False,True,0.1221997127381609,0,0,0,0,0.0,0.0,18.0,0.0,Low
2026-08-22,11,DIABETIC CLINIC,Diabetic Clinic Consultation,False,True,0.1222873219858996,0,0,0,0,0.0,0.0,18.0,0.0,Low
2026-08-22,12,DIABETIC CLINIC,Diabetic Clinic Consultation,False,True,0.072180882352289,0,0,0,0,0.0,0.0,18.0,0.0,Low
2026-08-22,13,DIABETIC CLINIC,Diabetic Clinic Consultation,False,True,0.071170571524492,0,0,0,0,0.0,0.0,18.0,0.0,Low
2026-08-22,14,DIABETIC CLINIC,Diabetic Clinic Consultation,False,True,0.071170571524492,0,0,0,0,0.0,0.0,18.0,0.0,Low
2026-08-22,15,DIABETIC CLINIC,Diabetic Clinic Consultation,False,True,0.071170571524492,0,0,0,0,0.0,0.0,18.0,0.0,Low
2026-08-22,16,DIABETIC CLINIC,Diabetic Clinic Consultation,False,True,0.0652425908644362,0,0,0,0,0.0,0.0,18.0,0.0,Low
2026-08-22,17,DIABETIC CLINIC,Diabetic Clinic Consultation,False,False,0.0616610480005601,0,0,0,0,0.0,0.0,0.0,0.0,Closed
2026-08-22,18,DIABETIC CLINIC,Diabetic Clinic Consultation,False,False,0.0616610480005601,0,0,0,0,0.0,0.0,0.0,0.0,Closed
2026-08-22,19,DIABETIC CLINIC,Diabetic Clinic Consultation,False,False,0.0616610480005601,0,0,0,0,0.0,0.0,0.0,0.0,Closed
2026-08-22,20,DIABETIC CLINIC,Diabetic Clinic Consultation,False,False,0.0616610480005601,0,0,0,0,0.0,0.0,0.0,0.0,Closed
2026-08-22,21,DIABETIC CLINIC,Diabetic Clinic Consultation,False,False,0.0616610480005601,0,0,0,0,0.0,0.0,0.0,0.0,Closed
2026-08-22,22,DIABETIC CLINIC,Diabetic Clinic Consultation,False,False,0.0616610480005601,1,0,1,1,0.0,0.0,0.0,0.0,Closed
2026-08-22,23,DIABETIC CLINIC,Diabetic Clinic Consultation,False,False,0.0616610480005601,0,0,1,1,0.0,0.0,0.0,0.0,Closed
2026-08-23,0,DIABETIC CLINIC,Diabetic Clinic Consultation,False,False,0.0641763998087126,1,0,2,2,0.0,0.0,0.0,0.0,Closed
2026-08-23,1,DIABETIC CLINIC,Diabetic Clinic Consultation,False,False,0.0641763998087126,0,0,2,2,0.0,0.0,0.0,0.0,Closed
2026-08-23,2,DIABETIC CLINIC,Diabetic Clinic Consultation,False,False,0.0757441444736142,0,0,2,2,0.0,0.0,0.0,0.0,Closed
2026-08-23,3,DIABETIC CLINIC,Diabetic Clinic Consultation,False,False,0.0757441444736142,0,0,2,2,0.0,0.0,0.0,0.0,Closed
2026-08-23,4,DIABETIC CLINIC,Diabetic Clinic Consultation,False,False,0.0779935467352126,0,0,2,2,0.0,0.0,0.0,0.0,Closed
2026-08-23,5,DIABETIC CLINIC,Diabetic Clinic Consultation,False,False,0.0537280234989047,0,0,2,2,0.0,0.0,0.0,0.0,Closed
2026-08-23,6,DIABETIC CLINIC,Diabetic Clinic Consultation,False,False,0.1679584709110609,0,0,2,2,0.0,0.0,0.0,0.0,Closed
2026-08-23,7,DIABETIC CLINIC,Diabetic Clinic Consultation,False,False,0.1757771024061852,0,0,2,2,0.0,0.0,0.0,0.0,Closed
2026-08-23,8,DIABETIC CLINIC,Diabetic Clinic Consultation,False,True,0.2152159543107124,0,2,0,0,505.0,571.0,18.0,0.0,Low
2026-08-23,9,DIABETIC CLINIC,Diabetic Clinic Consultation,False,True,0.2284940890431291,0,0,0,0,0.0,0.0,18.0,0.0,Low
2026-08-23,10,DIABETIC CLINIC,Diabetic Clinic Consultation,False,True,0.1206470555656881,0,0,0,0,0.0,0.0,18.0,0.0,Low
2026-08-23,11,DIABETIC CLINIC,Diabetic Clinic Consultation,False,True,0.1207346648134268,0,0,0,0,0.0,0.0,18.0,0.0,Low
2026-08-23,12,DIABETIC CLINIC,Diabetic Clinic Consultation,False,True,0.0706282251798161,0,0,0,0,0.0,0.0,18.0,0.0,Low
2026-08-23,13,DIABETIC CLINIC,Diabetic Clinic Consultation,False,True,0.0696179143520192,0,0,0,0,0.0,0.0,18.0,0.0,Low
2026-08-23,14,DIABETIC CLINIC,Diabetic Clinic Consultation,False,True,0.0696179143520192,0,0,0,0,0.0,0.0,18.0,0.0,Low
2026-08-23,15,DIABETIC CLINIC,Diabetic Clinic Consultation,False,True,0.0696179143520192,0,0,0,0,0.0,0.0,18.0,0.0,Low
2026-08-23,16,DIABETIC CLINIC,Diabetic Clinic Consultation,False,True,0.0636899336919634,0,0,0,0,0.0,0.0,18.0,0.0,Low
2026-08-23,17,DIABETIC CLINIC,Diabetic Clinic Consultation,False,False,0.0603368887173761,0,0,0,0,0.0,0.0,0.0,0.0,Closed
2026-08-23,18,DIABETIC CLINIC,Diabetic Clinic Consultation,False,False,0.0603368887173761,0,0,0,0,0.0,0.0,0.0,0.0,Closed
2026-08-23,19,DIABETIC CLINIC,Diabetic Clinic Consultation,False,False,0.0603368887173761,0,0,0,0,0.0,0.0,0.0,0.0,Closed
2026-08-23,20,DIABETIC CLINIC,Diabetic Clinic Consultation,False,False,0.0603368887173761,0,0,0,0,0.0,0.0,0.0,0.0,Closed
2026-08-23,21,DIABETIC CLINIC,Diabetic Clinic Consultation,False,False,0.0603368887173761,0,0,0,0,0.0,0.0,0.0,0.0,Closed
2026-08-23,22,DIABETIC CLINIC,Diabetic Clinic Consultation,False,False,0.0603368887173761,0,0,0,0,0.0,0.0,0.0,0.0,Closed
2026-08-23,23,DIABETIC CLINIC,Diabetic Clinic Consultation,False,False,0.0603368887173761,0,0,0,0,0.0,0.0,0.0,0.0,Closed
2026-08-24,0,DIABETIC CLINIC,Diabetic Clinic Consultation,False,False,0.0628200295050043,0,0,0,0,0.0,0.0,0.0,0.0,Closed
2026-08-24,1,DIABETIC CLINIC,Diabetic Clinic Consultation,False,False,0.0628200295050043,0,0,0,0,0.0,0.0,0.0,0.0,Closed
2026-08-24,2,DIABETIC CLINIC,Diabetic Clinic Consultation,False,False,0.055698184031535,0,0,0,0,0.0,0.0,0.0,0.0,Closed
2026-08-24,3,DIABETIC CLINIC,Diabetic Clinic Consultation,False,False,0.055698184031535,0,0,0,0,0.0,0.0,0.0,0.0,Closed
2026-08-24,4,DIABETIC CLINIC,Diabetic Clinic Consultation,False,False,0.0579475862931334,0,0,0,0,0.0,0.0,0.0,0.0,Closed
2026-08-24,5,DIABETIC CLINIC,Diabetic Clinic Consultation,False,False,0.0479595642425681,0,0,0,0,0.0,0.0,0.0,0.0,Closed
2026-08-24,6,DIABETIC CLINIC,Diabetic Clinic Consultation,False,False,0.1556087381595861,0,0,0,0,0.0,0.0,0.0,0.0,Closed
2026-08-24,7,DIABETIC CLINIC,Diabetic Clinic Consultation,False,False,0.1634273696547105,0,0,0,0,0.0,0.0,0.0,0.0,Closed
2026-08-24,8,DIABETIC CLINIC,Diabetic Clinic Consultation,False,True,0.2251182384327519,1,1,0,0,0.0,0.0,18.0,5.555555555555555,Low
2026-08-24,9,DIABETIC CLINIC,Diabetic Clinic Consultation,False,True,0.2333147124294102,0,0,0,0,0.0,0.0,18.0,0.0,Low
2026-08-24,10,DIABETIC CLINIC,Diabetic Clinic Consultation,False,True,0.1349979473359889,0,0,0,0,0.0,0.0,18.0,0.0,Low
2026-08-24,11,DIABETIC CLINIC,Diabetic Clinic Consultation,False,True,0.1350855565837277,0,0,0,0,0.0,0.0,18.0,0.0,Low
2026-08-24,12,DIABETIC CLINIC,Diabetic Clinic Consultation,False,True,0.089844627411567,1,1,0,0,0.0,0.0,18.0,5.555555555555555,Low
2026-08-24,13,DIABETIC CLINIC,Diabetic Clinic Consultation,False,True,0.0888343165837701,0,0,0,0,0.0,0.0,18.0,0.0,Low
2026-08-24,14,DIABETIC CLINIC,Diabetic Clinic Consultation,False,True,0.0888343165837701,0,0,0,0,0.0,0.0,18.0,0.0,Low
2026-08-24,15,DIABETIC CLINIC,Diabetic Clinic Consultation,False,True,0.0888343165837701,0,0,0,0,0.0,0.0,18.0,0.0,Low
2026-08-24,16,DIABETIC CLINIC,Diabetic Clinic Consultation,False,True,0.0829063359237143,0,0,0,0,0.0,0.0,18.0,0.0,Low
2026-08-24,17,DIABETIC CLINIC,Diabetic Clinic Consultation,False,False,0.0738311599480218,0,0,0,0,0.0,0.0,0.0,0.0,Closed
2026-08-24,18,DIABETIC CLINIC,Diabetic Clinic Consultation,False,False,0.0738311599480218,0,0,0,0,0.0,0.0,0.0,0.0,Closed
2026-08-24,19,DIABETIC CLINIC,Diabetic Clinic Consultation,False,False,0.0738311599480218,0,0,0,0,0.0,0.0,0.0,0.0,Closed
2026-08-24,20,DIABETIC CLINIC,Diabetic Clinic Consultation,False,False,0.0738311599480218,0,0,0,0,0.0,0.0,0.0,0.0,Closed
2026-08-24,21,DIABETIC CLINIC,Diabetic Clinic Consultation,False,False,0.0738311599480218,0,0,0,0,0.0,0.0,0.0,0.0,Closed
2026-08-24,22,DIABETIC CLINIC,Diabetic Clinic Consultation,False,False,0.0738311599480218,0,0,0,0,0.0,0.0,0.0,0.0,Closed
2026-08-24,23,DIABETIC CLINIC,Diabetic Clinic Consultation,False,False,0.0738311599480218,0,0,0,0,0.0,0.0,0.0,0.0,Closed
2026-08-25,0,DIABETIC CLINIC,Diabetic Clinic Consultation,False,False,0.0706936569437508,0,0,0,0,0.0,0.0,0.0,0.0,Closed
2026-08-25,1,DIABETIC CLINIC,Diabetic Clinic Consultation,False,False,0.0706936569437508,0,0,0,0,0.0,0.0,0.0,0.0,Closed
2026-08-25,2,DIABETIC CLINIC,Diabetic Clinic Consultation,False,False,0.0635718114702815,0,0,0,0,0.0,0.0,0.0,0.0,Closed
2026-08-25,3,DIABETIC CLINIC,Diabetic Clinic Consultation,False,False,0.0635718114702815,0,0,0,0,0.0,0.0,0.0,0.0,Closed
2026-08-25,4,DIABETIC CLINIC,Diabetic Clinic Consultation,False,False,0.0658212137318799,0,0,0,0,0.0,0.0,0.0,0.0,Closed
2026-08-25,5,DIABETIC CLINIC,Diabetic Clinic Consultation,False,False,0.0558331916813145,0,0,0,0,0.0,0.0,0.0,0.0,Closed
2026-08-25,6,DIABETIC CLINIC,Diabetic Clinic Consultation,False,False,0.1634823655983326,1,0,1,1,0.0,0.0,0.0,0.0,Closed
2026-08-25,7,DIABETIC CLINIC,Diabetic Clinic Consultation,False,False,0.1713009970934568,0,0,1,1,0.0,0.0,0.0,0.0,Closed
2026-08-25,8,DIABETIC CLINIC,Diabetic Clinic Consultation,False,True,0.2329918658714986,0,1,0,0,106.0,106.0,18.0,0.0,Low
2026-08-25,9,DIABETIC CLINIC,Diabetic Clinic Consultation,False,True,0.2309092590305942,1,1,0,0,0.0,0.0,18.0,5.555555555555555,Low
2026-08-25,10,DIABETIC CLINIC,Diabetic Clinic Consultation,False,True,0.1325924939371732,0,0,0,0,0.0,0.0,18.0,0.0,Low
2026-08-25,11,DIABETIC CLINIC,Diabetic Clinic Consultation,False,True,0.1326801031849119,1,1,0,0,0.0,0.0,18.0,5.555555555555555,Low
2026-08-25,12,DIABETIC CLINIC,Diabetic Clinic Consultation,False,True,0.0874391740127513,0,0,0,0,0.0,0.0,18.0,0.0,Low
2026-08-25,13,DIABETIC CLINIC,Diabetic Clinic Consultation,False,True,0.0864288631849544,1,1,0,0,0.0,0.0,18.0,5.555555555555555,Low
2026-08-25,14,DIABETIC CLINIC,Diabetic Clinic Consultation,False,True,0.0864288631849544,0,0,0,0,0.0,0.0,18.0,0.0,Low
2026-08-25,15,DIABETIC CLINIC,Diabetic Clinic Consultation,False,True,0.0864288631849544,0,0,0,0,0.0,0.0,18.0,0.0,Low
2026-08-25,16,DIABETIC CLINIC,Diabetic Clinic Consultation,False,True,0.0805008825248985,1,1,0,0,0.0,0.0,18.0,5.555555555555555,Low
2026-08-25,17,DIABETIC CLINIC,Diabetic Clinic Consultation,False,False,0.071425706549206,0,0,0,0,0.0,0.0,0.0,0.0,Closed
2026-08-25,18,DIABETIC CLINIC,Diabetic Clinic Consultation,False,False,0.071425706549206,0,0,0,0,0.0,0.0,0.0,0.0,Closed
2026-08-25,19,DIABETIC CLINIC,Diabetic Clinic Consultation,False,False,0.071425706549206,0,0,0,0,0.0,0.0,0.0,0.0,Closed
2026-08-25,20,DIABETIC CLINIC,Diabetic Clinic Consultation,False,False,0.071425706549206,0,0,0,0,0.0,0.0,0.0,0.0,Closed
2026-08-25,21,DIABETIC CLINIC,Diabetic Clinic Consultation,False,False,0.071425706549206,0,0,0,0,0.0,0.0,0.0,0.0,Closed
2026-08-25,22,DIABETIC CLINIC,Diabetic Clinic Consultation,False,False,0.071425706549206,0,0,0,0,0.0,0.0,0.0,0.0,Closed
2026-08-25,23,DIABETIC CLINIC,Diabetic Clinic Consultation,False,False,0.071425706549206,0,0,0,0,0.0,0.0,0.0,0.0,Closed
2026-08-26,0,DIABETIC CLINIC,Diabetic Clinic Consultation,False,False,0.1345034869236322,0,0,0,0,0.0,0.0,0.0,0.0,Closed
2026-08-19,1,EYE CLINIC,Ophthalmology Consultation,False,False,0.2959822979442676,1,0,1,1,0.0,0.0,0.0,0.0,Closed
2026-08-19,2,EYE CLINIC,Ophthalmology Consultation,False,False,0.2866173887836042,0,0,1,1,0.0,0.0,0.0,0.0,Closed
2026-08-19,3,EYE CLINIC,Ophthalmology Consultation,False,False,0.229172162841928,0,0,1,1,0.0,0.0,0.0,0.0,Closed
2026-08-19,4,EYE CLINIC,Ophthalmology Consultation,False,False,0.2874856790517342,1,0,2,2,0.0,0.0,0.0,0.0,Closed
2026-08-19,5,EYE CLINIC,Ophthalmology Consultation,False,False,0.3087425739791061,1,0,3,3,0.0,0.0,0.0,0.0,Closed
2026-08-19,6,EYE CLINIC,Ophthalmology Consultation,False,False,0.4358281093648884,0,0,3,3,0.0,0.0,0.0,0.0,Closed
2026-08-19,7,EYE CLINIC,Ophthalmology Consultation,False,False,1.2232711327778525,3,0,6,6,0.0,0.0,0.0,0.0,Closed
2026-08-19,8,EYE CLINIC,Ophthalmology Consultation,False,True,2.2616526101384844,1,7,0,0,118.14285714285714,395.0,12.0,8.333333333333332,Low
2026-08-19,9,EYE CLINIC,Ophthalmology Consultation,False,True,2.2176910004122594,6,6,0,0,0.0,0.0,12.0,50.0,Low
2026-08-19,10,EYE CLINIC,Ophthalmology Consultation,False,True,1.34671606521388,3,3,0,0,0.0,0.0,12.0,25.0,Low
2026-08-19,11,EYE CLINIC,Ophthalmology Consultation,False,True,1.1539378985694424,1,1,0,0,0.0,0.0,12.0,8.333333333333332,Low
2026-08-19,12,EYE CLINIC,Ophthalmology Consultation,False,True,0.6485256287084895,0,0,0,0,0.0,0.0,12.0,0.0,Low
2026-08-19,13,EYE CLINIC,Ophthalmology Consultation,False,True,0.3025237633866709,0,0,0,0,0.0,0.0,12.0,0.0,Low
2026-08-19,14,EYE CLINIC,Ophthalmology Consultation,False,True,0.3122659830031649,0,0,0,0,0.0,0.0,12.0,0.0,Low
2026-08-19,15,EYE CLINIC,Ophthalmology Consultation,False,True,0.239366323559927,0,0,0,0,0.0,0.0,12.0,0.0,Low
2026-08-19,16,EYE CLINIC,Ophthalmology Consultation,False,True,0.2097489372211775,1,1,0,0,0.0,0.0,12.0,8.333333333333332,Low
2026-08-19,17,EYE CLINIC,Ophthalmology Consultation,False,False,0.0969788439730452,0,0,0,0,0.0,0.0,0.0,0.0,Closed
2026-08-19,18,EYE CLINIC,Ophthalmology Consultation,False,False,0.0969788439730452,0,0,0,0,0.0,0.0,0.0,0.0,Closed
2026-08-19,19,EYE CLINIC,Ophthalmology Consultation,False,False,0.0969788439730452,0,0,0,0,0.0,0.0,0.0,0.0,Closed
2026-08-19,20,EYE CLINIC,Ophthalmology Consultation,False,False,0.0969788439730452,0,0,0,0,0.0,0.0,0.0,0.0,Closed
2026-08-19,21,EYE CLINIC,Ophthalmology Consultation,False,False,0.0969788439730452,0,0,0,0,0.0,0.0,0.0,0.0,Closed
2026-08-19,22,EYE CLINIC,Ophthalmology Consultation,False,False,0.0969788439730452,0,0,0,0,0.0,0.0,0.0,0.0,Closed
2026-08-19,23,EYE CLINIC,Ophthalmology Consultation,False,False,0.0969788439730452,0,0,0,0,0.0,0.0,0.0,0.0,Closed
2026-08-20,0,EYE CLINIC,Ophthalmology Consultation,False,False,0.3639476457614173,0,0,0,0,0.0,0.0,0.0,0.0,Closed
2026-08-20,1,EYE CLINIC,Ophthalmology Consultation,False,False,0.3456811728104715,0,0,0,0,0.0,0.0,0.0,0.0,Closed
2026-08-20,2,EYE CLINIC,Ophthalmology Consultation,False,False,0.3513950178375214,1,0,1,1,0.0,0.0,0.0,0.0,Closed
2026-08-20,3,EYE CLINIC,Ophthalmology Consultation,False,False,0.3513950178375214,1,0,2,2,0.0,0.0,0.0,0.0,Closed
2026-08-20,4,EYE CLINIC,Ophthalmology Consultation,False,False,0.3109654646823377,0,0,2,2,0.0,0.0,0.0,0.0,Closed
2026-08-20,5,EYE CLINIC,Ophthalmology Consultation,False,False,0.4237901379604219,0,0,2,2,0.0,0.0,0.0,0.0,Closed
2026-08-20,6,EYE CLINIC,Ophthalmology Consultation,False,False,0.5785915450552397,0,0,2,2,0.0,0.0,0.0,0.0,Closed
2026-08-20,7,EYE CLINIC,Ophthalmology Consultation,False,False,1.5400748203724977,2,0,4,4,0.0,0.0,0.0,0.0,Closed
2026-08-20,8,EYE CLINIC,Ophthalmology Consultation,False,True,3.4274813418162307,4,8,0,0,83.125,332.0,12.0,33.33333333333333,Low
2026-08-20,9,EYE CLINIC,Ophthalmology Consultation,False,True,2.965117173087934,3,3,0,0,0.0,0.0,12.0,25.0,Low
2026-08-20,10,EYE CLINIC,Ophthalmology Consultation,False,True,1.697011862548416,4,4,0,0,0.0,0.0,12.0,33.33333333333333,Low
2026-08-20,11,EYE CLINIC,Ophthalmology Consultation,False,True,1.1889923751898728,0,0,0,0,0.0,0.0,12.0,0.0,Low
2026-08-20,12,EYE CLINIC,Ophthalmology Consultation,False,True,0.7162974101731374,0,0,0,0,0.0,0.0,12.0,0.0,Low
2026-08-20,13,EYE CLINIC,Ophthalmology Consultation,False,True,0.3989794393039174,1,1,0,0,0.0,0.0,12.0,8.333333333333332,Low
2026-08-20,14,EYE CLINIC,Ophthalmology Consultation,False,True,0.3104267482801871,0,0,0,0,0.0,0.0,12.0,0.0,Low
2026-08-20,15,EYE CLINIC,Ophthalmology Consultation,False,True,0.2302106619799884,0,0,0,0,0.0,0.0,12.0,0.0,Low
2026-08-20,16,EYE CLINIC,Ophthalmology Consultation,False,True,0.2052114434259792,0,0,0,0,0.0,0.0,12.0,0.0,Low
2026-08-20,17,EYE CLINIC,Ophthalmology Consultation,False,False,0.098950865109368,0,0,0,0,0.0,0.0,0.0,0.0,Closed
2026-08-20,18,EYE CLINIC,Ophthalmology Consultation,False,False,0.098950865109368,0,0,0,0,0.0,0.0,0.0,0.0,Closed
2026-08-20,19,EYE CLINIC,Ophthalmology Consultation,False,False,0.098950865109368,0,0,0,0,0.0,0.0,0.0,0.0,Closed
2026-08-20,20,EYE CLINIC,Ophthalmology Consultation,False,False,0.098950865109368,0,0,0,0,0.0,0.0,0.0,0.0,Closed
2026-08-20,21,EYE CLINIC,Ophthalmology Consultation,False,False,0.098950865109368,0,0,0,0,0.0,0.0,0.0,0.0,Closed
2026-08-20,22,EYE CLINIC,Ophthalmology Consultation,False,False,0.098950865109368,0,0,0,0,0.0,0.0,0.0,0.0,Closed
2026-08-20,23,EYE CLINIC,Ophthalmology Consultation,False,False,0.098950865109368,0,0,0,0,0.0,0.0,0.0,0.0,Closed
2026-08-21,0,EYE CLINIC,Ophthalmology Consultation,False,False,0.3729061741498641,0,0,0,0,0.0,0.0,0.0,0.0,Closed
2026-08-21,1,EYE CLINIC,Ophthalmology Consultation,False,False,0.3546397011989182,2,0,2,2,0.0,0.0,0.0,0.0,Closed
2026-08-21,2,EYE CLINIC,Ophthalmology Consultation,False,False,0.3593178337466509,2,0,4,4,0.0,0.0,0.0,0.0,Closed
2026-08-21,3,EYE CLINIC,Ophthalmology Consultation,False,False,0.3593178337466509,0,0,4,4,0.0,0.0,0.0,0.0,Closed
2026-08-21,4,EYE CLINIC,Ophthalmology Consultation,False,False,0.3371822015278501,0,0,4,4,0.0,0.0,0.0,0.0,Closed
2026-08-21,5,EYE CLINIC,Ophthalmology Consultation,False,False,0.3777946361562822,1,0,5,5,0.0,0.0,0.0,0.0,Closed
2026-08-21,6,EYE CLINIC,Ophthalmology Consultation,False,False,0.497905035628246,0,0,5,5,0.0,0.0,0.0,0.0,Closed
2026-08-21,7,EYE CLINIC,Ophthalmology Consultation,False,False,1.2848712284939094,1,0,6,6,0.0,0.0,0.0,0.0,Closed
2026-08-21,8,EYE CLINIC,Ophthalmology Consultation,False,True,2.137790482171632,5,11,0,0,152.8181818181818,405.0,12.0,41.66666666666667,Low
2026-08-21,9,EYE CLINIC,Ophthalmology Consultation,False,True,2.0946080437420105,0,0,0,0,0.0,0.0,12.0,0.0,Low
2026-08-21,10,EYE CLINIC,Ophthalmology Consultation,False,True,1.2353105690874293,1,1,0,0,0.0,0.0,12.0,8.333333333333332,Low
2026-08-21,11,EYE CLINIC,Ophthalmology Consultation,False,True,1.0531627669826658,0,0,0,0,0.0,0.0,12.0,0.0,Low
2026-08-21,12,EYE CLINIC,Ophthalmology Consultation,False,True,0.6329029787355914,0,0,0,0,0.0,0.0,12.0,0.0,Low
2026-08-21,13,EYE CLINIC,Ophthalmology Consultation,False,True,0.2993104527819155,0,0,0,0,0.0,0.0,12.0,0.0,Low
2026-08-21,14,EYE CLINIC,Ophthalmology Consultation,False,True,0.3090526723984095,0,0,0,0,0.0,0.0,12.0,0.0,Low
2026-08-21,15,EYE CLINIC,Ophthalmology Consultation,False,True,0.2439802704068569,1,1,0,0,0.0,0.0,12.0,8.333333333333332,Low
2026-08-21,16,EYE CLINIC,Ophthalmology Consultation,False,True,0.2061611069592993,0,0,0,0,0.0,0.0,12.0,0.0,Low
2026-08-21,17,EYE CLINIC,Ophthalmology Consultation,False,False,0.1011310550689363,0,0,0,0,0.0,0.0,0.0,0.0,Closed
2026-08-21,18,EYE CLINIC,Ophthalmology Consultation,False,False,0.1011310550689363,1,0,1,1,0.0,0.0,0.0,0.0,Closed
2026-08-21,19,EYE CLINIC,Ophthalmology Consultation,False,False,0.1011310550689363,0,0,1,1,0.0,0.0,0.0,0.0,Closed
2026-08-21,20,EYE CLINIC,Ophthalmology Consultation,False,False,0.1011310550689363,0,0,1,1,0.0,0.0,0.0,0.0,Closed
2026-08-21,21,EYE CLINIC,Ophthalmology Consultation,False,False,0.1011310550689363,0,0,1,1,0.0,0.0,0.0,0.0,Closed
2026-08-21,22,EYE CLINIC,Ophthalmology Consultation,False,False,0.1011310550689363,0,0,1,1,0.0,0.0,0.0,0.0,Closed
2026-08-21,23,EYE CLINIC,Ophthalmology Consultation,False,False,0.1011310550689363,1,0,2,2,0.0,0.0,0.0,0.0,Closed
2026-08-22,0,EYE CLINIC,Ophthalmology Consultation,False,False,0.3957006574924107,0,0,2,2,0.0,0.0,0.0,0.0,Closed
2026-08-22,1,EYE CLINIC,Ophthalmology Consultation,False,False,0.3803751429856866,0,0,2,2,0.0,0.0,0.0,0.0,Closed
2026-08-22,2,EYE CLINIC,Ophthalmology Consultation,False,False,0.3047115309753717,0,0,2,2,0.0,0.0,0.0,0.0,Closed
2026-08-22,3,EYE CLINIC,Ophthalmology Consultation,False,False,0.2831063388801067,0,0,2,2,0.0,0.0,0.0,0.0,Closed
2026-08-22,4,EYE CLINIC,Ophthalmology Consultation,False,False,0.2278027441632019,0,0,2,2,0.0,0.0,0.0,0.0,Closed
2026-08-22,5,EYE CLINIC,Ophthalmology Consultation,False,False,0.2009906860241791,1,0,3,3,0.0,0.0,0.0,0.0,Closed
2026-08-22,6,EYE CLINIC,Ophthalmology Consultation,False,False,0.3417675984537636,0,0,3,3,0.0,0.0,0.0,0.0,Closed
2026-08-22,7,EYE CLINIC,Ophthalmology Consultation,False,False,0.609464156528849,1,0,4,4,0.0,0.0,0.0,0.0,Closed
2026-08-22,8,EYE CLINIC,Ophthalmology Consultation,False,True,0.7621812174569256,0,4,0,0,375.25,820.0,12.0,0.0,Low
2026-08-22,9,EYE CLINIC,Ophthalmology Consultation,False,True,1.079042899249467,3,3,0,0,0.0,0.0,12.0,25.0,Low
2026-08-22,10,EYE CLINIC,Ophthalmology Consultation,False,True,0.7550407396400737,0,0,0,0,0.0,0.0,12.0,0.0,Low
2026-08-22,11,EYE CLINIC,Ophthalmology Consultation,False,True,0.7442604184843643,0,0,0,0,0.0,0.0,12.0,0.0,Low
2026-08-22,12,EYE CLINIC,Ophthalmology Consultation,False,True,0.3752193527452741,0,0,0,0,0.0,0.0,12.0,0.0,Low
2026-08-22,13,EYE CLINIC,Ophthalmology Consultation,False,True,0.2528700285501133,0,0,0,0,0.0,0.0,12.0,0.0,Low
2026-08-22,14,EYE CLINIC,Ophthalmology Consultation,False,True,0.197932358763671,1,1,0,0,0.0,0.0,12.0,8.333333333333332,Low
2026-08-22,15,EYE CLINIC,Ophthalmology Consultation,False,True,0.189610347548038,1,1,0,0,0.0,0.0,12.0,8.333333333333332,Low
2026-08-22,16,EYE CLINIC,Ophthalmology Consultation,False,True,0.1757514522020827,0,0,0,0,0.0,0.0,12.0,0.0,Low
2026-08-22,17,EYE CLINIC,Ophthalmology Consultation,False,False,0.1124505513836655,0,0,0,0,0.0,0.0,0.0,0.0,Closed
2026-08-22,18,EYE CLINIC,Ophthalmology Consultation,False,False,0.1124505513836655,1,0,1,1,0.0,0.0,0.0,0.0,Closed
2026-08-22,19,EYE CLINIC,Ophthalmology Consultation,False,False,0.1124505513836655,0,0,1,1,0.0,0.0,0.0,0.0,Closed
2026-08-22,20,EYE CLINIC,Ophthalmology Consultation,False,False,0.1124505513836655,1,0,2,2,0.0,0.0,0.0,0.0,Closed
2026-08-22,21,EYE CLINIC,Ophthalmology Consultation,False,False,0.1124505513836655,0,0,2,2,0.0,0.0,0.0,0.0,Closed
2026-08-22,22,EYE CLINIC,Ophthalmology Consultation,False,False,0.1124505513836655,0,0,2,2,0.0,0.0,0.0,0.0,Closed
2026-08-22,23,EYE CLINIC,Ophthalmology Consultation,False,False,0.1124505513836655,0,0,2,2,0.0,0.0,0.0,0.0,Closed
2026-08-23,0,EYE CLINIC,Ophthalmology Consultation,False,False,0.3933906792678933,0,0,2,2,0.0,0.0,0.0,0.0,Closed
2026-08-23,1,EYE CLINIC,Ophthalmology Consultation,False,False,0.3780651647611692,0,0,2,2,0.0,0.0,0.0,0.0,Closed
2026-08-23,2,EYE CLINIC,Ophthalmology Consultation,False,False,0.3024015527508542,1,0,3,3,0.0,0.0,0.0,0.0,Closed
2026-08-23,3,EYE CLINIC,Ophthalmology Consultation,False,False,0.2807963606555892,0,0,3,3,0.0,0.0,0.0,0.0,Closed
2026-08-23,4,EYE CLINIC,Ophthalmology Consultation,False,False,0.2254927659386844,0,0,3,3,0.0,0.0,0.0,0.0,Closed
2026-08-23,5,EYE CLINIC,Ophthalmology Consultation,False,False,0.1986807077996616,0,0,3,3,0.0,0.0,0.0,0.0,Closed
2026-08-23,6,EYE CLINIC,Ophthalmology Consultation,False,False,0.339457620229246,1,0,4,4,0.0,0.0,0.0,0.0,Closed
2026-08-23,7,EYE CLINIC,Ophthalmology Consultation,False,False,0.6004159708450169,0,0,4,4,0.0,0.0,0.0,0.0,Closed
2026-08-23,8,EYE CLINIC,Ophthalmology Consultation,False,True,0.7567642984967177,1,5,0,0,392.2,809.0,12.0,8.333333333333332,Low
2026-08-23,9,EYE CLINIC,Ophthalmology Consultation,False,True,1.0666766875165452,2,2,0,0,0.0,0.0,12.0,16.666666666666664,Low
2026-08-23,10,EYE CLINIC,Ophthalmology Consultation,False,True,0.7494127353664668,2,2,0,0,0.0,0.0,12.0,16.666666666666664,Low
2026-08-23,11,EYE CLINIC,Ophthalmology Consultation,False,True,0.7386324142107574,0,0,0,0,0.0,0.0,12.0,0.0,Low
2026-08-23,12,EYE CLINIC,Ophthalmology Consultation,False,True,0.3695913484716673,0,0,0,0,0.0,0.0,12.0,0.0,Low
2026-08-23,13,EYE CLINIC,Ophthalmology Consultation,False,True,0.2472420242765062,0,0,0,0,0.0,0.0,12.0,0.0,Low
2026-08-23,14,EYE CLINIC,Ophthalmology Consultation,False,True,0.1923043544900641,0,0,0,0,0.0,0.0,12.0,0.0,Low
2026-08-23,15,EYE CLINIC,Ophthalmology Consultation,False,True,0.1839823432744311,0,0,0,0,0.0,0.0,12.0,0.0,Low
2026-08-23,16,EYE CLINIC,Ophthalmology Consultation,False,True,0.1701234479284759,0,0,0,0,0.0,0.0,12.0,0.0,Low
2026-08-23,17,EYE CLINIC,Ophthalmology Consultation,False,False,0.1111263921004815,0,0,0,0,0.0,0.0,0.0,0.0,Closed
2026-08-23,18,EYE CLINIC,Ophthalmology Consultation,False,False,0.1111263921004815,0,0,0,0,0.0,0.0,0.0,0.0,Closed
2026-08-23,19,EYE CLINIC,Ophthalmology Consultation,False,False,0.1111263921004815,0,0,0,0,0.0,0.0,0.0,0.0,Closed
2026-08-23,20,EYE CLINIC,Ophthalmology Consultation,False,False,0.1111263921004815,0,0,0,0,0.0,0.0,0.0,0.0,Closed
2026-08-23,21,EYE CLINIC,Ophthalmology Consultation,False,False,0.1111263921004815,0,0,0,0,0.0,0.0,0.0,0.0,Closed
2026-08-23,22,EYE CLINIC,Ophthalmology Consultation,False,False,0.1111263921004815,0,0,0,0,0.0,0.0,0.0,0.0,Closed
2026-08-23,23,EYE CLINIC,Ophthalmology Consultation,False,False,0.1111263921004815,0,0,0,0,0.0,0.0,0.0,0.0,Closed
2026-08-24,0,EYE CLINIC,Ophthalmology Consultation,False,False,0.2823727001615251,0,0,0,0,0.0,0.0,0.0,0.0,Closed
2026-08-24,1,EYE CLINIC,Ophthalmology Consultation,False,False,0.2625912533883511,1,0,1,1,0.0,0.0,0.0,0.0,Closed
2026-08-24,2,EYE CLINIC,Ophthalmology Consultation,False,False,0.2248333299909715,0,0,1,1,0.0,0.0,0.0,0.0,Closed
2026-08-24,3,EYE CLINIC,Ophthalmology Consultation,False,False,0.2248333299909715,0,0,1,1,0.0,0.0,0.0,0.0,Closed
2026-08-24,4,EYE CLINIC,Ophthalmology Consultation,False,False,0.1844037768357877,0,0,1,1,0.0,0.0,0.0,0.0,Closed
2026-08-24,5,EYE CLINIC,Ophthalmology Consultation,False,False,0.2067674283530879,1,0,2,2,0.0,0.0,0.0,0.0,Closed
2026-08-24,6,EYE CLINIC,Ophthalmology Consultation,False,False,0.3399850938767412,0,0,2,2,0.0,0.0,0.0,0.0,Closed
2026-08-24,7,EYE CLINIC,Ophthalmology Consultation,False,False,1.1118564021434696,2,0,4,4,0.0,0.0,0.0,0.0,Closed
2026-08-24,8,EYE CLINIC,Ophthalmology Consultation,False,True,2.273152324943929,5,9,0,0,61.888888888888886,412.0,12.0,41.66666666666667,Low
2026-08-24,9,EYE CLINIC,Ophthalmology Consultation,False,True,2.227557629309703,1,1,0,0,0.0,0.0,12.0,8.333333333333332,Low
2026-08-24,10,EYE CLINIC,Ophthalmology Consultation,False,True,1.3856162070972742,0,0,0,0,0.0,0.0,12.0,0.0,Low
2026-08-24,11,EYE CLINIC,Ophthalmology Consultation,False,True,1.1440910203975392,2,2,0,0,0.0,0.0,12.0,16.666666666666664,Low
2026-08-24,12,EYE CLINIC,Ophthalmology Consultation,False,True,0.6250329527140208,0,0,0,0,0.0,0.0,12.0,0.0,Low
2026-08-24,13,EYE CLINIC,Ophthalmology Consultation,False,True,0.2865117653665642,0,0,0,0,0.0,0.0,12.0,0.0,Low
2026-08-24,14,EYE CLINIC,Ophthalmology Consultation,False,True,0.2962539849830582,0,0,0,0,0.0,0.0,12.0,0.0,Low
2026-08-24,15,EYE CLINIC,Ophthalmology Consultation,False,True,0.2178552020027477,0,0,0,0,0.0,0.0,12.0,0.0,Low
2026-08-24,16,EYE CLINIC,Ophthalmology Consultation,False,True,0.188237815663998,1,1,0,0,0.0,0.0,12.0,8.333333333333332,Low
2026-08-24,17,EYE CLINIC,Ophthalmology Consultation,False,False,0.0765220428274795,0,0,0,0,0.0,0.0,0.0,0.0,Closed
2026-08-24,18,EYE CLINIC,Ophthalmology Consultation,False,False,0.0765220428274795,0,0,0,0,0.0,0.0,0.0,0.0,Closed
2026-08-24,19,EYE CLINIC,Ophthalmology Consultation,False,False,0.0765220428274795,0,0,0,0,0.0,0.0,0.0,0.0,Closed
2026-08-24,20,EYE CLINIC,Ophthalmology Consultation,False,False,0.0765220428274795,0,0,0,0,0.0,0.0,0.0,0.0,Closed
2026-08-24,21,EYE CLINIC,Ophthalmology Consultation,False,False,0.0765220428274795,0,0,0,0,0.0,0.0,0.0,0.0,Closed
2026-08-24,22,EYE CLINIC,Ophthalmology Consultation,False,False,0.0765220428274795,0,0,0,0,0.0,0.0,0.0,0.0,Closed
2026-08-24,23,EYE CLINIC,Ophthalmology Consultation,False,False,0.0765220428274795,0,0,0,0,0.0,0.0,0.0,0.0,Closed
2026-08-25,0,EYE CLINIC,Ophthalmology Consultation,False,False,0.2898533781358871,0,0,0,0,0.0,0.0,0.0,0.0,Closed
2026-08-25,1,EYE CLINIC,Ophthalmology Consultation,False,False,0.2715869051849413,1,0,1,1,0.0,0.0,0.0,0.0,Closed
2026-08-25,2,EYE CLINIC,Ophthalmology Consultation,False,False,0.2338289817875616,1,0,2,2,0.0,0.0,0.0,0.0,Closed
2026-08-25,3,EYE CLINIC,Ophthalmology Consultation,False,False,0.2338289817875616,0,0,2,2,0.0,0.0,0.0,0.0,Closed
2026-08-25,4,EYE CLINIC,Ophthalmology Consultation,False,False,0.1933994286323778,0,0,2,2,0.0,0.0,0.0,0.0,Closed
2026-08-25,5,EYE CLINIC,Ophthalmology Consultation,False,False,0.215763080149678,0,0,2,2,0.0,0.0,0.0,0.0,Closed
2026-08-25,6,EYE CLINIC,Ophthalmology Consultation,False,False,0.3417942951238465,0,0,2,2,0.0,0.0,0.0,0.0,Closed
2026-08-25,7,EYE CLINIC,Ophthalmology Consultation,False,False,1.129237318536811,0,0,2,2,0.0,0.0,0.0,0.0,Closed
2026-08-25,8,EYE CLINIC,Ophthalmology Consultation,False,True,2.290533241337271,1,3,0,0,239.0,365.0,12.0,8.333333333333332,Low
2026-08-25,9,EYE CLINIC,Ophthalmology Consultation,False,True,2.211854604398376,2,2,0,0,0.0,0.0,12.0,16.666666666666664,Low
2026-08-25,10,EYE CLINIC,Ophthalmology Consultation,False,True,1.3699131821859467,2,2,0,0,0.0,0.0,12.0,16.666666666666664,Low
2026-08-25,11,EYE CLINIC,Ophthalmology Consultation,False,True,1.1530866721941293,0,0,0,0,0.0,0.0,12.0,0.0,Low
2026-08-25,12,EYE CLINIC,Ophthalmology Consultation,False,True,0.6340286045106109,0,0,0,0,0.0,0.0,12.0,0.0,Low
2026-08-25,13,EYE CLINIC,Ophthalmology Consultation,False,True,0.2880267391887924,0,0,0,0,0.0,0.0,12.0,0.0,Low
2026-08-25,14,EYE CLINIC,Ophthalmology Consultation,False,True,0.2977689588052865,0,0,0,0,0.0,0.0,12.0,0.0,Low
2026-08-25,15,EYE CLINIC,Ophthalmology Consultation,False,True,0.2193701758249759,0,0,0,0,0.0,0.0,12.0,0.0,Low
2026-08-25,16,EYE CLINIC,Ophthalmology Consultation,False,True,0.1897527894862262,0,0,0,0,0.0,0.0,12.0,0.0,Low
2026-08-25,17,EYE CLINIC,Ophthalmology Consultation,False,False,0.0780370166497077,0,0,0,0,0.0,0.0,0.0,0.0,Closed
2026-08-25,18,EYE CLINIC,Ophthalmology Consultation,False,False,0.0780370166497077,0,0,0,0,0.0,0.0,0.0,0.0,Closed
2026-08-25,19,EYE CLINIC,Ophthalmology Consultation,False,False,0.0780370166497077,0,0,0,0,0.0,0.0,0.0,0.0,Closed
2026-08-25,20,EYE CLINIC,Ophthalmology Consultation,False,False,0.0780370166497077,0,0,0,0,0.0,0.0,0.0,0.0,Closed
2026-08-25,21,EYE CLINIC,Ophthalmology Consultation,False,False,0.0780370166497077,0,0,0,0,0.0,0.0,0.0,0.0,Closed
2026-08-25,22,EYE CLINIC,Ophthalmology Consultation,False,False,0.0780370166497077,0,0,0,0,0.0,0.0,0.0,0.0,Closed
2026-08-25,23,EYE CLINIC,Ophthalmology Consultation,False,False,0.0780370166497077,0,0,0,0,0.0,0.0,0.0,0.0,Closed
2026-08-26,0,EYE CLINIC,Ophthalmology Consultation,False,False,0.3536632081157687,3,0,3,3,0.0,0.0,0.0,0.0,Closed
2026-08-19,1,FAMILY CLINIC,Family Clinic Consultation,False,False,0.0004629283637439,0,0,0,0,0.0,0.0,0.0,0.0,Closed
2026-08-19,2,FAMILY CLINIC,Family Clinic Consultation,False,False,0.1273551470406681,0,0,0,0,0.0,0.0,0.0,0.0,Closed
2026-08-19,3,FAMILY CLINIC,Family Clinic Consultation,False,False,0.1273551470406681,0,0,0,0,0.0,0.0,0.0,0.0,Closed
2026-08-19,4,FAMILY CLINIC,Family Clinic Consultation,False,False,0.1296045493022664,0,0,0,0,0.0,0.0,0.0,0.0,Closed
2026-08-19,5,FAMILY CLINIC,Family Clinic Consultation,False,False,0.1196165272517011,0,0,0,0,0.0,0.0,0.0,0.0,Closed
2026-08-19,6,FAMILY CLINIC,Family Clinic Consultation,False,False,0.2272657011687198,1,0,1,1,0.0,0.0,0.0,0.0,Closed
2026-08-19,7,FAMILY CLINIC,Family Clinic Consultation,False,False,0.2350843326638442,0,0,1,1,0.0,0.0,0.0,0.0,Closed
2026-08-19,8,FAMILY CLINIC,Family Clinic Consultation,False,True,0.2815303153888128,0,1,0,0,77.0,77.0,18.0,0.0,Low
2026-08-19,9,FAMILY CLINIC,Family Clinic Consultation,False,True,0.2794477085479086,0,0,0,0,0.0,0.0,18.0,0.0,Low
2026-08-19,10,FAMILY CLINIC,Family Clinic Consultation,False,True,0.15211056736,1,1,0,0,0.0,0.0,18.0,5.555555555555555,Low
2026-08-19,11,FAMILY CLINIC,Family Clinic Consultation,False,True,0.1521981766077388,0,0,0,0,0.0,0.0,18.0,0.0,Low
2026-08-19,12,FAMILY CLINIC,Family Clinic Consultation,False,True,0.1069572474355782,0,0,0,0,0.0,0.0,18.0,0.0,Low
2026-08-19,13,FAMILY CLINIC,Family Clinic Consultation,False,True,0.1059469366077813,0,0,0,0,0.0,0.0,18.0,0.0,Low
2026-08-19,14,FAMILY CLINIC,Family Clinic Consultation,False,True,0.1059469366077813,0,0,0,0,0.0,0.0,18.0,0.0,Low
2026-08-19,15,FAMILY CLINIC,Family Clinic Consultation,False,True,0.1059469366077813,0,0,0,0,0.0,0.0,18.0,0.0,Low
2026-08-19,16,FAMILY CLINIC,Family Clinic Consultation,False,True,0.1000189559477254,0,0,0,0,0.0,0.0,18.0,0.0,Low
2026-08-19,17,FAMILY CLINIC,Family Clinic Consultation,False,False,0.090943779972033,0,0,0,0,0.0,0.0,0.0,0.0,Closed
2026-08-19,18,FAMILY CLINIC,Family Clinic Consultation,False,False,0.090943779972033,0,0,0,0,0.0,0.0,0.0,0.0,Closed
2026-08-19,19,FAMILY CLINIC,Family Clinic Consultation,False,False,0.090943779972033,0,0,0,0,0.0,0.0,0.0,0.0,Closed
2026-08-19,20,FAMILY CLINIC,Family Clinic Consultation,False,False,0.090943779972033,1,0,1,1,0.0,0.0,0.0,0.0,Closed
2026-08-19,21,FAMILY CLINIC,Family Clinic Consultation,False,False,0.090943779972033,0,0,1,1,0.0,0.0,0.0,0.0,Closed
2026-08-19,22,FAMILY CLINIC,Family Clinic Consultation,False,False,0.090943779972033,0,0,1,1,0.0,0.0,0.0,0.0,Closed
2026-08-19,23,FAMILY CLINIC,Family Clinic Consultation,False,False,0.090943779972033,0,0,1,1,0.0,0.0,0.0,0.0,Closed
2026-08-20,0,FAMILY CLINIC,Family Clinic Consultation,False,False,0.0888925725947839,0,0,1,1,0.0,0.0,0.0,0.0,Closed
2026-08-20,1,FAMILY CLINIC,Family Clinic Consultation,False,False,0.0888925725947839,0,0,1,1,0.0,0.0,0.0,0.0,Closed
2026-08-20,2,FAMILY CLINIC,Family Clinic Consultation,False,False,0.0882471346921169,0,0,1,1,0.0,0.0,0.0,0.0,Closed
2026-08-20,3,FAMILY CLINIC,Family Clinic Consultation,False,False,0.0882471346921169,1,0,2,2,0.0,0.0,0.0,0.0,Closed
2026-08-20,4,FAMILY CLINIC,Family Clinic Consultation,False,False,0.0904965369537153,0,0,2,2,0.0,0.0,0.0,0.0,Closed
2026-08-20,5,FAMILY CLINIC,Family Clinic Consultation,False,False,0.0675060260690311,0,0,2,2,0.0,0.0,0.0,0.0,Closed
2026-08-20,6,FAMILY CLINIC,Family Clinic Consultation,False,False,0.1751551999860493,0,0,2,2,0.0,0.0,0.0,0.0,Closed
2026-08-20,7,FAMILY CLINIC,Family Clinic Consultation,False,False,0.1829738314811737,0,0,2,2,0.0,0.0,0.0,0.0,Closed
2026-08-20,8,FAMILY CLINIC,Family Clinic Consultation,False,True,0.2359458954694592,0,2,0,0,467.0,680.0,18.0,0.0,Low
2026-08-20,9,FAMILY CLINIC,Family Clinic Consultation,False,True,0.249224030201876,0,0,0,0,0.0,0.0,18.0,0.0,Low
2026-08-20,10,FAMILY CLINIC,Family Clinic Consultation,False,True,0.1369494519198567,0,0,0,0,0.0,0.0,18.0,0.0,Low
2026-08-20,11,FAMILY CLINIC,Family Clinic Consultation,False,True,0.1370370611675954,0,0,0,0,0.0,0.0,18.0,0.0,Low
2026-08-20,12,FAMILY CLINIC,Family Clinic Consultation,False,True,0.0917961319954348,0,0,0,0,0.0,0.0,18.0,0.0,Low
2026-08-20,13,FAMILY CLINIC,Family Clinic Consultation,False,True,0.0907858211676379,0,0,0,0,0.0,0.0,18.0,0.0,Low
2026-08-20,14,FAMILY CLINIC,Family Clinic Consultation,False,True,0.0907858211676379,0,0,0,0,0.0,0.0,18.0,0.0,Low
2026-08-20,15,FAMILY CLINIC,Family Clinic Consultation,False,True,0.0907858211676379,0,0,0,0,0.0,0.0,18.0,0.0,Low
2026-08-20,16,FAMILY CLINIC,Family Clinic Consultation,False,True,0.084857840507582,0,0,0,0,0.0,0.0,18.0,0.0,Low
2026-08-20,17,FAMILY CLINIC,Family Clinic Consultation,False,False,0.0757826645318895,0,0,0,0,0.0,0.0,0.0,0.0,Closed
2026-08-20,18,FAMILY CLINIC,Family Clinic Consultation,False,False,0.0757826645318895,0,0,0,0,0.0,0.0,0.0,0.0,Closed
2026-08-20,19,FAMILY CLINIC,Family Clinic Consultation,False,False,0.0757826645318895,0,0,0,0,0.0,0.0,0.0,0.0,Closed
2026-08-20,20,FAMILY CLINIC,Family Clinic Consultation,False,False,0.0757826645318895,0,0,0,0,0.0,0.0,0.0,0.0,Closed
2026-08-20,21,FAMILY CLINIC,Family Clinic Consultation,False,False,0.0757826645318895,0,0,0,0,0.0,0.0,0.0,0.0,Closed
2026-08-20,22,FAMILY CLINIC,Family Clinic Consultation,False,False,0.0757826645318895,0,0,0,0,0.0,0.0,0.0,0.0,Closed
2026-08-20,23,FAMILY CLINIC,Family Clinic Consultation,False,False,0.0757826645318895,0,0,0,0,0.0,0.0,0.0,0.0,Closed
2026-08-21,0,FAMILY CLINIC,Family Clinic Consultation,False,False,0.0896948574978169,0,0,0,0,0.0,0.0,0.0,0.0,Closed
2026-08-21,1,FAMILY CLINIC,Family Clinic Consultation,False,False,0.0896948574978169,0,0,0,0,0.0,0.0,0.0,0.0,Closed
2026-08-21,2,FAMILY CLINIC,Family Clinic Consultation,False,False,0.0765958619484667,0,0,0,0,0.0,0.0,0.0,0.0,Closed
2026-08-21,3,FAMILY CLINIC,Family Clinic Consultation,False,False,0.0765958619484667,0,0,0,0,0.0,0.0,0.0,0.0,Closed
2026-08-21,4,FAMILY CLINIC,Family Clinic Consultation,False,False,0.0788452642100651,0,0,0,0,0.0,0.0,0.0,0.0,Closed
2026-08-21,5,FAMILY CLINIC,Family Clinic Consultation,False,False,0.0545797409737571,0,0,0,0,0.0,0.0,0.0,0.0,Closed
2026-08-21,6,FAMILY CLINIC,Family Clinic Consultation,False,False,0.1622289148907751,0,0,0,0,0.0,0.0,0.0,0.0,Closed
2026-08-21,7,FAMILY CLINIC,Family Clinic Consultation,False,False,0.1700475463858995,0,0,0,0,0.0,0.0,0.0,0.0,Closed
2026-08-21,8,FAMILY CLINIC,Family Clinic Consultation,False,True,0.205092687149046,0,0,0,0,0.0,0.0,18.0,0.0,Low
2026-08-21,9,FAMILY CLINIC,Family Clinic Consultation,False,True,0.2183708218814628,0,0,0,0,0.0,0.0,18.0,0.0,Low
2026-08-21,10,FAMILY CLINIC,Family Clinic Consultation,False,True,0.1252981791762064,0,0,0,0,0.0,0.0,18.0,0.0,Low
2026-08-21,11,FAMILY CLINIC,Family Clinic Consultation,False,True,0.1253857884239452,0,0,0,0,0.0,0.0,18.0,0.0,Low
2026-08-21,12,FAMILY CLINIC,Family Clinic Consultation,False,True,0.0925984168984678,0,0,0,0,0.0,0.0,18.0,0.0,Low
2026-08-21,13,FAMILY CLINIC,Family Clinic Consultation,False,True,0.0915881060706708,0,0,0,0,0.0,0.0,18.0,0.0,Low
2026-08-21,14,FAMILY CLINIC,Family Clinic Consultation,False,True,0.0915881060706708,0,0,0,0,0.0,0.0,18.0,0.0,Low
2026-08-21,15,FAMILY CLINIC,Family Clinic Consultation,False,True,0.0915881060706708,0,0,0,0,0.0,0.0,18.0,0.0,Low
2026-08-21,16,FAMILY CLINIC,Family Clinic Consultation,False,True,0.0856601254106149,0,0,0,0,0.0,0.0,18.0,0.0,Low
2026-08-21,17,FAMILY CLINIC,Family Clinic Consultation,False,False,0.0765849494349225,0,0,0,0,0.0,0.0,0.0,0.0,Closed
2026-08-21,18,FAMILY CLINIC,Family Clinic Consultation,False,False,0.0765849494349225,0,0,0,0,0.0,0.0,0.0,0.0,Closed
2026-08-21,19,FAMILY CLINIC,Family Clinic Consultation,False,False,0.0765849494349225,0,0,0,0,0.0,0.0,0.0,0.0,Closed
2026-08-21,20,FAMILY CLINIC,Family Clinic Consultation,False,False,0.0765849494349225,0,0,0,0,0.0,0.0,0.0,0.0,Closed
2026-08-21,21,FAMILY CLINIC,Family Clinic Consultation,False,False,0.0765849494349225,0,0,0,0,0.0,0.0,0.0,0.0,Closed
2026-08-21,22,FAMILY CLINIC,Family Clinic Consultation,False,False,0.0765849494349225,0,0,0,0,0.0,0.0,0.0,0.0,Closed
2026-08-21,23,FAMILY CLINIC,Family Clinic Consultation,False,False,0.0765849494349225,0,0,0,0,0.0,0.0,0.0,0.0,Closed
2026-08-22,0,FAMILY CLINIC,Family Clinic Consultation,False,False,0.0657025625716906,0,0,0,0,0.0,0.0,0.0,0.0,Closed
2026-08-22,1,FAMILY CLINIC,Family Clinic Consultation,False,False,0.0657025625716906,0,0,0,0,0.0,0.0,0.0,0.0,Closed
2026-08-22,2,FAMILY CLINIC,Family Clinic Consultation,False,False,0.0772703072365923,0,0,0,0,0.0,0.0,0.0,0.0,Closed
2026-08-22,3,FAMILY CLINIC,Family Clinic Consultation,False,False,0.0772703072365923,0,0,0,0,0.0,0.0,0.0,0.0,Closed
2026-08-22,4,FAMILY CLINIC,Family Clinic Consultation,False,False,0.0795197094981906,0,0,0,0,0.0,0.0,0.0,0.0,Closed
2026-08-22,5,FAMILY CLINIC,Family Clinic Consultation,False,False,0.0552541862618827,0,0,0,0,0.0,0.0,0.0,0.0,Closed
2026-08-22,6,FAMILY CLINIC,Family Clinic Consultation,False,False,0.1694846336740388,0,0,0,0,0.0,0.0,0.0,0.0,Closed
2026-08-22,7,FAMILY CLINIC,Family Clinic Consultation,False,False,0.1773032651691632,0,0,0,0,0.0,0.0,0.0,0.0,Closed
2026-08-22,8,FAMILY CLINIC,Family Clinic Consultation,False,True,0.198863260487535,0,0,0,0,0.0,0.0,18.0,0.0,Low
2026-08-22,9,FAMILY CLINIC,Family Clinic Consultation,False,True,0.2121413952199517,0,0,0,0,0.0,0.0,18.0,0.0,Low
2026-08-22,10,FAMILY CLINIC,Family Clinic Consultation,False,True,0.1227759588376504,0,0,0,0,0.0,0.0,18.0,0.0,Low
2026-08-22,11,FAMILY CLINIC,Family Clinic Consultation,False,True,0.1228635680853891,0,0,0,0,0.0,0.0,18.0,0.0,Low
2026-08-22,12,FAMILY CLINIC,Family Clinic Consultation,False,True,0.0727571284517785,0,0,0,0,0.0,0.0,18.0,0.0,Low
2026-08-22,13,FAMILY CLINIC,Family Clinic Consultation,False,True,0.0717468176239815,0,0,0,0,0.0,0.0,18.0,0.0,Low
2026-08-22,14,FAMILY CLINIC,Family Clinic Consultation,False,True,0.0717468176239815,0,0,0,0,0.0,0.0,18.0,0.0,Low
2026-08-22,15,FAMILY CLINIC,Family Clinic Consultation,False,True,0.0717468176239815,0,0,0,0,0.0,0.0,18.0,0.0,Low
2026-08-22,16,FAMILY CLINIC,Family Clinic Consultation,False,True,0.0658188369639257,0,0,0,0,0.0,0.0,18.0,0.0,Low
2026-08-22,17,FAMILY CLINIC,Family Clinic Consultation,False,False,0.0622372941000496,0,0,0,0,0.0,0.0,0.0,0.0,Closed
2026-08-22,18,FAMILY CLINIC,Family Clinic Consultation,False,False,0.0622372941000496,0,0,0,0,0.0,0.0,0.0,0.0,Closed
2026-08-22,19,FAMILY CLINIC,Family Clinic Consultation,False,False,0.0622372941000496,0,0,0,0,0.0,0.0,0.0,0.0,Closed
2026-08-22,20,FAMILY CLINIC,Family Clinic Consultation,False,False,0.0622372941000496,0,0,0,0,0.0,0.0,0.0,0.0,Closed
2026-08-22,21,FAMILY CLINIC,Family Clinic Consultation,False,False,0.0622372941000496,0,0,0,0,0.0,0.0,0.0,0.0,Closed
2026-08-22,22,FAMILY CLINIC,Family Clinic Consultation,False,False,0.0622372941000496,1,0,1,1,0.0,0.0,0.0,0.0,Closed
2026-08-22,23,FAMILY CLINIC,Family Clinic Consultation,False,False,0.0622372941000496,0,0,1,1,0.0,0.0,0.0,0.0,Closed
2026-08-23,0,FAMILY CLINIC,Family Clinic Consultation,False,False,0.0641499053992178,1,0,2,2,0.0,0.0,0.0,0.0,Closed
2026-08-23,1,FAMILY CLINIC,Family Clinic Consultation,False,False,0.0641499053992178,0,0,2,2,0.0,0.0,0.0,0.0,Closed
2026-08-23,2,FAMILY CLINIC,Family Clinic Consultation,False,False,0.0757176500641194,0,0,2,2,0.0,0.0,0.0,0.0,Closed
2026-08-23,3,FAMILY CLINIC,Family Clinic Consultation,False,False,0.0757176500641194,0,0,2,2,0.0,0.0,0.0,0.0,Closed
2026-08-23,4,FAMILY CLINIC,Family Clinic Consultation,False,False,0.0779670523257178,0,0,2,2,0.0,0.0,0.0,0.0,Closed
2026-08-23,5,FAMILY CLINIC,Family Clinic Consultation,False,False,0.0537015290894099,0,0,2,2,0.0,0.0,0.0,0.0,Closed
2026-08-23,6,FAMILY CLINIC,Family Clinic Consultation,False,False,0.1679319765015661,0,0,2,2,0.0,0.0,0.0,0.0,Closed
2026-08-23,7,FAMILY CLINIC,Family Clinic Consultation,False,False,0.1757506079966904,0,0,2,2,0.0,0.0,0.0,0.0,Closed
2026-08-23,8,FAMILY CLINIC,Family Clinic Consultation,False,True,0.1973106033150622,0,2,0,0,505.0,571.0,18.0,0.0,Low
2026-08-23,9,FAMILY CLINIC,Family Clinic Consultation,False,True,0.210588738047479,0,0,0,0,0.0,0.0,18.0,0.0,Low
2026-08-23,10,FAMILY CLINIC,Family Clinic Consultation,False,True,0.1212233016651777,0,0,0,0,0.0,0.0,18.0,0.0,Low
2026-08-23,11,FAMILY CLINIC,Family Clinic Consultation,False,True,0.1213109109129164,0,0,0,0,0.0,0.0,18.0,0.0,Low
2026-08-23,12,FAMILY CLINIC,Family Clinic Consultation,False,True,0.0712044712793057,0,0,0,0,0.0,0.0,18.0,0.0,Low
2026-08-23,13,FAMILY CLINIC,Family Clinic Consultation,False,True,0.0701941604515087,0,0,0,0,0.0,0.0,18.0,0.0,Low
2026-08-23,14,FAMILY CLINIC,Family Clinic Consultation,False,True,0.0701941604515087,0,0,0,0,0.0,0.0,18.0,0.0,Low
2026-08-23,15,FAMILY CLINIC,Family Clinic Consultation,False,True,0.0701941604515087,0,0,0,0,0.0,0.0,18.0,0.0,Low
2026-08-23,16,FAMILY CLINIC,Family Clinic Consultation,False,True,0.0642661797914529,0,0,0,0,0.0,0.0,18.0,0.0,Low
2026-08-23,17,FAMILY CLINIC,Family Clinic Consultation,False,False,0.0609131348168656,0,0,0,0,0.0,0.0,0.0,0.0,Closed
2026-08-23,18,FAMILY CLINIC,Family Clinic Consultation,False,False,0.0609131348168656,0,0,0,0,0.0,0.0,0.0,0.0,Closed
2026-08-23,19,FAMILY CLINIC,Family Clinic Consultation,False,False,0.0609131348168656,0,0,0,0,0.0,0.0,0.0,0.0,Closed
2026-08-23,20,FAMILY CLINIC,Family Clinic Consultation,False,False,0.0609131348168656,0,0,0,0,0.0,0.0,0.0,0.0,Closed
2026-08-23,21,FAMILY CLINIC,Family Clinic Consultation,False,False,0.0609131348168656,0,0,0,0,0.0,0.0,0.0,0.0,Closed
2026-08-23,22,FAMILY CLINIC,Family Clinic Consultation,False,False,0.0609131348168656,0,0,0,0,0.0,0.0,0.0,0.0,Closed
2026-08-23,23,FAMILY CLINIC,Family Clinic Consultation,False,False,0.0609131348168656,0,0,0,0,0.0,0.0,0.0,0.0,Closed
2026-08-24,0,FAMILY CLINIC,Family Clinic Consultation,False,False,0.0627935350955095,0,0,0,0,0.0,0.0,0.0,0.0,Closed
2026-08-24,1,FAMILY CLINIC,Family Clinic Consultation,False,False,0.0627935350955095,0,0,0,0,0.0,0.0,0.0,0.0,Closed
2026-08-24,2,FAMILY CLINIC,Family Clinic Consultation,False,False,0.0556716896220402,0,0,0,0,0.0,0.0,0.0,0.0,Closed
2026-08-24,3,FAMILY CLINIC,Family Clinic Consultation,False,False,0.0556716896220402,0,0,0,0,0.0,0.0,0.0,0.0,Closed
2026-08-24,4,FAMILY CLINIC,Family Clinic Consultation,False,False,0.0579210918836386,0,0,0,0,0.0,0.0,0.0,0.0,Closed
2026-08-24,5,FAMILY CLINIC,Family Clinic Consultation,False,False,0.0479330698330733,0,0,0,0,0.0,0.0,0.0,0.0,Closed
2026-08-24,6,FAMILY CLINIC,Family Clinic Consultation,False,False,0.1555822437500914,0,0,0,0,0.0,0.0,0.0,0.0,Closed
2026-08-24,7,FAMILY CLINIC,Family Clinic Consultation,False,False,0.1634008752452156,0,0,0,0,0.0,0.0,0.0,0.0,Closed
2026-08-24,8,FAMILY CLINIC,Family Clinic Consultation,False,True,0.2281984908105008,1,1,0,0,0.0,0.0,18.0,5.555555555555555,Low
2026-08-24,9,FAMILY CLINIC,Family Clinic Consultation,False,True,0.2363949648071591,0,0,0,0,0.0,0.0,18.0,0.0,Low
2026-08-24,10,FAMILY CLINIC,Family Clinic Consultation,False,True,0.1355741934354784,0,0,0,0,0.0,0.0,18.0,0.0,Low
2026-08-24,11,FAMILY CLINIC,Family Clinic Consultation,False,True,0.1356618026832172,0,0,0,0,0.0,0.0,18.0,0.0,Low
2026-08-24,12,FAMILY CLINIC,Family Clinic Consultation,False,True,0.0904208735110565,1,1,0,0,0.0,0.0,18.0,5.555555555555555,Low
2026-08-24,13,FAMILY CLINIC,Family Clinic Consultation,False,True,0.0894105626832596,0,0,0,0,0.0,0.0,18.0,0.0,Low
2026-08-24,14,FAMILY CLINIC,Family Clinic Consultation,False,True,0.0894105626832596,0,0,0,0,0.0,0.0,18.0,0.0,Low
2026-08-24,15,FAMILY CLINIC,Family Clinic Consultation,False,True,0.0894105626832596,0,0,0,0,0.0,0.0,18.0,0.0,Low
2026-08-24,16,FAMILY CLINIC,Family Clinic Consultation,False,True,0.0834825820232038,0,0,0,0,0.0,0.0,18.0,0.0,Low
2026-08-24,17,FAMILY CLINIC,Family Clinic Consultation,False,False,0.0744074060475113,0,0,0,0,0.0,0.0,0.0,0.0,Closed
2026-08-24,18,FAMILY CLINIC,Family Clinic Consultation,False,False,0.0744074060475113,0,0,0,0,0.0,0.0,0.0,0.0,Closed
2026-08-24,19,FAMILY CLINIC,Family Clinic Consultation,False,False,0.0744074060475113,0,0,0,0,0.0,0.0,0.0,0.0,Closed
2026-08-24,20,FAMILY CLINIC,Family Clinic Consultation,False,False,0.0744074060475113,0,0,0,0,0.0,0.0,0.0,0.0,Closed
2026-08-24,21,FAMILY CLINIC,Family Clinic Consultation,False,False,0.0744074060475113,0,0,0,0,0.0,0.0,0.0,0.0,Closed
2026-08-24,22,FAMILY CLINIC,Family Clinic Consultation,False,False,0.0744074060475113,0,0,0,0,0.0,0.0,0.0,0.0,Closed
2026-08-24,23,FAMILY CLINIC,Family Clinic Consultation,False,False,0.0744074060475113,0,0,0,0,0.0,0.0,0.0,0.0,Closed
2026-08-25,0,FAMILY CLINIC,Family Clinic Consultation,False,False,0.070667162534256,0,0,0,0,0.0,0.0,0.0,0.0,Closed
2026-08-25,1,FAMILY CLINIC,Family Clinic Consultation,False,False,0.070667162534256,0,0,0,0,0.0,0.0,0.0,0.0,Closed
2026-08-25,2,FAMILY CLINIC,Family Clinic Consultation,False,False,0.0635453170607867,0,0,0,0,0.0,0.0,0.0,0.0,Closed
2026-08-25,3,FAMILY CLINIC,Family Clinic Consultation,False,False,0.0635453170607867,0,0,0,0,0.0,0.0,0.0,0.0,Closed
2026-08-25,4,FAMILY CLINIC,Family Clinic Consultation,False,False,0.0657947193223851,0,0,0,0,0.0,0.0,0.0,0.0,Closed
2026-08-25,5,FAMILY CLINIC,Family Clinic Consultation,False,False,0.0558066972718197,0,0,0,0,0.0,0.0,0.0,0.0,Closed
2026-08-25,6,FAMILY CLINIC,Family Clinic Consultation,False,False,0.1634558711888378,1,0,1,1,0.0,0.0,0.0,0.0,Closed
2026-08-25,7,FAMILY CLINIC,Family Clinic Consultation,False,False,0.1712745026839621,0,0,1,1,0.0,0.0,0.0,0.0,Closed
2026-08-25,8,FAMILY CLINIC,Family Clinic Consultation,False,True,0.2360721182492475,0,1,0,0,106.0,106.0,18.0,0.0,Low
2026-08-25,9,FAMILY CLINIC,Family Clinic Consultation,False,True,0.2339895114083433,1,1,0,0,0.0,0.0,18.0,5.555555555555555,Low
2026-08-25,10,FAMILY CLINIC,Family Clinic Consultation,False,True,0.1331687400366627,0,0,0,0,0.0,0.0,18.0,0.0,Low
2026-08-25,11,FAMILY CLINIC,Family Clinic Consultation,False,True,0.1332563492844015,1,1,0,0,0.0,0.0,18.0,5.555555555555555,Low
2026-08-25,12,FAMILY CLINIC,Family Clinic Consultation,False,True,0.0880154201122408,0,0,0,0,0.0,0.0,18.0,0.0,Low
2026-08-25,13,FAMILY CLINIC,Family Clinic Consultation,False,True,0.0870051092844439,1,1,0,0,0.0,0.0,18.0,5.555555555555555,Low
2026-08-25,14,FAMILY CLINIC,Family Clinic Consultation,False,True,0.0870051092844439,0,0,0,0,0.0,0.0,18.0,0.0,Low
2026-08-25,15,FAMILY CLINIC,Family Clinic Consultation,False,True,0.0870051092844439,0,0,0,0,0.0,0.0,18.0,0.0,Low
2026-08-25,16,FAMILY CLINIC,Family Clinic Consultation,False,True,0.081077128624388,1,1,0,0,0.0,0.0,18.0,5.555555555555555,Low
2026-08-25,17,FAMILY CLINIC,Family Clinic Consultation,False,False,0.0720019526486955,0,0,0,0,0.0,0.0,0.0,0.0,Closed
2026-08-25,18,FAMILY CLINIC,Family Clinic Consultation,False,False,0.0720019526486955,0,0,0,0,0.0,0.0,0.0,0.0,Closed
2026-08-25,19,FAMILY CLINIC,Family Clinic Consultation,False,False,0.0720019526486955,0,0,0,0,0.0,0.0,0.0,0.0,Closed
2026-08-25,20,FAMILY CLINIC,Family Clinic Consultation,False,False,0.0720019526486955,0,0,0,0,0.0,0.0,0.0,0.0,Closed
2026-08-25,21,FAMILY CLINIC,Family Clinic Consultation,False,False,0.0720019526486955,0,0,0,0,0.0,0.0,0.0,0.0,Closed
2026-08-25,22,FAMILY CLINIC,Family Clinic Consultation,False,False,0.0720019526486955,0,0,0,0,0.0,0.0,0.0,0.0,Closed
2026-08-25,23,FAMILY CLINIC,Family Clinic Consultation,False,False,0.0720019526486955,0,0,0,0,0.0,0.0,0.0,0.0,Closed
2026-08-26,0,FAMILY CLINIC,Family Clinic Consultation,False,False,0.1344769925141374,0,0,0,0,0.0,0.0,0.0,0.0,Closed
2026-08-19,1,FAMILY MEDICINE,Family Medicine Consultation,False,False,0.0013855107639608,0,0,0,0,0.0,0.0,0.0,0.0,Closed
2026-08-19,2,FAMILY MEDICINE,Family Medicine Consultation,False,False,0.1315016050780292,0,0,0,0,0.0,0.0,0.0,0.0,Closed
2026-08-19,3,FAMILY MEDICINE,Family Medicine Consultation,False,False,0.1315016050780292,0,0,0,0,0.0,0.0,0.0,0.0,Closed
2026-08-19,4,FAMILY MEDICINE,Family Medicine Consultation,False,False,0.1337510073396275,0,0,0,0,0.0,0.0,0.0,0.0,Closed
2026-08-19,5,FAMILY MEDICINE,Family Medicine Consultation,False,False,0.1237629852890622,0,0,0,0,0.0,0.0,0.0,0.0,Closed
2026-08-19,6,FAMILY MEDICINE,Family Medicine Consultation,False,False,0.2272835684246399,1,0,1,1,0.0,0.0,0.0,0.0,Closed
2026-08-19,7,FAMILY MEDICINE,Family Medicine Consultation,False,False,0.2351021999197643,0,0,1,1,0.0,0.0,0.0,0.0,Closed
2026-08-19,8,FAMILY MEDICINE,Family Medicine Consultation,False,True,0.2833374795909667,0,1,0,0,77.0,77.0,18.0,0.0,Low
2026-08-19,9,FAMILY MEDICINE,Family Medicine Consultation,False,True,0.2812548727500625,0,0,0,0,0.0,0.0,18.0,0.0,Low
2026-08-19,10,FAMILY MEDICINE,Family Medicine Consultation,False,True,0.1500936998071851,1,1,0,0,0.0,0.0,18.0,5.555555555555555,Low
2026-08-19,11,FAMILY MEDICINE,Family Medicine Consultation,False,True,0.1501813090549239,0,0,0,0,0.0,0.0,18.0,0.0,Low
2026-08-19,12,FAMILY MEDICINE,Family Medicine Consultation,False,True,0.1049403798827633,0,0,0,0,0.0,0.0,18.0,0.0,Low
2026-08-19,13,FAMILY MEDICINE,Family Medicine Consultation,False,True,0.1039300690549663,0,0,0,0,0.0,0.0,18.0,0.0,Low
2026-08-19,14,FAMILY MEDICINE,Family Medicine Consultation,False,True,0.1039300690549663,0,0,0,0,0.0,0.0,18.0,0.0,Low
2026-08-19,15,FAMILY MEDICINE,Family Medicine Consultation,False,True,0.1039300690549663,0,0,0,0,0.0,0.0,18.0,0.0,Low
2026-08-19,16,FAMILY MEDICINE,Family Medicine Consultation,False,True,0.1009262691852679,0,0,0,0,0.0,0.0,18.0,0.0,Low
2026-08-19,17,FAMILY MEDICINE,Family Medicine Consultation,False,False,0.0882021838737291,0,0,0,0,0.0,0.0,0.0,0.0,Closed
2026-08-19,18,FAMILY MEDICINE,Family Medicine Consultation,False,False,0.0879003652045298,0,0,0,0,0.0,0.0,0.0,0.0,Closed
2026-08-19,19,FAMILY MEDICINE,Family Medicine Consultation,False,False,0.0879003652045298,0,0,0,0,0.0,0.0,0.0,0.0,Closed
2026-08-19,20,FAMILY MEDICINE,Family Medicine Consultation,False,False,0.0879003652045298,1,0,1,1,0.0,0.0,0.0,0.0,Closed
2026-08-19,21,FAMILY MEDICINE,Family Medicine Consultation,False,False,0.0879003652045298,0,0,1,1,0.0,0.0,0.0,0.0,Closed
2026-08-19,22,FAMILY MEDICINE,Family Medicine Consultation,False,False,0.0879003652045298,0,0,1,1,0.0,0.0,0.0,0.0,Closed
2026-08-19,23,FAMILY MEDICINE,Family Medicine Consultation,False,False,0.0879003652045298,0,0,1,1,0.0,0.0,0.0,0.0,Closed
2026-08-20,0,FAMILY MEDICINE,Family Medicine Consultation,False,False,0.093680476907874,0,0,1,1,0.0,0.0,0.0,0.0,Closed
2026-08-20,1,FAMILY MEDICINE,Family Medicine Consultation,False,False,0.0922839383139078,0,0,1,1,0.0,0.0,0.0,0.0,Closed
2026-08-20,2,FAMILY MEDICINE,Family Medicine Consultation,False,False,0.0745848843335229,0,0,1,1,0.0,0.0,0.0,0.0,Closed
2026-08-20,3,FAMILY MEDICINE,Family Medicine Consultation,False,False,0.0745848843335229,1,0,2,2,0.0,0.0,0.0,0.0,Closed
2026-08-20,4,FAMILY MEDICINE,Family Medicine Consultation,False,False,0.0768342865951214,0,0,2,2,0.0,0.0,0.0,0.0,Closed
2026-08-20,5,FAMILY MEDICINE,Family Medicine Consultation,False,False,0.0538437757104371,0,0,2,2,0.0,0.0,0.0,0.0,Closed
2026-08-20,6,FAMILY MEDICINE,Family Medicine Consultation,False,False,0.1469578559257364,0,0,2,2,0.0,0.0,0.0,0.0,Closed
2026-08-20,7,FAMILY MEDICINE,Family Medicine Consultation,False,False,0.1547764874208607,0,0,2,2,0.0,0.0,0.0,0.0,Closed
2026-08-20,8,FAMILY MEDICINE,Family Medicine Consultation,False,True,0.2377530596716132,0,2,0,0,467.0,680.0,18.0,0.0,Low
2026-08-20,9,FAMILY MEDICINE,Family Medicine Consultation,False,True,0.2510311944040299,0,0,0,0,0.0,0.0,18.0,0.0,Low
2026-08-20,10,FAMILY MEDICINE,Family Medicine Consultation,False,True,0.1349325843670417,0,0,0,0,0.0,0.0,18.0,0.0,Low
2026-08-20,11,FAMILY MEDICINE,Family Medicine Consultation,False,True,0.1350201936147805,0,0,0,0,0.0,0.0,18.0,0.0,Low
2026-08-20,12,FAMILY MEDICINE,Family Medicine Consultation,False,True,0.0897792644426199,0,0,0,0,0.0,0.0,18.0,0.0,Low
2026-08-20,13,FAMILY MEDICINE,Family Medicine Consultation,False,True,0.088768953614823,0,0,0,0,0.0,0.0,18.0,0.0,Low
2026-08-20,14,FAMILY MEDICINE,Family Medicine Consultation,False,True,0.088768953614823,0,0,0,0,0.0,0.0,18.0,0.0,Low
2026-08-20,15,FAMILY MEDICINE,Family Medicine Consultation,False,True,0.088768953614823,0,0,0,0,0.0,0.0,18.0,0.0,Low
2026-08-20,16,FAMILY MEDICINE,Family Medicine Consultation,False,True,0.0857651537451244,0,0,0,0,0.0,0.0,18.0,0.0,Low
2026-08-20,17,FAMILY MEDICINE,Family Medicine Consultation,False,False,0.0730410684335856,0,0,0,0,0.0,0.0,0.0,0.0,Closed
2026-08-20,18,FAMILY MEDICINE,Family Medicine Consultation,False,False,0.0727392497643864,0,0,0,0,0.0,0.0,0.0,0.0,Closed
2026-08-20,19,FAMILY MEDICINE,Family Medicine Consultation,False,False,0.0727392497643864,0,0,0,0,0.0,0.0,0.0,0.0,Closed
2026-08-20,20,FAMILY MEDICINE,Family Medicine Consultation,False,False,0.0727392497643864,0,0,0,0,0.0,0.0,0.0,0.0,Closed
2026-08-20,21,FAMILY MEDICINE,Family Medicine Consultation,False,False,0.0727392497643864,0,0,0,0,0.0,0.0,0.0,0.0,Closed
2026-08-20,22,FAMILY MEDICINE,Family Medicine Consultation,False,False,0.0727392497643864,0,0,0,0,0.0,0.0,0.0,0.0,Closed
2026-08-20,23,FAMILY MEDICINE,Family Medicine Consultation,False,False,0.0727392497643864,0,0,0,0,0.0,0.0,0.0,0.0,Closed
2026-08-21,0,FAMILY MEDICINE,Family Medicine Consultation,False,False,0.0944827618109069,0,0,0,0,0.0,0.0,0.0,0.0,Closed
2026-08-21,1,FAMILY MEDICINE,Family Medicine Consultation,False,False,0.0930862232169408,0,0,0,0,0.0,0.0,0.0,0.0,Closed
2026-08-21,2,FAMILY MEDICINE,Family Medicine Consultation,False,False,0.0629336115898727,0,0,0,0,0.0,0.0,0.0,0.0,Closed
2026-08-21,3,FAMILY MEDICINE,Family Medicine Consultation,False,False,0.0629336115898727,0,0,0,0,0.0,0.0,0.0,0.0,Closed
2026-08-21,4,FAMILY MEDICINE,Family Medicine Consultation,False,False,0.0651830138514712,0,0,0,0,0.0,0.0,0.0,0.0,Closed
2026-08-21,5,FAMILY MEDICINE,Family Medicine Consultation,False,False,0.040917490615163,0,0,0,0,0.0,0.0,0.0,0.0,Closed
2026-08-21,6,FAMILY MEDICINE,Family Medicine Consultation,False,False,0.1340315708304623,0,0,0,0,0.0,0.0,0.0,0.0,Closed
2026-08-21,7,FAMILY MEDICINE,Family Medicine Consultation,False,False,0.1418502023255866,0,0,0,0,0.0,0.0,0.0,0.0,Closed
2026-08-21,8,FAMILY MEDICINE,Family Medicine Consultation,False,True,0.2068998513512,0,0,0,0,0.0,0.0,18.0,0.0,Low
2026-08-21,9,FAMILY MEDICINE,Family Medicine Consultation,False,True,0.2201779860836168,0,0,0,0,0.0,0.0,18.0,0.0,Low
2026-08-21,10,FAMILY MEDICINE,Family Medicine Consultation,False,True,0.1232813116233915,0,0,0,0,0.0,0.0,18.0,0.0,Low
2026-08-21,11,FAMILY MEDICINE,Family Medicine Consultation,False,True,0.1233689208711303,0,0,0,0,0.0,0.0,18.0,0.0,Low
2026-08-21,12,FAMILY MEDICINE,Family Medicine Consultation,False,True,0.0905815493456528,0,0,0,0,0.0,0.0,18.0,0.0,Low
2026-08-21,13,FAMILY MEDICINE,Family Medicine Consultation,False,True,0.0895712385178559,0,0,0,0,0.0,0.0,18.0,0.0,Low
2026-08-21,14,FAMILY MEDICINE,Family Medicine Consultation,False,True,0.0895712385178559,0,0,0,0,0.0,0.0,18.0,0.0,Low
2026-08-21,15,FAMILY MEDICINE,Family Medicine Consultation,False,True,0.0895712385178559,0,0,0,0,0.0,0.0,18.0,0.0,Low
2026-08-21,16,FAMILY MEDICINE,Family Medicine Consultation,False,True,0.0865674386481574,0,0,0,0,0.0,0.0,18.0,0.0,Low
2026-08-21,17,FAMILY MEDICINE,Family Medicine Consultation,False,False,0.0738433533366186,0,0,0,0,0.0,0.0,0.0,0.0,Closed
2026-08-21,18,FAMILY MEDICINE,Family Medicine Consultation,False,False,0.0735415346674193,0,0,0,0,0.0,0.0,0.0,0.0,Closed
2026-08-21,19,FAMILY MEDICINE,Family Medicine Consultation,False,False,0.0735415346674193,0,0,0,0,0.0,0.0,0.0,0.0,Closed
2026-08-21,20,FAMILY MEDICINE,Family Medicine Consultation,False,False,0.0735415346674193,0,0,0,0,0.0,0.0,0.0,0.0,Closed
2026-08-21,21,FAMILY MEDICINE,Family Medicine Consultation,False,False,0.0735415346674193,0,0,0,0,0.0,0.0,0.0,0.0,Closed
2026-08-21,22,FAMILY MEDICINE,Family Medicine Consultation,False,False,0.0735415346674193,0,0,0,0,0.0,0.0,0.0,0.0,Closed
2026-08-21,23,FAMILY MEDICINE,Family Medicine Consultation,False,False,0.0735415346674193,0,0,0,0,0.0,0.0,0.0,0.0,Closed
2026-08-22,0,FAMILY MEDICINE,Family Medicine Consultation,False,False,0.0704904668847808,0,0,0,0,0.0,0.0,0.0,0.0,Closed
2026-08-22,1,FAMILY MEDICINE,Family Medicine Consultation,False,False,0.0690939282908146,0,0,0,0,0.0,0.0,0.0,0.0,Closed
2026-08-22,2,FAMILY MEDICINE,Family Medicine Consultation,False,False,0.0636080568779984,0,0,0,0,0.0,0.0,0.0,0.0,Closed
2026-08-22,3,FAMILY MEDICINE,Family Medicine Consultation,False,False,0.0636080568779984,0,0,0,0,0.0,0.0,0.0,0.0,Closed
2026-08-22,4,FAMILY MEDICINE,Family Medicine Consultation,False,False,0.0658574591395967,0,0,0,0,0.0,0.0,0.0,0.0,Closed
2026-08-22,5,FAMILY MEDICINE,Family Medicine Consultation,False,False,0.0415919359032888,0,0,0,0,0.0,0.0,0.0,0.0,Closed
2026-08-22,6,FAMILY MEDICINE,Family Medicine Consultation,False,False,0.141287289613726,0,0,0,0,0.0,0.0,0.0,0.0,Closed
2026-08-22,7,FAMILY MEDICINE,Family Medicine Consultation,False,False,0.1491059211088503,0,0,0,0,0.0,0.0,0.0,0.0,Closed
2026-08-22,8,FAMILY MEDICINE,Family Medicine Consultation,False,True,0.1949506621524829,0,0,0,0,0.0,0.0,18.0,0.0,Low
2026-08-22,9,FAMILY MEDICINE,Family Medicine Consultation,False,True,0.2082287968848996,0,0,0,0,0.0,0.0,18.0,0.0,Low
2026-08-22,10,FAMILY MEDICINE,Family Medicine Consultation,False,True,0.1207590912848355,0,0,0,0,0.0,0.0,18.0,0.0,Low
2026-08-22,11,FAMILY MEDICINE,Family Medicine Consultation,False,True,0.1208467005325742,0,0,0,0,0.0,0.0,18.0,0.0,Low
2026-08-22,12,FAMILY MEDICINE,Family Medicine Consultation,False,True,0.0707402608989636,0,0,0,0,0.0,0.0,18.0,0.0,Low
2026-08-22,13,FAMILY MEDICINE,Family Medicine Consultation,False,True,0.0697299500711666,0,0,0,0,0.0,0.0,18.0,0.0,Low
2026-08-22,14,FAMILY MEDICINE,Family Medicine Consultation,False,True,0.0697299500711666,0,0,0,0,0.0,0.0,18.0,0.0,Low
2026-08-22,15,FAMILY MEDICINE,Family Medicine Consultation,False,True,0.0697299500711666,0,0,0,0,0.0,0.0,18.0,0.0,Low
2026-08-22,16,FAMILY MEDICINE,Family Medicine Consultation,False,True,0.0667261502014681,0,0,0,0,0.0,0.0,18.0,0.0,Low
2026-08-22,17,FAMILY MEDICINE,Family Medicine Consultation,False,False,0.0594956980017457,0,0,0,0,0.0,0.0,0.0,0.0,Closed
2026-08-22,18,FAMILY MEDICINE,Family Medicine Consultation,False,False,0.0591938793325464,0,0,0,0,0.0,0.0,0.0,0.0,Closed
2026-08-22,19,FAMILY MEDICINE,Family Medicine Consultation,False,False,0.0591938793325464,0,0,0,0,0.0,0.0,0.0,0.0,Closed
2026-08-22,20,FAMILY MEDICINE,Family Medicine Consultation,False,False,0.0591938793325464,0,0,0,0,0.0,0.0,0.0,0.0,Closed
2026-08-22,21,FAMILY MEDICINE,Family Medicine Consultation,False,False,0.0591938793325464,0,0,0,0,0.0,0.0,0.0,0.0,Closed
2026-08-22,22,FAMILY MEDICINE,Family Medicine Consultation,False,False,0.0591938793325464,1,0,1,1,0.0,0.0,0.0,0.0,Closed
2026-08-22,23,FAMILY MEDICINE,Family Medicine Consultation,False,False,0.0591938793325464,0,0,1,1,0.0,0.0,0.0,0.0,Closed
2026-08-23,0,FAMILY MEDICINE,Family Medicine Consultation,False,False,0.0689378097123079,1,0,2,2,0.0,0.0,0.0,0.0,Closed
2026-08-23,1,FAMILY MEDICINE,Family Medicine Consultation,False,False,0.0675412711183418,0,0,2,2,0.0,0.0,0.0,0.0,Closed
2026-08-23,2,FAMILY MEDICINE,Family Medicine Consultation,False,False,0.0620553997055256,0,0,2,2,0.0,0.0,0.0,0.0,Closed
2026-08-23,3,FAMILY MEDICINE,Family Medicine Consultation,False,False,0.0620553997055256,0,0,2,2,0.0,0.0,0.0,0.0,Closed
2026-08-23,4,FAMILY MEDICINE,Family Medicine Consultation,False,False,0.0643048019671239,0,0,2,2,0.0,0.0,0.0,0.0,Closed
2026-08-23,5,FAMILY MEDICINE,Family Medicine Consultation,False,False,0.040039278730816,0,0,2,2,0.0,0.0,0.0,0.0,Closed
2026-08-23,6,FAMILY MEDICINE,Family Medicine Consultation,False,False,0.1397346324412532,0,0,2,2,0.0,0.0,0.0,0.0,Closed
2026-08-23,7,FAMILY MEDICINE,Family Medicine Consultation,False,False,0.1475532639363775,0,0,2,2,0.0,0.0,0.0,0.0,Closed
2026-08-23,8,FAMILY MEDICINE,Family Medicine Consultation,False,True,0.19339800498001,0,2,0,0,505.0,571.0,18.0,0.0,Low
2026-08-23,9,FAMILY MEDICINE,Family Medicine Consultation,False,True,0.2066761397124268,0,0,0,0,0.0,0.0,18.0,0.0,Low
2026-08-23,10,FAMILY MEDICINE,Family Medicine Consultation,False,True,0.1192064341123627,0,0,0,0,0.0,0.0,18.0,0.0,Low
2026-08-23,11,FAMILY MEDICINE,Family Medicine Consultation,False,True,0.1192940433601014,0,0,0,0,0.0,0.0,18.0,0.0,Low
2026-08-23,12,FAMILY MEDICINE,Family Medicine Consultation,False,True,0.0691876037264907,0,0,0,0,0.0,0.0,18.0,0.0,Low
2026-08-23,13,FAMILY MEDICINE,Family Medicine Consultation,False,True,0.0681772928986938,0,0,0,0,0.0,0.0,18.0,0.0,Low
2026-08-23,14,FAMILY MEDICINE,Family Medicine Consultation,False,True,0.0681772928986938,0,0,0,0,0.0,0.0,18.0,0.0,Low
2026-08-23,15,FAMILY MEDICINE,Family Medicine Consultation,False,True,0.0681772928986938,0,0,0,0,0.0,0.0,18.0,0.0,Low
2026-08-23,16,FAMILY MEDICINE,Family Medicine Consultation,False,True,0.0651734930289953,0,0,0,0,0.0,0.0,18.0,0.0,Low
2026-08-23,17,FAMILY MEDICINE,Family Medicine Consultation,False,False,0.0581715387185617,0,0,0,0,0.0,0.0,0.0,0.0,Closed
2026-08-23,18,FAMILY MEDICINE,Family Medicine Consultation,False,False,0.0578697200493624,0,0,0,0,0.0,0.0,0.0,0.0,Closed
2026-08-23,19,FAMILY MEDICINE,Family Medicine Consultation,False,False,0.0578697200493624,0,0,0,0,0.0,0.0,0.0,0.0,Closed
2026-08-23,20,FAMILY MEDICINE,Family Medicine Consultation,False,False,0.0578697200493624,0,0,0,0,0.0,0.0,0.0,0.0,Closed
2026-08-23,21,FAMILY MEDICINE,Family Medicine Consultation,False,False,0.0578697200493624,0,0,0,0,0.0,0.0,0.0,0.0,Closed
2026-08-23,22,FAMILY MEDICINE,Family Medicine Consultation,False,False,0.0578697200493624,0,0,0,0,0.0,0.0,0.0,0.0,Closed
2026-08-23,23,FAMILY MEDICINE,Family Medicine Consultation,False,False,0.0578697200493624,0,0,0,0,0.0,0.0,0.0,0.0,Closed
2026-08-24,0,FAMILY MEDICINE,Family Medicine Consultation,False,False,0.0675814394085996,0,0,0,0,0.0,0.0,0.0,0.0,Closed
2026-08-24,1,FAMILY MEDICINE,Family Medicine Consultation,False,False,0.0661849008146335,0,0,0,0,0.0,0.0,0.0,0.0,Closed
2026-08-24,2,FAMILY MEDICINE,Family Medicine Consultation,False,False,0.0472802757037506,0,0,0,0,0.0,0.0,0.0,0.0,Closed
2026-08-24,3,FAMILY MEDICINE,Family Medicine Consultation,False,False,0.0472802757037506,0,0,0,0,0.0,0.0,0.0,0.0,Closed
2026-08-24,4,FAMILY MEDICINE,Family Medicine Consultation,False,False,0.049529677965349,0,0,0,0,0.0,0.0,0.0,0.0,Closed
2026-08-24,5,FAMILY MEDICINE,Family Medicine Consultation,False,False,0.0395416559147837,0,0,0,0,0.0,0.0,0.0,0.0,Closed
2026-08-24,6,FAMILY MEDICINE,Family Medicine Consultation,False,False,0.1430622390503608,0,0,0,0,0.0,0.0,0.0,0.0,Closed
2026-08-24,7,FAMILY MEDICINE,Family Medicine Consultation,False,False,0.1508808705454851,0,0,0,0,0.0,0.0,0.0,0.0,Closed
2026-08-24,8,FAMILY MEDICINE,Family Medicine Consultation,False,True,0.2300056550126547,1,1,0,0,0.0,0.0,18.0,5.555555555555555,Low
2026-08-24,9,FAMILY MEDICINE,Family Medicine Consultation,False,True,0.2382021290093131,0,0,0,0,0.0,0.0,18.0,0.0,Low
2026-08-24,10,FAMILY MEDICINE,Family Medicine Consultation,False,True,0.1335573258826635,0,0,0,0,0.0,0.0,18.0,0.0,Low
2026-08-24,11,FAMILY MEDICINE,Family Medicine Consultation,False,True,0.1336449351304023,0,0,0,0,0.0,0.0,18.0,0.0,Low
2026-08-24,12,FAMILY MEDICINE,Family Medicine Consultation,False,True,0.0884040059582416,1,1,0,0,0.0,0.0,18.0,5.555555555555555,Low
2026-08-24,13,FAMILY MEDICINE,Family Medicine Consultation,False,True,0.0873936951304447,0,0,0,0,0.0,0.0,18.0,0.0,Low
2026-08-24,14,FAMILY MEDICINE,Family Medicine Consultation,False,True,0.0873936951304447,0,0,0,0,0.0,0.0,18.0,0.0,Low
2026-08-24,15,FAMILY MEDICINE,Family Medicine Consultation,False,True,0.0873936951304447,0,0,0,0,0.0,0.0,18.0,0.0,Low
2026-08-24,16,FAMILY MEDICINE,Family Medicine Consultation,False,True,0.0843898952607462,0,0,0,0,0.0,0.0,18.0,0.0,Low
2026-08-24,17,FAMILY MEDICINE,Family Medicine Consultation,False,False,0.0716658099492073,0,0,0,0,0.0,0.0,0.0,0.0,Closed
2026-08-24,18,FAMILY MEDICINE,Family Medicine Consultation,False,False,0.071363991280008,0,0,0,0,0.0,0.0,0.0,0.0,Closed
2026-08-24,19,FAMILY MEDICINE,Family Medicine Consultation,False,False,0.071363991280008,0,0,0,0,0.0,0.0,0.0,0.0,Closed
2026-08-24,20,FAMILY MEDICINE,Family Medicine Consultation,False,False,0.071363991280008,0,0,0,0,0.0,0.0,0.0,0.0,Closed
2026-08-24,21,FAMILY MEDICINE,Family Medicine Consultation,False,False,0.071363991280008,0,0,0,0,0.0,0.0,0.0,0.0,Closed
2026-08-24,22,FAMILY MEDICINE,Family Medicine Consultation,False,False,0.071363991280008,0,0,0,0,0.0,0.0,0.0,0.0,Closed
2026-08-24,23,FAMILY MEDICINE,Family Medicine Consultation,False,False,0.071363991280008,0,0,0,0,0.0,0.0,0.0,0.0,Closed
2026-08-25,0,FAMILY MEDICINE,Family Medicine Consultation,False,False,0.0754550668473461,0,0,0,0,0.0,0.0,0.0,0.0,Closed
2026-08-25,1,FAMILY MEDICINE,Family Medicine Consultation,False,False,0.07405852825338,0,0,0,0,0.0,0.0,0.0,0.0,Closed
2026-08-25,2,FAMILY MEDICINE,Family Medicine Consultation,False,False,0.055153903142497,0,0,0,0,0.0,0.0,0.0,0.0,Closed
2026-08-25,3,FAMILY MEDICINE,Family Medicine Consultation,False,False,0.055153903142497,0,0,0,0,0.0,0.0,0.0,0.0,Closed
2026-08-25,4,FAMILY MEDICINE,Family Medicine Consultation,False,False,0.0574033054040954,0,0,0,0,0.0,0.0,0.0,0.0,Closed
2026-08-25,5,FAMILY MEDICINE,Family Medicine Consultation,False,False,0.0474152833535301,0,0,0,0,0.0,0.0,0.0,0.0,Closed
2026-08-25,6,FAMILY MEDICINE,Family Medicine Consultation,False,False,0.1509358664891073,1,0,1,1,0.0,0.0,0.0,0.0,Closed
2026-08-25,7,FAMILY MEDICINE,Family Medicine Consultation,False,False,0.1587544979842316,0,0,1,1,0.0,0.0,0.0,0.0,Closed
2026-08-25,8,FAMILY MEDICINE,Family Medicine Consultation,False,True,0.2378792824514014,0,1,0,0,106.0,106.0,18.0,0.0,Low
2026-08-25,9,FAMILY MEDICINE,Family Medicine Consultation,False,True,0.2357966756104973,1,1,0,0,0.0,0.0,18.0,5.555555555555555,Low
2026-08-25,10,FAMILY MEDICINE,Family Medicine Consultation,False,True,0.1311518724838478,0,0,0,0,0.0,0.0,18.0,0.0,Low
2026-08-25,11,FAMILY MEDICINE,Family Medicine Consultation,False,True,0.1312394817315866,1,1,0,0,0.0,0.0,18.0,5.555555555555555,Low
2026-08-25,12,FAMILY MEDICINE,Family Medicine Consultation,False,True,0.0859985525594259,0,0,0,0,0.0,0.0,18.0,0.0,Low
2026-08-25,13,FAMILY MEDICINE,Family Medicine Consultation,False,True,0.084988241731629,1,1,0,0,0.0,0.0,18.0,5.555555555555555,Low
2026-08-25,14,FAMILY MEDICINE,Family Medicine Consultation,False,True,0.084988241731629,0,0,0,0,0.0,0.0,18.0,0.0,Low
2026-08-25,15,FAMILY MEDICINE,Family Medicine Consultation,False,True,0.084988241731629,0,0,0,0,0.0,0.0,18.0,0.0,Low
2026-08-25,16,FAMILY MEDICINE,Family Medicine Consultation,False,True,0.0819844418619305,1,1,0,0,0.0,0.0,18.0,5.555555555555555,Low
2026-08-25,17,FAMILY MEDICINE,Family Medicine Consultation,False,False,0.0692603565503916,0,0,0,0,0.0,0.0,0.0,0.0,Closed
2026-08-25,18,FAMILY MEDICINE,Family Medicine Consultation,False,False,0.0689585378811923,0,0,0,0,0.0,0.0,0.0,0.0,Closed
2026-08-25,19,FAMILY MEDICINE,Family Medicine Consultation,False,False,0.0689585378811923,0,0,0,0,0.0,0.0,0.0,0.0,Closed
2026-08-25,20,FAMILY MEDICINE,Family Medicine Consultation,False,False,0.0689585378811923,0,0,0,0,0.0,0.0,0.0,0.0,Closed
2026-08-25,21,FAMILY MEDICINE,Family Medicine Consultation,False,False,0.0689585378811923,0,0,0,0,0.0,0.0,0.0,0.0,Closed
2026-08-25,22,FAMILY MEDICINE,Family Medicine Consultation,False,False,0.0689585378811923,0,0,0,0,0.0,0.0,0.0,0.0,Closed
2026-08-25,23,FAMILY MEDICINE,Family Medicine Consultation,False,False,0.0689585378811923,0,0,0,0,0.0,0.0,0.0,0.0,Closed
2026-08-26,0,FAMILY MEDICINE,Family Medicine Consultation,False,False,0.1392648968272275,0,0,0,0,0.0,0.0,0.0,0.0,Closed
2026-08-19,1,GENERAL OPD,General Consultation,False,False,14.860156418113789,18,0,18,18,0.0,0.0,0.0,0.0,Closed
2026-08-19,2,GENERAL OPD,General Consultation,False,False,15.920413545903443,23,0,41,41,0.0,0.0,0.0,0.0,Closed
2026-08-19,3,GENERAL OPD,General Consultation,False,False,16.546626429650857,12,0,53,53,0.0,0.0,0.0,0.0,Closed
2026-08-19,4,GENERAL OPD,General Consultation,False,False,18.925233296985542,17,0,70,70,0.0,0.0,0.0,0.0,Closed
2026-08-19,5,GENERAL OPD,General Consultation,False,False,19.164699277129948,17,0,87,87,0.0,0.0,0.0,0.0,Closed
2026-08-19,6,GENERAL OPD,General Consultation,False,False,18.860726997926577,18,0,105,105,0.0,0.0,0.0,0.0,Closed
2026-08-19,7,GENERAL OPD,General Consultation,False,False,20.80559993798721,18,0,123,123,0.0,0.0,0.0,0.0,Closed
2026-08-19,8,GENERAL OPD,General Consultation,False,True,24.369553976200425,25,36,112,112,386.52777777777777,415.0,36.0,69.44444444444444,Critical
2026-08-19,9,GENERAL OPD,General Consultation,False,True,26.65548874213804,26,36,102,102,325.55555555555554,371.0,36.0,72.22222222222221,Critical
2026-08-19,10,GENERAL OPD,General Consultation,False,True,16.94802574277739,14,36,80,80,255.77777777777777,289.0,36.0,38.88888888888889,Critical
2026-08-19,11,GENERAL OPD,General Consultation,False,True,12.977765987783366,16,36,60,60,200.97222222222223,226.0,36.0,44.44444444444444,Critical
2026-08-19,12,GENERAL OPD,General Consultation,False,True,9.34399623866359,8,36,32,32,170.22222222222223,192.0,36.0,22.22222222222222,Moderate
2026-08-19,13,GENERAL OPD,General Consultation,False,True,5.952294008524163,6,36,2,2,102.38888888888889,153.0,36.0,16.666666666666664,Moderate
2026-08-19,14,GENERAL OPD,General Consultation,False,True,4.777350890376843,3,5,0,0,2.6,10.0,36.0,8.333333333333332,Low
2026-08-19,15,GENERAL OPD,General Consultation,False,True,4.180763787319245,5,5,0,0,0.0,0.0,36.0,13.88888888888889,Low
2026-08-19,16,GENERAL OPD,General Consultation,False,True,3.376532236734228,1,1,0,0,0.0,0.0,36.0,2.7777777777777777,Low
2026-08-19,17,GENERAL OPD,General Consultation,False,False,2.073603152957047,4,0,4,4,0.0,0.0,0.0,0.0,Closed
2026-08-19,18,GENERAL OPD,General Consultation,False,False,1.6034131000968976,1,0,5,5,0.0,0.0,0.0,0.0,Closed
2026-08-19,19,GENERAL OPD,General Consultation,False,False,1.1364505365921873,0,0,5,5,0.0,0.0,0.0,0.0,Closed
2026-08-19,20,GENERAL OPD,General Consultation,False,False,1.133822976061512,3,0,8,8,0.0,0.0,0.0,0.0,Closed
2026-08-19,21,GENERAL OPD,General Consultation,False,False,0.9482891636986402,1,0,9,9,0.0,0.0,0.0,0.0,Closed
2026-08-19,22,GENERAL OPD,General Consultation,False,False,0.7350826777732964,2,0,11,11,0.0,0.0,0.0,0.0,Closed
2026-08-19,23,GENERAL OPD,General Consultation,False,False,0.6791756623850369,1,0,12,12,0.0,0.0,0.0,0.0,Closed
2026-08-20,0,GENERAL OPD,General Consultation,False,False,0.6100177283309679,0,0,12,12,0.0,0.0,0.0,0.0,Closed
2026-08-20,1,GENERAL OPD,General Consultation,False,False,0.3678632981197434,0,0,12,12,0.0,0.0,0.0,0.0,Closed
2026-08-20,2,GENERAL OPD,General Consultation,False,False,0.2833425709483443,1,0,13,13,0.0,0.0,0.0,0.0,Closed
2026-08-20,3,GENERAL OPD,General Consultation,False,False,0.2965334280249616,0,0,13,13,0.0,0.0,0.0,0.0,Closed
2026-08-20,4,GENERAL OPD,General Consultation,False,False,0.3068594460851593,0,0,13,13,0.0,0.0,0.0,0.0,Closed
2026-08-20,5,GENERAL OPD,General Consultation,False,False,1.3746989400016194,1,0,14,14,0.0,0.0,0.0,0.0,Closed
2026-08-20,6,GENERAL OPD,General Consultation,False,False,3.953502653149519,4,0,18,18,0.0,0.0,0.0,0.0,Closed
2026-08-20,7,GENERAL OPD,General Consultation,False,False,12.222319879011488,14,0,32,32,0.0,0.0,0.0,0.0,Closed
2026-08-20,8,GENERAL OPD,General Consultation,False,True,20.29093784548786,14,36,10,10,299.6388888888889,878.0,36.0,38.88888888888889,Moderate
2026-08-20,9,GENERAL OPD,General Consultation,False,True,21.100726783267625,29,36,3,3,11.27777777777778,37.0,36.0,80.55555555555556,Moderate
2026-08-20,10,GENERAL OPD,General Consultation,False,True,15.092097937547493,19,22,0,0,0.8181818181818182,10.0,36.0,52.77777777777778,Low
2026-08-20,11,GENERAL OPD,General Consultation,False,True,13.75623190515707,11,11,0,0,0.0,0.0,36.0,30.55555555555556,Low
2026-08-20,12,GENERAL OPD,General Consultation,False,True,8.931896665864953,7,7,0,0,0.0,0.0,36.0,19.444444444444446,Low
2026-08-20,13,GENERAL OPD,General Consultation,False,True,5.302740763880321,4,4,0,0,0.0,0.0,36.0,11.11111111111111,Low
2026-08-20,14,GENERAL OPD,General Consultation,False,True,4.510622783100899,2,2,0,0,0.0,0.0,36.0,5.555555555555555,Low
2026-08-20,15,GENERAL OPD,General Consultation,False,True,3.7668025464380928,3,3,0,0,0.0,0.0,36.0,8.333333333333332,Low
2026-08-20,16,GENERAL OPD,General Consultation,False,True,3.298545601951726,3,3,0,0,0.0,0.0,36.0,8.333333333333332,Low
2026-08-20,17,GENERAL OPD,General Consultation,False,False,2.0323361266029987,7,0,7,7,0.0,0.0,0.0,0.0,Closed
2026-08-20,18,GENERAL OPD,General Consultation,False,False,1.485927798117867,1,0,8,8,0.0,0.0,0.0,0.0,Closed
2026-08-20,19,GENERAL OPD,General Consultation,False,False,1.1054290687789672,0,0,8,8,0.0,0.0,0.0,0.0,Closed
2026-08-20,20,GENERAL OPD,General Consultation,False,False,1.0803877296718167,0,0,8,8,0.0,0.0,0.0,0.0,Closed
2026-08-20,21,GENERAL OPD,General Consultation,False,False,0.9164740850226276,1,0,9,9,0.0,0.0,0.0,0.0,Closed
2026-08-20,22,GENERAL OPD,General Consultation,False,False,0.7079213224782018,0,0,9,9,0.0,0.0,0.0,0.0,Closed
2026-08-20,23,GENERAL OPD,General Consultation,False,False,0.6592384673339537,0,0,9,9,0.0,0.0,0.0,0.0,Closed
2026-08-21,0,GENERAL OPD,General Consultation,False,False,0.5976150156139595,0,0,9,9,0.0,0.0,0.0,0.0,Closed
2026-08-21,1,GENERAL OPD,General Consultation,False,False,0.3554605854027349,0,0,9,9,0.0,0.0,0.0,0.0,Closed
2026-08-21,2,GENERAL OPD,General Consultation,False,False,0.2709398582313358,0,0,9,9,0.0,0.0,0.0,0.0,Closed
2026-08-21,3,GENERAL OPD,General Consultation,False,False,0.284130715307953,0,0,9,9,0.0,0.0,0.0,0.0,Closed
2026-08-21,4,GENERAL OPD,General Consultation,False,False,0.2944567333681507,0,0,9,9,0.0,0.0,0.0,0.0,Closed
2026-08-21,5,GENERAL OPD,General Consultation,False,False,1.2378471574357004,3,0,12,12,0.0,0.0,0.0,0.0,Closed
2026-08-21,6,GENERAL OPD,General Consultation,False,False,3.790432693070031,6,0,18,18,0.0,0.0,0.0,0.0,Closed
2026-08-21,7,GENERAL OPD,General Consultation,False,False,11.60014201081544,13,0,31,31,0.0,0.0,0.0,0.0,Closed
2026-08-21,8,GENERAL OPD,General Consultation,False,True,18.635941493579963,20,36,15,15,266.19444444444446,895.0,36.0,55.55555555555556,Moderate
2026-08-21,9,GENERAL OPD,General Consultation,False,True,18.15742247700276,18,33,0,0,17.96969696969697,50.0,36.0,50.0,Low
2026-08-21,10,GENERAL OPD,General Consultation,False,True,14.745196138845444,18,18,0,0,0.0,0.0,36.0,50.0,Low
2026-08-21,11,GENERAL OPD,General Consultation,False,True,12.066287461413186,11,11,0,0,0.0,0.0,36.0,30.55555555555556,Low
2026-08-21,12,GENERAL OPD,General Consultation,False,True,8.46835199992155,9,9,0,0,0.0,0.0,36.0,25.0,Low
2026-08-21,13,GENERAL OPD,General Consultation,False,True,5.229920617390608,7,7,0,0,0.0,0.0,36.0,19.444444444444446,Low
2026-08-21,14,GENERAL OPD,General Consultation,False,True,4.395005365439556,3,3,0,0,0.0,0.0,36.0,8.333333333333332,Low
2026-08-21,15,GENERAL OPD,General Consultation,False,True,3.5082890505089925,2,2,0,0,0.0,0.0,36.0,5.555555555555555,Low
2026-08-21,16,GENERAL OPD,General Consultation,False,True,3.093701877901543,1,1,0,0,0.0,0.0,36.0,2.7777777777777777,Low
2026-08-21,17,GENERAL OPD,General Consultation,False,False,2.011048347838697,0,0,0,0,0.0,0.0,0.0,0.0,Closed
2026-08-21,18,GENERAL OPD,General Consultation,False,False,1.4710720978337162,2,0,2,2,0.0,0.0,0.0,0.0,Closed
2026-08-21,19,GENERAL OPD,General Consultation,False,False,1.0905733684948165,0,0,2,2,0.0,0.0,0.0,0.0,Closed
2026-08-21,20,GENERAL OPD,General Consultation,False,False,1.065532029387666,4,0,6,6,0.0,0.0,0.0,0.0,Closed
2026-08-21,21,GENERAL OPD,General Consultation,False,False,0.9016183847384768,0,0,6,6,0.0,0.0,0.0,0.0,Closed
2026-08-21,22,GENERAL OPD,General Consultation,False,False,0.7063642434559195,1,0,7,7,0.0,0.0,0.0,0.0,Closed
2026-08-21,23,GENERAL OPD,General Consultation,False,False,0.6576813883116714,2,0,9,9,0.0,0.0,0.0,0.0,Closed
2026-08-22,0,GENERAL OPD,General Consultation,False,False,0.539124639411339,0,0,9,9,0.0,0.0,0.0,0.0,Closed
2026-08-22,1,GENERAL OPD,General Consultation,False,False,0.3632062643817725,0,0,9,9,0.0,0.0,0.0,0.0,Closed
2026-08-22,2,GENERAL OPD,General Consultation,False,False,0.1986173170071248,0,0,9,9,0.0,0.0,0.0,0.0,Closed
2026-08-22,3,GENERAL OPD,General Consultation,False,False,0.1797543558895372,1,0,10,10,0.0,0.0,0.0,0.0,Closed
2026-08-22,4,GENERAL OPD,General Consultation,False,False,0.1797543558895372,0,0,10,10,0.0,0.0,0.0,0.0,Closed
2026-08-22,5,GENERAL OPD,General Consultation,False,False,0.2639148006506852,0,0,10,10,0.0,0.0,0.0,0.0,Closed
2026-08-22,6,GENERAL OPD,General Consultation,False,False,1.3161424683799208,2,0,12,12,0.0,0.0,0.0,0.0,Closed
2026-08-22,7,GENERAL OPD,General Consultation,False,False,3.0705586311322426,4,0,16,16,0.0,0.0,0.0,0.0,Closed
2026-08-22,8,GENERAL OPD,General Consultation,False,True,4.227150066473808,6,22,0,0,308.04545454545456,840.0,36.0,16.666666666666664,Low
2026-08-22,9,GENERAL OPD,General Consultation,False,True,4.761593875926742,2,2,0,0,0.0,0.0,36.0,5.555555555555555,Low
2026-08-22,10,GENERAL OPD,General Consultation,False,True,4.825297504454471,5,5,0,0,0.0,0.0,36.0,13.88888888888889,Low
2026-08-22,11,GENERAL OPD,General Consultation,False,True,5.1759585154964665,3,3,0,0,0.0,0.0,36.0,8.333333333333332,Low
2026-08-22,12,GENERAL OPD,General Consultation,False,True,3.747829207587608,6,6,0,0,0.0,0.0,36.0,16.666666666666664,Low
2026-08-22,13,GENERAL OPD,General Consultation,False,True,3.1376360182471523,6,6,0,0,0.0,0.0,36.0,16.666666666666664,Low
2026-08-22,14,GENERAL OPD,General Consultation,False,True,2.864861062261133,2,2,0,0,0.0,0.0,36.0,5.555555555555555,Low
2026-08-22,15,GENERAL OPD,General Consultation,False,True,2.6864431256516914,1,1,0,0,0.0,0.0,36.0,2.7777777777777777,Low
2026-08-22,16,GENERAL OPD,General Consultation,False,True,2.294809998139727,2,2,0,0,0.0,0.0,36.0,5.555555555555555,Low
2026-08-22,17,GENERAL OPD,General Consultation,False,False,1.7416117679097294,2,0,2,2,0.0,0.0,0.0,0.0,Closed
2026-08-22,18,GENERAL OPD,General Consultation,False,False,1.120710646718667,0,0,2,2,0.0,0.0,0.0,0.0,Closed
2026-08-22,19,GENERAL OPD,General Consultation,False,False,1.0930873422910805,3,0,5,5,0.0,0.0,0.0,0.0,Closed
2026-08-22,20,GENERAL OPD,General Consultation,False,False,0.9691710121561052,1,0,6,6,0.0,0.0,0.0,0.0,Closed
2026-08-22,21,GENERAL OPD,General Consultation,False,False,0.762409729489314,1,0,7,7,0.0,0.0,0.0,0.0,Closed
2026-08-22,22,GENERAL OPD,General Consultation,False,False,0.6932486635526146,1,0,8,8,0.0,0.0,0.0,0.0,Closed
2026-08-22,23,GENERAL OPD,General Consultation,False,False,0.6212582404803445,0,0,8,8,0.0,0.0,0.0,0.0,Closed
2026-08-23,0,GENERAL OPD,General Consultation,False,False,0.52163900772481,2,0,10,10,0.0,0.0,0.0,0.0,Closed
2026-08-23,1,GENERAL OPD,General Consultation,False,False,0.3245168058975798,1,0,11,11,0.0,0.0,0.0,0.0,Closed
2026-08-23,2,GENERAL OPD,General Consultation,False,False,0.1813556664924368,0,0,11,11,0.0,0.0,0.0,0.0,Closed
2026-08-23,3,GENERAL OPD,General Consultation,False,False,0.1387184144277697,0,0,11,11,0.0,0.0,0.0,0.0,Closed
2026-08-23,4,GENERAL OPD,General Consultation,False,False,0.1387184144277697,0,0,11,11,0.0,0.0,0.0,0.0,Closed
2026-08-23,5,GENERAL OPD,General Consultation,False,False,0.2228788591889175,0,0,11,11,0.0,0.0,0.0,0.0,Closed
2026-08-23,6,GENERAL OPD,General Consultation,False,False,1.0561547567367957,1,0,12,12,0.0,0.0,0.0,0.0,Closed
2026-08-23,7,GENERAL OPD,General Consultation,False,False,1.550861706107478,0,0,12,12,0.0,0.0,0.0,0.0,Closed
2026-08-23,8,GENERAL OPD,General Consultation,False,True,2.701717306145674,1,13,0,0,563.8461538461538,886.0,36.0,2.7777777777777777,Low
2026-08-23,9,GENERAL OPD,General Consultation,False,True,2.690357879626704,3,3,0,0,0.0,0.0,36.0,8.333333333333332,Low
2026-08-23,10,GENERAL OPD,General Consultation,False,True,2.935494424255659,5,5,0,0,0.0,0.0,36.0,13.88888888888889,Low
2026-08-23,11,GENERAL OPD,General Consultation,False,True,3.168054390066765,6,6,0,0,0.0,0.0,36.0,16.666666666666664,Low
2026-08-23,12,GENERAL OPD,General Consultation,False,True,3.146865407789903,2,2,0,0,0.0,0.0,36.0,5.555555555555555,Low
2026-08-23,13,GENERAL OPD,General Consultation,False,True,2.5570465272050624,3,3,0,0,0.0,0.0,36.0,8.333333333333332,Low
2026-08-23,14,GENERAL OPD,General Consultation,False,True,2.3942576271827,0,0,0,0,0.0,0.0,36.0,0.0,Low
2026-08-23,15,GENERAL OPD,General Consultation,False,True,2.28438995877288,3,3,0,0,0.0,0.0,36.0,8.333333333333332,Low
2026-08-23,16,GENERAL OPD,General Consultation,False,True,1.8892012350691856,4,4,0,0,0.0,0.0,36.0,11.11111111111111,Low
2026-08-23,17,GENERAL OPD,General Consultation,False,False,1.5319844626911263,4,0,4,4,0.0,0.0,0.0,0.0,Closed
2026-08-23,18,GENERAL OPD,General Consultation,False,False,1.1919058663865456,4,0,8,8,0.0,0.0,0.0,0.0,Closed
2026-08-23,19,GENERAL OPD,General Consultation,False,False,1.0727581370360115,1,0,9,9,0.0,0.0,0.0,0.0,Closed
2026-08-23,20,GENERAL OPD,General Consultation,False,False,0.9488418069010368,0,0,9,9,0.0,0.0,0.0,0.0,Closed
2026-08-23,21,GENERAL OPD,General Consultation,False,False,0.7477395974815466,1,0,10,10,0.0,0.0,0.0,0.0,Closed
2026-08-23,22,GENERAL OPD,General Consultation,False,False,0.6874988707696457,0,0,10,10,0.0,0.0,0.0,0.0,Closed
2026-08-23,23,GENERAL OPD,General Consultation,False,False,0.6123549704762651,1,0,11,11,0.0,0.0,0.0,0.0,Closed
2026-08-24,0,GENERAL OPD,General Consultation,False,False,0.6683567346447001,1,0,12,12,0.0,0.0,0.0,0.0,Closed
2026-08-24,1,GENERAL OPD,General Consultation,False,False,0.4201578608093826,2,0,14,14,0.0,0.0,0.0,0.0,Closed
2026-08-24,2,GENERAL OPD,General Consultation,False,False,0.3651292903901981,0,0,14,14,0.0,0.0,0.0,0.0,Closed
2026-08-24,3,GENERAL OPD,General Consultation,False,False,0.3997124733745522,0,0,14,14,0.0,0.0,0.0,0.0,Closed
2026-08-24,4,GENERAL OPD,General Consultation,False,False,0.5415846841581714,0,0,14,14,0.0,0.0,0.0,0.0,Closed
2026-08-24,5,GENERAL OPD,General Consultation,False,False,1.9015584619570352,6,0,20,20,0.0,0.0,0.0,0.0,Closed
2026-08-24,6,GENERAL OPD,General Consultation,False,False,5.553292639156625,1,0,21,21,0.0,0.0,0.0,0.0,Closed
2026-08-24,7,GENERAL OPD,General Consultation,False,False,12.710945122789203,15,0,36,36,0.0,0.0,0.0,0.0,Closed
2026-08-24,8,GENERAL OPD,General Consultation,False,True,21.79104120433723,23,36,23,23,332.5,870.0,36.0,63.888888888888886,Moderate
2026-08-24,9,GENERAL OPD,General Consultation,False,True,23.78721501910903,27,36,14,14,40.0,55.0,36.0,75.0,Moderate
2026-08-24,10,GENERAL OPD,General Consultation,False,True,15.277304648586735,16,30,0,0,13.8,37.0,36.0,44.44444444444444,Low
2026-08-24,11,GENERAL OPD,General Consultation,False,True,13.55409000123719,11,11,0,0,0.0,0.0,36.0,30.55555555555556,Low
2026-08-24,12,GENERAL OPD,General Consultation,False,True,9.49456256561952,15,15,0,0,0.0,0.0,36.0,41.66666666666667,Low
2026-08-24,13,GENERAL OPD,General Consultation,False,True,5.792693962885477,2,2,0,0,0.0,0.0,36.0,5.555555555555555,Low
2026-08-24,14,GENERAL OPD,General Consultation,False,True,5.052170008811383,3,3,0,0,0.0,0.0,36.0,8.333333333333332,Low
2026-08-24,15,GENERAL OPD,General Consultation,False,True,4.277099473369753,1,1,0,0,0.0,0.0,36.0,2.7777777777777777,Low
2026-08-24,16,GENERAL OPD,General Consultation,False,True,3.502458378641029,1,1,0,0,0.0,0.0,36.0,2.7777777777777777,Low
2026-08-24,17,GENERAL OPD,General Consultation,False,False,2.058010507099495,2,0,2,2,0.0,0.0,0.0,0.0,Closed
2026-08-24,18,GENERAL OPD,General Consultation,False,False,1.6820515312127542,2,0,4,4,0.0,0.0,0.0,0.0,Closed
2026-08-24,19,GENERAL OPD,General Consultation,False,False,1.1761969595191737,0,0,4,4,0.0,0.0,0.0,0.0,Closed
2026-08-24,20,GENERAL OPD,General Consultation,False,False,1.1412121884057334,2,0,6,6,0.0,0.0,0.0,0.0,Closed
2026-08-24,21,GENERAL OPD,General Consultation,False,False,0.984243454236779,1,0,7,7,0.0,0.0,0.0,0.0,Closed
2026-08-24,22,GENERAL OPD,General Consultation,False,False,0.7514861216020783,1,0,8,8,0.0,0.0,0.0,0.0,Closed
2026-08-24,23,GENERAL OPD,General Consultation,False,False,0.6955791062138188,0,0,8,8,0.0,0.0,0.0,0.0,Closed
2026-08-25,0,GENERAL OPD,General Consultation,False,False,0.6808001760009409,0,0,8,8,0.0,0.0,0.0,0.0,Closed
2026-08-25,1,GENERAL OPD,General Consultation,False,False,0.4341162759878516,1,0,9,9,0.0,0.0,0.0,0.0,Closed
2026-08-25,2,GENERAL OPD,General Consultation,False,False,0.3483899776859545,0,0,9,9,0.0,0.0,0.0,0.0,Closed
2026-08-25,3,GENERAL OPD,General Consultation,False,False,0.3718243603394894,0,0,9,9,0.0,0.0,0.0,0.0,Closed
2026-08-25,4,GENERAL OPD,General Consultation,False,False,0.4277644336231684,0,0,9,9,0.0,0.0,0.0,0.0,Closed
2026-08-25,5,GENERAL OPD,General Consultation,False,False,1.6351798271985958,1,0,10,10,0.0,0.0,0.0,0.0,Closed
2026-08-25,6,GENERAL OPD,General Consultation,False,False,4.48316380875357,2,0,12,12,0.0,0.0,0.0,0.0,Closed
2026-08-25,7,GENERAL OPD,General Consultation,False,False,12.67676016209837,14,0,26,26,0.0,0.0,0.0,0.0,Closed
2026-08-25,8,GENERAL OPD,General Consultation,False,True,21.455858223410388,19,36,9,9,214.47222222222223,876.0,36.0,52.77777777777778,Moderate
2026-08-25,9,GENERAL OPD,General Consultation,False,True,22.214657704150547,17,26,0,0,10.26923076923077,36.0,36.0,47.22222222222222,Low
2026-08-25,10,GENERAL OPD,General Consultation,False,True,14.999867204211508,11,11,0,0,0.0,0.0,36.0,30.55555555555556,Low
2026-08-25,11,GENERAL OPD,General Consultation,False,True,14.683670406854638,15,15,0,0,0.0,0.0,36.0,41.66666666666667,Low
2026-08-25,12,GENERAL OPD,General Consultation,False,True,9.777152702258904,14,14,0,0,0.0,0.0,36.0,38.88888888888889,Low
2026-08-25,13,GENERAL OPD,General Consultation,False,True,6.0765218662252005,6,6,0,0,0.0,0.0,36.0,16.666666666666664,Low
2026-08-25,14,GENERAL OPD,General Consultation,False,True,5.082431557798309,6,6,0,0,0.0,0.0,36.0,16.666666666666664,Low
2026-08-25,15,GENERAL OPD,General Consultation,False,True,4.40658721486569,3,3,0,0,0.0,0.0,36.0,8.333333333333332,Low
2026-08-25,16,GENERAL OPD,General Consultation,False,True,3.488807087623361,5,5,0,0,0.0,0.0,36.0,13.88888888888889,Low
2026-08-25,17,GENERAL OPD,General Consultation,False,False,2.0792275742756376,2,0,2,2,0.0,0.0,0.0,0.0,Closed
2026-08-25,18,GENERAL OPD,General Consultation,False,False,1.63702017391755,1,0,3,3,0.0,0.0,0.0,0.0,Closed
2026-08-25,19,GENERAL OPD,General Consultation,False,False,1.1700576104128395,1,0,4,4,0.0,0.0,0.0,0.0,Closed
2026-08-25,20,GENERAL OPD,General Consultation,False,False,1.142759042917275,1,0,5,5,0.0,0.0,0.0,0.0,Closed
2026-08-25,21,GENERAL OPD,General Consultation,False,False,0.9825264832431296,2,0,7,7,0.0,0.0,0.0,0.0,Closed
2026-08-25,22,GENERAL OPD,General Consultation,False,False,0.7497691506084291,0,0,7,7,0.0,0.0,0.0,0.0,Closed
2026-08-25,23,GENERAL OPD,General Consultation,False,False,0.6938621352201696,1,0,8,8,0.0,0.0,0.0,0.0,Closed
2026-08-26,0,GENERAL OPD,General Consultation,False,False,0.6585408033479294,0,0,8,8,0.0,0.0,0.0,0.0,Closed
2026-08-19,1,Gen Surg OPD,Surgical Consultation,False,False,0.1921297053389657,0,0,0,0,0.0,0.0,0.0,0.0,Closed
2026-08-19,2,Gen Surg OPD,Surgical Consultation,False,False,0.2019040645967251,0,0,0,0,0.0,0.0,0.0,0.0,Closed
2026-08-19,3,Gen Surg OPD,Surgical Consultation,False,False,0.2054893955894842,1,0,1,1,0.0,0.0,0.0,0.0,Closed
2026-08-19,4,Gen Surg OPD,Surgical Consultation,False,False,0.1044598743387757,1,0,2,2,0.0,0.0,0.0,0.0,Closed
2026-08-19,5,Gen Surg OPD,Surgical Consultation,False,False,0.1406165503711623,0,0,2,2,0.0,0.0,0.0,0.0,Closed
2026-08-19,6,Gen Surg OPD,Surgical Consultation,False,False,0.2663398301309505,0,0,2,2,0.0,0.0,0.0,0.0,Closed
2026-08-19,7,Gen Surg OPD,Surgical Consultation,False,False,0.8035482281812084,1,0,3,3,0.0,0.0,0.0,0.0,Closed
2026-08-19,8,Gen Surg OPD,Surgical Consultation,False,True,1.1617933153854425,2,5,0,0,114.6,288.0,18.0,11.11111111111111,Low
2026-08-19,9,Gen Surg OPD,Surgical Consultation,False,True,1.1319583635105146,1,1,0,0,0.0,0.0,18.0,5.555555555555555,Low
2026-08-19,10,Gen Surg OPD,Surgical Consultation,False,True,0.7477659376596918,2,2,0,0,0.0,0.0,18.0,11.11111111111111,Low
2026-08-19,11,Gen Surg OPD,Surgical Consultation,False,True,0.6556385790642927,3,3,0,0,0.0,0.0,18.0,16.666666666666664,Low
2026-08-19,12,Gen Surg OPD,Surgical Consultation,False,True,0.5245163704347382,0,0,0,0,0.0,0.0,18.0,0.0,Low
2026-08-19,13,Gen Surg OPD,Surgical Consultation,False,True,0.3457983853319789,0,0,0,0,0.0,0.0,18.0,0.0,Low
2026-08-19,14,Gen Surg OPD,Surgical Consultation,False,True,0.3457983853319789,2,2,0,0,0.0,0.0,18.0,11.11111111111111,Low
2026-08-19,15,Gen Surg OPD,Surgical Consultation,False,True,0.2761660919653234,0,0,0,0,0.0,0.0,18.0,0.0,Low
2026-08-19,16,Gen Surg OPD,Surgical Consultation,False,True,0.2598833257797961,0,0,0,0,0.0,0.0,18.0,0.0,Low
2026-08-19,17,Gen Surg OPD,Surgical Consultation,False,False,0.1813978837309595,0,0,0,0,0.0,0.0,0.0,0.0,Closed
2026-08-19,18,Gen Surg OPD,Surgical Consultation,False,False,0.1604466177201079,0,0,0,0,0.0,0.0,0.0,0.0,Closed
2026-08-19,19,Gen Surg OPD,Surgical Consultation,False,False,0.1604466177201079,0,0,0,0,0.0,0.0,0.0,0.0,Closed
2026-08-19,20,Gen Surg OPD,Surgical Consultation,False,False,0.1604466177201079,0,0,0,0,0.0,0.0,0.0,0.0,Closed
2026-08-19,21,Gen Surg OPD,Surgical Consultation,False,False,0.1406715184299434,0,0,0,0,0.0,0.0,0.0,0.0,Closed
2026-08-19,22,Gen Surg OPD,Surgical Consultation,False,False,0.135440158203505,0,0,0,0,0.0,0.0,0.0,0.0,Closed
2026-08-19,23,Gen Surg OPD,Surgical Consultation,False,False,0.135440158203505,0,0,0,0,0.0,0.0,0.0,0.0,Closed
2026-08-20,0,Gen Surg OPD,Surgical Consultation,False,False,0.1709367759390513,0,0,0,0,0.0,0.0,0.0,0.0,Closed
2026-08-20,1,Gen Surg OPD,Surgical Consultation,False,False,0.1146148468811592,0,0,0,0,0.0,0.0,0.0,0.0,Closed
2026-08-20,2,Gen Surg OPD,Surgical Consultation,False,False,0.1075970117485604,0,0,0,0,0.0,0.0,0.0,0.0,Closed
2026-08-20,3,Gen Surg OPD,Surgical Consultation,False,False,0.100938817164402,0,0,0,0,0.0,0.0,0.0,0.0,Closed
2026-08-20,4,Gen Surg OPD,Surgical Consultation,False,False,0.1021875883771388,0,0,0,0,0.0,0.0,0.0,0.0,Closed
2026-08-20,5,Gen Surg OPD,Surgical Consultation,False,False,0.135966348851725,0,0,0,0,0.0,0.0,0.0,0.0,Closed
2026-08-20,6,Gen Surg OPD,Surgical Consultation,False,False,0.2618255514937962,0,0,0,0,0.0,0.0,0.0,0.0,Closed
2026-08-20,7,Gen Surg OPD,Surgical Consultation,False,False,0.7868968772861754,0,0,0,0,0.0,0.0,0.0,0.0,Closed
2026-08-20,8,Gen Surg OPD,Surgical Consultation,False,True,1.1651485093578282,0,0,0,0,0.0,0.0,18.0,0.0,Low
2026-08-20,9,Gen Surg OPD,Surgical Consultation,False,True,1.1214322444528355,3,3,0,0,0.0,0.0,18.0,16.666666666666664,Low
2026-08-20,10,Gen Surg OPD,Surgical Consultation,False,True,0.7301823807096907,1,1,0,0,0.0,0.0,18.0,5.555555555555555,Low
2026-08-20,11,Gen Surg OPD,Surgical Consultation,False,True,0.646244633041539,1,1,0,0,0.0,0.0,18.0,5.555555555555555,Low
2026-08-20,12,Gen Surg OPD,Surgical Consultation,False,True,0.5134330431737633,0,0,0,0,0.0,0.0,18.0,0.0,Low
2026-08-20,13,Gen Surg OPD,Surgical Consultation,False,True,0.3288919156801592,1,1,0,0,0.0,0.0,18.0,5.555555555555555,Low
2026-08-20,14,Gen Surg OPD,Surgical Consultation,False,True,0.2739542458937173,0,0,0,0,0.0,0.0,18.0,0.0,Low
2026-08-20,15,Gen Surg OPD,Surgical Consultation,False,True,0.2592596223135037,0,0,0,0,0.0,0.0,18.0,0.0,Low
2026-08-20,16,Gen Surg OPD,Surgical Consultation,False,True,0.2428409332456932,0,0,0,0,0.0,0.0,18.0,0.0,Low
2026-08-20,17,Gen Surg OPD,Surgical Consultation,False,False,0.1693923639307574,0,0,0,0,0.0,0.0,0.0,0.0,Closed
2026-08-20,18,Gen Surg OPD,Surgical Consultation,False,False,0.1484410979199058,0,0,0,0,0.0,0.0,0.0,0.0,Closed
2026-08-20,19,Gen Surg OPD,Surgical Consultation,False,False,0.1484410979199058,0,0,0,0,0.0,0.0,0.0,0.0,Closed
2026-08-20,20,Gen Surg OPD,Surgical Consultation,False,False,0.1484410979199058,0,0,0,0,0.0,0.0,0.0,0.0,Closed
2026-08-20,21,Gen Surg OPD,Surgical Consultation,False,False,0.1274920207174922,0,0,0,0,0.0,0.0,0.0,0.0,Closed
2026-08-20,22,Gen Surg OPD,Surgical Consultation,False,False,0.1222606604910538,0,0,0,0,0.0,0.0,0.0,0.0,Closed
2026-08-20,23,Gen Surg OPD,Surgical Consultation,False,False,0.1222606604910538,0,0,0,0,0.0,0.0,0.0,0.0,Closed
2026-08-21,0,Gen Surg OPD,Surgical Consultation,False,False,0.1717390608420843,0,0,0,0,0.0,0.0,0.0,0.0,Closed
2026-08-21,1,Gen Surg OPD,Surgical Consultation,False,False,0.1154171317841922,0,0,0,0,0.0,0.0,0.0,0.0,Closed
2026-08-21,2,Gen Surg OPD,Surgical Consultation,False,False,0.1073635841722761,0,0,0,0,0.0,0.0,0.0,0.0,Closed
2026-08-21,3,Gen Surg OPD,Surgical Consultation,False,False,0.1007053895881177,0,0,0,0,0.0,0.0,0.0,0.0,Closed
2026-08-21,4,Gen Surg OPD,Surgical Consultation,False,False,0.1019541608008545,0,0,0,0,0.0,0.0,0.0,0.0,Closed
2026-08-21,5,Gen Surg OPD,Surgical Consultation,False,False,0.1656918452088145,0,0,0,0,0.0,0.0,0.0,0.0,Closed
2026-08-21,6,Gen Surg OPD,Surgical Consultation,False,False,0.2609678172189633,1,0,1,1,0.0,0.0,0.0,0.0,Closed
2026-08-21,7,Gen Surg OPD,Surgical Consultation,False,False,0.8702440776076046,0,0,1,1,0.0,0.0,0.0,0.0,Closed
2026-08-21,8,Gen Surg OPD,Surgical Consultation,False,True,1.1443561731461838,0,1,0,0,87.0,87.0,18.0,0.0,Low
2026-08-21,9,Gen Surg OPD,Surgical Consultation,False,True,1.0956400770279138,1,1,0,0,0.0,0.0,18.0,5.555555555555555,Low
2026-08-21,10,Gen Surg OPD,Surgical Consultation,False,True,0.7181606105095035,1,1,0,0,0.0,0.0,18.0,5.555555555555555,Low
2026-08-21,11,Gen Surg OPD,Surgical Consultation,False,True,0.6390284035359733,1,1,0,0,0.0,0.0,18.0,5.555555555555555,Low
2026-08-21,12,Gen Surg OPD,Surgical Consultation,False,True,0.5135868402420334,0,0,0,0,0.0,0.0,18.0,0.0,Low
2026-08-21,13,Gen Surg OPD,Surgical Consultation,False,True,0.3290457127484292,0,0,0,0,0.0,0.0,18.0,0.0,Low
2026-08-21,14,Gen Surg OPD,Surgical Consultation,False,True,0.2741080429619873,0,0,0,0,0.0,0.0,18.0,0.0,Low
2026-08-21,15,Gen Surg OPD,Surgical Consultation,False,True,0.2594134193817737,0,0,0,0,0.0,0.0,18.0,0.0,Low
2026-08-21,16,Gen Surg OPD,Surgical Consultation,False,True,0.2436432181487261,0,0,0,0,0.0,0.0,18.0,0.0,Low
2026-08-21,17,Gen Surg OPD,Surgical Consultation,False,False,0.1701946488337903,2,0,2,2,0.0,0.0,0.0,0.0,Closed
2026-08-21,18,Gen Surg OPD,Surgical Consultation,False,False,0.1492433828229387,1,0,3,3,0.0,0.0,0.0,0.0,Closed
2026-08-21,19,Gen Surg OPD,Surgical Consultation,False,False,0.1492433828229387,0,0,3,3,0.0,0.0,0.0,0.0,Closed
2026-08-21,20,Gen Surg OPD,Surgical Consultation,False,False,0.1492433828229387,0,0,3,3,0.0,0.0,0.0,0.0,Closed
2026-08-21,21,Gen Surg OPD,Surgical Consultation,False,False,0.1282943056205251,0,0,3,3,0.0,0.0,0.0,0.0,Closed
2026-08-21,22,Gen Surg OPD,Surgical Consultation,False,False,0.1230629453940868,0,0,3,3,0.0,0.0,0.0,0.0,Closed
2026-08-21,23,Gen Surg OPD,Surgical Consultation,False,False,0.1230629453940868,1,0,4,4,0.0,0.0,0.0,0.0,Closed
2026-08-22,0,Gen Surg OPD,Surgical Consultation,False,False,0.1425844312922508,0,0,4,4,0.0,0.0,0.0,0.0,Closed
2026-08-22,1,Gen Surg OPD,Surgical Consultation,False,False,0.0862625022343587,0,0,4,4,0.0,0.0,0.0,0.0,Closed
2026-08-22,2,Gen Surg OPD,Surgical Consultation,False,False,0.0746253724145564,0,0,4,4,0.0,0.0,0.0,0.0,Closed
2026-08-22,3,Gen Surg OPD,Surgical Consultation,False,False,0.0559397954227289,0,0,4,4,0.0,0.0,0.0,0.0,Closed
2026-08-22,4,Gen Surg OPD,Surgical Consultation,False,False,0.024020604137362,0,0,4,4,0.0,0.0,0.0,0.0,Closed
2026-08-22,5,Gen Surg OPD,Surgical Consultation,False,False,0.0375367481830056,0,0,4,4,0.0,0.0,0.0,0.0,Closed
2026-08-22,6,Gen Surg OPD,Surgical Consultation,False,False,0.1344103226015293,0,0,4,4,0.0,0.0,0.0,0.0,Closed
2026-08-22,7,Gen Surg OPD,Surgical Consultation,False,False,0.1812942467856495,0,0,4,4,0.0,0.0,0.0,0.0,Closed
2026-08-22,8,Gen Surg OPD,Surgical Consultation,False,True,0.2520454678668812,0,4,0,0,768.5,878.0,18.0,0.0,Low
2026-08-22,9,Gen Surg OPD,Surgical Consultation,False,True,0.2749909913844161,0,0,0,0,0.0,0.0,18.0,0.0,Low
2026-08-22,10,Gen Surg OPD,Surgical Consultation,False,True,0.1901408809020973,0,0,0,0,0.0,0.0,18.0,0.0,Low
2026-08-22,11,Gen Surg OPD,Surgical Consultation,False,True,0.1995329439605068,0,0,0,0,0.0,0.0,18.0,0.0,Low
2026-08-22,12,Gen Surg OPD,Surgical Consultation,False,True,0.1654426610329362,0,0,0,0,0.0,0.0,18.0,0.0,Low
2026-08-22,13,Gen Surg OPD,Surgical Consultation,False,True,0.1881186255281787,0,0,0,0,0.0,0.0,18.0,0.0,Low
2026-08-22,14,Gen Surg OPD,Surgical Consultation,False,True,0.1881186255281787,0,0,0,0,0.0,0.0,18.0,0.0,Low
2026-08-22,15,Gen Surg OPD,Surgical Consultation,False,True,0.1734240019479651,0,0,0,0,0.0,0.0,18.0,0.0,Low
2026-08-22,16,Gen Surg OPD,Surgical Consultation,False,True,0.1634073737091415,0,0,0,0,0.0,0.0,18.0,0.0,Low
2026-08-22,17,Gen Surg OPD,Surgical Consultation,False,False,0.147554785239063,0,0,0,0,0.0,0.0,0.0,0.0,Closed
2026-08-22,18,Gen Surg OPD,Surgical Consultation,False,False,0.1391452478691193,0,0,0,0,0.0,0.0,0.0,0.0,Closed
2026-08-22,19,Gen Surg OPD,Surgical Consultation,False,False,0.1391452478691193,1,0,1,1,0.0,0.0,0.0,0.0,Closed
2026-08-22,20,Gen Surg OPD,Surgical Consultation,False,False,0.1391452478691193,0,0,1,1,0.0,0.0,0.0,0.0,Closed
2026-08-22,21,Gen Surg OPD,Surgical Consultation,False,False,0.1181961706667059,0,0,1,1,0.0,0.0,0.0,0.0,Closed
2026-08-22,22,Gen Surg OPD,Surgical Consultation,False,False,0.1129648104402675,0,0,1,1,0.0,0.0,0.0,0.0,Closed
2026-08-22,23,Gen Surg OPD,Surgical Consultation,False,False,0.1129648104402675,1,0,2,2,0.0,0.0,0.0,0.0,Closed
2026-08-23,0,Gen Surg OPD,Surgical Consultation,False,False,0.1402744530677333,0,0,2,2,0.0,0.0,0.0,0.0,Closed
2026-08-23,1,Gen Surg OPD,Surgical Consultation,False,False,0.0839525240098412,0,0,2,2,0.0,0.0,0.0,0.0,Closed
2026-08-23,2,Gen Surg OPD,Surgical Consultation,False,False,0.0723153941900388,0,0,2,2,0.0,0.0,0.0,0.0,Closed
2026-08-23,3,Gen Surg OPD,Surgical Consultation,False,False,0.0512833342206365,0,0,2,2,0.0,0.0,0.0,0.0,Closed
2026-08-23,4,Gen Surg OPD,Surgical Consultation,False,False,0.0193641429352697,0,0,2,2,0.0,0.0,0.0,0.0,Closed
2026-08-23,5,Gen Surg OPD,Surgical Consultation,False,False,0.0328802869809133,0,0,2,2,0.0,0.0,0.0,0.0,Closed
2026-08-23,6,Gen Surg OPD,Surgical Consultation,False,False,0.0869425880468713,0,0,2,2,0.0,0.0,0.0,0.0,Closed
2026-08-23,7,Gen Surg OPD,Surgical Consultation,False,False,0.0755461529983674,0,0,2,2,0.0,0.0,0.0,0.0,Closed
2026-08-23,8,Gen Surg OPD,Surgical Consultation,False,True,0.2352753616623518,0,2,0,0,640.0,768.0,18.0,0.0,Low
2026-08-23,9,Gen Surg OPD,Surgical Consultation,False,True,0.2512715924071727,0,0,0,0,0.0,0.0,18.0,0.0,Low
2026-08-23,10,Gen Surg OPD,Surgical Consultation,False,True,0.1824741107116028,0,0,0,0,0.0,0.0,18.0,0.0,Low
2026-08-23,11,Gen Surg OPD,Surgical Consultation,False,True,0.1918661737700123,1,1,0,0,0.0,0.0,18.0,5.555555555555555,Low
2026-08-23,12,Gen Surg OPD,Surgical Consultation,False,True,0.1577758908424417,0,0,0,0,0.0,0.0,18.0,0.0,Low
2026-08-23,13,Gen Surg OPD,Surgical Consultation,False,True,0.1804518553376842,0,0,0,0,0.0,0.0,18.0,0.0,Low
2026-08-23,14,Gen Surg OPD,Surgical Consultation,False,True,0.1804518553376842,0,0,0,0,0.0,0.0,18.0,0.0,Low
2026-08-23,15,Gen Surg OPD,Surgical Consultation,False,True,0.1677017190593525,0,0,0,0,0.0,0.0,18.0,0.0,Low
2026-08-23,16,Gen Surg OPD,Surgical Consultation,False,True,0.1577793694355347,0,0,0,0,0.0,0.0,18.0,0.0,Low
2026-08-23,17,Gen Surg OPD,Surgical Consultation,False,False,0.146230625955879,0,0,0,0,0.0,0.0,0.0,0.0,Closed
2026-08-23,18,Gen Surg OPD,Surgical Consultation,False,False,0.1378210885859353,0,0,0,0,0.0,0.0,0.0,0.0,Closed
2026-08-23,19,Gen Surg OPD,Surgical Consultation,False,False,0.1378210885859353,0,0,0,0,0.0,0.0,0.0,0.0,Closed
2026-08-23,20,Gen Surg OPD,Surgical Consultation,False,False,0.1378210885859353,0,0,0,0,0.0,0.0,0.0,0.0,Closed
2026-08-23,21,Gen Surg OPD,Surgical Consultation,False,False,0.1168720113835219,1,0,1,1,0.0,0.0,0.0,0.0,Closed
2026-08-23,22,Gen Surg OPD,Surgical Consultation,False,False,0.1116406511570835,0,0,1,1,0.0,0.0,0.0,0.0,Closed
2026-08-23,23,Gen Surg OPD,Surgical Consultation,False,False,0.1116406511570835,0,0,1,1,0.0,0.0,0.0,0.0,Closed
2026-08-24,0,Gen Surg OPD,Surgical Consultation,False,False,0.1497290020062003,0,0,1,1,0.0,0.0,0.0,0.0,Closed
2026-08-24,1,Gen Surg OPD,Surgical Consultation,False,False,0.0888776031464436,0,0,1,1,0.0,0.0,0.0,0.0,Closed
2026-08-24,2,Gen Surg OPD,Surgical Consultation,False,False,0.073850999322355,0,0,1,1,0.0,0.0,0.0,0.0,Closed
2026-08-24,3,Gen Surg OPD,Surgical Consultation,False,False,0.0885851306459333,1,0,2,2,0.0,0.0,0.0,0.0,Closed
2026-08-24,4,Gen Surg OPD,Surgical Consultation,False,False,0.0975183563862654,0,0,2,2,0.0,0.0,0.0,0.0,Closed
2026-08-24,5,Gen Surg OPD,Surgical Consultation,False,False,0.1336750324186522,0,0,2,2,0.0,0.0,0.0,0.0,Closed
2026-08-24,6,Gen Surg OPD,Surgical Consultation,False,False,0.2870040620196432,1,0,3,3,0.0,0.0,0.0,0.0,Closed
2026-08-24,7,Gen Surg OPD,Surgical Consultation,False,False,0.8152754662156494,0,0,3,3,0.0,0.0,0.0,0.0,Closed
2026-08-24,8,Gen Surg OPD,Surgical Consultation,False,True,1.258093998162925,5,8,0,0,129.125,646.0,18.0,27.77777777777778,Low
2026-08-24,9,Gen Surg OPD,Surgical Consultation,False,True,1.1983844172862137,1,1,0,0,0.0,0.0,18.0,5.555555555555555,Low
2026-08-24,10,Gen Surg OPD,Surgical Consultation,False,True,0.7991385267241718,1,1,0,0,0.0,0.0,18.0,5.555555555555555,Low
2026-08-24,11,Gen Surg OPD,Surgical Consultation,False,True,0.6997949964741399,1,1,0,0,0.0,0.0,18.0,5.555555555555555,Low
2026-08-24,12,Gen Surg OPD,Surgical Consultation,False,True,0.5534941219489253,1,1,0,0,0.0,0.0,18.0,5.555555555555555,Low
2026-08-24,13,Gen Surg OPD,Surgical Consultation,False,True,0.3570760521426862,0,0,0,0,0.0,0.0,18.0,0.0,Low
2026-08-24,14,Gen Surg OPD,Surgical Consultation,False,True,0.3570760521426862,0,0,0,0,0.0,0.0,18.0,0.0,Low
2026-08-24,15,Gen Surg OPD,Surgical Consultation,False,True,0.2774392913746381,1,1,0,0,0.0,0.0,18.0,5.555555555555555,Low
2026-08-24,16,Gen Surg OPD,Surgical Consultation,False,True,0.2611565251891108,1,1,0,0,0.0,0.0,18.0,5.555555555555555,Low
2026-08-24,17,Gen Surg OPD,Surgical Consultation,False,False,0.1826710831402742,0,0,0,0,0.0,0.0,0.0,0.0,Closed
2026-08-24,18,Gen Surg OPD,Surgical Consultation,False,False,0.1617198171294226,0,0,0,0,0.0,0.0,0.0,0.0,Closed
2026-08-24,19,Gen Surg OPD,Surgical Consultation,False,False,0.1617198171294226,0,0,0,0,0.0,0.0,0.0,0.0,Closed
2026-08-24,20,Gen Surg OPD,Surgical Consultation,False,False,0.1617198171294226,0,0,0,0,0.0,0.0,0.0,0.0,Closed
2026-08-24,21,Gen Surg OPD,Surgical Consultation,False,False,0.1419447178392581,0,0,0,0,0.0,0.0,0.0,0.0,Closed
2026-08-24,22,Gen Surg OPD,Surgical Consultation,False,False,0.1367133576128197,0,0,0,0,0.0,0.0,0.0,0.0,Closed
2026-08-24,23,Gen Surg OPD,Surgical Consultation,False,False,0.1367133576128197,0,0,0,0,0.0,0.0,0.0,0.0,Closed
2026-08-25,0,Gen Surg OPD,Surgical Consultation,False,False,0.1576026294449467,0,0,0,0,0.0,0.0,0.0,0.0,Closed
2026-08-25,1,Gen Surg OPD,Surgical Consultation,False,False,0.0967512305851901,0,0,0,0,0.0,0.0,0.0,0.0,Closed
2026-08-25,2,Gen Surg OPD,Surgical Consultation,False,False,0.0817246267611014,0,0,0,0,0.0,0.0,0.0,0.0,Closed
2026-08-25,3,Gen Surg OPD,Surgical Consultation,False,False,0.0853099577538605,0,0,0,0,0.0,0.0,0.0,0.0,Closed
2026-08-25,4,Gen Surg OPD,Surgical Consultation,False,False,0.0942431834941927,0,0,0,0,0.0,0.0,0.0,0.0,Closed
2026-08-25,5,Gen Surg OPD,Surgical Consultation,False,False,0.1303998595265794,0,0,0,0,0.0,0.0,0.0,0.0,Closed
2026-08-25,6,Gen Surg OPD,Surgical Consultation,False,False,0.2837288891275704,0,0,0,0,0.0,0.0,0.0,0.0,Closed
2026-08-25,7,Gen Surg OPD,Surgical Consultation,False,False,0.8231490936543959,0,0,0,0,0.0,0.0,0.0,0.0,Closed
2026-08-25,8,Gen Surg OPD,Surgical Consultation,False,True,1.2659676256016716,0,0,0,0,0.0,0.0,18.0,0.0,Low
2026-08-25,9,Gen Surg OPD,Surgical Consultation,False,True,1.195978963887398,2,2,0,0,0.0,0.0,18.0,11.11111111111111,Low
2026-08-25,10,Gen Surg OPD,Surgical Consultation,False,True,0.7967330733253561,2,2,0,0,0.0,0.0,18.0,11.11111111111111,Low
2026-08-25,11,Gen Surg OPD,Surgical Consultation,False,True,0.6973895430753242,0,0,0,0,0.0,0.0,18.0,0.0,Low
2026-08-25,12,Gen Surg OPD,Surgical Consultation,False,True,0.5510886685501096,0,0,0,0,0.0,0.0,18.0,0.0,Low
2026-08-25,13,Gen Surg OPD,Surgical Consultation,False,True,0.3546705987438704,0,0,0,0,0.0,0.0,18.0,0.0,Low
2026-08-25,14,Gen Surg OPD,Surgical Consultation,False,True,0.3546705987438704,0,0,0,0,0.0,0.0,18.0,0.0,Low
2026-08-25,15,Gen Surg OPD,Surgical Consultation,False,True,0.2750338379758223,0,0,0,0,0.0,0.0,18.0,0.0,Low
2026-08-25,16,Gen Surg OPD,Surgical Consultation,False,True,0.2587510717902951,0,0,0,0,0.0,0.0,18.0,0.0,Low
2026-08-25,17,Gen Surg OPD,Surgical Consultation,False,False,0.1802656297414584,1,0,1,1,0.0,0.0,0.0,0.0,Closed
2026-08-25,18,Gen Surg OPD,Surgical Consultation,False,False,0.1593143637306069,0,0,1,1,0.0,0.0,0.0,0.0,Closed
2026-08-25,19,Gen Surg OPD,Surgical Consultation,False,False,0.1593143637306069,0,0,1,1,0.0,0.0,0.0,0.0,Closed
2026-08-25,20,Gen Surg OPD,Surgical Consultation,False,False,0.1593143637306069,0,0,1,1,0.0,0.0,0.0,0.0,Closed
2026-08-25,21,Gen Surg OPD,Surgical Consultation,False,False,0.1395392644404423,0,0,1,1,0.0,0.0,0.0,0.0,Closed
2026-08-25,22,Gen Surg OPD,Surgical Consultation,False,False,0.134307904214004,0,0,1,1,0.0,0.0,0.0,0.0,Closed
2026-08-25,23,Gen Surg OPD,Surgical Consultation,False,False,0.134307904214004,0,0,1,1,0.0,0.0,0.0,0.0,Closed
2026-08-26,0,Gen Surg OPD,Surgical Consultation,False,False,0.1742139465397878,0,0,1,1,0.0,0.0,0.0,0.0,Closed
2026-08-19,1,Gynae OPD,Gynaecology Consultation,False,False,0.0004629283637439,0,0,0,0,0.0,0.0,0.0,0.0,Closed
2026-08-19,2,Gynae OPD,Gynaecology Consultation,False,False,0.1273551470406681,0,0,0,0,0.0,0.0,0.0,0.0,Closed
2026-08-19,3,Gynae OPD,Gynaecology Consultation,False,False,0.1273551470406681,0,0,0,0,0.0,0.0,0.0,0.0,Closed
2026-08-19,4,Gynae OPD,Gynaecology Consultation,False,False,0.1296045493022664,0,0,0,0,0.0,0.0,0.0,0.0,Closed
2026-08-19,5,Gynae OPD,Gynaecology Consultation,False,False,0.1196165272517011,0,0,0,0,0.0,0.0,0.0,0.0,Closed
2026-08-19,6,Gynae OPD,Gynaecology Consultation,False,False,0.2272657011687198,1,0,1,1,0.0,0.0,0.0,0.0,Closed
2026-08-19,7,Gynae OPD,Gynaecology Consultation,False,False,0.2350843326638442,0,0,1,1,0.0,0.0,0.0,0.0,Closed
2026-08-19,8,Gynae OPD,Gynaecology Consultation,False,True,0.2815303153888128,0,1,0,0,77.0,77.0,12.0,0.0,Low
2026-08-19,9,Gynae OPD,Gynaecology Consultation,False,True,0.2794477085479086,0,0,0,0,0.0,0.0,12.0,0.0,Low
2026-08-19,10,Gynae OPD,Gynaecology Consultation,False,True,0.15211056736,1,1,0,0,0.0,0.0,12.0,8.333333333333332,Low
2026-08-19,11,Gynae OPD,Gynaecology Consultation,False,True,0.1521981766077388,0,0,0,0,0.0,0.0,12.0,0.0,Low
2026-08-19,12,Gynae OPD,Gynaecology Consultation,False,True,0.1069572474355782,0,0,0,0,0.0,0.0,12.0,0.0,Low
2026-08-19,13,Gynae OPD,Gynaecology Consultation,False,True,0.1059469366077813,0,0,0,0,0.0,0.0,12.0,0.0,Low
2026-08-19,14,Gynae OPD,Gynaecology Consultation,False,True,0.1059469366077813,0,0,0,0,0.0,0.0,12.0,0.0,Low
2026-08-19,15,Gynae OPD,Gynaecology Consultation,False,True,0.1059469366077813,0,0,0,0,0.0,0.0,12.0,0.0,Low
2026-08-19,16,Gynae OPD,Gynaecology Consultation,False,True,0.1000189559477254,0,0,0,0,0.0,0.0,12.0,0.0,Low
2026-08-19,17,Gynae OPD,Gynaecology Consultation,False,False,0.090943779972033,0,0,0,0,0.0,0.0,0.0,0.0,Closed
2026-08-19,18,Gynae OPD,Gynaecology Consultation,False,False,0.090943779972033,0,0,0,0,0.0,0.0,0.0,0.0,Closed
2026-08-19,19,Gynae OPD,Gynaecology Consultation,False,False,0.090943779972033,0,0,0,0,0.0,0.0,0.0,0.0,Closed
2026-08-19,20,Gynae OPD,Gynaecology Consultation,False,False,0.090943779972033,1,0,1,1,0.0,0.0,0.0,0.0,Closed
2026-08-19,21,Gynae OPD,Gynaecology Consultation,False,False,0.090943779972033,0,0,1,1,0.0,0.0,0.0,0.0,Closed
2026-08-19,22,Gynae OPD,Gynaecology Consultation,False,False,0.090943779972033,0,0,1,1,0.0,0.0,0.0,0.0,Closed
2026-08-19,23,Gynae OPD,Gynaecology Consultation,False,False,0.090943779972033,0,0,1,1,0.0,0.0,0.0,0.0,Closed
2026-08-20,0,Gynae OPD,Gynaecology Consultation,False,False,0.0888925725947839,0,0,1,1,0.0,0.0,0.0,0.0,Closed
2026-08-20,1,Gynae OPD,Gynaecology Consultation,False,False,0.0888925725947839,0,0,1,1,0.0,0.0,0.0,0.0,Closed
2026-08-20,2,Gynae OPD,Gynaecology Consultation,False,False,0.0882471346921169,0,0,1,1,0.0,0.0,0.0,0.0,Closed
2026-08-20,3,Gynae OPD,Gynaecology Consultation,False,False,0.0882471346921169,1,0,2,2,0.0,0.0,0.0,0.0,Closed
2026-08-20,4,Gynae OPD,Gynaecology Consultation,False,False,0.0904965369537153,0,0,2,2,0.0,0.0,0.0,0.0,Closed
2026-08-20,5,Gynae OPD,Gynaecology Consultation,False,False,0.0675060260690311,0,0,2,2,0.0,0.0,0.0,0.0,Closed
2026-08-20,6,Gynae OPD,Gynaecology Consultation,False,False,0.1751551999860493,0,0,2,2,0.0,0.0,0.0,0.0,Closed
2026-08-20,7,Gynae OPD,Gynaecology Consultation,False,False,0.1829738314811737,0,0,2,2,0.0,0.0,0.0,0.0,Closed
2026-08-20,8,Gynae OPD,Gynaecology Consultation,False,True,0.2359458954694592,0,2,0,0,467.0,680.0,12.0,0.0,Low
2026-08-20,9,Gynae OPD,Gynaecology Consultation,False,True,0.249224030201876,0,0,0,0,0.0,0.0,12.0,0.0,Low
2026-08-20,10,Gynae OPD,Gynaecology Consultation,False,True,0.1369494519198567,0,0,0,0,0.0,0.0,12.0,0.0,Low
2026-08-20,11,Gynae OPD,Gynaecology Consultation,False,True,0.1370370611675954,0,0,0,0,0.0,0.0,12.0,0.0,Low
2026-08-20,12,Gynae OPD,Gynaecology Consultation,False,True,0.0917961319954348,0,0,0,0,0.0,0.0,12.0,0.0,Low
2026-08-20,13,Gynae OPD,Gynaecology Consultation,False,True,0.0907858211676379,0,0,0,0,0.0,0.0,12.0,0.0,Low
2026-08-20,14,Gynae OPD,Gynaecology Consultation,False,True,0.0907858211676379,0,0,0,0,0.0,0.0,12.0,0.0,Low
2026-08-20,15,Gynae OPD,Gynaecology Consultation,False,True,0.0907858211676379,0,0,0,0,0.0,0.0,12.0,0.0,Low
2026-08-20,16,Gynae OPD,Gynaecology Consultation,False,True,0.084857840507582,0,0,0,0,0.0,0.0,12.0,0.0,Low
2026-08-20,17,Gynae OPD,Gynaecology Consultation,False,False,0.0757826645318895,0,0,0,0,0.0,0.0,0.0,0.0,Closed
2026-08-20,18,Gynae OPD,Gynaecology Consultation,False,False,0.0757826645318895,0,0,0,0,0.0,0.0,0.0,0.0,Closed
2026-08-20,19,Gynae OPD,Gynaecology Consultation,False,False,0.0757826645318895,0,0,0,0,0.0,0.0,0.0,0.0,Closed
2026-08-20,20,Gynae OPD,Gynaecology Consultation,False,False,0.0757826645318895,0,0,0,0,0.0,0.0,0.0,0.0,Closed
2026-08-20,21,Gynae OPD,Gynaecology Consultation,False,False,0.0757826645318895,0,0,0,0,0.0,0.0,0.0,0.0,Closed
2026-08-20,22,Gynae OPD,Gynaecology Consultation,False,False,0.0757826645318895,0,0,0,0,0.0,0.0,0.0,0.0,Closed
2026-08-20,23,Gynae OPD,Gynaecology Consultation,False,False,0.0757826645318895,0,0,0,0,0.0,0.0,0.0,0.0,Closed
2026-08-21,0,Gynae OPD,Gynaecology Consultation,False,False,0.0896948574978169,0,0,0,0,0.0,0.0,0.0,0.0,Closed
2026-08-21,1,Gynae OPD,Gynaecology Consultation,False,False,0.0896948574978169,0,0,0,0,0.0,0.0,0.0,0.0,Closed
2026-08-21,2,Gynae OPD,Gynaecology Consultation,False,False,0.0765958619484667,0,0,0,0,0.0,0.0,0.0,0.0,Closed
2026-08-21,3,Gynae OPD,Gynaecology Consultation,False,False,0.0765958619484667,0,0,0,0,0.0,0.0,0.0,0.0,Closed
2026-08-21,4,Gynae OPD,Gynaecology Consultation,False,False,0.0788452642100651,0,0,0,0,0.0,0.0,0.0,0.0,Closed
2026-08-21,5,Gynae OPD,Gynaecology Consultation,False,False,0.0545797409737571,0,0,0,0,0.0,0.0,0.0,0.0,Closed
2026-08-21,6,Gynae OPD,Gynaecology Consultation,False,False,0.1622289148907751,0,0,0,0,0.0,0.0,0.0,0.0,Closed
2026-08-21,7,Gynae OPD,Gynaecology Consultation,False,False,0.1700475463858995,0,0,0,0,0.0,0.0,0.0,0.0,Closed
2026-08-21,8,Gynae OPD,Gynaecology Consultation,False,True,0.205092687149046,0,0,0,0,0.0,0.0,12.0,0.0,Low
2026-08-21,9,Gynae OPD,Gynaecology Consultation,False,True,0.2183708218814628,0,0,0,0,0.0,0.0,12.0,0.0,Low
2026-08-21,10,Gynae OPD,Gynaecology Consultation,False,True,0.1252981791762064,0,0,0,0,0.0,0.0,12.0,0.0,Low
2026-08-21,11,Gynae OPD,Gynaecology Consultation,False,True,0.1253857884239452,0,0,0,0,0.0,0.0,12.0,0.0,Low
2026-08-21,12,Gynae OPD,Gynaecology Consultation,False,True,0.0925984168984678,0,0,0,0,0.0,0.0,12.0,0.0,Low
2026-08-21,13,Gynae OPD,Gynaecology Consultation,False,True,0.0915881060706708,0,0,0,0,0.0,0.0,12.0,0.0,Low
2026-08-21,14,Gynae OPD,Gynaecology Consultation,False,True,0.0915881060706708,0,0,0,0,0.0,0.0,12.0,0.0,Low
2026-08-21,15,Gynae OPD,Gynaecology Consultation,False,True,0.0915881060706708,0,0,0,0,0.0,0.0,12.0,0.0,Low
2026-08-21,16,Gynae OPD,Gynaecology Consultation,False,True,0.0856601254106149,0,0,0,0,0.0,0.0,12.0,0.0,Low
2026-08-21,17,Gynae OPD,Gynaecology Consultation,False,False,0.0765849494349225,0,0,0,0,0.0,0.0,0.0,0.0,Closed
2026-08-21,18,Gynae OPD,Gynaecology Consultation,False,False,0.0765849494349225,0,0,0,0,0.0,0.0,0.0,0.0,Closed
2026-08-21,19,Gynae OPD,Gynaecology Consultation,False,False,0.0765849494349225,0,0,0,0,0.0,0.0,0.0,0.0,Closed
2026-08-21,20,Gynae OPD,Gynaecology Consultation,False,False,0.0765849494349225,0,0,0,0,0.0,0.0,0.0,0.0,Closed
2026-08-21,21,Gynae OPD,Gynaecology Consultation,False,False,0.0765849494349225,0,0,0,0,0.0,0.0,0.0,0.0,Closed
2026-08-21,22,Gynae OPD,Gynaecology Consultation,False,False,0.0765849494349225,0,0,0,0,0.0,0.0,0.0,0.0,Closed
2026-08-21,23,Gynae OPD,Gynaecology Consultation,False,False,0.0765849494349225,0,0,0,0,0.0,0.0,0.0,0.0,Closed
2026-08-22,0,Gynae OPD,Gynaecology Consultation,False,False,0.0657025625716906,0,0,0,0,0.0,0.0,0.0,0.0,Closed
2026-08-22,1,Gynae OPD,Gynaecology Consultation,False,False,0.0657025625716906,0,0,0,0,0.0,0.0,0.0,0.0,Closed
2026-08-22,2,Gynae OPD,Gynaecology Consultation,False,False,0.0772703072365923,0,0,0,0,0.0,0.0,0.0,0.0,Closed
2026-08-22,3,Gynae OPD,Gynaecology Consultation,False,False,0.0772703072365923,0,0,0,0,0.0,0.0,0.0,0.0,Closed
2026-08-22,4,Gynae OPD,Gynaecology Consultation,False,False,0.0795197094981906,0,0,0,0,0.0,0.0,0.0,0.0,Closed
2026-08-22,5,Gynae OPD,Gynaecology Consultation,False,False,0.0552541862618827,0,0,0,0,0.0,0.0,0.0,0.0,Closed
2026-08-22,6,Gynae OPD,Gynaecology Consultation,False,False,0.1694846336740388,0,0,0,0,0.0,0.0,0.0,0.0,Closed
2026-08-22,7,Gynae OPD,Gynaecology Consultation,False,False,0.1773032651691632,0,0,0,0,0.0,0.0,0.0,0.0,Closed
2026-08-22,8,Gynae OPD,Gynaecology Consultation,False,True,0.198863260487535,0,0,0,0,0.0,0.0,12.0,0.0,Low
2026-08-22,9,Gynae OPD,Gynaecology Consultation,False,True,0.2121413952199517,0,0,0,0,0.0,0.0,12.0,0.0,Low
2026-08-22,10,Gynae OPD,Gynaecology Consultation,False,True,0.1227759588376504,0,0,0,0,0.0,0.0,12.0,0.0,Low
2026-08-22,11,Gynae OPD,Gynaecology Consultation,False,True,0.1228635680853891,0,0,0,0,0.0,0.0,12.0,0.0,Low
2026-08-22,12,Gynae OPD,Gynaecology Consultation,False,True,0.0727571284517785,0,0,0,0,0.0,0.0,12.0,0.0,Low
2026-08-22,13,Gynae OPD,Gynaecology Consultation,False,True,0.0717468176239815,0,0,0,0,0.0,0.0,12.0,0.0,Low
2026-08-22,14,Gynae OPD,Gynaecology Consultation,False,True,0.0717468176239815,0,0,0,0,0.0,0.0,12.0,0.0,Low
2026-08-22,15,Gynae OPD,Gynaecology Consultation,False,True,0.0717468176239815,0,0,0,0,0.0,0.0,12.0,0.0,Low
2026-08-22,16,Gynae OPD,Gynaecology Consultation,False,True,0.0658188369639257,0,0,0,0,0.0,0.0,12.0,0.0,Low
2026-08-22,17,Gynae OPD,Gynaecology Consultation,False,False,0.0622372941000496,0,0,0,0,0.0,0.0,0.0,0.0,Closed
2026-08-22,18,Gynae OPD,Gynaecology Consultation,False,False,0.0622372941000496,0,0,0,0,0.0,0.0,0.0,0.0,Closed
2026-08-22,19,Gynae OPD,Gynaecology Consultation,False,False,0.0622372941000496,0,0,0,0,0.0,0.0,0.0,0.0,Closed
2026-08-22,20,Gynae OPD,Gynaecology Consultation,False,False,0.0622372941000496,0,0,0,0,0.0,0.0,0.0,0.0,Closed
2026-08-22,21,Gynae OPD,Gynaecology Consultation,False,False,0.0622372941000496,0,0,0,0,0.0,0.0,0.0,0.0,Closed
2026-08-22,22,Gynae OPD,Gynaecology Consultation,False,False,0.0622372941000496,1,0,1,1,0.0,0.0,0.0,0.0,Closed
2026-08-22,23,Gynae OPD,Gynaecology Consultation,False,False,0.0622372941000496,0,0,1,1,0.0,0.0,0.0,0.0,Closed
2026-08-23,0,Gynae OPD,Gynaecology Consultation,False,False,0.0641499053992178,1,0,2,2,0.0,0.0,0.0,0.0,Closed
2026-08-23,1,Gynae OPD,Gynaecology Consultation,False,False,0.0641499053992178,0,0,2,2,0.0,0.0,0.0,0.0,Closed
2026-08-23,2,Gynae OPD,Gynaecology Consultation,False,False,0.0757176500641194,0,0,2,2,0.0,0.0,0.0,0.0,Closed
2026-08-23,3,Gynae OPD,Gynaecology Consultation,False,False,0.0757176500641194,0,0,2,2,0.0,0.0,0.0,0.0,Closed
2026-08-23,4,Gynae OPD,Gynaecology Consultation,False,False,0.0779670523257178,0,0,2,2,0.0,0.0,0.0,0.0,Closed
2026-08-23,5,Gynae OPD,Gynaecology Consultation,False,False,0.0537015290894099,0,0,2,2,0.0,0.0,0.0,0.0,Closed
2026-08-23,6,Gynae OPD,Gynaecology Consultation,False,False,0.1679319765015661,0,0,2,2,0.0,0.0,0.0,0.0,Closed
2026-08-23,7,Gynae OPD,Gynaecology Consultation,False,False,0.1757506079966904,0,0,2,2,0.0,0.0,0.0,0.0,Closed
2026-08-23,8,Gynae OPD,Gynaecology Consultation,False,True,0.1973106033150622,0,2,0,0,505.0,571.0,12.0,0.0,Low
2026-08-23,9,Gynae OPD,Gynaecology Consultation,False,True,0.210588738047479,0,0,0,0,0.0,0.0,12.0,0.0,Low
2026-08-23,10,Gynae OPD,Gynaecology Consultation,False,True,0.1212233016651777,0,0,0,0,0.0,0.0,12.0,0.0,Low
2026-08-23,11,Gynae OPD,Gynaecology Consultation,False,True,0.1213109109129164,0,0,0,0,0.0,0.0,12.0,0.0,Low
2026-08-23,12,Gynae OPD,Gynaecology Consultation,False,True,0.0712044712793057,0,0,0,0,0.0,0.0,12.0,0.0,Low
2026-08-23,13,Gynae OPD,Gynaecology Consultation,False,True,0.0701941604515087,0,0,0,0,0.0,0.0,12.0,0.0,Low
2026-08-23,14,Gynae OPD,Gynaecology Consultation,False,True,0.0701941604515087,0,0,0,0,0.0,0.0,12.0,0.0,Low
2026-08-23,15,Gynae OPD,Gynaecology Consultation,False,True,0.0701941604515087,0,0,0,0,0.0,0.0,12.0,0.0,Low
2026-08-23,16,Gynae OPD,Gynaecology Consultation,False,True,0.0642661797914529,0,0,0,0,0.0,0.0,12.0,0.0,Low
2026-08-23,17,Gynae OPD,Gynaecology Consultation,False,False,0.0609131348168656,0,0,0,0,0.0,0.0,0.0,0.0,Closed
2026-08-23,18,Gynae OPD,Gynaecology Consultation,False,False,0.0609131348168656,0,0,0,0,0.0,0.0,0.0,0.0,Closed
2026-08-23,19,Gynae OPD,Gynaecology Consultation,False,False,0.0609131348168656,0,0,0,0,0.0,0.0,0.0,0.0,Closed
2026-08-23,20,Gynae OPD,Gynaecology Consultation,False,False,0.0609131348168656,0,0,0,0,0.0,0.0,0.0,0.0,Closed
2026-08-23,21,Gynae OPD,Gynaecology Consultation,False,False,0.0609131348168656,0,0,0,0,0.0,0.0,0.0,0.0,Closed
2026-08-23,22,Gynae OPD,Gynaecology Consultation,False,False,0.0609131348168656,0,0,0,0,0.0,0.0,0.0,0.0,Closed
2026-08-23,23,Gynae OPD,Gynaecology Consultation,False,False,0.0609131348168656,0,0,0,0,0.0,0.0,0.0,0.0,Closed
2026-08-24,0,Gynae OPD,Gynaecology Consultation,False,False,0.0627935350955095,0,0,0,0,0.0,0.0,0.0,0.0,Closed
2026-08-24,1,Gynae OPD,Gynaecology Consultation,False,False,0.0627935350955095,0,0,0,0,0.0,0.0,0.0,0.0,Closed
2026-08-24,2,Gynae OPD,Gynaecology Consultation,False,False,0.0556716896220402,0,0,0,0,0.0,0.0,0.0,0.0,Closed
2026-08-24,3,Gynae OPD,Gynaecology Consultation,False,False,0.0556716896220402,0,0,0,0,0.0,0.0,0.0,0.0,Closed
2026-08-24,4,Gynae OPD,Gynaecology Consultation,False,False,0.0579210918836386,0,0,0,0,0.0,0.0,0.0,0.0,Closed
2026-08-24,5,Gynae OPD,Gynaecology Consultation,False,False,0.0479330698330733,0,0,0,0,0.0,0.0,0.0,0.0,Closed
2026-08-24,6,Gynae OPD,Gynaecology Consultation,False,False,0.1555822437500914,0,0,0,0,0.0,0.0,0.0,0.0,Closed
2026-08-24,7,Gynae OPD,Gynaecology Consultation,False,False,0.1634008752452156,0,0,0,0,0.0,0.0,0.0,0.0,Closed
2026-08-24,8,Gynae OPD,Gynaecology Consultation,False,True,0.2281984908105008,1,1,0,0,0.0,0.0,12.0,8.333333333333332,Low
2026-08-24,9,Gynae OPD,Gynaecology Consultation,False,True,0.2363949648071591,0,0,0,0,0.0,0.0,12.0,0.0,Low
2026-08-24,10,Gynae OPD,Gynaecology Consultation,False,True,0.1355741934354784,0,0,0,0,0.0,0.0,12.0,0.0,Low
2026-08-24,11,Gynae OPD,Gynaecology Consultation,False,True,0.1356618026832172,0,0,0,0,0.0,0.0,12.0,0.0,Low
2026-08-24,12,Gynae OPD,Gynaecology Consultation,False,True,0.0904208735110565,1,1,0,0,0.0,0.0,12.0,8.333333333333332,Low
2026-08-24,13,Gynae OPD,Gynaecology Consultation,False,True,0.0894105626832596,0,0,0,0,0.0,0.0,12.0,0.0,Low
2026-08-24,14,Gynae OPD,Gynaecology Consultation,False,True,0.0894105626832596,0,0,0,0,0.0,0.0,12.0,0.0,Low
2026-08-24,15,Gynae OPD,Gynaecology Consultation,False,True,0.0894105626832596,0,0,0,0,0.0,0.0,12.0,0.0,Low
2026-08-24,16,Gynae OPD,Gynaecology Consultation,False,True,0.0834825820232038,0,0,0,0,0.0,0.0,12.0,0.0,Low
2026-08-24,17,Gynae OPD,Gynaecology Consultation,False,False,0.0744074060475113,0,0,0,0,0.0,0.0,0.0,0.0,Closed
2026-08-24,18,Gynae OPD,Gynaecology Consultation,False,False,0.0744074060475113,0,0,0,0,0.0,0.0,0.0,0.0,Closed
2026-08-24,19,Gynae OPD,Gynaecology Consultation,False,False,0.0744074060475113,0,0,0,0,0.0,0.0,0.0,0.0,Closed
2026-08-24,20,Gynae OPD,Gynaecology Consultation,False,False,0.0744074060475113,0,0,0,0,0.0,0.0,0.0,0.0,Closed
2026-08-24,21,Gynae OPD,Gynaecology Consultation,False,False,0.0744074060475113,0,0,0,0,0.0,0.0,0.0,0.0,Closed
2026-08-24,22,Gynae OPD,Gynaecology Consultation,False,False,0.0744074060475113,0,0,0,0,0.0,0.0,0.0,0.0,Closed
2026-08-24,23,Gynae OPD,Gynaecology Consultation,False,False,0.0744074060475113,0,0,0,0,0.0,0.0,0.0,0.0,Closed
2026-08-25,0,Gynae OPD,Gynaecology Consultation,False,False,0.070667162534256,0,0,0,0,0.0,0.0,0.0,0.0,Closed
2026-08-25,1,Gynae OPD,Gynaecology Consultation,False,False,0.070667162534256,0,0,0,0,0.0,0.0,0.0,0.0,Closed
2026-08-25,2,Gynae OPD,Gynaecology Consultation,False,False,0.0635453170607867,0,0,0,0,0.0,0.0,0.0,0.0,Closed
2026-08-25,3,Gynae OPD,Gynaecology Consultation,False,False,0.0635453170607867,0,0,0,0,0.0,0.0,0.0,0.0,Closed
2026-08-25,4,Gynae OPD,Gynaecology Consultation,False,False,0.0657947193223851,0,0,0,0,0.0,0.0,0.0,0.0,Closed
2026-08-25,5,Gynae OPD,Gynaecology Consultation,False,False,0.0558066972718197,0,0,0,0,0.0,0.0,0.0,0.0,Closed
2026-08-25,6,Gynae OPD,Gynaecology Consultation,False,False,0.1634558711888378,1,0,1,1,0.0,0.0,0.0,0.0,Closed
2026-08-25,7,Gynae OPD,Gynaecology Consultation,False,False,0.1712745026839621,0,0,1,1,0.0,0.0,0.0,0.0,Closed
2026-08-25,8,Gynae OPD,Gynaecology Consultation,False,True,0.2360721182492475,0,1,0,0,106.0,106.0,12.0,0.0,Low
2026-08-25,9,Gynae OPD,Gynaecology Consultation,False,True,0.2339895114083433,1,1,0,0,0.0,0.0,12.0,8.333333333333332,Low
2026-08-25,10,Gynae OPD,Gynaecology Consultation,False,True,0.1331687400366627,0,0,0,0,0.0,0.0,12.0,0.0,Low
2026-08-25,11,Gynae OPD,Gynaecology Consultation,False,True,0.1332563492844015,1,1,0,0,0.0,0.0,12.0,8.333333333333332,Low
2026-08-25,12,Gynae OPD,Gynaecology Consultation,False,True,0.0880154201122408,0,0,0,0,0.0,0.0,12.0,0.0,Low
2026-08-25,13,Gynae OPD,Gynaecology Consultation,False,True,0.0870051092844439,1,1,0,0,0.0,0.0,12.0,8.333333333333332,Low
2026-08-25,14,Gynae OPD,Gynaecology Consultation,False,True,0.0870051092844439,0,0,0,0,0.0,0.0,12.0,0.0,Low
2026-08-25,15,Gynae OPD,Gynaecology Consultation,False,True,0.0870051092844439,0,0,0,0,0.0,0.0,12.0,0.0,Low
2026-08-25,16,Gynae OPD,Gynaecology Consultation,False,True,0.081077128624388,1,1,0,0,0.0,0.0,12.0,8.333333333333332,Low
2026-08-25,17,Gynae OPD,Gynaecology Consultation,False,False,0.0720019526486955,0,0,0,0,0.0,0.0,0.0,0.0,Closed
2026-08-25,18,Gynae OPD,Gynaecology Consultation,False,False,0.0720019526486955,0,0,0,0,0.0,0.0,0.0,0.0,Closed
2026-08-25,19,Gynae OPD,Gynaecology Consultation,False,False,0.0720019526486955,0,0,0,0,0.0,0.0,0.0,0.0,Closed
2026-08-25,20,Gynae OPD,Gynaecology Consultation,False,False,0.0720019526486955,0,0,0,0,0.0,0.0,0.0,0.0,Closed
2026-08-25,21,Gynae OPD,Gynaecology Consultation,False,False,0.0720019526486955,0,0,0,0,0.0,0.0,0.0,0.0,Closed
2026-08-25,22,Gynae OPD,Gynaecology Consultation,False,False,0.0720019526486955,0,0,0,0,0.0,0.0,0.0,0.0,Closed
2026-08-25,23,Gynae OPD,Gynaecology Consultation,False,False,0.0720019526486955,0,0,0,0,0.0,0.0,0.0,0.0,Closed
2026-08-26,0,Gynae OPD,Gynaecology Consultation,False,False,0.1344769925141374,0,0,0,0,0.0,0.0,0.0,0.0,Closed
2026-08-19,1,HTS,HIV Testing Service,False,False,0.0004894227732387,0,0,0,0,0.0,0.0,0.0,0.0,Closed
2026-08-19,2,HTS,HIV Testing Service,False,False,0.1928485619457723,0,0,0,0,0.0,0.0,0.0,0.0,Closed
2026-08-19,3,HTS,HIV Testing Service,False,False,0.1928485619457723,1,0,1,1,0.0,0.0,0.0,0.0,Closed
2026-08-19,4,HTS,HIV Testing Service,False,False,0.1950979642073707,1,0,2,2,0.0,0.0,0.0,0.0,Closed
2026-08-19,5,HTS,HIV Testing Service,False,False,0.1851099421568054,0,0,2,2,0.0,0.0,0.0,0.0,Closed
2026-08-19,6,HTS,HIV Testing Service,False,False,0.2927591160738241,0,0,2,2,0.0,0.0,0.0,0.0,Closed
2026-08-19,7,HTS,HIV Testing Service,False,False,0.3005777475689484,0,0,2,2,0.0,0.0,0.0,0.0,Closed
2026-08-19,8,HTS,HIV Testing Service,False,True,0.347955883146599,0,2,0,0,261.5,288.0,18.0,0.0,Low
2026-08-19,9,HTS,HIV Testing Service,False,True,0.3458732763056948,1,1,0,0,0.0,0.0,18.0,5.555555555555555,Low
2026-08-19,10,HTS,HIV Testing Service,False,True,0.2210401413960455,0,0,0,0,0.0,0.0,18.0,0.0,Low
2026-08-19,11,HTS,HIV Testing Service,False,True,0.2211277506437843,0,0,0,0,0.0,0.0,18.0,0.0,Low
2026-08-19,12,HTS,HIV Testing Service,False,True,0.1771344955180175,0,0,0,0,0.0,0.0,18.0,0.0,Low
2026-08-19,13,HTS,HIV Testing Service,False,True,0.1567003974084722,0,0,0,0,0.0,0.0,18.0,0.0,Low
2026-08-19,14,HTS,HIV Testing Service,False,True,0.1567003974084722,0,0,0,0,0.0,0.0,18.0,0.0,Low
2026-08-19,15,HTS,HIV Testing Service,False,True,0.1555132310553673,0,0,0,0,0.0,0.0,18.0,0.0,Low
2026-08-19,16,HTS,HIV Testing Service,False,True,0.1481445538008281,0,0,0,0,0.0,0.0,18.0,0.0,Low
2026-08-19,17,HTS,HIV Testing Service,False,False,0.1300041546299128,0,0,0,0,0.0,0.0,0.0,0.0,Closed
2026-08-19,18,HTS,HIV Testing Service,False,False,0.1300041546299128,1,0,1,1,0.0,0.0,0.0,0.0,Closed
2026-08-19,19,HTS,HIV Testing Service,False,False,0.1300041546299128,0,0,1,1,0.0,0.0,0.0,0.0,Closed
2026-08-19,20,HTS,HIV Testing Service,False,False,0.1300041546299128,0,0,1,1,0.0,0.0,0.0,0.0,Closed
2026-08-19,21,HTS,HIV Testing Service,False,False,0.1300041546299128,0,0,1,1,0.0,0.0,0.0,0.0,Closed
2026-08-19,22,HTS,HIV Testing Service,False,False,0.1300041546299128,0,0,1,1,0.0,0.0,0.0,0.0,Closed
2026-08-19,23,HTS,HIV Testing Service,False,False,0.1300041546299128,0,0,1,1,0.0,0.0,0.0,0.0,Closed
2026-08-20,0,HTS,HIV Testing Service,False,False,0.1525248376937078,0,0,1,1,0.0,0.0,0.0,0.0,Closed
2026-08-20,1,HTS,HIV Testing Service,False,False,0.1525248376937078,0,0,1,1,0.0,0.0,0.0,0.0,Closed
2026-08-20,2,HTS,HIV Testing Service,False,False,0.1518793997910408,1,0,2,2,0.0,0.0,0.0,0.0,Closed
2026-08-20,3,HTS,HIV Testing Service,False,False,0.1518793997910408,0,0,2,2,0.0,0.0,0.0,0.0,Closed
2026-08-20,4,HTS,HIV Testing Service,False,False,0.1541288020526391,0,0,2,2,0.0,0.0,0.0,0.0,Closed
2026-08-20,5,HTS,HIV Testing Service,False,False,0.131138291167955,0,0,2,2,0.0,0.0,0.0,0.0,Closed
2026-08-20,6,HTS,HIV Testing Service,False,False,0.2387874650849737,0,0,2,2,0.0,0.0,0.0,0.0,Closed
2026-08-20,7,HTS,HIV Testing Service,False,False,0.246606096580098,0,0,2,2,0.0,0.0,0.0,0.0,Closed
2026-08-20,8,HTS,HIV Testing Service,False,True,0.3005103134210652,0,2,0,0,548.5,791.0,18.0,0.0,Low
2026-08-20,9,HTS,HIV Testing Service,False,True,0.3137884481534819,0,0,0,0,0.0,0.0,18.0,0.0,Low
2026-08-20,10,HTS,HIV Testing Service,False,True,0.204017876149722,1,1,0,0,0.0,0.0,18.0,5.555555555555555,Low
2026-08-20,11,HTS,HIV Testing Service,False,True,0.2041054853974607,0,0,0,0,0.0,0.0,18.0,0.0,Low
2026-08-20,12,HTS,HIV Testing Service,False,True,0.1707148369263652,0,0,0,0,0.0,0.0,18.0,0.0,Low
2026-08-20,13,HTS,HIV Testing Service,False,True,0.1502807388168198,0,0,0,0,0.0,0.0,18.0,0.0,Low
2026-08-20,14,HTS,HIV Testing Service,False,True,0.1502807388168198,0,0,0,0,0.0,0.0,18.0,0.0,Low
2026-08-20,15,HTS,HIV Testing Service,False,True,0.149093572463715,0,0,0,0,0.0,0.0,18.0,0.0,Low
2026-08-20,16,HTS,HIV Testing Service,False,True,0.1417248952091758,0,0,0,0,0.0,0.0,18.0,0.0,Low
2026-08-20,17,HTS,HIV Testing Service,False,False,0.1235844960382604,0,0,0,0,0.0,0.0,0.0,0.0,Closed
2026-08-20,18,HTS,HIV Testing Service,False,False,0.1235844960382604,0,0,0,0,0.0,0.0,0.0,0.0,Closed
2026-08-20,19,HTS,HIV Testing Service,False,False,0.1235844960382604,0,0,0,0,0.0,0.0,0.0,0.0,Closed
2026-08-20,20,HTS,HIV Testing Service,False,False,0.1235844960382604,0,0,0,0,0.0,0.0,0.0,0.0,Closed
2026-08-20,21,HTS,HIV Testing Service,False,False,0.1235844960382604,0,0,0,0,0.0,0.0,0.0,0.0,Closed
2026-08-20,22,HTS,HIV Testing Service,False,False,0.1235844960382604,0,0,0,0,0.0,0.0,0.0,0.0,Closed
2026-08-20,23,HTS,HIV Testing Service,False,False,0.1235844960382604,0,0,0,0,0.0,0.0,0.0,0.0,Closed
2026-08-21,0,HTS,HIV Testing Service,False,False,0.1533271225967408,0,0,0,0,0.0,0.0,0.0,0.0,Closed
2026-08-21,1,HTS,HIV Testing Service,False,False,0.1533271225967408,0,0,0,0,0.0,0.0,0.0,0.0,Closed
2026-08-21,2,HTS,HIV Testing Service,False,False,0.1402281270473906,0,0,0,0,0.0,0.0,0.0,0.0,Closed
2026-08-21,3,HTS,HIV Testing Service,False,False,0.1402281270473906,0,0,0,0,0.0,0.0,0.0,0.0,Closed
2026-08-21,4,HTS,HIV Testing Service,False,False,0.1424775293089889,0,0,0,0,0.0,0.0,0.0,0.0,Closed
2026-08-21,5,HTS,HIV Testing Service,False,False,0.1182120060726809,0,0,0,0,0.0,0.0,0.0,0.0,Closed
2026-08-21,6,HTS,HIV Testing Service,False,False,0.2258611799896995,0,0,0,0,0.0,0.0,0.0,0.0,Closed
2026-08-21,7,HTS,HIV Testing Service,False,False,0.2336798114848238,0,0,0,0,0.0,0.0,0.0,0.0,Closed
2026-08-21,8,HTS,HIV Testing Service,False,True,0.2888590406774149,0,0,0,0,0.0,0.0,18.0,0.0,Low
2026-08-21,9,HTS,HIV Testing Service,False,True,0.3021371754098316,0,0,0,0,0.0,0.0,18.0,0.0,Low
2026-08-21,10,HTS,HIV Testing Service,False,True,0.1923666034060717,0,0,0,0,0.0,0.0,18.0,0.0,Low
2026-08-21,11,HTS,HIV Testing Service,False,True,0.1924542126538105,0,0,0,0,0.0,0.0,18.0,0.0,Low
2026-08-21,12,HTS,HIV Testing Service,False,True,0.1715171218293981,0,0,0,0,0.0,0.0,18.0,0.0,Low
2026-08-21,13,HTS,HIV Testing Service,False,True,0.1510830237198528,0,0,0,0,0.0,0.0,18.0,0.0,Low
2026-08-21,14,HTS,HIV Testing Service,False,True,0.1510830237198528,0,0,0,0,0.0,0.0,18.0,0.0,Low
2026-08-21,15,HTS,HIV Testing Service,False,True,0.1498958573667479,0,0,0,0,0.0,0.0,18.0,0.0,Low
2026-08-21,16,HTS,HIV Testing Service,False,True,0.1425271801122087,0,0,0,0,0.0,0.0,18.0,0.0,Low
2026-08-21,17,HTS,HIV Testing Service,False,False,0.1243867809412933,0,0,0,0,0.0,0.0,0.0,0.0,Closed
2026-08-21,18,HTS,HIV Testing Service,False,False,0.1243867809412933,0,0,0,0,0.0,0.0,0.0,0.0,Closed
2026-08-21,19,HTS,HIV Testing Service,False,False,0.1243867809412933,0,0,0,0,0.0,0.0,0.0,0.0,Closed
2026-08-21,20,HTS,HIV Testing Service,False,False,0.1243867809412933,0,0,0,0,0.0,0.0,0.0,0.0,Closed
2026-08-21,21,HTS,HIV Testing Service,False,False,0.1243867809412933,0,0,0,0,0.0,0.0,0.0,0.0,Closed
2026-08-21,22,HTS,HIV Testing Service,False,False,0.1243867809412933,0,0,0,0,0.0,0.0,0.0,0.0,Closed
2026-08-21,23,HTS,HIV Testing Service,False,False,0.1243867809412933,0,0,0,0,0.0,0.0,0.0,0.0,Closed
2026-08-22,0,HTS,HIV Testing Service,False,False,0.1660434392284973,0,0,0,0,0.0,0.0,0.0,0.0,Closed
2026-08-22,1,HTS,HIV Testing Service,False,False,0.1660434392284973,0,0,0,0,0.0,0.0,0.0,0.0,Closed
2026-08-22,2,HTS,HIV Testing Service,False,False,0.1521448399003155,0,0,0,0,0.0,0.0,0.0,0.0,Closed
2026-08-22,3,HTS,HIV Testing Service,False,False,0.1521448399003155,0,0,0,0,0.0,0.0,0.0,0.0,Closed
2026-08-22,4,HTS,HIV Testing Service,False,False,0.1212262796638102,0,0,0,0,0.0,0.0,0.0,0.0,Closed
2026-08-22,5,HTS,HIV Testing Service,False,False,0.0969607564275023,0,0,0,0,0.0,0.0,0.0,0.0,Closed
2026-08-22,6,HTS,HIV Testing Service,False,False,0.2111912038396584,0,0,0,0,0.0,0.0,0.0,0.0,Closed
2026-08-22,7,HTS,HIV Testing Service,False,False,0.2190098353347828,0,0,0,0,0.0,0.0,0.0,0.0,Closed
2026-08-22,8,HTS,HIV Testing Service,False,True,0.2624875868792359,0,0,0,0,0.0,0.0,18.0,0.0,Low
2026-08-22,9,HTS,HIV Testing Service,False,True,0.2757657216116526,0,0,0,0,0.0,0.0,18.0,0.0,Low
2026-08-22,10,HTS,HIV Testing Service,False,True,0.1727355497187463,0,0,0,0,0.0,0.0,18.0,0.0,Low
2026-08-22,11,HTS,HIV Testing Service,False,True,0.172823158966485,0,0,0,0,0.0,0.0,18.0,0.0,Low
2026-08-22,12,HTS,HIV Testing Service,False,True,0.1487210747957543,0,0,0,0,0.0,0.0,18.0,0.0,Low
2026-08-22,13,HTS,HIV Testing Service,False,True,0.1394739395628766,0,0,0,0,0.0,0.0,18.0,0.0,Low
2026-08-22,14,HTS,HIV Testing Service,False,True,0.1394739395628766,0,0,0,0,0.0,0.0,18.0,0.0,Low
2026-08-22,15,HTS,HIV Testing Service,False,True,0.1382867732097718,0,0,0,0,0.0,0.0,18.0,0.0,Low
2026-08-22,16,HTS,HIV Testing Service,False,True,0.1309180959552326,0,0,0,0,0.0,0.0,18.0,0.0,Low
2026-08-22,17,HTS,HIV Testing Service,False,False,0.1100391256064206,0,0,0,0,0.0,0.0,0.0,0.0,Closed
2026-08-22,18,HTS,HIV Testing Service,False,False,0.1100391256064206,0,0,0,0,0.0,0.0,0.0,0.0,Closed
2026-08-22,19,HTS,HIV Testing Service,False,False,0.1100391256064206,1,0,1,1,0.0,0.0,0.0,0.0,Closed
2026-08-22,20,HTS,HIV Testing Service,False,False,0.1100391256064206,0,0,1,1,0.0,0.0,0.0,0.0,Closed
2026-08-22,21,HTS,HIV Testing Service,False,False,0.1100391256064206,1,0,2,2,0.0,0.0,0.0,0.0,Closed
2026-08-22,22,HTS,HIV Testing Service,False,False,0.1100391256064206,0,0,2,2,0.0,0.0,0.0,0.0,Closed
2026-08-22,23,HTS,HIV Testing Service,False,False,0.1100391256064206,0,0,2,2,0.0,0.0,0.0,0.0,Closed
2026-08-23,0,HTS,HIV Testing Service,False,False,0.1644907820560245,0,0,2,2,0.0,0.0,0.0,0.0,Closed
2026-08-23,1,HTS,HIV Testing Service,False,False,0.1644907820560245,0,0,2,2,0.0,0.0,0.0,0.0,Closed
2026-08-23,2,HTS,HIV Testing Service,False,False,0.1505921827278427,1,0,3,3,0.0,0.0,0.0,0.0,Closed
2026-08-23,3,HTS,HIV Testing Service,False,False,0.1505921827278427,0,0,3,3,0.0,0.0,0.0,0.0,Closed
2026-08-23,4,HTS,HIV Testing Service,False,False,0.1196736224913375,0,0,3,3,0.0,0.0,0.0,0.0,Closed
2026-08-23,5,HTS,HIV Testing Service,False,False,0.0954080992550295,0,0,3,3,0.0,0.0,0.0,0.0,Closed
2026-08-23,6,HTS,HIV Testing Service,False,False,0.2096385466671857,1,0,4,4,0.0,0.0,0.0,0.0,Closed
2026-08-23,7,HTS,HIV Testing Service,False,False,0.21745717816231,0,0,4,4,0.0,0.0,0.0,0.0,Closed
2026-08-23,8,HTS,HIV Testing Service,False,True,0.2609349297067632,0,4,0,0,449.0,751.0,18.0,0.0,Low
2026-08-23,9,HTS,HIV Testing Service,False,True,0.2742130644391799,0,0,0,0,0.0,0.0,18.0,0.0,Low
2026-08-23,10,HTS,HIV Testing Service,False,True,0.1711828925462735,0,0,0,0,0.0,0.0,18.0,0.0,Low
2026-08-23,11,HTS,HIV Testing Service,False,True,0.1712705017940122,0,0,0,0,0.0,0.0,18.0,0.0,Low
2026-08-23,12,HTS,HIV Testing Service,False,True,0.1471684176232815,0,0,0,0,0.0,0.0,18.0,0.0,Low
2026-08-23,13,HTS,HIV Testing Service,False,True,0.1379212823904038,0,0,0,0,0.0,0.0,18.0,0.0,Low
2026-08-23,14,HTS,HIV Testing Service,False,True,0.1379212823904038,0,0,0,0,0.0,0.0,18.0,0.0,Low
2026-08-23,15,HTS,HIV Testing Service,False,True,0.136734116037299,0,0,0,0,0.0,0.0,18.0,0.0,Low
2026-08-23,16,HTS,HIV Testing Service,False,True,0.1293654387827598,0,0,0,0,0.0,0.0,18.0,0.0,Low
2026-08-23,17,HTS,HIV Testing Service,False,False,0.1087149663232366,0,0,0,0,0.0,0.0,0.0,0.0,Closed
2026-08-23,18,HTS,HIV Testing Service,False,False,0.1087149663232366,0,0,0,0,0.0,0.0,0.0,0.0,Closed
2026-08-23,19,HTS,HIV Testing Service,False,False,0.1087149663232366,0,0,0,0,0.0,0.0,0.0,0.0,Closed
2026-08-23,20,HTS,HIV Testing Service,False,False,0.1087149663232366,0,0,0,0,0.0,0.0,0.0,0.0,Closed
2026-08-23,21,HTS,HIV Testing Service,False,False,0.1087149663232366,1,0,1,1,0.0,0.0,0.0,0.0,Closed
2026-08-23,22,HTS,HIV Testing Service,False,False,0.1087149663232366,0,0,1,1,0.0,0.0,0.0,0.0,Closed
2026-08-23,23,HTS,HIV Testing Service,False,False,0.1087149663232366,0,0,1,1,0.0,0.0,0.0,0.0,Closed
2026-08-24,0,HTS,HIV Testing Service,False,False,0.1361605774393602,1,0,2,2,0.0,0.0,0.0,0.0,Closed
2026-08-24,1,HTS,HIV Testing Service,False,False,0.1361605774393602,0,0,2,2,0.0,0.0,0.0,0.0,Closed
2026-08-24,2,HTS,HIV Testing Service,False,False,0.1290387319658908,0,0,2,2,0.0,0.0,0.0,0.0,Closed
2026-08-24,3,HTS,HIV Testing Service,False,False,0.1290387319658908,0,0,2,2,0.0,0.0,0.0,0.0,Closed
2026-08-24,4,HTS,HIV Testing Service,False,False,0.1312881342274892,0,0,2,2,0.0,0.0,0.0,0.0,Closed
2026-08-24,5,HTS,HIV Testing Service,False,False,0.1213001121769239,1,0,3,3,0.0,0.0,0.0,0.0,Closed
2026-08-24,6,HTS,HIV Testing Service,False,False,0.2289492860939425,0,0,3,3,0.0,0.0,0.0,0.0,Closed
2026-08-24,7,HTS,HIV Testing Service,False,False,0.2367679175890668,0,0,3,3,0.0,0.0,0.0,0.0,Closed
2026-08-24,8,HTS,HIV Testing Service,False,True,0.3024976860070337,0,3,0,0,414.0,634.0,18.0,0.0,Low
2026-08-24,9,HTS,HIV Testing Service,False,True,0.3004150791661296,0,0,0,0,0.0,0.0,18.0,0.0,Low
2026-08-24,10,HTS,HIV Testing Service,False,True,0.2020983140727082,0,0,0,0,0.0,0.0,18.0,0.0,Low
2026-08-24,11,HTS,HIV Testing Service,False,True,0.202185923320447,1,1,0,0,0.0,0.0,18.0,5.555555555555555,Low
2026-08-24,12,HTS,HIV Testing Service,False,True,0.1581926681946801,0,0,0,0,0.0,0.0,18.0,0.0,Low
2026-08-24,13,HTS,HIV Testing Service,False,True,0.1377585700851347,0,0,0,0,0.0,0.0,18.0,0.0,Low
2026-08-24,14,HTS,HIV Testing Service,False,True,0.1377585700851347,0,0,0,0,0.0,0.0,18.0,0.0,Low
2026-08-24,15,HTS,HIV Testing Service,False,True,0.1365714037320299,0,0,0,0,0.0,0.0,18.0,0.0,Low
2026-08-24,16,HTS,HIV Testing Service,False,True,0.1292027264774907,0,0,0,0,0.0,0.0,18.0,0.0,Low
2026-08-24,17,HTS,HIV Testing Service,False,False,0.1110623273065754,0,0,0,0,0.0,0.0,0.0,0.0,Closed
2026-08-24,18,HTS,HIV Testing Service,False,False,0.1110623273065754,0,0,0,0,0.0,0.0,0.0,0.0,Closed
2026-08-24,19,HTS,HIV Testing Service,False,False,0.1110623273065754,0,0,0,0,0.0,0.0,0.0,0.0,Closed
2026-08-24,20,HTS,HIV Testing Service,False,False,0.1110623273065754,0,0,0,0,0.0,0.0,0.0,0.0,Closed
2026-08-24,21,HTS,HIV Testing Service,False,False,0.1110623273065754,1,0,1,1,0.0,0.0,0.0,0.0,Closed
2026-08-24,22,HTS,HIV Testing Service,False,False,0.1110623273065754,0,0,1,1,0.0,0.0,0.0,0.0,Closed
2026-08-24,23,HTS,HIV Testing Service,False,False,0.1110623273065754,0,0,1,1,0.0,0.0,0.0,0.0,Closed
2026-08-25,0,HTS,HIV Testing Service,False,False,0.1361605774393602,0,0,1,1,0.0,0.0,0.0,0.0,Closed
2026-08-25,1,HTS,HIV Testing Service,False,False,0.1361605774393602,0,0,1,1,0.0,0.0,0.0,0.0,Closed
2026-08-25,2,HTS,HIV Testing Service,False,False,0.1290387319658908,0,0,1,1,0.0,0.0,0.0,0.0,Closed
2026-08-25,3,HTS,HIV Testing Service,False,False,0.1290387319658908,1,0,2,2,0.0,0.0,0.0,0.0,Closed
2026-08-25,4,HTS,HIV Testing Service,False,False,0.1312881342274892,0,0,2,2,0.0,0.0,0.0,0.0,Closed
2026-08-25,5,HTS,HIV Testing Service,False,False,0.1213001121769239,0,0,2,2,0.0,0.0,0.0,0.0,Closed
2026-08-25,6,HTS,HIV Testing Service,False,False,0.2289492860939425,1,0,3,3,0.0,0.0,0.0,0.0,Closed
2026-08-25,7,HTS,HIV Testing Service,False,False,0.2367679175890668,0,0,3,3,0.0,0.0,0.0,0.0,Closed
2026-08-25,8,HTS,HIV Testing Service,False,True,0.3024976860070337,2,5,0,0,206.6,646.0,18.0,11.11111111111111,Low
2026-08-25,9,HTS,HIV Testing Service,False,True,0.3004150791661296,1,1,0,0,0.0,0.0,18.0,5.555555555555555,Low
2026-08-25,10,HTS,HIV Testing Service,False,True,0.2020983140727082,0,0,0,0,0.0,0.0,18.0,0.0,Low
2026-08-25,11,HTS,HIV Testing Service,False,True,0.202185923320447,0,0,0,0,0.0,0.0,18.0,0.0,Low
2026-08-25,12,HTS,HIV Testing Service,False,True,0.1581926681946801,0,0,0,0,0.0,0.0,18.0,0.0,Low
2026-08-25,13,HTS,HIV Testing Service,False,True,0.1377585700851347,0,0,0,0,0.0,0.0,18.0,0.0,Low
2026-08-25,14,HTS,HIV Testing Service,False,True,0.1377585700851347,0,0,0,0,0.0,0.0,18.0,0.0,Low
2026-08-25,15,HTS,HIV Testing Service,False,True,0.1365714037320299,0,0,0,0,0.0,0.0,18.0,0.0,Low
2026-08-25,16,HTS,HIV Testing Service,False,True,0.1292027264774907,0,0,0,0,0.0,0.0,18.0,0.0,Low
2026-08-25,17,HTS,HIV Testing Service,False,False,0.1110623273065754,1,0,1,1,0.0,0.0,0.0,0.0,Closed
2026-08-25,18,HTS,HIV Testing Service,False,False,0.1110623273065754,0,0,1,1,0.0,0.0,0.0,0.0,Closed
2026-08-25,19,HTS,HIV Testing Service,False,False,0.1110623273065754,0,0,1,1,0.0,0.0,0.0,0.0,Closed
2026-08-25,20,HTS,HIV Testing Service,False,False,0.1110623273065754,0,0,1,1,0.0,0.0,0.0,0.0,Closed
2026-08-25,21,HTS,HIV Testing Service,False,False,0.1110623273065754,0,0,1,1,0.0,0.0,0.0,0.0,Closed
2026-08-25,22,HTS,HIV Testing Service,False,False,0.1110623273065754,0,0,1,1,0.0,0.0,0.0,0.0,Closed
2026-08-25,23,HTS,HIV Testing Service,False,False,0.1110623273065754,0,0,1,1,0.0,0.0,0.0,0.0,Closed
2026-08-26,0,HTS,HIV Testing Service,False,False,0.1999704074192417,0,0,1,1,0.0,0.0,0.0,0.0,Closed
2026-08-19,1,MATERNITY NURSERY,Maternity/Nursery Care,True,True,0.0004894227732387,0,0,0,0,0.0,0.0,12.0,0.0,Low
2026-08-19,2,MATERNITY NURSERY,Maternity/Nursery Care,True,True,0.1273816414501629,0,0,0,0,0.0,0.0,12.0,0.0,Low
2026-08-19,3,MATERNITY NURSERY,Maternity/Nursery Care,True,True,0.1273816414501629,0,0,0,0,0.0,0.0,12.0,0.0,Low
2026-08-19,4,MATERNITY NURSERY,Maternity/Nursery Care,True,True,0.1296310437117612,0,0,0,0,0.0,0.0,12.0,0.0,Low
2026-08-19,5,MATERNITY NURSERY,Maternity/Nursery Care,True,True,0.1196430216611959,0,0,0,0,0.0,0.0,12.0,0.0,Low
2026-08-19,6,MATERNITY NURSERY,Maternity/Nursery Care,True,True,0.2272921955782146,1,1,0,0,0.0,0.0,12.0,8.333333333333332,Low
2026-08-19,7,MATERNITY NURSERY,Maternity/Nursery Care,True,True,0.235110827073339,0,0,0,0,0.0,0.0,12.0,0.0,Low
2026-08-19,8,MATERNITY NURSERY,Maternity/Nursery Care,True,True,0.2784500630110639,0,0,0,0,0.0,0.0,12.0,0.0,Low
2026-08-19,9,MATERNITY NURSERY,Maternity/Nursery Care,True,True,0.2763674561701598,0,0,0,0,0.0,0.0,12.0,0.0,Low
2026-08-19,10,MATERNITY NURSERY,Maternity/Nursery Care,True,True,0.1515343212605105,1,1,0,0,0.0,0.0,12.0,8.333333333333332,Low
2026-08-19,11,MATERNITY NURSERY,Maternity/Nursery Care,True,True,0.1516219305082493,0,0,0,0,0.0,0.0,12.0,0.0,Low
2026-08-19,12,MATERNITY NURSERY,Maternity/Nursery Care,True,True,0.1063810013360887,0,0,0,0,0.0,0.0,12.0,0.0,Low
2026-08-19,13,MATERNITY NURSERY,Maternity/Nursery Care,True,True,0.1053706905082918,0,0,0,0,0.0,0.0,12.0,0.0,Low
2026-08-19,14,MATERNITY NURSERY,Maternity/Nursery Care,True,True,0.1053706905082918,0,0,0,0,0.0,0.0,12.0,0.0,Low
2026-08-19,15,MATERNITY NURSERY,Maternity/Nursery Care,True,True,0.1053706905082918,0,0,0,0,0.0,0.0,12.0,0.0,Low
2026-08-19,16,MATERNITY NURSERY,Maternity/Nursery Care,True,True,0.1037517632289953,0,0,0,0,0.0,0.0,12.0,0.0,Low
2026-08-19,17,MATERNITY NURSERY,Maternity/Nursery Care,True,True,0.0939221412476697,0,0,0,0,0.0,0.0,12.0,0.0,Low
2026-08-19,18,MATERNITY NURSERY,Maternity/Nursery Care,True,True,0.0939221412476697,0,0,0,0,0.0,0.0,12.0,0.0,Low
2026-08-19,19,MATERNITY NURSERY,Maternity/Nursery Care,True,True,0.0939221412476697,0,0,0,0,0.0,0.0,12.0,0.0,Low
2026-08-19,20,MATERNITY NURSERY,Maternity/Nursery Care,True,True,0.0939221412476697,1,1,0,0,0.0,0.0,12.0,8.333333333333332,Low
2026-08-19,21,MATERNITY NURSERY,Maternity/Nursery Care,True,True,0.0939221412476697,0,0,0,0,0.0,0.0,12.0,0.0,Low
2026-08-19,22,MATERNITY NURSERY,Maternity/Nursery Care,True,True,0.0939221412476697,0,0,0,0,0.0,0.0,12.0,0.0,Low
2026-08-19,23,MATERNITY NURSERY,Maternity/Nursery Care,True,True,0.0939221412476697,0,0,0,0,0.0,0.0,12.0,0.0,Low
2026-08-20,0,MATERNITY NURSERY,Maternity/Nursery Care,True,True,0.0889190670042787,0,0,0,0,0.0,0.0,12.0,0.0,Low
2026-08-20,1,MATERNITY NURSERY,Maternity/Nursery Care,True,True,0.0889190670042787,0,0,0,0,0.0,0.0,12.0,0.0,Low
2026-08-20,2,MATERNITY NURSERY,Maternity/Nursery Care,True,True,0.0882736291016117,0,0,0,0,0.0,0.0,12.0,0.0,Low
2026-08-20,3,MATERNITY NURSERY,Maternity/Nursery Care,True,True,0.0882736291016117,1,1,0,0,0.0,0.0,12.0,8.333333333333332,Low
2026-08-20,4,MATERNITY NURSERY,Maternity/Nursery Care,True,True,0.0905230313632101,0,0,0,0,0.0,0.0,12.0,0.0,Low
2026-08-20,5,MATERNITY NURSERY,Maternity/Nursery Care,True,True,0.0675325204785259,0,0,0,0,0.0,0.0,12.0,0.0,Low
2026-08-20,6,MATERNITY NURSERY,Maternity/Nursery Care,True,True,0.1751816943955441,0,0,0,0,0.0,0.0,12.0,0.0,Low
2026-08-20,7,MATERNITY NURSERY,Maternity/Nursery Care,True,True,0.1830003258906684,0,0,0,0,0.0,0.0,12.0,0.0,Low
2026-08-20,8,MATERNITY NURSERY,Maternity/Nursery Care,True,True,0.2328656430917104,0,0,0,0,0.0,0.0,12.0,0.0,Low
2026-08-20,9,MATERNITY NURSERY,Maternity/Nursery Care,True,True,0.2461437778241272,0,0,0,0,0.0,0.0,12.0,0.0,Low
2026-08-20,10,MATERNITY NURSERY,Maternity/Nursery Care,True,True,0.1363732058203672,0,0,0,0,0.0,0.0,12.0,0.0,Low
2026-08-20,11,MATERNITY NURSERY,Maternity/Nursery Care,True,True,0.1364608150681059,0,0,0,0,0.0,0.0,12.0,0.0,Low
2026-08-20,12,MATERNITY NURSERY,Maternity/Nursery Care,True,True,0.0912198858959453,0,0,0,0,0.0,0.0,12.0,0.0,Low
2026-08-20,13,MATERNITY NURSERY,Maternity/Nursery Care,True,True,0.0902095750681484,0,0,0,0,0.0,0.0,12.0,0.0,Low
2026-08-20,14,MATERNITY NURSERY,Maternity/Nursery Care,True,True,0.0902095750681484,0,0,0,0,0.0,0.0,12.0,0.0,Low
2026-08-20,15,MATERNITY NURSERY,Maternity/Nursery Care,True,True,0.0902095750681484,0,0,0,0,0.0,0.0,12.0,0.0,Low
2026-08-20,16,MATERNITY NURSERY,Maternity/Nursery Care,True,True,0.088590647788852,0,0,0,0,0.0,0.0,12.0,0.0,Low
2026-08-20,17,MATERNITY NURSERY,Maternity/Nursery Care,True,True,0.0787610258075262,0,0,0,0,0.0,0.0,12.0,0.0,Low
2026-08-20,18,MATERNITY NURSERY,Maternity/Nursery Care,True,True,0.0787610258075262,0,0,0,0,0.0,0.0,12.0,0.0,Low
2026-08-20,19,MATERNITY NURSERY,Maternity/Nursery Care,True,True,0.0787610258075262,0,0,0,0,0.0,0.0,12.0,0.0,Low
2026-08-20,20,MATERNITY NURSERY,Maternity/Nursery Care,True,True,0.0787610258075262,0,0,0,0,0.0,0.0,12.0,0.0,Low
2026-08-20,21,MATERNITY NURSERY,Maternity/Nursery Care,True,True,0.0787610258075262,0,0,0,0,0.0,0.0,12.0,0.0,Low
2026-08-20,22,MATERNITY NURSERY,Maternity/Nursery Care,True,True,0.0787610258075262,0,0,0,0,0.0,0.0,12.0,0.0,Low
2026-08-20,23,MATERNITY NURSERY,Maternity/Nursery Care,True,True,0.0787610258075262,0,0,0,0,0.0,0.0,12.0,0.0,Low
2026-08-21,0,MATERNITY NURSERY,Maternity/Nursery Care,True,True,0.0897213519073116,0,0,0,0,0.0,0.0,12.0,0.0,Low
2026-08-21,1,MATERNITY NURSERY,Maternity/Nursery Care,True,True,0.0897213519073116,0,0,0,0,0.0,0.0,12.0,0.0,Low
2026-08-21,2,MATERNITY NURSERY,Maternity/Nursery Care,True,True,0.0766223563579615,0,0,0,0,0.0,0.0,12.0,0.0,Low
2026-08-21,3,MATERNITY NURSERY,Maternity/Nursery Care,True,True,0.0766223563579615,0,0,0,0,0.0,0.0,12.0,0.0,Low
2026-08-21,4,MATERNITY NURSERY,Maternity/Nursery Care,True,True,0.0788717586195599,0,0,0,0,0.0,0.0,12.0,0.0,Low
2026-08-21,5,MATERNITY NURSERY,Maternity/Nursery Care,True,True,0.0546062353832519,0,0,0,0,0.0,0.0,12.0,0.0,Low
2026-08-21,6,MATERNITY NURSERY,Maternity/Nursery Care,True,True,0.1622554093002699,0,0,0,0,0.0,0.0,12.0,0.0,Low
2026-08-21,7,MATERNITY NURSERY,Maternity/Nursery Care,True,True,0.1700740407953943,0,0,0,0,0.0,0.0,12.0,0.0,Low
2026-08-21,8,MATERNITY NURSERY,Maternity/Nursery Care,True,True,0.2212143703480601,0,0,0,0,0.0,0.0,12.0,0.0,Low
2026-08-21,9,MATERNITY NURSERY,Maternity/Nursery Care,True,True,0.2344925050804768,0,0,0,0,0.0,0.0,12.0,0.0,Low
2026-08-21,10,MATERNITY NURSERY,Maternity/Nursery Care,True,True,0.1247219330767169,0,0,0,0,0.0,0.0,12.0,0.0,Low
2026-08-21,11,MATERNITY NURSERY,Maternity/Nursery Care,True,True,0.1248095423244557,0,0,0,0,0.0,0.0,12.0,0.0,Low
2026-08-21,12,MATERNITY NURSERY,Maternity/Nursery Care,True,True,0.0920221707989783,0,0,0,0,0.0,0.0,12.0,0.0,Low
2026-08-21,13,MATERNITY NURSERY,Maternity/Nursery Care,True,True,0.0910118599711813,0,0,0,0,0.0,0.0,12.0,0.0,Low
2026-08-21,14,MATERNITY NURSERY,Maternity/Nursery Care,True,True,0.0910118599711813,0,0,0,0,0.0,0.0,12.0,0.0,Low
2026-08-21,15,MATERNITY NURSERY,Maternity/Nursery Care,True,True,0.0910118599711813,0,0,0,0,0.0,0.0,12.0,0.0,Low
2026-08-21,16,MATERNITY NURSERY,Maternity/Nursery Care,True,True,0.0893929326918849,0,0,0,0,0.0,0.0,12.0,0.0,Low
2026-08-21,17,MATERNITY NURSERY,Maternity/Nursery Care,True,True,0.0795633107105591,0,0,0,0,0.0,0.0,12.0,0.0,Low
2026-08-21,18,MATERNITY NURSERY,Maternity/Nursery Care,True,True,0.0795633107105591,0,0,0,0,0.0,0.0,12.0,0.0,Low
2026-08-21,19,MATERNITY NURSERY,Maternity/Nursery Care,True,True,0.0795633107105591,0,0,0,0,0.0,0.0,12.0,0.0,Low
2026-08-21,20,MATERNITY NURSERY,Maternity/Nursery Care,True,True,0.0795633107105591,0,0,0,0,0.0,0.0,12.0,0.0,Low
2026-08-21,21,MATERNITY NURSERY,Maternity/Nursery Care,True,True,0.0795633107105591,0,0,0,0,0.0,0.0,12.0,0.0,Low
2026-08-21,22,MATERNITY NURSERY,Maternity/Nursery Care,True,True,0.0795633107105591,0,0,0,0,0.0,0.0,12.0,0.0,Low
2026-08-21,23,MATERNITY NURSERY,Maternity/Nursery Care,True,True,0.0795633107105591,0,0,0,0,0.0,0.0,12.0,0.0,Low
2026-08-22,0,MATERNITY NURSERY,Maternity/Nursery Care,True,True,0.0657290569811854,0,0,0,0,0.0,0.0,12.0,0.0,Low
2026-08-22,1,MATERNITY NURSERY,Maternity/Nursery Care,True,True,0.0657290569811854,0,0,0,0,0.0,0.0,12.0,0.0,Low
2026-08-22,2,MATERNITY NURSERY,Maternity/Nursery Care,True,True,0.0772968016460871,0,0,0,0,0.0,0.0,12.0,0.0,Low
2026-08-22,3,MATERNITY NURSERY,Maternity/Nursery Care,True,True,0.0772968016460871,0,0,0,0,0.0,0.0,12.0,0.0,Low
2026-08-22,4,MATERNITY NURSERY,Maternity/Nursery Care,True,True,0.0795462039076854,0,0,0,0,0.0,0.0,12.0,0.0,Low
2026-08-22,5,MATERNITY NURSERY,Maternity/Nursery Care,True,True,0.0552806806713775,0,0,0,0,0.0,0.0,12.0,0.0,Low
2026-08-22,6,MATERNITY NURSERY,Maternity/Nursery Care,True,True,0.1695111280835336,0,0,0,0,0.0,0.0,12.0,0.0,Low
2026-08-22,7,MATERNITY NURSERY,Maternity/Nursery Care,True,True,0.1773297595786579,0,0,0,0,0.0,0.0,12.0,0.0,Low
2026-08-22,8,MATERNITY NURSERY,Maternity/Nursery Care,True,True,0.2167686114831851,0,0,0,0,0.0,0.0,12.0,0.0,Low
2026-08-22,9,MATERNITY NURSERY,Maternity/Nursery Care,True,True,0.2300467462156018,0,0,0,0,0.0,0.0,12.0,0.0,Low
2026-08-22,10,MATERNITY NURSERY,Maternity/Nursery Care,True,True,0.1221997127381609,0,0,0,0,0.0,0.0,12.0,0.0,Low
2026-08-22,11,MATERNITY NURSERY,Maternity/Nursery Care,True,True,0.1222873219858996,0,0,0,0,0.0,0.0,12.0,0.0,Low
2026-08-22,12,MATERNITY NURSERY,Maternity/Nursery Care,True,True,0.072180882352289,0,0,0,0,0.0,0.0,12.0,0.0,Low
2026-08-22,13,MATERNITY NURSERY,Maternity/Nursery Care,True,True,0.071170571524492,0,0,0,0,0.0,0.0,12.0,0.0,Low
2026-08-22,14,MATERNITY NURSERY,Maternity/Nursery Care,True,True,0.071170571524492,0,0,0,0,0.0,0.0,12.0,0.0,Low
2026-08-22,15,MATERNITY NURSERY,Maternity/Nursery Care,True,True,0.071170571524492,0,0,0,0,0.0,0.0,12.0,0.0,Low
2026-08-22,16,MATERNITY NURSERY,Maternity/Nursery Care,True,True,0.0695516442451956,0,0,0,0,0.0,0.0,12.0,0.0,Low
2026-08-22,17,MATERNITY NURSERY,Maternity/Nursery Care,True,True,0.0652156553756862,0,0,0,0,0.0,0.0,12.0,0.0,Low
2026-08-22,18,MATERNITY NURSERY,Maternity/Nursery Care,True,True,0.0652156553756862,0,0,0,0,0.0,0.0,12.0,0.0,Low
2026-08-22,19,MATERNITY NURSERY,Maternity/Nursery Care,True,True,0.0652156553756862,0,0,0,0,0.0,0.0,12.0,0.0,Low
2026-08-22,20,MATERNITY NURSERY,Maternity/Nursery Care,True,True,0.0652156553756862,0,0,0,0,0.0,0.0,12.0,0.0,Low
2026-08-22,21,MATERNITY NURSERY,Maternity/Nursery Care,True,True,0.0652156553756862,0,0,0,0,0.0,0.0,12.0,0.0,Low
2026-08-22,22,MATERNITY NURSERY,Maternity/Nursery Care,True,True,0.0652156553756862,1,1,0,0,0.0,0.0,12.0,8.333333333333332,Low
2026-08-22,23,MATERNITY NURSERY,Maternity/Nursery Care,True,True,0.0652156553756862,0,0,0,0,0.0,0.0,12.0,0.0,Low
2026-08-23,0,MATERNITY NURSERY,Maternity/Nursery Care,True,True,0.0641763998087126,1,1,0,0,0.0,0.0,12.0,8.333333333333332,Low
2026-08-23,1,MATERNITY NURSERY,Maternity/Nursery Care,True,True,0.0641763998087126,0,0,0,0,0.0,0.0,12.0,0.0,Low
2026-08-23,2,MATERNITY NURSERY,Maternity/Nursery Care,True,True,0.0757441444736142,0,0,0,0,0.0,0.0,12.0,0.0,Low
2026-08-23,3,MATERNITY NURSERY,Maternity/Nursery Care,True,True,0.0757441444736142,0,0,0,0,0.0,0.0,12.0,0.0,Low
2026-08-23,4,MATERNITY NURSERY,Maternity/Nursery Care,True,True,0.0779935467352126,0,0,0,0,0.0,0.0,12.0,0.0,Low
2026-08-23,5,MATERNITY NURSERY,Maternity/Nursery Care,True,True,0.0537280234989047,0,0,0,0,0.0,0.0,12.0,0.0,Low
2026-08-23,6,MATERNITY NURSERY,Maternity/Nursery Care,True,True,0.1679584709110609,0,0,0,0,0.0,0.0,12.0,0.0,Low
2026-08-23,7,MATERNITY NURSERY,Maternity/Nursery Care,True,True,0.1757771024061852,0,0,0,0,0.0,0.0,12.0,0.0,Low
2026-08-23,8,MATERNITY NURSERY,Maternity/Nursery Care,True,True,0.2152159543107124,0,0,0,0,0.0,0.0,12.0,0.0,Low
2026-08-23,9,MATERNITY NURSERY,Maternity/Nursery Care,True,True,0.2284940890431291,0,0,0,0,0.0,0.0,12.0,0.0,Low
2026-08-23,10,MATERNITY NURSERY,Maternity/Nursery Care,True,True,0.1206470555656881,0,0,0,0,0.0,0.0,12.0,0.0,Low
2026-08-23,11,MATERNITY NURSERY,Maternity/Nursery Care,True,True,0.1207346648134268,0,0,0,0,0.0,0.0,12.0,0.0,Low
2026-08-23,12,MATERNITY NURSERY,Maternity/Nursery Care,True,True,0.0706282251798161,0,0,0,0,0.0,0.0,12.0,0.0,Low
2026-08-23,13,MATERNITY NURSERY,Maternity/Nursery Care,True,True,0.0696179143520192,0,0,0,0,0.0,0.0,12.0,0.0,Low
2026-08-23,14,MATERNITY NURSERY,Maternity/Nursery Care,True,True,0.0696179143520192,0,0,0,0,0.0,0.0,12.0,0.0,Low
2026-08-23,15,MATERNITY NURSERY,Maternity/Nursery Care,True,True,0.0696179143520192,0,0,0,0,0.0,0.0,12.0,0.0,Low
2026-08-23,16,MATERNITY NURSERY,Maternity/Nursery Care,True,True,0.0679989870727228,0,0,0,0,0.0,0.0,12.0,0.0,Low
2026-08-23,17,MATERNITY NURSERY,Maternity/Nursery Care,True,True,0.0638914960925023,0,0,0,0,0.0,0.0,12.0,0.0,Low
2026-08-23,18,MATERNITY NURSERY,Maternity/Nursery Care,True,True,0.0638914960925023,0,0,0,0,0.0,0.0,12.0,0.0,Low
2026-08-23,19,MATERNITY NURSERY,Maternity/Nursery Care,True,True,0.0638914960925023,0,0,0,0,0.0,0.0,12.0,0.0,Low
2026-08-23,20,MATERNITY NURSERY,Maternity/Nursery Care,True,True,0.0638914960925023,0,0,0,0,0.0,0.0,12.0,0.0,Low
2026-08-23,21,MATERNITY NURSERY,Maternity/Nursery Care,True,True,0.0638914960925023,0,0,0,0,0.0,0.0,12.0,0.0,Low
2026-08-23,22,MATERNITY NURSERY,Maternity/Nursery Care,True,True,0.0638914960925023,0,0,0,0,0.0,0.0,12.0,0.0,Low
2026-08-23,23,MATERNITY NURSERY,Maternity/Nursery Care,True,True,0.0638914960925023,0,0,0,0,0.0,0.0,12.0,0.0,Low
2026-08-24,0,MATERNITY NURSERY,Maternity/Nursery Care,True,True,0.0628200295050043,0,0,0,0,0.0,0.0,12.0,0.0,Low
2026-08-24,1,MATERNITY NURSERY,Maternity/Nursery Care,True,True,0.0628200295050043,0,0,0,0,0.0,0.0,12.0,0.0,Low
2026-08-24,2,MATERNITY NURSERY,Maternity/Nursery Care,True,True,0.055698184031535,0,0,0,0,0.0,0.0,12.0,0.0,Low
2026-08-24,3,MATERNITY NURSERY,Maternity/Nursery Care,True,True,0.055698184031535,0,0,0,0,0.0,0.0,12.0,0.0,Low
2026-08-24,4,MATERNITY NURSERY,Maternity/Nursery Care,True,True,0.0579475862931334,0,0,0,0,0.0,0.0,12.0,0.0,Low
2026-08-24,5,MATERNITY NURSERY,Maternity/Nursery Care,True,True,0.0479595642425681,0,0,0,0,0.0,0.0,12.0,0.0,Low
2026-08-24,6,MATERNITY NURSERY,Maternity/Nursery Care,True,True,0.1556087381595861,0,0,0,0,0.0,0.0,12.0,0.0,Low
2026-08-24,7,MATERNITY NURSERY,Maternity/Nursery Care,True,True,0.1634273696547105,0,0,0,0,0.0,0.0,12.0,0.0,Low
2026-08-24,8,MATERNITY NURSERY,Maternity/Nursery Care,True,True,0.2251182384327519,1,1,0,0,0.0,0.0,12.0,8.333333333333332,Low
2026-08-24,9,MATERNITY NURSERY,Maternity/Nursery Care,True,True,0.2333147124294102,0,0,0,0,0.0,0.0,12.0,0.0,Low
2026-08-24,10,MATERNITY NURSERY,Maternity/Nursery Care,True,True,0.1349979473359889,0,0,0,0,0.0,0.0,12.0,0.0,Low
2026-08-24,11,MATERNITY NURSERY,Maternity/Nursery Care,True,True,0.1350855565837277,0,0,0,0,0.0,0.0,12.0,0.0,Low
2026-08-24,12,MATERNITY NURSERY,Maternity/Nursery Care,True,True,0.089844627411567,1,1,0,0,0.0,0.0,12.0,8.333333333333332,Low
2026-08-24,13,MATERNITY NURSERY,Maternity/Nursery Care,True,True,0.0888343165837701,0,0,0,0,0.0,0.0,12.0,0.0,Low
2026-08-24,14,MATERNITY NURSERY,Maternity/Nursery Care,True,True,0.0888343165837701,0,0,0,0,0.0,0.0,12.0,0.0,Low
2026-08-24,15,MATERNITY NURSERY,Maternity/Nursery Care,True,True,0.0888343165837701,0,0,0,0,0.0,0.0,12.0,0.0,Low
2026-08-24,16,MATERNITY NURSERY,Maternity/Nursery Care,True,True,0.0872153893044737,0,0,0,0,0.0,0.0,12.0,0.0,Low
2026-08-24,17,MATERNITY NURSERY,Maternity/Nursery Care,True,True,0.077385767323148,0,0,0,0,0.0,0.0,12.0,0.0,Low
2026-08-24,18,MATERNITY NURSERY,Maternity/Nursery Care,True,True,0.077385767323148,0,0,0,0,0.0,0.0,12.0,0.0,Low
2026-08-24,19,MATERNITY NURSERY,Maternity/Nursery Care,True,True,0.077385767323148,0,0,0,0,0.0,0.0,12.0,0.0,Low
2026-08-24,20,MATERNITY NURSERY,Maternity/Nursery Care,True,True,0.077385767323148,0,0,0,0,0.0,0.0,12.0,0.0,Low
2026-08-24,21,MATERNITY NURSERY,Maternity/Nursery Care,True,True,0.077385767323148,0,0,0,0,0.0,0.0,12.0,0.0,Low
2026-08-24,22,MATERNITY NURSERY,Maternity/Nursery Care,True,True,0.077385767323148,0,0,0,0,0.0,0.0,12.0,0.0,Low
2026-08-24,23,MATERNITY NURSERY,Maternity/Nursery Care,True,True,0.077385767323148,0,0,0,0,0.0,0.0,12.0,0.0,Low
2026-08-25,0,MATERNITY NURSERY,Maternity/Nursery Care,True,True,0.0706936569437508,0,0,0,0,0.0,0.0,12.0,0.0,Low
2026-08-25,1,MATERNITY NURSERY,Maternity/Nursery Care,True,True,0.0706936569437508,0,0,0,0,0.0,0.0,12.0,0.0,Low
2026-08-25,2,MATERNITY NURSERY,Maternity/Nursery Care,True,True,0.0635718114702815,0,0,0,0,0.0,0.0,12.0,0.0,Low
2026-08-25,3,MATERNITY NURSERY,Maternity/Nursery Care,True,True,0.0635718114702815,0,0,0,0,0.0,0.0,12.0,0.0,Low
2026-08-25,4,MATERNITY NURSERY,Maternity/Nursery Care,True,True,0.0658212137318799,0,0,0,0,0.0,0.0,12.0,0.0,Low
2026-08-25,5,MATERNITY NURSERY,Maternity/Nursery Care,True,True,0.0558331916813145,0,0,0,0,0.0,0.0,12.0,0.0,Low
2026-08-25,6,MATERNITY NURSERY,Maternity/Nursery Care,True,True,0.1634823655983326,1,1,0,0,0.0,0.0,12.0,8.333333333333332,Low
2026-08-25,7,MATERNITY NURSERY,Maternity/Nursery Care,True,True,0.1713009970934568,0,0,0,0,0.0,0.0,12.0,0.0,Low
2026-08-25,8,MATERNITY NURSERY,Maternity/Nursery Care,True,True,0.2329918658714986,0,0,0,0,0.0,0.0,12.0,0.0,Low
2026-08-25,9,MATERNITY NURSERY,Maternity/Nursery Care,True,True,0.2309092590305942,1,1,0,0,0.0,0.0,12.0,8.333333333333332,Low
2026-08-25,10,MATERNITY NURSERY,Maternity/Nursery Care,True,True,0.1325924939371732,0,0,0,0,0.0,0.0,12.0,0.0,Low
2026-08-25,11,MATERNITY NURSERY,Maternity/Nursery Care,True,True,0.1326801031849119,1,1,0,0,0.0,0.0,12.0,8.333333333333332,Low
2026-08-25,12,MATERNITY NURSERY,Maternity/Nursery Care,True,True,0.0874391740127513,0,0,0,0,0.0,0.0,12.0,0.0,Low
2026-08-25,13,MATERNITY NURSERY,Maternity/Nursery Care,True,True,0.0864288631849544,1,1,0,0,0.0,0.0,12.0,8.333333333333332,Low
2026-08-25,14,MATERNITY NURSERY,Maternity/Nursery Care,True,True,0.0864288631849544,0,0,0,0,0.0,0.0,12.0,0.0,Low
2026-08-25,15,MATERNITY NURSERY,Maternity/Nursery Care,True,True,0.0864288631849544,0,0,0,0,0.0,0.0,12.0,0.0,Low
2026-08-25,16,MATERNITY NURSERY,Maternity/Nursery Care,True,True,0.084809935905658,1,1,0,0,0.0,0.0,12.0,8.333333333333332,Low
2026-08-25,17,MATERNITY NURSERY,Maternity/Nursery Care,True,True,0.0749803139243322,0,0,0,0,0.0,0.0,12.0,0.0,Low
2026-08-25,18,MATERNITY NURSERY,Maternity/Nursery Care,True,True,0.0749803139243322,0,0,0,0,0.0,0.0,12.0,0.0,Low
2026-08-25,19,MATERNITY NURSERY,Maternity/Nursery Care,True,True,0.0749803139243322,0,0,0,0,0.0,0.0,12.0,0.0,Low
2026-08-25,20,MATERNITY NURSERY,Maternity/Nursery Care,True,True,0.0749803139243322,0,0,0,0,0.0,0.0,12.0,0.0,Low
2026-08-25,21,MATERNITY NURSERY,Maternity/Nursery Care,True,True,0.0749803139243322,0,0,0,0,0.0,0.0,12.0,0.0,Low
2026-08-25,22,MATERNITY NURSERY,Maternity/Nursery Care,True,True,0.0749803139243322,0,0,0,0,0.0,0.0,12.0,0.0,Low
2026-08-25,23,MATERNITY NURSERY,Maternity/Nursery Care,True,True,0.0749803139243322,0,0,0,0,0.0,0.0,12.0,0.0,Low
2026-08-26,0,MATERNITY NURSERY,Maternity/Nursery Care,True,True,0.1345034869236322,0,0,0,0,0.0,0.0,12.0,0.0,Low
2026-08-19,1,MCH,Maternal and Child Health Consultation,False,False,2.050101934774731,4,0,4,4,0.0,0.0,0.0,0.0,Closed
2026-08-19,2,MCH,Maternal and Child Health Consultation,False,False,0.0,0,0,4,4,0.0,0.0,0.0,0.0,Closed
2026-08-19,3,MCH,Maternal and Child Health Consultation,False,False,0.3838842116037135,1,0,5,5,0.0,0.0,0.0,0.0,Closed
2026-08-19,4,MCH,Maternal and Child Health Consultation,False,False,0.1106205769223138,0,0,5,5,0.0,0.0,0.0,0.0,Closed
2026-08-19,5,MCH,Maternal and Child Health Consultation,False,False,0.0,0,0,5,5,0.0,0.0,0.0,0.0,Closed
2026-08-19,6,MCH,Maternal and Child Health Consultation,False,False,0.3593255691216061,1,0,6,6,0.0,0.0,0.0,0.0,Closed
2026-08-19,7,MCH,Maternal and Child Health Consultation,False,False,1.7752389696472446,2,0,8,8,0.0,0.0,0.0,0.0,Closed
2026-08-19,8,MCH,Maternal and Child Health Consultation,False,True,7.464434455251667,9,17,0,0,117.88235294117646,389.0,18.0,50.0,Low
2026-08-19,9,MCH,Maternal and Child Health Consultation,False,True,7.555717770682405,6,6,0,0,0.0,0.0,18.0,33.33333333333333,Low
2026-08-19,10,MCH,Maternal and Child Health Consultation,False,True,7.126176184802763,8,8,0,0,0.0,0.0,18.0,44.44444444444444,Low
2026-08-19,11,MCH,Maternal and Child Health Consultation,False,True,6.818329404723302,6,6,0,0,0.0,0.0,18.0,33.33333333333333,Low
2026-08-19,12,MCH,Maternal and Child Health Consultation,False,True,4.421063895080862,3,3,0,0,0.0,0.0,18.0,16.666666666666664,Low
2026-08-19,13,MCH,Maternal and Child Health Consultation,False,True,2.266180708235175,1,1,0,0,0.0,0.0,18.0,5.555555555555555,Low
2026-08-19,14,MCH,Maternal and Child Health Consultation,False,True,2.0456828761238595,1,1,0,0,0.0,0.0,18.0,5.555555555555555,Low
2026-08-19,15,MCH,Maternal and Child Health Consultation,False,True,1.3203388567704517,1,1,0,0,0.0,0.0,18.0,5.555555555555555,Low
2026-08-19,16,MCH,Maternal and Child Health Consultation,False,True,0.870461197250491,2,2,0,0,0.0,0.0,18.0,11.11111111111111,Low
2026-08-19,17,MCH,Maternal and Child Health Consultation,False,False,0.3309163477606797,1,0,1,1,0.0,0.0,0.0,0.0,Closed
2026-08-19,18,MCH,Maternal and Child Health Consultation,False,False,0.2303374089248651,0,0,1,1,0.0,0.0,0.0,0.0,Closed
2026-08-19,19,MCH,Maternal and Child Health Consultation,False,False,0.192358880506364,0,0,1,1,0.0,0.0,0.0,0.0,Closed
2026-08-19,20,MCH,Maternal and Child Health Consultation,False,False,0.192358880506364,0,0,1,1,0.0,0.0,0.0,0.0,Closed
2026-08-19,21,MCH,Maternal and Child Health Consultation,False,False,0.1837112839399054,0,0,1,1,0.0,0.0,0.0,0.0,Closed
2026-08-19,22,MCH,Maternal and Child Health Consultation,False,False,0.1834799617807999,0,0,1,1,0.0,0.0,0.0,0.0,Closed
2026-08-19,23,MCH,Maternal and Child Health Consultation,False,False,0.1834799617807999,0,0,1,1,0.0,0.0,0.0,0.0,Closed
2026-08-20,0,MCH,Maternal and Child Health Consultation,False,False,0.2008385457619639,0,0,1,1,0.0,0.0,0.0,0.0,Closed
2026-08-20,1,MCH,Maternal and Child Health Consultation,False,False,0.1026003594863981,0,0,1,1,0.0,0.0,0.0,0.0,Closed
2026-08-20,2,MCH,Maternal and Child Health Consultation,False,False,0.0631449960497351,0,0,1,1,0.0,0.0,0.0,0.0,Closed
2026-08-20,3,MCH,Maternal and Child Health Consultation,False,False,0.0597969414435137,0,0,1,1,0.0,0.0,0.0,0.0,Closed
2026-08-20,4,MCH,Maternal and Child Health Consultation,False,False,0.0193673882883299,0,0,1,1,0.0,0.0,0.0,0.0,Closed
2026-08-20,5,MCH,Maternal and Child Health Consultation,False,False,0.0,0,0,1,1,0.0,0.0,0.0,0.0,Closed
2026-08-20,6,MCH,Maternal and Child Health Consultation,False,False,0.3943204559442306,0,0,1,1,0.0,0.0,0.0,0.0,Closed
2026-08-20,7,MCH,Maternal and Child Health Consultation,False,False,1.950822948765601,1,0,2,2,0.0,0.0,0.0,0.0,Closed
2026-08-20,8,MCH,Maternal and Child Health Consultation,False,True,12.311362122197586,14,16,0,0,57.8125,876.0,18.0,77.77777777777779,Moderate
2026-08-20,9,MCH,Maternal and Child Health Consultation,False,True,11.542718585857292,11,11,0,0,0.1818181818181818,2.0,18.0,61.11111111111112,Low
2026-08-20,10,MCH,Maternal and Child Health Consultation,False,True,8.520936329957733,7,7,0,0,0.0,0.0,18.0,38.88888888888889,Low
2026-08-20,11,MCH,Maternal and Child Health Consultation,False,True,7.601143671380057,6,6,0,0,0.0,0.0,18.0,33.33333333333333,Low
2026-08-20,12,MCH,Maternal and Child Health Consultation,False,True,5.0919334494404165,5,5,0,0,0.0,0.0,18.0,27.77777777777778,Low
2026-08-20,13,MCH,Maternal and Child Health Consultation,False,True,2.235524524021216,2,2,0,0,0.0,0.0,18.0,11.11111111111111,Low
2026-08-20,14,MCH,Maternal and Child Health Consultation,False,True,2.0404806402106144,1,1,0,0,0.0,0.0,18.0,5.555555555555555,Low
2026-08-20,15,MCH,Maternal and Child Health Consultation,False,True,1.316143094996864,0,0,0,0,0.0,0.0,18.0,0.0,Low
2026-08-20,16,MCH,Maternal and Child Health Consultation,False,True,0.8826006802676196,1,1,0,0,0.0,0.0,18.0,5.555555555555555,Low
2026-08-20,17,MCH,Maternal and Child Health Consultation,False,False,0.3430558307778081,0,0,0,0,0.0,0.0,0.0,0.0,Closed
2026-08-20,18,MCH,Maternal and Child Health Consultation,False,False,0.2323094300611879,0,0,0,0,0.0,0.0,0.0,0.0,Closed
2026-08-20,19,MCH,Maternal and Child Health Consultation,False,False,0.1943309016426868,0,0,0,0,0.0,0.0,0.0,0.0,Closed
2026-08-20,20,MCH,Maternal and Child Health Consultation,False,False,0.1943309016426868,0,0,0,0,0.0,0.0,0.0,0.0,Closed
2026-08-20,21,MCH,Maternal and Child Health Consultation,False,False,0.1856833050762281,1,0,1,1,0.0,0.0,0.0,0.0,Closed
2026-08-20,22,MCH,Maternal and Child Health Consultation,False,False,0.1854519829171226,0,0,1,1,0.0,0.0,0.0,0.0,Closed
2026-08-20,23,MCH,Maternal and Child Health Consultation,False,False,0.1854519829171226,0,0,1,1,0.0,0.0,0.0,0.0,Closed
2026-08-21,0,MCH,Maternal and Child Health Consultation,False,False,0.2052915279029369,1,0,2,2,0.0,0.0,0.0,0.0,Closed
2026-08-21,1,MCH,Maternal and Child Health Consultation,False,False,0.107053341627371,0,0,2,2,0.0,0.0,0.0,0.0,Closed
2026-08-21,2,MCH,Maternal and Child Health Consultation,False,False,0.0675979781907081,1,0,3,3,0.0,0.0,0.0,0.0,Closed
2026-08-21,3,MCH,Maternal and Child Health Consultation,False,False,0.0642499235844867,0,0,3,3,0.0,0.0,0.0,0.0,Closed
2026-08-21,4,MCH,Maternal and Child Health Consultation,False,False,0.0137945939458516,0,0,3,3,0.0,0.0,0.0,0.0,Closed
2026-08-21,5,MCH,Maternal and Child Health Consultation,False,False,0.0,0,0,3,3,0.0,0.0,0.0,0.0,Closed
2026-08-21,6,MCH,Maternal and Child Health Consultation,False,False,0.3589913180867733,0,0,3,3,0.0,0.0,0.0,0.0,Closed
2026-08-21,7,MCH,Maternal and Child Health Consultation,False,False,1.8108605008658207,0,0,3,3,0.0,0.0,0.0,0.0,Closed
2026-08-21,8,MCH,Maternal and Child Health Consultation,False,True,8.426373956573821,13,16,0,0,92.9375,646.0,18.0,72.22222222222221,Moderate
2026-08-21,9,MCH,Maternal and Child Health Consultation,False,True,9.70970725073334,8,8,0,0,1.0,3.0,18.0,44.44444444444444,Low
2026-08-21,10,MCH,Maternal and Child Health Consultation,False,True,8.06200925120954,8,8,0,0,0.0,0.0,18.0,44.44444444444444,Low
2026-08-21,11,MCH,Maternal and Child Health Consultation,False,True,8.394717056723705,7,7,0,0,0.0,0.0,18.0,38.88888888888889,Low
2026-08-21,12,MCH,Maternal and Child Health Consultation,False,True,5.54242661647677,5,5,0,0,0.0,0.0,18.0,27.77777777777778,Low
2026-08-21,13,MCH,Maternal and Child Health Consultation,False,True,2.5051256930449,2,2,0,0,0.0,0.0,18.0,11.11111111111111,Low
2026-08-21,14,MCH,Maternal and Child Health Consultation,False,True,2.297395052153027,2,2,0,0,0.0,0.0,18.0,11.11111111111111,Low
2026-08-21,15,MCH,Maternal and Child Health Consultation,False,True,1.3887347332961448,3,3,0,0,0.0,0.0,18.0,16.666666666666664,Low
2026-08-21,16,MCH,Maternal and Child Health Consultation,False,True,0.8834029651706526,1,1,0,0,0.0,0.0,18.0,5.555555555555555,Low
2026-08-21,17,MCH,Maternal and Child Health Consultation,False,False,0.3463460137221143,0,0,0,0,0.0,0.0,0.0,0.0,Closed
2026-08-21,18,MCH,Maternal and Child Health Consultation,False,False,0.2331117149642207,0,0,0,0,0.0,0.0,0.0,0.0,Closed
2026-08-21,19,MCH,Maternal and Child Health Consultation,False,False,0.1951331865457197,0,0,0,0,0.0,0.0,0.0,0.0,Closed
2026-08-21,20,MCH,Maternal and Child Health Consultation,False,False,0.1951331865457197,1,0,1,1,0.0,0.0,0.0,0.0,Closed
2026-08-21,21,MCH,Maternal and Child Health Consultation,False,False,0.1864855899792611,1,0,2,2,0.0,0.0,0.0,0.0,Closed
2026-08-21,22,MCH,Maternal and Child Health Consultation,False,False,0.1862542678201555,0,0,2,2,0.0,0.0,0.0,0.0,Closed
2026-08-21,23,MCH,Maternal and Child Health Consultation,False,False,0.1862542678201555,0,0,2,2,0.0,0.0,0.0,0.0,Closed
2026-08-22,0,MCH,Maternal and Child Health Consultation,False,False,0.2313807043363756,0,0,2,2,0.0,0.0,0.0,0.0,Closed
2026-08-22,1,MCH,Maternal and Child Health Consultation,False,False,0.1418475620170891,0,0,2,2,0.0,0.0,0.0,0.0,Closed
2026-08-22,2,MCH,Maternal and Child Health Consultation,False,False,0.0215143782813472,0,0,2,2,0.0,0.0,0.0,0.0,Closed
2026-08-22,3,MCH,Maternal and Child Health Consultation,False,False,0.0,0,0,2,2,0.0,0.0,0.0,0.0,Closed
2026-08-22,4,MCH,Maternal and Child Health Consultation,False,False,0.0816167563145248,0,0,2,2,0.0,0.0,0.0,0.0,Closed
2026-08-22,5,MCH,Maternal and Child Health Consultation,False,False,0.0,0,0,2,2,0.0,0.0,0.0,0.0,Closed
2026-08-22,6,MCH,Maternal and Child Health Consultation,False,False,0.214519278204745,0,0,2,2,0.0,0.0,0.0,0.0,Closed
2026-08-22,7,MCH,Maternal and Child Health Consultation,False,False,0.3047388206143579,0,0,2,2,0.0,0.0,0.0,0.0,Closed
2026-08-22,8,MCH,Maternal and Child Health Consultation,False,True,0.7817074633775827,1,3,0,0,439.0,665.0,18.0,5.555555555555555,Low
2026-08-22,9,MCH,Maternal and Child Health Consultation,False,True,0.8085190284231876,1,1,0,0,0.0,0.0,18.0,5.555555555555555,Low
2026-08-22,10,MCH,Maternal and Child Health Consultation,False,True,0.8889468682367291,1,1,0,0,0.0,0.0,18.0,5.555555555555555,Low
2026-08-22,11,MCH,Maternal and Child Health Consultation,False,True,0.7889157816756646,0,0,0,0,0.0,0.0,18.0,0.0,Low
2026-08-22,12,MCH,Maternal and Child Health Consultation,False,True,0.3805069406151973,0,0,0,0,0.0,0.0,18.0,0.0,Low
2026-08-22,13,MCH,Maternal and Child Health Consultation,False,True,0.387468994524825,0,0,0,0,0.0,0.0,18.0,0.0,Low
2026-08-22,14,MCH,Maternal and Child Health Consultation,False,True,0.387468994524825,0,0,0,0,0.0,0.0,18.0,0.0,Low
2026-08-22,15,MCH,Maternal and Child Health Consultation,False,True,0.2675911733447085,0,0,0,0,0.0,0.0,18.0,0.0,Low
2026-08-22,16,MCH,Maternal and Child Health Consultation,False,True,0.2375924983369413,0,0,0,0,0.0,0.0,18.0,0.0,Low
2026-08-22,17,MCH,Maternal and Child Health Consultation,False,False,0.2035152269156483,0,0,0,0,0.0,0.0,0.0,0.0,Closed
2026-08-22,18,MCH,Maternal and Child Health Consultation,False,False,0.1869043213331876,0,0,0,0,0.0,0.0,0.0,0.0,Closed
2026-08-22,19,MCH,Maternal and Child Health Consultation,False,False,0.1869043213331876,1,0,1,1,0.0,0.0,0.0,0.0,Closed
2026-08-22,20,MCH,Maternal and Child Health Consultation,False,False,0.1869043213331876,1,0,2,2,0.0,0.0,0.0,0.0,Closed
2026-08-22,21,MCH,Maternal and Child Health Consultation,False,False,0.178256724766729,2,0,4,4,0.0,0.0,0.0,0.0,Closed
2026-08-22,22,MCH,Maternal and Child Health Consultation,False,False,0.1780254026076235,0,0,4,4,0.0,0.0,0.0,0.0,Closed
2026-08-22,23,MCH,Maternal and Child Health Consultation,False,False,0.1780254026076235,0,0,4,4,0.0,0.0,0.0,0.0,Closed
2026-08-23,0,MCH,Maternal and Child Health Consultation,False,False,0.2300920581949558,0,0,4,4,0.0,0.0,0.0,0.0,Closed
2026-08-23,1,MCH,Maternal and Child Health Consultation,False,False,0.1405589158756693,0,0,4,4,0.0,0.0,0.0,0.0,Closed
2026-08-23,2,MCH,Maternal and Child Health Consultation,False,False,0.0202257321399275,0,0,4,4,0.0,0.0,0.0,0.0,Closed
2026-08-23,3,MCH,Maternal and Child Health Consultation,False,False,0.0,0,0,4,4,0.0,0.0,0.0,0.0,Closed
2026-08-23,4,MCH,Maternal and Child Health Consultation,False,False,0.0803281101731051,0,0,4,4,0.0,0.0,0.0,0.0,Closed
2026-08-23,5,MCH,Maternal and Child Health Consultation,False,False,0.0,0,0,4,4,0.0,0.0,0.0,0.0,Closed
2026-08-23,6,MCH,Maternal and Child Health Consultation,False,False,0.195139237359689,0,0,4,4,0.0,0.0,0.0,0.0,Closed
2026-08-23,7,MCH,Maternal and Child Health Consultation,False,False,0.2829983415838941,0,0,4,4,0.0,0.0,0.0,0.0,Closed
2026-08-23,8,MCH,Maternal and Child Health Consultation,False,True,0.759041600052024,1,5,0,0,535.2,770.0,18.0,5.555555555555555,Low
2026-08-23,9,MCH,Maternal and Child Health Consultation,False,True,0.7789038723249152,0,0,0,0,0.0,0.0,18.0,0.0,Low
2026-08-23,10,MCH,Maternal and Child Health Consultation,False,True,0.8483661464188662,1,1,0,0,0.0,0.0,18.0,5.555555555555555,Low
2026-08-23,11,MCH,Maternal and Child Health Consultation,False,True,0.7653695663636633,0,0,0,0,0.0,0.0,18.0,0.0,Low
2026-08-23,12,MCH,Maternal and Child Health Consultation,False,True,0.356960725303196,0,0,0,0,0.0,0.0,18.0,0.0,Low
2026-08-23,13,MCH,Maternal and Child Health Consultation,False,True,0.3639227792128237,0,0,0,0,0.0,0.0,18.0,0.0,Low
2026-08-23,14,MCH,Maternal and Child Health Consultation,False,True,0.2708994425861047,0,0,0,0,0.0,0.0,18.0,0.0,Low
2026-08-23,15,MCH,Maternal and Child Health Consultation,False,True,0.2459894453345886,0,0,0,0,0.0,0.0,18.0,0.0,Low
2026-08-23,16,MCH,Maternal and Child Health Consultation,False,True,0.2265961749145838,0,0,0,0,0.0,0.0,18.0,0.0,Low
2026-08-23,17,MCH,Maternal and Child Health Consultation,False,False,0.20181537734515,2,0,2,2,0.0,0.0,0.0,0.0,Closed
2026-08-23,18,MCH,Maternal and Child Health Consultation,False,False,0.1852044717626893,0,0,2,2,0.0,0.0,0.0,0.0,Closed
2026-08-23,19,MCH,Maternal and Child Health Consultation,False,False,0.1852044717626893,1,0,3,3,0.0,0.0,0.0,0.0,Closed
2026-08-23,20,MCH,Maternal and Child Health Consultation,False,False,0.1852044717626893,0,0,3,3,0.0,0.0,0.0,0.0,Closed
2026-08-23,21,MCH,Maternal and Child Health Consultation,False,False,0.1765568751962306,0,0,3,3,0.0,0.0,0.0,0.0,Closed
2026-08-23,22,MCH,Maternal and Child Health Consultation,False,False,0.1763255530371251,0,0,3,3,0.0,0.0,0.0,0.0,Closed
2026-08-23,23,MCH,Maternal and Child Health Consultation,False,False,0.1763255530371251,0,0,3,3,0.0,0.0,0.0,0.0,Closed
2026-08-24,0,MCH,Maternal and Child Health Consultation,False,False,0.1407662190513419,0,0,3,3,0.0,0.0,0.0,0.0,Closed
2026-08-24,1,MCH,Maternal and Child Health Consultation,False,False,0.042528032775776,0,0,3,3,0.0,0.0,0.0,0.0,Closed
2026-08-24,2,MCH,Maternal and Child Health Consultation,False,False,0.0,0,0,3,3,0.0,0.0,0.0,0.0,Closed
2026-08-24,3,MCH,Maternal and Child Health Consultation,False,False,0.0898011446415112,0,0,3,3,0.0,0.0,0.0,0.0,Closed
2026-08-24,4,MCH,Maternal and Child Health Consultation,False,False,0.0,0,0,3,3,0.0,0.0,0.0,0.0,Closed
2026-08-24,5,MCH,Maternal and Child Health Consultation,False,False,0.1880485189250789,1,0,4,4,0.0,0.0,0.0,0.0,Closed
2026-08-24,6,MCH,Maternal and Child Health Consultation,False,False,0.5008574036218985,0,0,4,4,0.0,0.0,0.0,0.0,Closed
2026-08-24,7,MCH,Maternal and Child Health Consultation,False,False,1.72599513052889,1,0,5,5,0.0,0.0,0.0,0.0,Closed
2026-08-24,8,MCH,Maternal and Child Health Consultation,False,True,7.28759994980227,10,15,0,0,179.93333333333334,887.0,18.0,55.55555555555556,Low
2026-08-24,9,MCH,Maternal and Child Health Consultation,False,True,7.989377209286843,8,8,0,0,0.0,0.0,18.0,44.44444444444444,Low
2026-08-24,10,MCH,Maternal and Child Health Consultation,False,True,7.484344787726165,7,7,0,0,0.0,0.0,18.0,38.88888888888889,Low
2026-08-24,11,MCH,Maternal and Child Health Consultation,False,True,7.116954624363561,11,11,0,0,0.3636363636363636,4.0,18.0,61.11111111111112,Low
2026-08-24,12,MCH,Maternal and Child Health Consultation,False,True,4.613444430721692,6,6,0,0,0.0,0.0,18.0,33.33333333333333,Low
2026-08-24,13,MCH,Maternal and Child Health Consultation,False,True,2.0904364296985944,1,1,0,0,0.0,0.0,18.0,5.555555555555555,Low
2026-08-24,14,MCH,Maternal and Child Health Consultation,False,True,2.0632689120709444,2,2,0,0,0.0,0.0,18.0,11.11111111111111,Low
2026-08-24,15,MCH,Maternal and Child Health Consultation,False,True,1.308204522303989,0,0,0,0,0.0,0.0,18.0,0.0,Low
2026-08-24,16,MCH,Maternal and Child Health Consultation,False,True,0.812734342756389,0,0,0,0,0.0,0.0,18.0,0.0,Low
2026-08-24,17,MCH,Maternal and Child Health Consultation,False,False,0.3187820132942173,0,0,0,0,0.0,0.0,0.0,0.0,Closed
2026-08-24,18,MCH,Maternal and Child Health Consultation,False,False,0.2232530480746571,0,0,0,0,0.0,0.0,0.0,0.0,Closed
2026-08-24,19,MCH,Maternal and Child Health Consultation,False,False,0.1802245460399016,0,0,0,0,0.0,0.0,0.0,0.0,Closed
2026-08-24,20,MCH,Maternal and Child Health Consultation,False,False,0.1802245460399016,1,0,1,1,0.0,0.0,0.0,0.0,Closed
2026-08-24,21,MCH,Maternal and Child Health Consultation,False,False,0.1715769494734429,0,0,1,1,0.0,0.0,0.0,0.0,Closed
2026-08-24,22,MCH,Maternal and Child Health Consultation,False,False,0.1713456273143374,0,0,1,1,0.0,0.0,0.0,0.0,Closed
2026-08-24,23,MCH,Maternal and Child Health Consultation,False,False,0.1713456273143374,0,0,1,1,0.0,0.0,0.0,0.0,Closed
2026-08-25,0,MCH,Maternal and Child Health Consultation,False,False,0.1367114743512519,0,0,1,1,0.0,0.0,0.0,0.0,Closed
2026-08-25,1,MCH,Maternal and Child Health Consultation,False,False,0.038473288075686,0,0,1,1,0.0,0.0,0.0,0.0,Closed
2026-08-25,2,MCH,Maternal and Child Health Consultation,False,False,0.0,0,0,1,1,0.0,0.0,0.0,0.0,Closed
2026-08-25,3,MCH,Maternal and Child Health Consultation,False,False,0.0898011446415112,0,0,1,1,0.0,0.0,0.0,0.0,Closed
2026-08-25,4,MCH,Maternal and Child Health Consultation,False,False,0.0,0,0,1,1,0.0,0.0,0.0,0.0,Closed
2026-08-25,5,MCH,Maternal and Child Health Consultation,False,False,0.1880485189250789,1,0,2,2,0.0,0.0,0.0,0.0,Closed
2026-08-25,6,MCH,Maternal and Child Health Consultation,False,False,0.4968026589218082,2,0,4,4,0.0,0.0,0.0,0.0,Closed
2026-08-25,7,MCH,Maternal and Child Health Consultation,False,False,1.7219403858287998,0,0,4,4,0.0,0.0,0.0,0.0,Closed
2026-08-25,8,MCH,Maternal and Child Health Consultation,False,True,7.538993722202832,8,12,0,0,79.5,667.0,18.0,44.44444444444444,Low
2026-08-25,9,MCH,Maternal and Child Health Consultation,False,True,8.101870551765396,5,5,0,0,0.0,0.0,18.0,27.77777777777778,Low
2026-08-25,10,MCH,Maternal and Child Health Consultation,False,True,7.443057294861955,12,12,0,0,0.0,0.0,18.0,66.66666666666666,Low
2026-08-25,11,MCH,Maternal and Child Health Consultation,False,True,7.0710133933620245,8,8,0,0,0.0,0.0,18.0,44.44444444444444,Low
2026-08-25,12,MCH,Maternal and Child Health Consultation,False,True,4.603771024859809,8,8,0,0,0.0,0.0,18.0,44.44444444444444,Low
2026-08-25,13,MCH,Maternal and Child Health Consultation,False,True,2.0848177685368023,5,5,0,0,0.0,0.0,18.0,27.77777777777778,Low
2026-08-25,14,MCH,Maternal and Child Health Consultation,False,True,2.0464622171919946,0,0,0,0,0.0,0.0,18.0,0.0,Low
2026-08-25,15,MCH,Maternal and Child Health Consultation,False,True,1.308204522303989,1,1,0,0,0.0,0.0,18.0,5.555555555555555,Low
2026-08-25,16,MCH,Maternal and Child Health Consultation,False,True,0.812734342756389,0,0,0,0,0.0,0.0,18.0,0.0,Low
2026-08-25,17,MCH,Maternal and Child Health Consultation,False,False,0.3187820132942173,0,0,0,0,0.0,0.0,0.0,0.0,Closed
2026-08-25,18,MCH,Maternal and Child Health Consultation,False,False,0.2232530480746571,0,0,0,0,0.0,0.0,0.0,0.0,Closed
2026-08-25,19,MCH,Maternal and Child Health Consultation,False,False,0.1802245460399016,0,0,0,0,0.0,0.0,0.0,0.0,Closed
2026-08-25,20,MCH,Maternal and Child Health Consultation,False,False,0.1802245460399016,0,0,0,0,0.0,0.0,0.0,0.0,Closed
2026-08-25,21,MCH,Maternal and Child Health Consultation,False,False,0.1715769494734429,0,0,0,0,0.0,0.0,0.0,0.0,Closed
2026-08-25,22,MCH,Maternal and Child Health Consultation,False,False,0.1713456273143374,0,0,0,0,0.0,0.0,0.0,0.0,Closed
2026-08-25,23,MCH,Maternal and Child Health Consultation,False,False,0.1713456273143374,1,0,1,1,0.0,0.0,0.0,0.0,Closed
2026-08-26,0,MCH,Maternal and Child Health Consultation,False,False,0.1940833417173246,0,0,1,1,0.0,0.0,0.0,0.0,Closed
2026-08-19,1,MEB PHYSIOTHERAPY,Physiotherapy Treatment,False,False,0.0004894227732387,0,0,0,0,0.0,0.0,0.0,0.0,Closed
2026-08-19,2,MEB PHYSIOTHERAPY,Physiotherapy Treatment,False,False,0.1928485619457723,0,0,0,0,0.0,0.0,0.0,0.0,Closed
2026-08-19,3,MEB PHYSIOTHERAPY,Physiotherapy Treatment,False,False,0.1928485619457723,1,0,1,1,0.0,0.0,0.0,0.0,Closed
2026-08-19,4,MEB PHYSIOTHERAPY,Physiotherapy Treatment,False,False,0.1950979642073707,1,0,2,2,0.0,0.0,0.0,0.0,Closed
2026-08-19,5,MEB PHYSIOTHERAPY,Physiotherapy Treatment,False,False,0.1851099421568054,0,0,2,2,0.0,0.0,0.0,0.0,Closed
2026-08-19,6,MEB PHYSIOTHERAPY,Physiotherapy Treatment,False,False,0.2927591160738241,0,0,2,2,0.0,0.0,0.0,0.0,Closed
2026-08-19,7,MEB PHYSIOTHERAPY,Physiotherapy Treatment,False,False,0.3005777475689484,0,0,2,2,0.0,0.0,0.0,0.0,Closed
2026-08-19,8,MEB PHYSIOTHERAPY,Physiotherapy Treatment,False,True,0.347955883146599,0,2,0,0,261.5,288.0,12.0,0.0,Low
2026-08-19,9,MEB PHYSIOTHERAPY,Physiotherapy Treatment,False,True,0.3458732763056948,1,1,0,0,0.0,0.0,12.0,8.333333333333332,Low
2026-08-19,10,MEB PHYSIOTHERAPY,Physiotherapy Treatment,False,True,0.2210401413960455,0,0,0,0,0.0,0.0,12.0,0.0,Low
2026-08-19,11,MEB PHYSIOTHERAPY,Physiotherapy Treatment,False,True,0.2211277506437843,0,0,0,0,0.0,0.0,12.0,0.0,Low
2026-08-19,12,MEB PHYSIOTHERAPY,Physiotherapy Treatment,False,True,0.1771344955180175,0,0,0,0,0.0,0.0,12.0,0.0,Low
2026-08-19,13,MEB PHYSIOTHERAPY,Physiotherapy Treatment,False,True,0.1567003974084722,0,0,0,0,0.0,0.0,12.0,0.0,Low
2026-08-19,14,MEB PHYSIOTHERAPY,Physiotherapy Treatment,False,True,0.1567003974084722,0,0,0,0,0.0,0.0,12.0,0.0,Low
2026-08-19,15,MEB PHYSIOTHERAPY,Physiotherapy Treatment,False,True,0.1555132310553673,0,0,0,0,0.0,0.0,12.0,0.0,Low
2026-08-19,16,MEB PHYSIOTHERAPY,Physiotherapy Treatment,False,True,0.1481445538008281,0,0,0,0,0.0,0.0,12.0,0.0,Low
2026-08-19,17,MEB PHYSIOTHERAPY,Physiotherapy Treatment,False,False,0.1300041546299128,0,0,0,0,0.0,0.0,0.0,0.0,Closed
2026-08-19,18,MEB PHYSIOTHERAPY,Physiotherapy Treatment,False,False,0.1300041546299128,1,0,1,1,0.0,0.0,0.0,0.0,Closed
2026-08-19,19,MEB PHYSIOTHERAPY,Physiotherapy Treatment,False,False,0.1300041546299128,0,0,1,1,0.0,0.0,0.0,0.0,Closed
2026-08-19,20,MEB PHYSIOTHERAPY,Physiotherapy Treatment,False,False,0.1300041546299128,0,0,1,1,0.0,0.0,0.0,0.0,Closed
2026-08-19,21,MEB PHYSIOTHERAPY,Physiotherapy Treatment,False,False,0.1300041546299128,0,0,1,1,0.0,0.0,0.0,0.0,Closed
2026-08-19,22,MEB PHYSIOTHERAPY,Physiotherapy Treatment,False,False,0.1300041546299128,0,0,1,1,0.0,0.0,0.0,0.0,Closed
2026-08-19,23,MEB PHYSIOTHERAPY,Physiotherapy Treatment,False,False,0.1300041546299128,0,0,1,1,0.0,0.0,0.0,0.0,Closed
2026-08-20,0,MEB PHYSIOTHERAPY,Physiotherapy Treatment,False,False,0.1525248376937078,0,0,1,1,0.0,0.0,0.0,0.0,Closed
2026-08-20,1,MEB PHYSIOTHERAPY,Physiotherapy Treatment,False,False,0.1525248376937078,0,0,1,1,0.0,0.0,0.0,0.0,Closed
2026-08-20,2,MEB PHYSIOTHERAPY,Physiotherapy Treatment,False,False,0.1518793997910408,1,0,2,2,0.0,0.0,0.0,0.0,Closed
2026-08-20,3,MEB PHYSIOTHERAPY,Physiotherapy Treatment,False,False,0.1518793997910408,0,0,2,2,0.0,0.0,0.0,0.0,Closed
2026-08-20,4,MEB PHYSIOTHERAPY,Physiotherapy Treatment,False,False,0.1541288020526391,0,0,2,2,0.0,0.0,0.0,0.0,Closed
2026-08-20,5,MEB PHYSIOTHERAPY,Physiotherapy Treatment,False,False,0.131138291167955,0,0,2,2,0.0,0.0,0.0,0.0,Closed
2026-08-20,6,MEB PHYSIOTHERAPY,Physiotherapy Treatment,False,False,0.2387874650849737,0,0,2,2,0.0,0.0,0.0,0.0,Closed
2026-08-20,7,MEB PHYSIOTHERAPY,Physiotherapy Treatment,False,False,0.246606096580098,0,0,2,2,0.0,0.0,0.0,0.0,Closed
2026-08-20,8,MEB PHYSIOTHERAPY,Physiotherapy Treatment,False,True,0.3005103134210652,0,2,0,0,548.5,791.0,12.0,0.0,Low
2026-08-20,9,MEB PHYSIOTHERAPY,Physiotherapy Treatment,False,True,0.3137884481534819,0,0,0,0,0.0,0.0,12.0,0.0,Low
2026-08-20,10,MEB PHYSIOTHERAPY,Physiotherapy Treatment,False,True,0.204017876149722,1,1,0,0,0.0,0.0,12.0,8.333333333333332,Low
2026-08-20,11,MEB PHYSIOTHERAPY,Physiotherapy Treatment,False,True,0.2041054853974607,0,0,0,0,0.0,0.0,12.0,0.0,Low
2026-08-20,12,MEB PHYSIOTHERAPY,Physiotherapy Treatment,False,True,0.1707148369263652,0,0,0,0,0.0,0.0,12.0,0.0,Low
2026-08-20,13,MEB PHYSIOTHERAPY,Physiotherapy Treatment,False,True,0.1502807388168198,0,0,0,0,0.0,0.0,12.0,0.0,Low
2026-08-20,14,MEB PHYSIOTHERAPY,Physiotherapy Treatment,False,True,0.1502807388168198,0,0,0,0,0.0,0.0,12.0,0.0,Low
2026-08-20,15,MEB PHYSIOTHERAPY,Physiotherapy Treatment,False,True,0.149093572463715,0,0,0,0,0.0,0.0,12.0,0.0,Low
2026-08-20,16,MEB PHYSIOTHERAPY,Physiotherapy Treatment,False,True,0.1417248952091758,0,0,0,0,0.0,0.0,12.0,0.0,Low
2026-08-20,17,MEB PHYSIOTHERAPY,Physiotherapy Treatment,False,False,0.1235844960382604,0,0,0,0,0.0,0.0,0.0,0.0,Closed
2026-08-20,18,MEB PHYSIOTHERAPY,Physiotherapy Treatment,False,False,0.1235844960382604,0,0,0,0,0.0,0.0,0.0,0.0,Closed
2026-08-20,19,MEB PHYSIOTHERAPY,Physiotherapy Treatment,False,False,0.1235844960382604,0,0,0,0,0.0,0.0,0.0,0.0,Closed
2026-08-20,20,MEB PHYSIOTHERAPY,Physiotherapy Treatment,False,False,0.1235844960382604,0,0,0,0,0.0,0.0,0.0,0.0,Closed
2026-08-20,21,MEB PHYSIOTHERAPY,Physiotherapy Treatment,False,False,0.1235844960382604,0,0,0,0,0.0,0.0,0.0,0.0,Closed
2026-08-20,22,MEB PHYSIOTHERAPY,Physiotherapy Treatment,False,False,0.1235844960382604,0,0,0,0,0.0,0.0,0.0,0.0,Closed
2026-08-20,23,MEB PHYSIOTHERAPY,Physiotherapy Treatment,False,False,0.1235844960382604,0,0,0,0,0.0,0.0,0.0,0.0,Closed
2026-08-21,0,MEB PHYSIOTHERAPY,Physiotherapy Treatment,False,False,0.1533271225967408,0,0,0,0,0.0,0.0,0.0,0.0,Closed
2026-08-21,1,MEB PHYSIOTHERAPY,Physiotherapy Treatment,False,False,0.1533271225967408,0,0,0,0,0.0,0.0,0.0,0.0,Closed
2026-08-21,2,MEB PHYSIOTHERAPY,Physiotherapy Treatment,False,False,0.1402281270473906,0,0,0,0,0.0,0.0,0.0,0.0,Closed
2026-08-21,3,MEB PHYSIOTHERAPY,Physiotherapy Treatment,False,False,0.1402281270473906,0,0,0,0,0.0,0.0,0.0,0.0,Closed
2026-08-21,4,MEB PHYSIOTHERAPY,Physiotherapy Treatment,False,False,0.1424775293089889,0,0,0,0,0.0,0.0,0.0,0.0,Closed
2026-08-21,5,MEB PHYSIOTHERAPY,Physiotherapy Treatment,False,False,0.1182120060726809,0,0,0,0,0.0,0.0,0.0,0.0,Closed
2026-08-21,6,MEB PHYSIOTHERAPY,Physiotherapy Treatment,False,False,0.2258611799896995,0,0,0,0,0.0,0.0,0.0,0.0,Closed
2026-08-21,7,MEB PHYSIOTHERAPY,Physiotherapy Treatment,False,False,0.2336798114848238,0,0,0,0,0.0,0.0,0.0,0.0,Closed
2026-08-21,8,MEB PHYSIOTHERAPY,Physiotherapy Treatment,False,True,0.2888590406774149,0,0,0,0,0.0,0.0,12.0,0.0,Low
2026-08-21,9,MEB PHYSIOTHERAPY,Physiotherapy Treatment,False,True,0.3021371754098316,0,0,0,0,0.0,0.0,12.0,0.0,Low
2026-08-21,10,MEB PHYSIOTHERAPY,Physiotherapy Treatment,False,True,0.1923666034060717,0,0,0,0,0.0,0.0,12.0,0.0,Low
2026-08-21,11,MEB PHYSIOTHERAPY,Physiotherapy Treatment,False,True,0.1924542126538105,0,0,0,0,0.0,0.0,12.0,0.0,Low
2026-08-21,12,MEB PHYSIOTHERAPY,Physiotherapy Treatment,False,True,0.1715171218293981,0,0,0,0,0.0,0.0,12.0,0.0,Low
2026-08-21,13,MEB PHYSIOTHERAPY,Physiotherapy Treatment,False,True,0.1510830237198528,0,0,0,0,0.0,0.0,12.0,0.0,Low
2026-08-21,14,MEB PHYSIOTHERAPY,Physiotherapy Treatment,False,True,0.1510830237198528,0,0,0,0,0.0,0.0,12.0,0.0,Low
2026-08-21,15,MEB PHYSIOTHERAPY,Physiotherapy Treatment,False,True,0.1498958573667479,0,0,0,0,0.0,0.0,12.0,0.0,Low
2026-08-21,16,MEB PHYSIOTHERAPY,Physiotherapy Treatment,False,True,0.1425271801122087,0,0,0,0,0.0,0.0,12.0,0.0,Low
2026-08-21,17,MEB PHYSIOTHERAPY,Physiotherapy Treatment,False,False,0.1243867809412933,0,0,0,0,0.0,0.0,0.0,0.0,Closed
2026-08-21,18,MEB PHYSIOTHERAPY,Physiotherapy Treatment,False,False,0.1243867809412933,0,0,0,0,0.0,0.0,0.0,0.0,Closed
2026-08-21,19,MEB PHYSIOTHERAPY,Physiotherapy Treatment,False,False,0.1243867809412933,0,0,0,0,0.0,0.0,0.0,0.0,Closed
2026-08-21,20,MEB PHYSIOTHERAPY,Physiotherapy Treatment,False,False,0.1243867809412933,0,0,0,0,0.0,0.0,0.0,0.0,Closed
2026-08-21,21,MEB PHYSIOTHERAPY,Physiotherapy Treatment,False,False,0.1243867809412933,0,0,0,0,0.0,0.0,0.0,0.0,Closed
2026-08-21,22,MEB PHYSIOTHERAPY,Physiotherapy Treatment,False,False,0.1243867809412933,0,0,0,0,0.0,0.0,0.0,0.0,Closed
2026-08-21,23,MEB PHYSIOTHERAPY,Physiotherapy Treatment,False,False,0.1243867809412933,0,0,0,0,0.0,0.0,0.0,0.0,Closed
2026-08-22,0,MEB PHYSIOTHERAPY,Physiotherapy Treatment,False,False,0.1660434392284973,0,0,0,0,0.0,0.0,0.0,0.0,Closed
2026-08-22,1,MEB PHYSIOTHERAPY,Physiotherapy Treatment,False,False,0.1660434392284973,0,0,0,0,0.0,0.0,0.0,0.0,Closed
2026-08-22,2,MEB PHYSIOTHERAPY,Physiotherapy Treatment,False,False,0.1521448399003155,0,0,0,0,0.0,0.0,0.0,0.0,Closed
2026-08-22,3,MEB PHYSIOTHERAPY,Physiotherapy Treatment,False,False,0.1521448399003155,0,0,0,0,0.0,0.0,0.0,0.0,Closed
2026-08-22,4,MEB PHYSIOTHERAPY,Physiotherapy Treatment,False,False,0.1212262796638102,0,0,0,0,0.0,0.0,0.0,0.0,Closed
2026-08-22,5,MEB PHYSIOTHERAPY,Physiotherapy Treatment,False,False,0.0969607564275023,0,0,0,0,0.0,0.0,0.0,0.0,Closed
2026-08-22,6,MEB PHYSIOTHERAPY,Physiotherapy Treatment,False,False,0.2111912038396584,0,0,0,0,0.0,0.0,0.0,0.0,Closed
2026-08-22,7,MEB PHYSIOTHERAPY,Physiotherapy Treatment,False,False,0.2190098353347828,0,0,0,0,0.0,0.0,0.0,0.0,Closed
2026-08-22,8,MEB PHYSIOTHERAPY,Physiotherapy Treatment,False,True,0.2624875868792359,0,0,0,0,0.0,0.0,12.0,0.0,Low
2026-08-22,9,MEB PHYSIOTHERAPY,Physiotherapy Treatment,False,True,0.2757657216116526,0,0,0,0,0.0,0.0,12.0,0.0,Low
2026-08-22,10,MEB PHYSIOTHERAPY,Physiotherapy Treatment,False,True,0.1727355497187463,0,0,0,0,0.0,0.0,12.0,0.0,Low
2026-08-22,11,MEB PHYSIOTHERAPY,Physiotherapy Treatment,False,True,0.172823158966485,0,0,0,0,0.0,0.0,12.0,0.0,Low
2026-08-22,12,MEB PHYSIOTHERAPY,Physiotherapy Treatment,False,True,0.1487210747957543,0,0,0,0,0.0,0.0,12.0,0.0,Low
2026-08-22,13,MEB PHYSIOTHERAPY,Physiotherapy Treatment,False,True,0.1394739395628766,0,0,0,0,0.0,0.0,12.0,0.0,Low
2026-08-22,14,MEB PHYSIOTHERAPY,Physiotherapy Treatment,False,True,0.1394739395628766,0,0,0,0,0.0,0.0,12.0,0.0,Low
2026-08-22,15,MEB PHYSIOTHERAPY,Physiotherapy Treatment,False,True,0.1382867732097718,0,0,0,0,0.0,0.0,12.0,0.0,Low
2026-08-22,16,MEB PHYSIOTHERAPY,Physiotherapy Treatment,False,True,0.1309180959552326,0,0,0,0,0.0,0.0,12.0,0.0,Low
2026-08-22,17,MEB PHYSIOTHERAPY,Physiotherapy Treatment,False,False,0.1100391256064206,0,0,0,0,0.0,0.0,0.0,0.0,Closed
2026-08-22,18,MEB PHYSIOTHERAPY,Physiotherapy Treatment,False,False,0.1100391256064206,0,0,0,0,0.0,0.0,0.0,0.0,Closed
2026-08-22,19,MEB PHYSIOTHERAPY,Physiotherapy Treatment,False,False,0.1100391256064206,1,0,1,1,0.0,0.0,0.0,0.0,Closed
2026-08-22,20,MEB PHYSIOTHERAPY,Physiotherapy Treatment,False,False,0.1100391256064206,0,0,1,1,0.0,0.0,0.0,0.0,Closed
2026-08-22,21,MEB PHYSIOTHERAPY,Physiotherapy Treatment,False,False,0.1100391256064206,1,0,2,2,0.0,0.0,0.0,0.0,Closed
2026-08-22,22,MEB PHYSIOTHERAPY,Physiotherapy Treatment,False,False,0.1100391256064206,0,0,2,2,0.0,0.0,0.0,0.0,Closed
2026-08-22,23,MEB PHYSIOTHERAPY,Physiotherapy Treatment,False,False,0.1100391256064206,0,0,2,2,0.0,0.0,0.0,0.0,Closed
2026-08-23,0,MEB PHYSIOTHERAPY,Physiotherapy Treatment,False,False,0.1644907820560245,0,0,2,2,0.0,0.0,0.0,0.0,Closed
2026-08-23,1,MEB PHYSIOTHERAPY,Physiotherapy Treatment,False,False,0.1644907820560245,0,0,2,2,0.0,0.0,0.0,0.0,Closed
2026-08-23,2,MEB PHYSIOTHERAPY,Physiotherapy Treatment,False,False,0.1505921827278427,1,0,3,3,0.0,0.0,0.0,0.0,Closed
2026-08-23,3,MEB PHYSIOTHERAPY,Physiotherapy Treatment,False,False,0.1505921827278427,0,0,3,3,0.0,0.0,0.0,0.0,Closed
2026-08-23,4,MEB PHYSIOTHERAPY,Physiotherapy Treatment,False,False,0.1196736224913375,0,0,3,3,0.0,0.0,0.0,0.0,Closed
2026-08-23,5,MEB PHYSIOTHERAPY,Physiotherapy Treatment,False,False,0.0954080992550295,0,0,3,3,0.0,0.0,0.0,0.0,Closed
2026-08-23,6,MEB PHYSIOTHERAPY,Physiotherapy Treatment,False,False,0.2096385466671857,1,0,4,4,0.0,0.0,0.0,0.0,Closed
2026-08-23,7,MEB PHYSIOTHERAPY,Physiotherapy Treatment,False,False,0.21745717816231,0,0,4,4,0.0,0.0,0.0,0.0,Closed
2026-08-23,8,MEB PHYSIOTHERAPY,Physiotherapy Treatment,False,True,0.2609349297067632,0,4,0,0,449.0,751.0,12.0,0.0,Low
2026-08-23,9,MEB PHYSIOTHERAPY,Physiotherapy Treatment,False,True,0.2742130644391799,0,0,0,0,0.0,0.0,12.0,0.0,Low
2026-08-23,10,MEB PHYSIOTHERAPY,Physiotherapy Treatment,False,True,0.1711828925462735,0,0,0,0,0.0,0.0,12.0,0.0,Low
2026-08-23,11,MEB PHYSIOTHERAPY,Physiotherapy Treatment,False,True,0.1712705017940122,0,0,0,0,0.0,0.0,12.0,0.0,Low
2026-08-23,12,MEB PHYSIOTHERAPY,Physiotherapy Treatment,False,True,0.1471684176232815,0,0,0,0,0.0,0.0,12.0,0.0,Low
2026-08-23,13,MEB PHYSIOTHERAPY,Physiotherapy Treatment,False,True,0.1379212823904038,0,0,0,0,0.0,0.0,12.0,0.0,Low
2026-08-23,14,MEB PHYSIOTHERAPY,Physiotherapy Treatment,False,True,0.1379212823904038,0,0,0,0,0.0,0.0,12.0,0.0,Low
2026-08-23,15,MEB PHYSIOTHERAPY,Physiotherapy Treatment,False,True,0.136734116037299,0,0,0,0,0.0,0.0,12.0,0.0,Low
2026-08-23,16,MEB PHYSIOTHERAPY,Physiotherapy Treatment,False,True,0.1293654387827598,0,0,0,0,0.0,0.0,12.0,0.0,Low
2026-08-23,17,MEB PHYSIOTHERAPY,Physiotherapy Treatment,False,False,0.1087149663232366,0,0,0,0,0.0,0.0,0.0,0.0,Closed
2026-08-23,18,MEB PHYSIOTHERAPY,Physiotherapy Treatment,False,False,0.1087149663232366,0,0,0,0,0.0,0.0,0.0,0.0,Closed
2026-08-23,19,MEB PHYSIOTHERAPY,Physiotherapy Treatment,False,False,0.1087149663232366,0,0,0,0,0.0,0.0,0.0,0.0,Closed
2026-08-23,20,MEB PHYSIOTHERAPY,Physiotherapy Treatment,False,False,0.1087149663232366,0,0,0,0,0.0,0.0,0.0,0.0,Closed
2026-08-23,21,MEB PHYSIOTHERAPY,Physiotherapy Treatment,False,False,0.1087149663232366,1,0,1,1,0.0,0.0,0.0,0.0,Closed
2026-08-23,22,MEB PHYSIOTHERAPY,Physiotherapy Treatment,False,False,0.1087149663232366,0,0,1,1,0.0,0.0,0.0,0.0,Closed
2026-08-23,23,MEB PHYSIOTHERAPY,Physiotherapy Treatment,False,False,0.1087149663232366,0,0,1,1,0.0,0.0,0.0,0.0,Closed
2026-08-24,0,MEB PHYSIOTHERAPY,Physiotherapy Treatment,False,False,0.1361605774393602,1,0,2,2,0.0,0.0,0.0,0.0,Closed
2026-08-24,1,MEB PHYSIOTHERAPY,Physiotherapy Treatment,False,False,0.1361605774393602,0,0,2,2,0.0,0.0,0.0,0.0,Closed
2026-08-24,2,MEB PHYSIOTHERAPY,Physiotherapy Treatment,False,False,0.1290387319658908,0,0,2,2,0.0,0.0,0.0,0.0,Closed
2026-08-24,3,MEB PHYSIOTHERAPY,Physiotherapy Treatment,False,False,0.1290387319658908,0,0,2,2,0.0,0.0,0.0,0.0,Closed
2026-08-24,4,MEB PHYSIOTHERAPY,Physiotherapy Treatment,False,False,0.1312881342274892,0,0,2,2,0.0,0.0,0.0,0.0,Closed
2026-08-24,5,MEB PHYSIOTHERAPY,Physiotherapy Treatment,False,False,0.1213001121769239,1,0,3,3,0.0,0.0,0.0,0.0,Closed
2026-08-24,6,MEB PHYSIOTHERAPY,Physiotherapy Treatment,False,False,0.2289492860939425,0,0,3,3,0.0,0.0,0.0,0.0,Closed
2026-08-24,7,MEB PHYSIOTHERAPY,Physiotherapy Treatment,False,False,0.2367679175890668,0,0,3,3,0.0,0.0,0.0,0.0,Closed
2026-08-24,8,MEB PHYSIOTHERAPY,Physiotherapy Treatment,False,True,0.3024976860070337,0,3,0,0,414.0,634.0,12.0,0.0,Low
2026-08-24,9,MEB PHYSIOTHERAPY,Physiotherapy Treatment,False,True,0.3004150791661296,0,0,0,0,0.0,0.0,12.0,0.0,Low
2026-08-24,10,MEB PHYSIOTHERAPY,Physiotherapy Treatment,False,True,0.2020983140727082,0,0,0,0,0.0,0.0,12.0,0.0,Low
2026-08-24,11,MEB PHYSIOTHERAPY,Physiotherapy Treatment,False,True,0.202185923320447,1,1,0,0,0.0,0.0,12.0,8.333333333333332,Low
2026-08-24,12,MEB PHYSIOTHERAPY,Physiotherapy Treatment,False,True,0.1581926681946801,0,0,0,0,0.0,0.0,12.0,0.0,Low
2026-08-24,13,MEB PHYSIOTHERAPY,Physiotherapy Treatment,False,True,0.1377585700851347,0,0,0,0,0.0,0.0,12.0,0.0,Low
2026-08-24,14,MEB PHYSIOTHERAPY,Physiotherapy Treatment,False,True,0.1377585700851347,0,0,0,0,0.0,0.0,12.0,0.0,Low
2026-08-24,15,MEB PHYSIOTHERAPY,Physiotherapy Treatment,False,True,0.1365714037320299,0,0,0,0,0.0,0.0,12.0,0.0,Low
2026-08-24,16,MEB PHYSIOTHERAPY,Physiotherapy Treatment,False,True,0.1292027264774907,0,0,0,0,0.0,0.0,12.0,0.0,Low
2026-08-24,17,MEB PHYSIOTHERAPY,Physiotherapy Treatment,False,False,0.1110623273065754,0,0,0,0,0.0,0.0,0.0,0.0,Closed
2026-08-24,18,MEB PHYSIOTHERAPY,Physiotherapy Treatment,False,False,0.1110623273065754,0,0,0,0,0.0,0.0,0.0,0.0,Closed
2026-08-24,19,MEB PHYSIOTHERAPY,Physiotherapy Treatment,False,False,0.1110623273065754,0,0,0,0,0.0,0.0,0.0,0.0,Closed
2026-08-24,20,MEB PHYSIOTHERAPY,Physiotherapy Treatment,False,False,0.1110623273065754,0,0,0,0,0.0,0.0,0.0,0.0,Closed
2026-08-24,21,MEB PHYSIOTHERAPY,Physiotherapy Treatment,False,False,0.1110623273065754,1,0,1,1,0.0,0.0,0.0,0.0,Closed
2026-08-24,22,MEB PHYSIOTHERAPY,Physiotherapy Treatment,False,False,0.1110623273065754,0,0,1,1,0.0,0.0,0.0,0.0,Closed
2026-08-24,23,MEB PHYSIOTHERAPY,Physiotherapy Treatment,False,False,0.1110623273065754,0,0,1,1,0.0,0.0,0.0,0.0,Closed
2026-08-25,0,MEB PHYSIOTHERAPY,Physiotherapy Treatment,False,False,0.1361605774393602,0,0,1,1,0.0,0.0,0.0,0.0,Closed
2026-08-25,1,MEB PHYSIOTHERAPY,Physiotherapy Treatment,False,False,0.1361605774393602,0,0,1,1,0.0,0.0,0.0,0.0,Closed
2026-08-25,2,MEB PHYSIOTHERAPY,Physiotherapy Treatment,False,False,0.1290387319658908,0,0,1,1,0.0,0.0,0.0,0.0,Closed
2026-08-25,3,MEB PHYSIOTHERAPY,Physiotherapy Treatment,False,False,0.1290387319658908,1,0,2,2,0.0,0.0,0.0,0.0,Closed
2026-08-25,4,MEB PHYSIOTHERAPY,Physiotherapy Treatment,False,False,0.1312881342274892,0,0,2,2,0.0,0.0,0.0,0.0,Closed
2026-08-25,5,MEB PHYSIOTHERAPY,Physiotherapy Treatment,False,False,0.1213001121769239,0,0,2,2,0.0,0.0,0.0,0.0,Closed
2026-08-25,6,MEB PHYSIOTHERAPY,Physiotherapy Treatment,False,False,0.2289492860939425,1,0,3,3,0.0,0.0,0.0,0.0,Closed
2026-08-25,7,MEB PHYSIOTHERAPY,Physiotherapy Treatment,False,False,0.2367679175890668,0,0,3,3,0.0,0.0,0.0,0.0,Closed
2026-08-25,8,MEB PHYSIOTHERAPY,Physiotherapy Treatment,False,True,0.3024976860070337,2,5,0,0,206.6,646.0,12.0,16.666666666666664,Low
2026-08-25,9,MEB PHYSIOTHERAPY,Physiotherapy Treatment,False,True,0.3004150791661296,1,1,0,0,0.0,0.0,12.0,8.333333333333332,Low
2026-08-25,10,MEB PHYSIOTHERAPY,Physiotherapy Treatment,False,True,0.2020983140727082,0,0,0,0,0.0,0.0,12.0,0.0,Low
2026-08-25,11,MEB PHYSIOTHERAPY,Physiotherapy Treatment,False,True,0.202185923320447,0,0,0,0,0.0,0.0,12.0,0.0,Low
2026-08-25,12,MEB PHYSIOTHERAPY,Physiotherapy Treatment,False,True,0.1581926681946801,0,0,0,0,0.0,0.0,12.0,0.0,Low
2026-08-25,13,MEB PHYSIOTHERAPY,Physiotherapy Treatment,False,True,0.1377585700851347,0,0,0,0,0.0,0.0,12.0,0.0,Low
2026-08-25,14,MEB PHYSIOTHERAPY,Physiotherapy Treatment,False,True,0.1377585700851347,0,0,0,0,0.0,0.0,12.0,0.0,Low
2026-08-25,15,MEB PHYSIOTHERAPY,Physiotherapy Treatment,False,True,0.1365714037320299,0,0,0,0,0.0,0.0,12.0,0.0,Low
2026-08-25,16,MEB PHYSIOTHERAPY,Physiotherapy Treatment,False,True,0.1292027264774907,0,0,0,0,0.0,0.0,12.0,0.0,Low
2026-08-25,17,MEB PHYSIOTHERAPY,Physiotherapy Treatment,False,False,0.1110623273065754,1,0,1,1,0.0,0.0,0.0,0.0,Closed
2026-08-25,18,MEB PHYSIOTHERAPY,Physiotherapy Treatment,False,False,0.1110623273065754,0,0,1,1,0.0,0.0,0.0,0.0,Closed
2026-08-25,19,MEB PHYSIOTHERAPY,Physiotherapy Treatment,False,False,0.1110623273065754,0,0,1,1,0.0,0.0,0.0,0.0,Closed
2026-08-25,20,MEB PHYSIOTHERAPY,Physiotherapy Treatment,False,False,0.1110623273065754,0,0,1,1,0.0,0.0,0.0,0.0,Closed
2026-08-25,21,MEB PHYSIOTHERAPY,Physiotherapy Treatment,False,False,0.1110623273065754,0,0,1,1,0.0,0.0,0.0,0.0,Closed
2026-08-25,22,MEB PHYSIOTHERAPY,Physiotherapy Treatment,False,False,0.1110623273065754,0,0,1,1,0.0,0.0,0.0,0.0,Closed
2026-08-25,23,MEB PHYSIOTHERAPY,Physiotherapy Treatment,False,False,0.1110623273065754,0,0,1,1,0.0,0.0,0.0,0.0,Closed
2026-08-26,0,MEB PHYSIOTHERAPY,Physiotherapy Treatment,False,False,0.1999704074192417,0,0,1,1,0.0,0.0,0.0,0.0,Closed
2026-08-19,1,MEB SPECIALITY CLINIC,Speciality Consultation,False,False,0.3855876842689798,1,0,1,1,0.0,0.0,0.0,0.0,Closed
2026-08-19,2,MEB SPECIALITY CLINIC,Speciality Consultation,False,False,0.4722063552833204,1,0,2,2,0.0,0.0,0.0,0.0,Closed
2026-08-19,3,MEB SPECIALITY CLINIC,Speciality Consultation,False,False,0.4722063552833204,2,0,4,4,0.0,0.0,0.0,0.0,Closed
2026-08-19,4,MEB SPECIALITY CLINIC,Speciality Consultation,False,False,0.7360830991627869,0,0,4,4,0.0,0.0,0.0,0.0,Closed
2026-08-19,5,MEB SPECIALITY CLINIC,Speciality Consultation,False,False,1.6630043047671643,3,0,7,7,0.0,0.0,0.0,0.0,Closed
2026-08-19,6,MEB SPECIALITY CLINIC,Speciality Consultation,False,False,3.1001971176940746,1,0,8,8,0.0,0.0,0.0,0.0,Closed
2026-08-19,7,MEB SPECIALITY CLINIC,Speciality Consultation,False,False,6.820621212656925,9,0,17,17,0.0,0.0,0.0,0.0,Closed
2026-08-19,8,MEB SPECIALITY CLINIC,Speciality Consultation,False,True,10.97824670782512,10,12,15,15,180.25,395.0,12.0,83.33333333333334,Critical
2026-08-19,9,MEB SPECIALITY CLINIC,Speciality Consultation,False,True,6.805968204615359,9,12,12,12,69.58333333333333,80.0,12.0,75.0,Critical
2026-08-19,10,MEB SPECIALITY CLINIC,Speciality Consultation,False,True,3.16647065450477,4,12,4,4,52.66666666666666,87.0,12.0,33.33333333333333,Moderate
2026-08-19,11,MEB SPECIALITY CLINIC,Speciality Consultation,False,True,1.9439948198634185,3,7,0,0,22.0,54.0,12.0,25.0,Low
2026-08-19,12,MEB SPECIALITY CLINIC,Speciality Consultation,False,True,0.5110205180074204,0,0,0,0,0.0,0.0,12.0,0.0,Low
2026-08-19,13,MEB SPECIALITY CLINIC,Speciality Consultation,False,True,0.2211885890727633,0,0,0,0,0.0,0.0,12.0,0.0,Low
2026-08-19,14,MEB SPECIALITY CLINIC,Speciality Consultation,False,True,0.1360693246163096,0,0,0,0,0.0,0.0,12.0,0.0,Low
2026-08-19,15,MEB SPECIALITY CLINIC,Speciality Consultation,False,True,0.0786434309167912,0,0,0,0,0.0,0.0,12.0,0.0,Low
2026-08-19,16,MEB SPECIALITY CLINIC,Speciality Consultation,False,True,0.0669084111568464,0,0,0,0,0.0,0.0,12.0,0.0,Low
2026-08-19,17,MEB SPECIALITY CLINIC,Speciality Consultation,False,False,0.0,0,0,0,0,0.0,0.0,0.0,0.0,Closed
2026-08-19,18,MEB SPECIALITY CLINIC,Speciality Consultation,False,False,0.0733759413326968,0,0,0,0,0.0,0.0,0.0,0.0,Closed
2026-08-19,19,MEB SPECIALITY CLINIC,Speciality Consultation,False,False,0.0,0,0,0,0,0.0,0.0,0.0,0.0,Closed
2026-08-19,20,MEB SPECIALITY CLINIC,Speciality Consultation,False,False,0.0733759413326968,0,0,0,0,0.0,0.0,0.0,0.0,Closed
2026-08-19,21,MEB SPECIALITY CLINIC,Speciality Consultation,False,False,0.0,0,0,0,0,0.0,0.0,0.0,0.0,Closed
2026-08-19,22,MEB SPECIALITY CLINIC,Speciality Consultation,False,False,0.0733759413326968,0,0,0,0,0.0,0.0,0.0,0.0,Closed
2026-08-19,23,MEB SPECIALITY CLINIC,Speciality Consultation,False,False,0.0,0,0,0,0,0.0,0.0,0.0,0.0,Closed
2026-08-20,0,MEB SPECIALITY CLINIC,Speciality Consultation,False,False,0.4375879472680833,0,0,0,0,0.0,0.0,0.0,0.0,Closed
2026-08-20,1,MEB SPECIALITY CLINIC,Speciality Consultation,False,False,0.8899618674339969,0,0,0,0,0.0,0.0,0.0,0.0,Closed
2026-08-20,2,MEB SPECIALITY CLINIC,Speciality Consultation,False,False,0.9068417073019444,1,0,1,1,0.0,0.0,0.0,0.0,Closed
2026-08-20,3,MEB SPECIALITY CLINIC,Speciality Consultation,False,False,1.1002577547999206,2,0,3,3,0.0,0.0,0.0,0.0,Closed
2026-08-20,4,MEB SPECIALITY CLINIC,Speciality Consultation,False,False,1.156073374976654,0,0,3,3,0.0,0.0,0.0,0.0,Closed
2026-08-20,5,MEB SPECIALITY CLINIC,Speciality Consultation,False,False,2.196081664917576,0,0,3,3,0.0,0.0,0.0,0.0,Closed
2026-08-20,6,MEB SPECIALITY CLINIC,Speciality Consultation,False,False,4.160620964068695,3,0,6,6,0.0,0.0,0.0,0.0,Closed
2026-08-20,7,MEB SPECIALITY CLINIC,Speciality Consultation,False,False,8.550793873977485,7,0,13,13,0.0,0.0,0.0,0.0,Closed
2026-08-20,8,MEB SPECIALITY CLINIC,Speciality Consultation,False,True,14.450050657100949,14,12,15,15,120.0,327.0,12.0,116.66666666666669,Critical
2026-08-20,9,MEB SPECIALITY CLINIC,Speciality Consultation,False,True,10.13418834338954,12,12,15,15,57.16666666666666,72.0,12.0,100.0,Critical
2026-08-20,10,MEB SPECIALITY CLINIC,Speciality Consultation,False,True,4.875833395412655,3,12,6,6,63.66666666666666,82.0,12.0,25.0,Moderate
2026-08-20,11,MEB SPECIALITY CLINIC,Speciality Consultation,False,True,2.046835495183388,3,9,0,0,42.22222222222222,82.0,12.0,25.0,Low
2026-08-20,12,MEB SPECIALITY CLINIC,Speciality Consultation,False,True,0.9831366330476768,2,2,0,0,0.0,0.0,12.0,16.666666666666664,Low
2026-08-20,13,MEB SPECIALITY CLINIC,Speciality Consultation,False,True,0.4250352021895818,0,0,0,0,0.0,0.0,12.0,0.0,Low
2026-08-20,14,MEB SPECIALITY CLINIC,Speciality Consultation,False,True,0.2365092941003073,0,0,0,0,0.0,0.0,12.0,0.0,Low
2026-08-20,15,MEB SPECIALITY CLINIC,Speciality Consultation,False,True,0.2368846759593349,1,1,0,0,0.0,0.0,12.0,8.333333333333332,Low
2026-08-20,16,MEB SPECIALITY CLINIC,Speciality Consultation,False,True,0.1673483806408439,0,0,0,0,0.0,0.0,12.0,0.0,Low
2026-08-20,17,MEB SPECIALITY CLINIC,Speciality Consultation,False,False,0.082795195243386,0,0,0,0,0.0,0.0,0.0,0.0,Closed
2026-08-20,18,MEB SPECIALITY CLINIC,Speciality Consultation,False,False,0.082795195243386,0,0,0,0,0.0,0.0,0.0,0.0,Closed
2026-08-20,19,MEB SPECIALITY CLINIC,Speciality Consultation,False,False,0.082795195243386,0,0,0,0,0.0,0.0,0.0,0.0,Closed
2026-08-20,20,MEB SPECIALITY CLINIC,Speciality Consultation,False,False,0.082795195243386,0,0,0,0,0.0,0.0,0.0,0.0,Closed
2026-08-20,21,MEB SPECIALITY CLINIC,Speciality Consultation,False,False,0.082795195243386,0,0,0,0,0.0,0.0,0.0,0.0,Closed
2026-08-20,22,MEB SPECIALITY CLINIC,Speciality Consultation,False,False,0.082795195243386,0,0,0,0,0.0,0.0,0.0,0.0,Closed
2026-08-20,23,MEB SPECIALITY CLINIC,Speciality Consultation,False,False,0.082795195243386,0,0,0,0,0.0,0.0,0.0,0.0,Closed
2026-08-21,0,MEB SPECIALITY CLINIC,Speciality Consultation,False,False,0.847527498073492,1,0,1,1,0.0,0.0,0.0,0.0,Closed
2026-08-21,1,MEB SPECIALITY CLINIC,Speciality Consultation,False,False,0.8292774188009561,1,0,2,2,0.0,0.0,0.0,0.0,Closed
2026-08-21,2,MEB SPECIALITY CLINIC,Speciality Consultation,False,False,1.0395733061668802,2,0,4,4,0.0,0.0,0.0,0.0,Closed
2026-08-21,3,MEB SPECIALITY CLINIC,Speciality Consultation,False,False,1.1021544426957637,0,0,4,4,0.0,0.0,0.0,0.0,Closed
2026-08-21,4,MEB SPECIALITY CLINIC,Speciality Consultation,False,False,1.1107564342916691,0,0,4,4,0.0,0.0,0.0,0.0,Closed
2026-08-21,5,MEB SPECIALITY CLINIC,Speciality Consultation,False,False,2.161897944381884,4,0,8,8,0.0,0.0,0.0,0.0,Closed
2026-08-21,6,MEB SPECIALITY CLINIC,Speciality Consultation,False,False,4.24276023293874,4,0,12,12,0.0,0.0,0.0,0.0,Closed
2026-08-21,7,MEB SPECIALITY CLINIC,Speciality Consultation,False,False,9.344127870882849,13,0,25,25,0.0,0.0,0.0,0.0,Closed
2026-08-21,8,MEB SPECIALITY CLINIC,Speciality Consultation,False,True,17.381196434649297,13,12,26,26,217.0,452.0,12.0,108.33333333333331,Critical
2026-08-21,9,MEB SPECIALITY CLINIC,Speciality Consultation,False,True,11.921189649790849,14,12,28,28,107.58333333333331,119.0,12.0,116.66666666666669,Critical
2026-08-21,10,MEB SPECIALITY CLINIC,Speciality Consultation,False,True,4.751467540629059,3,12,19,19,114.0,131.0,12.0,25.0,Critical
2026-08-21,11,MEB SPECIALITY CLINIC,Speciality Consultation,False,True,2.401429149452309,3,12,10,10,117.5,133.0,12.0,25.0,Moderate
2026-08-21,12,MEB SPECIALITY CLINIC,Speciality Consultation,False,True,1.0335204564910117,1,11,0,0,86.27272727272727,135.0,12.0,8.333333333333332,Low
2026-08-21,13,MEB SPECIALITY CLINIC,Speciality Consultation,False,True,0.4258374870926146,0,0,0,0,0.0,0.0,12.0,0.0,Low
2026-08-21,14,MEB SPECIALITY CLINIC,Speciality Consultation,False,True,0.3218049528369798,0,0,0,0,0.0,0.0,12.0,0.0,Low
2026-08-21,15,MEB SPECIALITY CLINIC,Speciality Consultation,False,True,0.2376869608623678,0,0,0,0,0.0,0.0,12.0,0.0,Low
2026-08-21,16,MEB SPECIALITY CLINIC,Speciality Consultation,False,True,0.1681506655438768,1,1,0,0,0.0,0.0,12.0,8.333333333333332,Low
2026-08-21,17,MEB SPECIALITY CLINIC,Speciality Consultation,False,False,0.083597480146419,0,0,0,0,0.0,0.0,0.0,0.0,Closed
2026-08-21,18,MEB SPECIALITY CLINIC,Speciality Consultation,False,False,0.083597480146419,0,0,0,0,0.0,0.0,0.0,0.0,Closed
2026-08-21,19,MEB SPECIALITY CLINIC,Speciality Consultation,False,False,0.083597480146419,0,0,0,0,0.0,0.0,0.0,0.0,Closed
2026-08-21,20,MEB SPECIALITY CLINIC,Speciality Consultation,False,False,0.083597480146419,0,0,0,0,0.0,0.0,0.0,0.0,Closed
2026-08-21,21,MEB SPECIALITY CLINIC,Speciality Consultation,False,False,0.083597480146419,0,0,0,0,0.0,0.0,0.0,0.0,Closed
2026-08-21,22,MEB SPECIALITY CLINIC,Speciality Consultation,False,False,0.083597480146419,0,0,0,0,0.0,0.0,0.0,0.0,Closed
2026-08-21,23,MEB SPECIALITY CLINIC,Speciality Consultation,False,False,0.083597480146419,0,0,0,0,0.0,0.0,0.0,0.0,Closed
2026-08-22,0,MEB SPECIALITY CLINIC,Speciality Consultation,False,False,0.8517748932645988,0,0,0,0,0.0,0.0,0.0,0.0,Closed
2026-08-22,1,MEB SPECIALITY CLINIC,Speciality Consultation,False,False,0.8364657724362846,1,0,1,1,0.0,0.0,0.0,0.0,Closed
2026-08-22,2,MEB SPECIALITY CLINIC,Speciality Consultation,False,False,0.9687653715847532,2,0,3,3,0.0,0.0,0.0,0.0,Closed
2026-08-22,3,MEB SPECIALITY CLINIC,Speciality Consultation,False,False,1.0097413160183712,1,0,4,4,0.0,0.0,0.0,0.0,Closed
2026-08-22,4,MEB SPECIALITY CLINIC,Speciality Consultation,False,False,1.0183433076142765,1,0,5,5,0.0,0.0,0.0,0.0,Closed
2026-08-22,5,MEB SPECIALITY CLINIC,Speciality Consultation,False,False,1.6560949518871944,1,0,6,6,0.0,0.0,0.0,0.0,Closed
2026-08-22,6,MEB SPECIALITY CLINIC,Speciality Consultation,False,False,2.902658026077844,1,0,7,7,0.0,0.0,0.0,0.0,Closed
2026-08-22,7,MEB SPECIALITY CLINIC,Speciality Consultation,False,False,4.718267380065245,4,0,11,11,0.0,0.0,0.0,0.0,Closed
2026-08-22,8,MEB SPECIALITY CLINIC,Speciality Consultation,False,True,8.916775214789347,3,12,2,2,162.75,365.0,12.0,25.0,Moderate
2026-08-22,9,MEB SPECIALITY CLINIC,Speciality Consultation,False,True,8.102850035812752,8,10,0,0,8.6,49.0,12.0,66.66666666666666,Low
2026-08-22,10,MEB SPECIALITY CLINIC,Speciality Consultation,False,True,4.258144654183261,2,2,0,0,0.0,0.0,12.0,16.666666666666664,Low
2026-08-22,11,MEB SPECIALITY CLINIC,Speciality Consultation,False,True,1.7585162548060642,0,0,0,0,0.0,0.0,12.0,0.0,Low
2026-08-22,12,MEB SPECIALITY CLINIC,Speciality Consultation,False,True,0.8382131518136637,1,1,0,0,0.0,0.0,12.0,8.333333333333332,Low
2026-08-22,13,MEB SPECIALITY CLINIC,Speciality Consultation,False,True,0.4651572103805611,1,1,0,0,0.0,0.0,12.0,8.333333333333332,Low
2026-08-22,14,MEB SPECIALITY CLINIC,Speciality Consultation,False,True,0.1807153796071683,2,2,0,0,0.0,0.0,12.0,16.666666666666664,Low
2026-08-22,15,MEB SPECIALITY CLINIC,Speciality Consultation,False,True,0.12328948590765,0,0,0,0,0.0,0.0,12.0,0.0,Low
2026-08-22,16,MEB SPECIALITY CLINIC,Speciality Consultation,False,True,0.1151148917454047,0,0,0,0,0.0,0.0,12.0,0.0,Low
2026-08-22,17,MEB SPECIALITY CLINIC,Speciality Consultation,False,False,0.0792819742624327,0,0,0,0,0.0,0.0,0.0,0.0,Closed
2026-08-22,18,MEB SPECIALITY CLINIC,Speciality Consultation,False,False,0.0792819742624327,0,0,0,0,0.0,0.0,0.0,0.0,Closed
2026-08-22,19,MEB SPECIALITY CLINIC,Speciality Consultation,False,False,0.0792819742624327,0,0,0,0,0.0,0.0,0.0,0.0,Closed
2026-08-22,20,MEB SPECIALITY CLINIC,Speciality Consultation,False,False,0.0792819742624327,0,0,0,0,0.0,0.0,0.0,0.0,Closed
2026-08-22,21,MEB SPECIALITY CLINIC,Speciality Consultation,False,False,0.0792819742624327,0,0,0,0,0.0,0.0,0.0,0.0,Closed
2026-08-22,22,MEB SPECIALITY CLINIC,Speciality Consultation,False,False,0.0792819742624327,0,0,0,0,0.0,0.0,0.0,0.0,Closed
2026-08-22,23,MEB SPECIALITY CLINIC,Speciality Consultation,False,False,0.0792819742624327,0,0,0,0,0.0,0.0,0.0,0.0,Closed
2026-08-23,0,MEB SPECIALITY CLINIC,Speciality Consultation,False,False,0.8502222360921259,0,0,0,0,0.0,0.0,0.0,0.0,Closed
2026-08-23,1,MEB SPECIALITY CLINIC,Speciality Consultation,False,False,0.8349131152638117,0,0,0,0,0.0,0.0,0.0,0.0,Closed
2026-08-23,2,MEB SPECIALITY CLINIC,Speciality Consultation,False,False,0.9672127144122802,1,0,1,1,0.0,0.0,0.0,0.0,Closed
2026-08-23,3,MEB SPECIALITY CLINIC,Speciality Consultation,False,False,1.0081886588458986,0,0,1,1,0.0,0.0,0.0,0.0,Closed
2026-08-23,4,MEB SPECIALITY CLINIC,Speciality Consultation,False,False,1.0167906504418034,1,0,2,2,0.0,0.0,0.0,0.0,Closed
2026-08-23,5,MEB SPECIALITY CLINIC,Speciality Consultation,False,False,1.6545422947147213,2,0,4,4,0.0,0.0,0.0,0.0,Closed
2026-08-23,6,MEB SPECIALITY CLINIC,Speciality Consultation,False,False,2.8963260438548,5,0,9,9,0.0,0.0,0.0,0.0,Closed
2026-08-23,7,MEB SPECIALITY CLINIC,Speciality Consultation,False,False,4.7067467925698905,6,0,15,15,0.0,0.0,0.0,0.0,Closed
2026-08-23,8,MEB SPECIALITY CLINIC,Speciality Consultation,False,True,8.484111915499104,11,12,14,14,125.5,314.0,12.0,91.66666666666666,Critical
2026-08-23,9,MEB SPECIALITY CLINIC,Speciality Consultation,False,True,7.800788852818073,7,12,9,9,63.5,82.0,12.0,58.333333333333336,Moderate
2026-08-23,10,MEB SPECIALITY CLINIC,Speciality Consultation,False,True,4.032613033504569,5,12,2,2,37.583333333333336,84.0,12.0,41.66666666666667,Moderate
2026-08-23,11,MEB SPECIALITY CLINIC,Speciality Consultation,False,True,1.503337224141322,2,4,0,0,8.0,29.0,12.0,16.666666666666664,Low
2026-08-23,12,MEB SPECIALITY CLINIC,Speciality Consultation,False,True,0.5335751307151273,0,0,0,0,0.0,0.0,12.0,0.0,Low
2026-08-23,13,MEB SPECIALITY CLINIC,Speciality Consultation,False,True,0.4249377580332306,2,2,0,0,0.0,0.0,12.0,16.666666666666664,Low
2026-08-23,14,MEB SPECIALITY CLINIC,Speciality Consultation,False,True,0.1878601155093561,1,1,0,0,0.0,0.0,12.0,8.333333333333332,Low
2026-08-23,15,MEB SPECIALITY CLINIC,Speciality Consultation,False,True,0.1217368287351773,1,1,0,0,0.0,0.0,12.0,8.333333333333332,Low
2026-08-23,16,MEB SPECIALITY CLINIC,Speciality Consultation,False,True,0.1135622345729318,0,0,0,0,0.0,0.0,12.0,0.0,Low
2026-08-23,17,MEB SPECIALITY CLINIC,Speciality Consultation,False,False,0.0779578149792487,0,0,0,0,0.0,0.0,0.0,0.0,Closed
2026-08-23,18,MEB SPECIALITY CLINIC,Speciality Consultation,False,False,0.0779578149792487,0,0,0,0,0.0,0.0,0.0,0.0,Closed
2026-08-23,19,MEB SPECIALITY CLINIC,Speciality Consultation,False,False,0.0779578149792487,0,0,0,0,0.0,0.0,0.0,0.0,Closed
2026-08-23,20,MEB SPECIALITY CLINIC,Speciality Consultation,False,False,0.0779578149792487,0,0,0,0,0.0,0.0,0.0,0.0,Closed
2026-08-23,21,MEB SPECIALITY CLINIC,Speciality Consultation,False,False,0.0779578149792487,0,0,0,0,0.0,0.0,0.0,0.0,Closed
2026-08-23,22,MEB SPECIALITY CLINIC,Speciality Consultation,False,False,0.0779578149792487,0,0,0,0,0.0,0.0,0.0,0.0,Closed
2026-08-23,23,MEB SPECIALITY CLINIC,Speciality Consultation,False,False,0.0779578149792487,0,0,0,0,0.0,0.0,0.0,0.0,Closed
2026-08-24,0,MEB SPECIALITY CLINIC,Speciality Consultation,False,False,0.8402382579005739,1,0,1,1,0.0,0.0,0.0,0.0,Closed
2026-08-24,1,MEB SPECIALITY CLINIC,Speciality Consultation,False,False,0.810734301918507,0,0,1,1,0.0,0.0,0.0,0.0,Closed
2026-08-24,2,MEB SPECIALITY CLINIC,Speciality Consultation,False,False,1.0291140723559562,2,0,3,3,0.0,0.0,0.0,0.0,Closed
2026-08-24,3,MEB SPECIALITY CLINIC,Speciality Consultation,False,False,1.0246927053694248,1,0,4,4,0.0,0.0,0.0,0.0,Closed
2026-08-24,4,MEB SPECIALITY CLINIC,Speciality Consultation,False,False,1.3006790335811456,0,0,4,4,0.0,0.0,0.0,0.0,Closed
2026-08-24,5,MEB SPECIALITY CLINIC,Speciality Consultation,False,False,2.457089062582709,3,0,7,7,0.0,0.0,0.0,0.0,Closed
2026-08-24,6,MEB SPECIALITY CLINIC,Speciality Consultation,False,False,5.176893102755442,2,0,9,9,0.0,0.0,0.0,0.0,Closed
2026-08-24,7,MEB SPECIALITY CLINIC,Speciality Consultation,False,False,8.749094851588252,4,0,13,13,0.0,0.0,0.0,0.0,Closed
2026-08-24,8,MEB SPECIALITY CLINIC,Speciality Consultation,False,True,14.313369349286296,18,12,19,19,181.08333333333331,429.0,12.0,150.0,Critical
2026-08-24,9,MEB SPECIALITY CLINIC,Speciality Consultation,False,True,10.7112749978461,6,12,13,13,56.333333333333336,73.0,12.0,50.0,Critical
2026-08-24,10,MEB SPECIALITY CLINIC,Speciality Consultation,False,True,6.120172138257371,7,12,8,8,67.5,92.0,12.0,58.333333333333336,Moderate
2026-08-24,11,MEB SPECIALITY CLINIC,Speciality Consultation,False,True,3.0356610945773363,1,9,0,0,46.0,69.0,12.0,8.333333333333332,Low
2026-08-24,12,MEB SPECIALITY CLINIC,Speciality Consultation,False,True,1.4206453764674565,0,0,0,0,0.0,0.0,12.0,0.0,Low
2026-08-24,13,MEB SPECIALITY CLINIC,Speciality Consultation,False,True,0.4995031276980445,1,1,0,0,0.0,0.0,12.0,8.333333333333332,Low
2026-08-24,14,MEB SPECIALITY CLINIC,Speciality Consultation,False,True,0.4478989481240758,0,0,0,0,0.0,0.0,12.0,0.0,Low
2026-08-24,15,MEB SPECIALITY CLINIC,Speciality Consultation,False,True,0.3007654842434983,0,0,0,0,0.0,0.0,12.0,0.0,Low
2026-08-24,16,MEB SPECIALITY CLINIC,Speciality Consultation,False,True,0.2312291889250072,0,0,0,0,0.0,0.0,12.0,0.0,Low
2026-08-24,17,MEB SPECIALITY CLINIC,Speciality Consultation,False,False,0.1466760035275492,1,0,1,1,0.0,0.0,0.0,0.0,Closed
2026-08-24,18,MEB SPECIALITY CLINIC,Speciality Consultation,False,False,0.1466760035275492,0,0,1,1,0.0,0.0,0.0,0.0,Closed
2026-08-24,19,MEB SPECIALITY CLINIC,Speciality Consultation,False,False,0.1466760035275492,0,0,1,1,0.0,0.0,0.0,0.0,Closed
2026-08-24,20,MEB SPECIALITY CLINIC,Speciality Consultation,False,False,0.1466760035275492,0,0,1,1,0.0,0.0,0.0,0.0,Closed
2026-08-24,21,MEB SPECIALITY CLINIC,Speciality Consultation,False,False,0.1466760035275492,1,0,2,2,0.0,0.0,0.0,0.0,Closed
2026-08-24,22,MEB SPECIALITY CLINIC,Speciality Consultation,False,False,0.1466760035275492,0,0,2,2,0.0,0.0,0.0,0.0,Closed
2026-08-24,23,MEB SPECIALITY CLINIC,Speciality Consultation,False,False,0.1466760035275492,0,0,2,2,0.0,0.0,0.0,0.0,Closed
2026-08-25,0,MEB SPECIALITY CLINIC,Speciality Consultation,False,False,0.947957788657094,0,0,2,2,0.0,0.0,0.0,0.0,Closed
2026-08-25,1,MEB SPECIALITY CLINIC,Speciality Consultation,False,False,0.9193085462791556,0,0,2,2,0.0,0.0,0.0,0.0,Closed
2026-08-25,2,MEB SPECIALITY CLINIC,Speciality Consultation,False,False,1.1296044336450803,0,0,2,2,0.0,0.0,0.0,0.0,Closed
2026-08-25,3,MEB SPECIALITY CLINIC,Speciality Consultation,False,False,1.1409297449021754,0,0,2,2,0.0,0.0,0.0,0.0,Closed
2026-08-25,4,MEB SPECIALITY CLINIC,Speciality Consultation,False,False,1.333430494663155,1,0,3,3,0.0,0.0,0.0,0.0,Closed
2026-08-25,5,MEB SPECIALITY CLINIC,Speciality Consultation,False,False,2.3040911940626967,3,0,6,6,0.0,0.0,0.0,0.0,Closed
2026-08-25,6,MEB SPECIALITY CLINIC,Speciality Consultation,False,False,4.9981095124910375,3,0,9,9,0.0,0.0,0.0,0.0,Closed
2026-08-25,7,MEB SPECIALITY CLINIC,Speciality Consultation,False,False,8.355097812207006,15,0,24,24,0.0,0.0,0.0,0.0,Closed
2026-08-25,8,MEB SPECIALITY CLINIC,Speciality Consultation,False,True,16.768764606060042,14,12,26,26,230.16666666666663,853.0,12.0,116.66666666666669,Critical
2026-08-25,9,MEB SPECIALITY CLINIC,Speciality Consultation,False,True,11.194557559707842,7,12,21,21,102.91666666666669,119.0,12.0,58.333333333333336,Critical
2026-08-25,10,MEB SPECIALITY CLINIC,Speciality Consultation,False,True,5.881848480634892,7,12,16,16,110.75,124.0,12.0,58.333333333333336,Critical
2026-08-25,11,MEB SPECIALITY CLINIC,Speciality Consultation,False,True,3.09995275853664,6,12,10,10,99.91666666666669,129.0,12.0,50.0,Moderate
2026-08-25,12,MEB SPECIALITY CLINIC,Speciality Consultation,False,True,1.258319787520107,1,11,0,0,58.81818181818182,89.0,12.0,8.333333333333332,Low
2026-08-25,13,MEB SPECIALITY CLINIC,Speciality Consultation,False,True,0.3868024525130798,0,0,0,0,0.0,0.0,12.0,0.0,Low
2026-08-25,14,MEB SPECIALITY CLINIC,Speciality Consultation,False,True,0.337031751276748,0,0,0,0,0.0,0.0,12.0,0.0,Low
2026-08-25,15,MEB SPECIALITY CLINIC,Speciality Consultation,False,True,0.2053988024624352,1,1,0,0,0.0,0.0,12.0,8.333333333333332,Low
2026-08-25,16,MEB SPECIALITY CLINIC,Speciality Consultation,False,True,0.1358625071439443,0,0,0,0,0.0,0.0,12.0,0.0,Low
2026-08-25,17,MEB SPECIALITY CLINIC,Speciality Consultation,False,False,0.0513093217464864,0,0,0,0,0.0,0.0,0.0,0.0,Closed
2026-08-25,18,MEB SPECIALITY CLINIC,Speciality Consultation,False,False,0.0513093217464864,0,0,0,0,0.0,0.0,0.0,0.0,Closed
2026-08-25,19,MEB SPECIALITY CLINIC,Speciality Consultation,False,False,0.0513093217464864,0,0,0,0,0.0,0.0,0.0,0.0,Closed
2026-08-25,20,MEB SPECIALITY CLINIC,Speciality Consultation,False,False,0.0513093217464864,0,0,0,0,0.0,0.0,0.0,0.0,Closed
2026-08-25,21,MEB SPECIALITY CLINIC,Speciality Consultation,False,False,0.0513093217464864,0,0,0,0,0.0,0.0,0.0,0.0,Closed
2026-08-25,22,MEB SPECIALITY CLINIC,Speciality Consultation,False,False,0.0513093217464864,0,0,0,0,0.0,0.0,0.0,0.0,Closed
2026-08-25,23,MEB SPECIALITY CLINIC,Speciality Consultation,False,False,0.0513093217464864,0,0,0,0,0.0,0.0,0.0,0.0,Closed
2026-08-26,0,MEB SPECIALITY CLINIC,Speciality Consultation,False,False,0.7033621927531379,1,0,1,1,0.0,0.0,0.0,0.0,Closed
2026-08-19,1,MENTAL HEALTH,Mental Health Consultation,False,False,0.0004894227732387,0,0,0,0,0.0,0.0,0.0,0.0,Closed
2026-08-19,2,MENTAL HEALTH,Mental Health Consultation,False,False,0.1928485619457723,0,0,0,0,0.0,0.0,0.0,0.0,Closed
2026-08-19,3,MENTAL HEALTH,Mental Health Consultation,False,False,0.1928485619457723,1,0,1,1,0.0,0.0,0.0,0.0,Closed
2026-08-19,4,MENTAL HEALTH,Mental Health Consultation,False,False,0.1950979642073707,1,0,2,2,0.0,0.0,0.0,0.0,Closed
2026-08-19,5,MENTAL HEALTH,Mental Health Consultation,False,False,0.1851099421568054,0,0,2,2,0.0,0.0,0.0,0.0,Closed
2026-08-19,6,MENTAL HEALTH,Mental Health Consultation,False,False,0.2927591160738241,0,0,2,2,0.0,0.0,0.0,0.0,Closed
2026-08-19,7,MENTAL HEALTH,Mental Health Consultation,False,False,0.3005777475689484,0,0,2,2,0.0,0.0,0.0,0.0,Closed
2026-08-19,8,MENTAL HEALTH,Mental Health Consultation,False,True,0.347955883146599,0,2,0,0,261.5,288.0,8.0,0.0,Low
2026-08-19,9,MENTAL HEALTH,Mental Health Consultation,False,True,0.3458732763056948,1,1,0,0,0.0,0.0,8.0,12.5,Low
2026-08-19,10,MENTAL HEALTH,Mental Health Consultation,False,True,0.2210401413960455,0,0,0,0,0.0,0.0,8.0,0.0,Low
2026-08-19,11,MENTAL HEALTH,Mental Health Consultation,False,True,0.2211277506437843,0,0,0,0,0.0,0.0,8.0,0.0,Low
2026-08-19,12,MENTAL HEALTH,Mental Health Consultation,False,True,0.1771344955180175,0,0,0,0,0.0,0.0,8.0,0.0,Low
2026-08-19,13,MENTAL HEALTH,Mental Health Consultation,False,True,0.1567003974084722,0,0,0,0,0.0,0.0,8.0,0.0,Low
2026-08-19,14,MENTAL HEALTH,Mental Health Consultation,False,True,0.1567003974084722,0,0,0,0,0.0,0.0,8.0,0.0,Low
2026-08-19,15,MENTAL HEALTH,Mental Health Consultation,False,True,0.1555132310553673,0,0,0,0,0.0,0.0,8.0,0.0,Low
2026-08-19,16,MENTAL HEALTH,Mental Health Consultation,False,True,0.1481445538008281,0,0,0,0,0.0,0.0,8.0,0.0,Low
2026-08-19,17,MENTAL HEALTH,Mental Health Consultation,False,False,0.1300041546299128,0,0,0,0,0.0,0.0,0.0,0.0,Closed
2026-08-19,18,MENTAL HEALTH,Mental Health Consultation,False,False,0.1300041546299128,1,0,1,1,0.0,0.0,0.0,0.0,Closed
2026-08-19,19,MENTAL HEALTH,Mental Health Consultation,False,False,0.1300041546299128,0,0,1,1,0.0,0.0,0.0,0.0,Closed
2026-08-19,20,MENTAL HEALTH,Mental Health Consultation,False,False,0.1300041546299128,0,0,1,1,0.0,0.0,0.0,0.0,Closed
2026-08-19,21,MENTAL HEALTH,Mental Health Consultation,False,False,0.1300041546299128,0,0,1,1,0.0,0.0,0.0,0.0,Closed
2026-08-19,22,MENTAL HEALTH,Mental Health Consultation,False,False,0.1300041546299128,0,0,1,1,0.0,0.0,0.0,0.0,Closed
2026-08-19,23,MENTAL HEALTH,Mental Health Consultation,False,False,0.1300041546299128,0,0,1,1,0.0,0.0,0.0,0.0,Closed
2026-08-20,0,MENTAL HEALTH,Mental Health Consultation,False,False,0.1525248376937078,0,0,1,1,0.0,0.0,0.0,0.0,Closed
2026-08-20,1,MENTAL HEALTH,Mental Health Consultation,False,False,0.1525248376937078,0,0,1,1,0.0,0.0,0.0,0.0,Closed
2026-08-20,2,MENTAL HEALTH,Mental Health Consultation,False,False,0.1518793997910408,1,0,2,2,0.0,0.0,0.0,0.0,Closed
2026-08-20,3,MENTAL HEALTH,Mental Health Consultation,False,False,0.1518793997910408,0,0,2,2,0.0,0.0,0.0,0.0,Closed
2026-08-20,4,MENTAL HEALTH,Mental Health Consultation,False,False,0.1541288020526391,0,0,2,2,0.0,0.0,0.0,0.0,Closed
2026-08-20,5,MENTAL HEALTH,Mental Health Consultation,False,False,0.131138291167955,0,0,2,2,0.0,0.0,0.0,0.0,Closed
2026-08-20,6,MENTAL HEALTH,Mental Health Consultation,False,False,0.2387874650849737,0,0,2,2,0.0,0.0,0.0,0.0,Closed
2026-08-20,7,MENTAL HEALTH,Mental Health Consultation,False,False,0.246606096580098,0,0,2,2,0.0,0.0,0.0,0.0,Closed
2026-08-20,8,MENTAL HEALTH,Mental Health Consultation,False,True,0.3005103134210652,0,2,0,0,548.5,791.0,8.0,0.0,Low
2026-08-20,9,MENTAL HEALTH,Mental Health Consultation,False,True,0.3137884481534819,0,0,0,0,0.0,0.0,8.0,0.0,Low
2026-08-20,10,MENTAL HEALTH,Mental Health Consultation,False,True,0.204017876149722,1,1,0,0,0.0,0.0,8.0,12.5,Low
2026-08-20,11,MENTAL HEALTH,Mental Health Consultation,False,True,0.2041054853974607,0,0,0,0,0.0,0.0,8.0,0.0,Low
2026-08-20,12,MENTAL HEALTH,Mental Health Consultation,False,True,0.1707148369263652,0,0,0,0,0.0,0.0,8.0,0.0,Low
2026-08-20,13,MENTAL HEALTH,Mental Health Consultation,False,True,0.1502807388168198,0,0,0,0,0.0,0.0,8.0,0.0,Low
2026-08-20,14,MENTAL HEALTH,Mental Health Consultation,False,True,0.1502807388168198,0,0,0,0,0.0,0.0,8.0,0.0,Low
2026-08-20,15,MENTAL HEALTH,Mental Health Consultation,False,True,0.149093572463715,0,0,0,0,0.0,0.0,8.0,0.0,Low
2026-08-20,16,MENTAL HEALTH,Mental Health Consultation,False,True,0.1417248952091758,0,0,0,0,0.0,0.0,8.0,0.0,Low
2026-08-20,17,MENTAL HEALTH,Mental Health Consultation,False,False,0.1235844960382604,0,0,0,0,0.0,0.0,0.0,0.0,Closed
2026-08-20,18,MENTAL HEALTH,Mental Health Consultation,False,False,0.1235844960382604,0,0,0,0,0.0,0.0,0.0,0.0,Closed
2026-08-20,19,MENTAL HEALTH,Mental Health Consultation,False,False,0.1235844960382604,0,0,0,0,0.0,0.0,0.0,0.0,Closed
2026-08-20,20,MENTAL HEALTH,Mental Health Consultation,False,False,0.1235844960382604,0,0,0,0,0.0,0.0,0.0,0.0,Closed
2026-08-20,21,MENTAL HEALTH,Mental Health Consultation,False,False,0.1235844960382604,0,0,0,0,0.0,0.0,0.0,0.0,Closed
2026-08-20,22,MENTAL HEALTH,Mental Health Consultation,False,False,0.1235844960382604,0,0,0,0,0.0,0.0,0.0,0.0,Closed
2026-08-20,23,MENTAL HEALTH,Mental Health Consultation,False,False,0.1235844960382604,0,0,0,0,0.0,0.0,0.0,0.0,Closed
2026-08-21,0,MENTAL HEALTH,Mental Health Consultation,False,False,0.1533271225967408,0,0,0,0,0.0,0.0,0.0,0.0,Closed
2026-08-21,1,MENTAL HEALTH,Mental Health Consultation,False,False,0.1533271225967408,0,0,0,0,0.0,0.0,0.0,0.0,Closed
2026-08-21,2,MENTAL HEALTH,Mental Health Consultation,False,False,0.1402281270473906,0,0,0,0,0.0,0.0,0.0,0.0,Closed
2026-08-21,3,MENTAL HEALTH,Mental Health Consultation,False,False,0.1402281270473906,0,0,0,0,0.0,0.0,0.0,0.0,Closed
2026-08-21,4,MENTAL HEALTH,Mental Health Consultation,False,False,0.1424775293089889,0,0,0,0,0.0,0.0,0.0,0.0,Closed
2026-08-21,5,MENTAL HEALTH,Mental Health Consultation,False,False,0.1182120060726809,0,0,0,0,0.0,0.0,0.0,0.0,Closed
2026-08-21,6,MENTAL HEALTH,Mental Health Consultation,False,False,0.2258611799896995,0,0,0,0,0.0,0.0,0.0,0.0,Closed
2026-08-21,7,MENTAL HEALTH,Mental Health Consultation,False,False,0.2336798114848238,0,0,0,0,0.0,0.0,0.0,0.0,Closed
2026-08-21,8,MENTAL HEALTH,Mental Health Consultation,False,True,0.2888590406774149,0,0,0,0,0.0,0.0,8.0,0.0,Low
2026-08-21,9,MENTAL HEALTH,Mental Health Consultation,False,True,0.3021371754098316,0,0,0,0,0.0,0.0,8.0,0.0,Low
2026-08-21,10,MENTAL HEALTH,Mental Health Consultation,False,True,0.1923666034060717,0,0,0,0,0.0,0.0,8.0,0.0,Low
2026-08-21,11,MENTAL HEALTH,Mental Health Consultation,False,True,0.1924542126538105,0,0,0,0,0.0,0.0,8.0,0.0,Low
2026-08-21,12,MENTAL HEALTH,Mental Health Consultation,False,True,0.1715171218293981,0,0,0,0,0.0,0.0,8.0,0.0,Low
2026-08-21,13,MENTAL HEALTH,Mental Health Consultation,False,True,0.1510830237198528,0,0,0,0,0.0,0.0,8.0,0.0,Low
2026-08-21,14,MENTAL HEALTH,Mental Health Consultation,False,True,0.1510830237198528,0,0,0,0,0.0,0.0,8.0,0.0,Low
2026-08-21,15,MENTAL HEALTH,Mental Health Consultation,False,True,0.1498958573667479,0,0,0,0,0.0,0.0,8.0,0.0,Low
2026-08-21,16,MENTAL HEALTH,Mental Health Consultation,False,True,0.1425271801122087,0,0,0,0,0.0,0.0,8.0,0.0,Low
2026-08-21,17,MENTAL HEALTH,Mental Health Consultation,False,False,0.1243867809412933,0,0,0,0,0.0,0.0,0.0,0.0,Closed
2026-08-21,18,MENTAL HEALTH,Mental Health Consultation,False,False,0.1243867809412933,0,0,0,0,0.0,0.0,0.0,0.0,Closed
2026-08-21,19,MENTAL HEALTH,Mental Health Consultation,False,False,0.1243867809412933,0,0,0,0,0.0,0.0,0.0,0.0,Closed
2026-08-21,20,MENTAL HEALTH,Mental Health Consultation,False,False,0.1243867809412933,0,0,0,0,0.0,0.0,0.0,0.0,Closed
2026-08-21,21,MENTAL HEALTH,Mental Health Consultation,False,False,0.1243867809412933,0,0,0,0,0.0,0.0,0.0,0.0,Closed
2026-08-21,22,MENTAL HEALTH,Mental Health Consultation,False,False,0.1243867809412933,0,0,0,0,0.0,0.0,0.0,0.0,Closed
2026-08-21,23,MENTAL HEALTH,Mental Health Consultation,False,False,0.1243867809412933,0,0,0,0,0.0,0.0,0.0,0.0,Closed
2026-08-22,0,MENTAL HEALTH,Mental Health Consultation,False,False,0.1660434392284973,0,0,0,0,0.0,0.0,0.0,0.0,Closed
2026-08-22,1,MENTAL HEALTH,Mental Health Consultation,False,False,0.1660434392284973,0,0,0,0,0.0,0.0,0.0,0.0,Closed
2026-08-22,2,MENTAL HEALTH,Mental Health Consultation,False,False,0.1521448399003155,0,0,0,0,0.0,0.0,0.0,0.0,Closed
2026-08-22,3,MENTAL HEALTH,Mental Health Consultation,False,False,0.1521448399003155,0,0,0,0,0.0,0.0,0.0,0.0,Closed
2026-08-22,4,MENTAL HEALTH,Mental Health Consultation,False,False,0.1212262796638102,0,0,0,0,0.0,0.0,0.0,0.0,Closed
2026-08-22,5,MENTAL HEALTH,Mental Health Consultation,False,False,0.0969607564275023,0,0,0,0,0.0,0.0,0.0,0.0,Closed
2026-08-22,6,MENTAL HEALTH,Mental Health Consultation,False,False,0.2111912038396584,0,0,0,0,0.0,0.0,0.0,0.0,Closed
2026-08-22,7,MENTAL HEALTH,Mental Health Consultation,False,False,0.2190098353347828,0,0,0,0,0.0,0.0,0.0,0.0,Closed
2026-08-22,8,MENTAL HEALTH,Mental Health Consultation,False,True,0.2624875868792359,0,0,0,0,0.0,0.0,8.0,0.0,Low
2026-08-22,9,MENTAL HEALTH,Mental Health Consultation,False,True,0.2757657216116526,0,0,0,0,0.0,0.0,8.0,0.0,Low
2026-08-22,10,MENTAL HEALTH,Mental Health Consultation,False,True,0.1727355497187463,0,0,0,0,0.0,0.0,8.0,0.0,Low
2026-08-22,11,MENTAL HEALTH,Mental Health Consultation,False,True,0.172823158966485,0,0,0,0,0.0,0.0,8.0,0.0,Low
2026-08-22,12,MENTAL HEALTH,Mental Health Consultation,False,True,0.1487210747957543,0,0,0,0,0.0,0.0,8.0,0.0,Low
2026-08-22,13,MENTAL HEALTH,Mental Health Consultation,False,True,0.1394739395628766,0,0,0,0,0.0,0.0,8.0,0.0,Low
2026-08-22,14,MENTAL HEALTH,Mental Health Consultation,False,True,0.1394739395628766,0,0,0,0,0.0,0.0,8.0,0.0,Low
2026-08-22,15,MENTAL HEALTH,Mental Health Consultation,False,True,0.1382867732097718,0,0,0,0,0.0,0.0,8.0,0.0,Low
2026-08-22,16,MENTAL HEALTH,Mental Health Consultation,False,True,0.1309180959552326,0,0,0,0,0.0,0.0,8.0,0.0,Low
2026-08-22,17,MENTAL HEALTH,Mental Health Consultation,False,False,0.1100391256064206,0,0,0,0,0.0,0.0,0.0,0.0,Closed
2026-08-22,18,MENTAL HEALTH,Mental Health Consultation,False,False,0.1100391256064206,0,0,0,0,0.0,0.0,0.0,0.0,Closed
2026-08-22,19,MENTAL HEALTH,Mental Health Consultation,False,False,0.1100391256064206,1,0,1,1,0.0,0.0,0.0,0.0,Closed
2026-08-22,20,MENTAL HEALTH,Mental Health Consultation,False,False,0.1100391256064206,0,0,1,1,0.0,0.0,0.0,0.0,Closed
2026-08-22,21,MENTAL HEALTH,Mental Health Consultation,False,False,0.1100391256064206,1,0,2,2,0.0,0.0,0.0,0.0,Closed
2026-08-22,22,MENTAL HEALTH,Mental Health Consultation,False,False,0.1100391256064206,0,0,2,2,0.0,0.0,0.0,0.0,Closed
2026-08-22,23,MENTAL HEALTH,Mental Health Consultation,False,False,0.1100391256064206,0,0,2,2,0.0,0.0,0.0,0.0,Closed
2026-08-23,0,MENTAL HEALTH,Mental Health Consultation,False,False,0.1644907820560245,0,0,2,2,0.0,0.0,0.0,0.0,Closed
2026-08-23,1,MENTAL HEALTH,Mental Health Consultation,False,False,0.1644907820560245,0,0,2,2,0.0,0.0,0.0,0.0,Closed
2026-08-23,2,MENTAL HEALTH,Mental Health Consultation,False,False,0.1505921827278427,1,0,3,3,0.0,0.0,0.0,0.0,Closed
2026-08-23,3,MENTAL HEALTH,Mental Health Consultation,False,False,0.1505921827278427,0,0,3,3,0.0,0.0,0.0,0.0,Closed
2026-08-23,4,MENTAL HEALTH,Mental Health Consultation,False,False,0.1196736224913375,0,0,3,3,0.0,0.0,0.0,0.0,Closed
2026-08-23,5,MENTAL HEALTH,Mental Health Consultation,False,False,0.0954080992550295,0,0,3,3,0.0,0.0,0.0,0.0,Closed
2026-08-23,6,MENTAL HEALTH,Mental Health Consultation,False,False,0.2096385466671857,1,0,4,4,0.0,0.0,0.0,0.0,Closed
2026-08-23,7,MENTAL HEALTH,Mental Health Consultation,False,False,0.21745717816231,0,0,4,4,0.0,0.0,0.0,0.0,Closed
2026-08-23,8,MENTAL HEALTH,Mental Health Consultation,False,True,0.2609349297067632,0,4,0,0,449.0,751.0,8.0,0.0,Low
2026-08-23,9,MENTAL HEALTH,Mental Health Consultation,False,True,0.2742130644391799,0,0,0,0,0.0,0.0,8.0,0.0,Low
2026-08-23,10,MENTAL HEALTH,Mental Health Consultation,False,True,0.1711828925462735,0,0,0,0,0.0,0.0,8.0,0.0,Low
2026-08-23,11,MENTAL HEALTH,Mental Health Consultation,False,True,0.1712705017940122,0,0,0,0,0.0,0.0,8.0,0.0,Low
2026-08-23,12,MENTAL HEALTH,Mental Health Consultation,False,True,0.1471684176232815,0,0,0,0,0.0,0.0,8.0,0.0,Low
2026-08-23,13,MENTAL HEALTH,Mental Health Consultation,False,True,0.1379212823904038,0,0,0,0,0.0,0.0,8.0,0.0,Low
2026-08-23,14,MENTAL HEALTH,Mental Health Consultation,False,True,0.1379212823904038,0,0,0,0,0.0,0.0,8.0,0.0,Low
2026-08-23,15,MENTAL HEALTH,Mental Health Consultation,False,True,0.136734116037299,0,0,0,0,0.0,0.0,8.0,0.0,Low
2026-08-23,16,MENTAL HEALTH,Mental Health Consultation,False,True,0.1293654387827598,0,0,0,0,0.0,0.0,8.0,0.0,Low
2026-08-23,17,MENTAL HEALTH,Mental Health Consultation,False,False,0.1087149663232366,0,0,0,0,0.0,0.0,0.0,0.0,Closed
2026-08-23,18,MENTAL HEALTH,Mental Health Consultation,False,False,0.1087149663232366,0,0,0,0,0.0,0.0,0.0,0.0,Closed
2026-08-23,19,MENTAL HEALTH,Mental Health Consultation,False,False,0.1087149663232366,0,0,0,0,0.0,0.0,0.0,0.0,Closed
2026-08-23,20,MENTAL HEALTH,Mental Health Consultation,False,False,0.1087149663232366,0,0,0,0,0.0,0.0,0.0,0.0,Closed
2026-08-23,21,MENTAL HEALTH,Mental Health Consultation,False,False,0.1087149663232366,1,0,1,1,0.0,0.0,0.0,0.0,Closed
2026-08-23,22,MENTAL HEALTH,Mental Health Consultation,False,False,0.1087149663232366,0,0,1,1,0.0,0.0,0.0,0.0,Closed
2026-08-23,23,MENTAL HEALTH,Mental Health Consultation,False,False,0.1087149663232366,0,0,1,1,0.0,0.0,0.0,0.0,Closed
2026-08-24,0,MENTAL HEALTH,Mental Health Consultation,False,False,0.1361605774393602,1,0,2,2,0.0,0.0,0.0,0.0,Closed
2026-08-24,1,MENTAL HEALTH,Mental Health Consultation,False,False,0.1361605774393602,0,0,2,2,0.0,0.0,0.0,0.0,Closed
2026-08-24,2,MENTAL HEALTH,Mental Health Consultation,False,False,0.1290387319658908,0,0,2,2,0.0,0.0,0.0,0.0,Closed
2026-08-24,3,MENTAL HEALTH,Mental Health Consultation,False,False,0.1290387319658908,0,0,2,2,0.0,0.0,0.0,0.0,Closed
2026-08-24,4,MENTAL HEALTH,Mental Health Consultation,False,False,0.1312881342274892,0,0,2,2,0.0,0.0,0.0,0.0,Closed
2026-08-24,5,MENTAL HEALTH,Mental Health Consultation,False,False,0.1213001121769239,1,0,3,3,0.0,0.0,0.0,0.0,Closed
2026-08-24,6,MENTAL HEALTH,Mental Health Consultation,False,False,0.2289492860939425,0,0,3,3,0.0,0.0,0.0,0.0,Closed
2026-08-24,7,MENTAL HEALTH,Mental Health Consultation,False,False,0.2367679175890668,0,0,3,3,0.0,0.0,0.0,0.0,Closed
2026-08-24,8,MENTAL HEALTH,Mental Health Consultation,False,True,0.3024976860070337,0,3,0,0,414.0,634.0,8.0,0.0,Low
2026-08-24,9,MENTAL HEALTH,Mental Health Consultation,False,True,0.3004150791661296,0,0,0,0,0.0,0.0,8.0,0.0,Low
2026-08-24,10,MENTAL HEALTH,Mental Health Consultation,False,True,0.2020983140727082,0,0,0,0,0.0,0.0,8.0,0.0,Low
2026-08-24,11,MENTAL HEALTH,Mental Health Consultation,False,True,0.202185923320447,1,1,0,0,0.0,0.0,8.0,12.5,Low
2026-08-24,12,MENTAL HEALTH,Mental Health Consultation,False,True,0.1581926681946801,0,0,0,0,0.0,0.0,8.0,0.0,Low
2026-08-24,13,MENTAL HEALTH,Mental Health Consultation,False,True,0.1377585700851347,0,0,0,0,0.0,0.0,8.0,0.0,Low
2026-08-24,14,MENTAL HEALTH,Mental Health Consultation,False,True,0.1377585700851347,0,0,0,0,0.0,0.0,8.0,0.0,Low
2026-08-24,15,MENTAL HEALTH,Mental Health Consultation,False,True,0.1365714037320299,0,0,0,0,0.0,0.0,8.0,0.0,Low
2026-08-24,16,MENTAL HEALTH,Mental Health Consultation,False,True,0.1292027264774907,0,0,0,0,0.0,0.0,8.0,0.0,Low
2026-08-24,17,MENTAL HEALTH,Mental Health Consultation,False,False,0.1110623273065754,0,0,0,0,0.0,0.0,0.0,0.0,Closed
2026-08-24,18,MENTAL HEALTH,Mental Health Consultation,False,False,0.1110623273065754,0,0,0,0,0.0,0.0,0.0,0.0,Closed
2026-08-24,19,MENTAL HEALTH,Mental Health Consultation,False,False,0.1110623273065754,0,0,0,0,0.0,0.0,0.0,0.0,Closed
2026-08-24,20,MENTAL HEALTH,Mental Health Consultation,False,False,0.1110623273065754,0,0,0,0,0.0,0.0,0.0,0.0,Closed
2026-08-24,21,MENTAL HEALTH,Mental Health Consultation,False,False,0.1110623273065754,1,0,1,1,0.0,0.0,0.0,0.0,Closed
2026-08-24,22,MENTAL HEALTH,Mental Health Consultation,False,False,0.1110623273065754,0,0,1,1,0.0,0.0,0.0,0.0,Closed
2026-08-24,23,MENTAL HEALTH,Mental Health Consultation,False,False,0.1110623273065754,0,0,1,1,0.0,0.0,0.0,0.0,Closed
2026-08-25,0,MENTAL HEALTH,Mental Health Consultation,False,False,0.1361605774393602,0,0,1,1,0.0,0.0,0.0,0.0,Closed
2026-08-25,1,MENTAL HEALTH,Mental Health Consultation,False,False,0.1361605774393602,0,0,1,1,0.0,0.0,0.0,0.0,Closed
2026-08-25,2,MENTAL HEALTH,Mental Health Consultation,False,False,0.1290387319658908,0,0,1,1,0.0,0.0,0.0,0.0,Closed
2026-08-25,3,MENTAL HEALTH,Mental Health Consultation,False,False,0.1290387319658908,1,0,2,2,0.0,0.0,0.0,0.0,Closed
2026-08-25,4,MENTAL HEALTH,Mental Health Consultation,False,False,0.1312881342274892,0,0,2,2,0.0,0.0,0.0,0.0,Closed
2026-08-25,5,MENTAL HEALTH,Mental Health Consultation,False,False,0.1213001121769239,0,0,2,2,0.0,0.0,0.0,0.0,Closed
2026-08-25,6,MENTAL HEALTH,Mental Health Consultation,False,False,0.2289492860939425,1,0,3,3,0.0,0.0,0.0,0.0,Closed
2026-08-25,7,MENTAL HEALTH,Mental Health Consultation,False,False,0.2367679175890668,0,0,3,3,0.0,0.0,0.0,0.0,Closed
2026-08-25,8,MENTAL HEALTH,Mental Health Consultation,False,True,0.3024976860070337,2,5,0,0,206.6,646.0,8.0,25.0,Low
2026-08-25,9,MENTAL HEALTH,Mental Health Consultation,False,True,0.3004150791661296,1,1,0,0,0.0,0.0,8.0,12.5,Low
2026-08-25,10,MENTAL HEALTH,Mental Health Consultation,False,True,0.2020983140727082,0,0,0,0,0.0,0.0,8.0,0.0,Low
2026-08-25,11,MENTAL HEALTH,Mental Health Consultation,False,True,0.202185923320447,0,0,0,0,0.0,0.0,8.0,0.0,Low
2026-08-25,12,MENTAL HEALTH,Mental Health Consultation,False,True,0.1581926681946801,0,0,0,0,0.0,0.0,8.0,0.0,Low
2026-08-25,13,MENTAL HEALTH,Mental Health Consultation,False,True,0.1377585700851347,0,0,0,0,0.0,0.0,8.0,0.0,Low
2026-08-25,14,MENTAL HEALTH,Mental Health Consultation,False,True,0.1377585700851347,0,0,0,0,0.0,0.0,8.0,0.0,Low
2026-08-25,15,MENTAL HEALTH,Mental Health Consultation,False,True,0.1365714037320299,0,0,0,0,0.0,0.0,8.0,0.0,Low
2026-08-25,16,MENTAL HEALTH,Mental Health Consultation,False,True,0.1292027264774907,0,0,0,0,0.0,0.0,8.0,0.0,Low
2026-08-25,17,MENTAL HEALTH,Mental Health Consultation,False,False,0.1110623273065754,1,0,1,1,0.0,0.0,0.0,0.0,Closed
2026-08-25,18,MENTAL HEALTH,Mental Health Consultation,False,False,0.1110623273065754,0,0,1,1,0.0,0.0,0.0,0.0,Closed
2026-08-25,19,MENTAL HEALTH,Mental Health Consultation,False,False,0.1110623273065754,0,0,1,1,0.0,0.0,0.0,0.0,Closed
2026-08-25,20,MENTAL HEALTH,Mental Health Consultation,False,False,0.1110623273065754,0,0,1,1,0.0,0.0,0.0,0.0,Closed
2026-08-25,21,MENTAL HEALTH,Mental Health Consultation,False,False,0.1110623273065754,0,0,1,1,0.0,0.0,0.0,0.0,Closed
2026-08-25,22,MENTAL HEALTH,Mental Health Consultation,False,False,0.1110623273065754,0,0,1,1,0.0,0.0,0.0,0.0,Closed
2026-08-25,23,MENTAL HEALTH,Mental Health Consultation,False,False,0.1110623273065754,0,0,1,1,0.0,0.0,0.0,0.0,Closed
2026-08-26,0,MENTAL HEALTH,Mental Health Consultation,False,False,0.1999704074192417,0,0,1,1,0.0,0.0,0.0,0.0,Closed
2026-08-19,1,MORGUE,Mortuary Service,True,True,0.0004894227732387,0,0,0,0,0.0,0.0,12.0,0.0,Low
2026-08-19,2,MORGUE,Mortuary Service,True,True,0.1928485619457723,0,0,0,0,0.0,0.0,12.0,0.0,Low
2026-08-19,3,MORGUE,Mortuary Service,True,True,0.1928485619457723,1,1,0,0,0.0,0.0,12.0,8.333333333333332,Low
2026-08-19,4,MORGUE,Mortuary Service,True,True,0.1950979642073707,1,1,0,0,0.0,0.0,12.0,8.333333333333332,Low
2026-08-19,5,MORGUE,Mortuary Service,True,True,0.1851099421568054,0,0,0,0,0.0,0.0,12.0,0.0,Low
2026-08-19,6,MORGUE,Mortuary Service,True,True,0.2927591160738241,0,0,0,0,0.0,0.0,12.0,0.0,Low
2026-08-19,7,MORGUE,Mortuary Service,True,True,0.3005777475689484,0,0,0,0,0.0,0.0,12.0,0.0,Low
2026-08-19,8,MORGUE,Mortuary Service,True,True,0.347955883146599,0,0,0,0,0.0,0.0,12.0,0.0,Low
2026-08-19,9,MORGUE,Mortuary Service,True,True,0.3458732763056948,1,1,0,0,0.0,0.0,12.0,8.333333333333332,Low
2026-08-19,10,MORGUE,Mortuary Service,True,True,0.2210401413960455,0,0,0,0,0.0,0.0,12.0,0.0,Low
2026-08-19,11,MORGUE,Mortuary Service,True,True,0.2211277506437843,0,0,0,0,0.0,0.0,12.0,0.0,Low
2026-08-19,12,MORGUE,Mortuary Service,True,True,0.1771344955180175,0,0,0,0,0.0,0.0,12.0,0.0,Low
2026-08-19,13,MORGUE,Mortuary Service,True,True,0.1567003974084722,0,0,0,0,0.0,0.0,12.0,0.0,Low
2026-08-19,14,MORGUE,Mortuary Service,True,True,0.1567003974084722,0,0,0,0,0.0,0.0,12.0,0.0,Low
2026-08-19,15,MORGUE,Mortuary Service,True,True,0.1555132310553673,0,0,0,0,0.0,0.0,12.0,0.0,Low
2026-08-19,16,MORGUE,Mortuary Service,True,True,0.1481445538008281,0,0,0,0,0.0,0.0,12.0,0.0,Low
2026-08-19,17,MORGUE,Mortuary Service,True,True,0.1300041546299128,0,0,0,0,0.0,0.0,12.0,0.0,Low
2026-08-19,18,MORGUE,Mortuary Service,True,True,0.1300041546299128,1,1,0,0,0.0,0.0,12.0,8.333333333333332,Low
2026-08-19,19,MORGUE,Mortuary Service,True,True,0.1300041546299128,0,0,0,0,0.0,0.0,12.0,0.0,Low
2026-08-19,20,MORGUE,Mortuary Service,True,True,0.1300041546299128,0,0,0,0,0.0,0.0,12.0,0.0,Low
2026-08-19,21,MORGUE,Mortuary Service,True,True,0.1300041546299128,0,0,0,0,0.0,0.0,12.0,0.0,Low
2026-08-19,22,MORGUE,Mortuary Service,True,True,0.1300041546299128,0,0,0,0,0.0,0.0,12.0,0.0,Low
2026-08-19,23,MORGUE,Mortuary Service,True,True,0.1300041546299128,0,0,0,0,0.0,0.0,12.0,0.0,Low
2026-08-20,0,MORGUE,Mortuary Service,True,True,0.1525248376937078,0,0,0,0,0.0,0.0,12.0,0.0,Low
2026-08-20,1,MORGUE,Mortuary Service,True,True,0.1525248376937078,0,0,0,0,0.0,0.0,12.0,0.0,Low
2026-08-20,2,MORGUE,Mortuary Service,True,True,0.1518793997910408,1,1,0,0,0.0,0.0,12.0,8.333333333333332,Low
2026-08-20,3,MORGUE,Mortuary Service,True,True,0.1518793997910408,0,0,0,0,0.0,0.0,12.0,0.0,Low
2026-08-20,4,MORGUE,Mortuary Service,True,True,0.1541288020526391,0,0,0,0,0.0,0.0,12.0,0.0,Low
2026-08-20,5,MORGUE,Mortuary Service,True,True,0.131138291167955,0,0,0,0,0.0,0.0,12.0,0.0,Low
2026-08-20,6,MORGUE,Mortuary Service,True,True,0.2387874650849737,0,0,0,0,0.0,0.0,12.0,0.0,Low
2026-08-20,7,MORGUE,Mortuary Service,True,True,0.246606096580098,0,0,0,0,0.0,0.0,12.0,0.0,Low
2026-08-20,8,MORGUE,Mortuary Service,True,True,0.3005103134210652,0,0,0,0,0.0,0.0,12.0,0.0,Low
2026-08-20,9,MORGUE,Mortuary Service,True,True,0.3137884481534819,0,0,0,0,0.0,0.0,12.0,0.0,Low
2026-08-20,10,MORGUE,Mortuary Service,True,True,0.204017876149722,1,1,0,0,0.0,0.0,12.0,8.333333333333332,Low
2026-08-20,11,MORGUE,Mortuary Service,True,True,0.2041054853974607,0,0,0,0,0.0,0.0,12.0,0.0,Low
2026-08-20,12,MORGUE,Mortuary Service,True,True,0.1707148369263652,0,0,0,0,0.0,0.0,12.0,0.0,Low
2026-08-20,13,MORGUE,Mortuary Service,True,True,0.1502807388168198,0,0,0,0,0.0,0.0,12.0,0.0,Low
2026-08-20,14,MORGUE,Mortuary Service,True,True,0.1502807388168198,0,0,0,0,0.0,0.0,12.0,0.0,Low
2026-08-20,15,MORGUE,Mortuary Service,True,True,0.149093572463715,0,0,0,0,0.0,0.0,12.0,0.0,Low
2026-08-20,16,MORGUE,Mortuary Service,True,True,0.1417248952091758,0,0,0,0,0.0,0.0,12.0,0.0,Low
2026-08-20,17,MORGUE,Mortuary Service,True,True,0.1235844960382604,0,0,0,0,0.0,0.0,12.0,0.0,Low
2026-08-20,18,MORGUE,Mortuary Service,True,True,0.1235844960382604,0,0,0,0,0.0,0.0,12.0,0.0,Low
2026-08-20,19,MORGUE,Mortuary Service,True,True,0.1235844960382604,0,0,0,0,0.0,0.0,12.0,0.0,Low
2026-08-20,20,MORGUE,Mortuary Service,True,True,0.1235844960382604,0,0,0,0,0.0,0.0,12.0,0.0,Low
2026-08-20,21,MORGUE,Mortuary Service,True,True,0.1235844960382604,0,0,0,0,0.0,0.0,12.0,0.0,Low
2026-08-20,22,MORGUE,Mortuary Service,True,True,0.1235844960382604,0,0,0,0,0.0,0.0,12.0,0.0,Low
2026-08-20,23,MORGUE,Mortuary Service,True,True,0.1235844960382604,0,0,0,0,0.0,0.0,12.0,0.0,Low
2026-08-21,0,MORGUE,Mortuary Service,True,True,0.1533271225967408,0,0,0,0,0.0,0.0,12.0,0.0,Low
2026-08-21,1,MORGUE,Mortuary Service,True,True,0.1533271225967408,0,0,0,0,0.0,0.0,12.0,0.0,Low
2026-08-21,2,MORGUE,Mortuary Service,True,True,0.1402281270473906,0,0,0,0,0.0,0.0,12.0,0.0,Low
2026-08-21,3,MORGUE,Mortuary Service,True,True,0.1402281270473906,0,0,0,0,0.0,0.0,12.0,0.0,Low
2026-08-21,4,MORGUE,Mortuary Service,True,True,0.1424775293089889,0,0,0,0,0.0,0.0,12.0,0.0,Low
2026-08-21,5,MORGUE,Mortuary Service,True,True,0.1182120060726809,0,0,0,0,0.0,0.0,12.0,0.0,Low
2026-08-21,6,MORGUE,Mortuary Service,True,True,0.2258611799896995,0,0,0,0,0.0,0.0,12.0,0.0,Low
2026-08-21,7,MORGUE,Mortuary Service,True,True,0.2336798114848238,0,0,0,0,0.0,0.0,12.0,0.0,Low
2026-08-21,8,MORGUE,Mortuary Service,True,True,0.2888590406774149,0,0,0,0,0.0,0.0,12.0,0.0,Low
2026-08-21,9,MORGUE,Mortuary Service,True,True,0.3021371754098316,0,0,0,0,0.0,0.0,12.0,0.0,Low
2026-08-21,10,MORGUE,Mortuary Service,True,True,0.1923666034060717,0,0,0,0,0.0,0.0,12.0,0.0,Low
2026-08-21,11,MORGUE,Mortuary Service,True,True,0.1924542126538105,0,0,0,0,0.0,0.0,12.0,0.0,Low
2026-08-21,12,MORGUE,Mortuary Service,True,True,0.1715171218293981,0,0,0,0,0.0,0.0,12.0,0.0,Low
2026-08-21,13,MORGUE,Mortuary Service,True,True,0.1510830237198528,0,0,0,0,0.0,0.0,12.0,0.0,Low
2026-08-21,14,MORGUE,Mortuary Service,True,True,0.1510830237198528,0,0,0,0,0.0,0.0,12.0,0.0,Low
2026-08-21,15,MORGUE,Mortuary Service,True,True,0.1498958573667479,0,0,0,0,0.0,0.0,12.0,0.0,Low
2026-08-21,16,MORGUE,Mortuary Service,True,True,0.1425271801122087,0,0,0,0,0.0,0.0,12.0,0.0,Low
2026-08-21,17,MORGUE,Mortuary Service,True,True,0.1243867809412933,0,0,0,0,0.0,0.0,12.0,0.0,Low
2026-08-21,18,MORGUE,Mortuary Service,True,True,0.1243867809412933,0,0,0,0,0.0,0.0,12.0,0.0,Low
2026-08-21,19,MORGUE,Mortuary Service,True,True,0.1243867809412933,0,0,0,0,0.0,0.0,12.0,0.0,Low
2026-08-21,20,MORGUE,Mortuary Service,True,True,0.1243867809412933,0,0,0,0,0.0,0.0,12.0,0.0,Low
2026-08-21,21,MORGUE,Mortuary Service,True,True,0.1243867809412933,0,0,0,0,0.0,0.0,12.0,0.0,Low
2026-08-21,22,MORGUE,Mortuary Service,True,True,0.1243867809412933,0,0,0,0,0.0,0.0,12.0,0.0,Low
2026-08-21,23,MORGUE,Mortuary Service,True,True,0.1243867809412933,0,0,0,0,0.0,0.0,12.0,0.0,Low
2026-08-22,0,MORGUE,Mortuary Service,True,True,0.1660434392284973,0,0,0,0,0.0,0.0,12.0,0.0,Low
2026-08-22,1,MORGUE,Mortuary Service,True,True,0.1660434392284973,0,0,0,0,0.0,0.0,12.0,0.0,Low
2026-08-22,2,MORGUE,Mortuary Service,True,True,0.1521448399003155,0,0,0,0,0.0,0.0,12.0,0.0,Low
2026-08-22,3,MORGUE,Mortuary Service,True,True,0.1521448399003155,0,0,0,0,0.0,0.0,12.0,0.0,Low
2026-08-22,4,MORGUE,Mortuary Service,True,True,0.1212262796638102,0,0,0,0,0.0,0.0,12.0,0.0,Low
2026-08-22,5,MORGUE,Mortuary Service,True,True,0.0969607564275023,0,0,0,0,0.0,0.0,12.0,0.0,Low
2026-08-22,6,MORGUE,Mortuary Service,True,True,0.2111912038396584,0,0,0,0,0.0,0.0,12.0,0.0,Low
2026-08-22,7,MORGUE,Mortuary Service,True,True,0.2190098353347828,0,0,0,0,0.0,0.0,12.0,0.0,Low
2026-08-22,8,MORGUE,Mortuary Service,True,True,0.2624875868792359,0,0,0,0,0.0,0.0,12.0,0.0,Low
2026-08-22,9,MORGUE,Mortuary Service,True,True,0.2757657216116526,0,0,0,0,0.0,0.0,12.0,0.0,Low
2026-08-22,10,MORGUE,Mortuary Service,True,True,0.1727355497187463,0,0,0,0,0.0,0.0,12.0,0.0,Low
2026-08-22,11,MORGUE,Mortuary Service,True,True,0.172823158966485,0,0,0,0,0.0,0.0,12.0,0.0,Low
2026-08-22,12,MORGUE,Mortuary Service,True,True,0.1487210747957543,0,0,0,0,0.0,0.0,12.0,0.0,Low
2026-08-22,13,MORGUE,Mortuary Service,True,True,0.1394739395628766,0,0,0,0,0.0,0.0,12.0,0.0,Low
2026-08-22,14,MORGUE,Mortuary Service,True,True,0.1394739395628766,0,0,0,0,0.0,0.0,12.0,0.0,Low
2026-08-22,15,MORGUE,Mortuary Service,True,True,0.1382867732097718,0,0,0,0,0.0,0.0,12.0,0.0,Low
2026-08-22,16,MORGUE,Mortuary Service,True,True,0.1309180959552326,0,0,0,0,0.0,0.0,12.0,0.0,Low
2026-08-22,17,MORGUE,Mortuary Service,True,True,0.1100391256064206,0,0,0,0,0.0,0.0,12.0,0.0,Low
2026-08-22,18,MORGUE,Mortuary Service,True,True,0.1100391256064206,0,0,0,0,0.0,0.0,12.0,0.0,Low
2026-08-22,19,MORGUE,Mortuary Service,True,True,0.1100391256064206,1,1,0,0,0.0,0.0,12.0,8.333333333333332,Low
2026-08-22,20,MORGUE,Mortuary Service,True,True,0.1100391256064206,0,0,0,0,0.0,0.0,12.0,0.0,Low
2026-08-22,21,MORGUE,Mortuary Service,True,True,0.1100391256064206,1,1,0,0,0.0,0.0,12.0,8.333333333333332,Low
2026-08-22,22,MORGUE,Mortuary Service,True,True,0.1100391256064206,0,0,0,0,0.0,0.0,12.0,0.0,Low
2026-08-22,23,MORGUE,Mortuary Service,True,True,0.1100391256064206,0,0,0,0,0.0,0.0,12.0,0.0,Low
2026-08-23,0,MORGUE,Mortuary Service,True,True,0.1644907820560245,0,0,0,0,0.0,0.0,12.0,0.0,Low
2026-08-23,1,MORGUE,Mortuary Service,True,True,0.1644907820560245,0,0,0,0,0.0,0.0,12.0,0.0,Low
2026-08-23,2,MORGUE,Mortuary Service,True,True,0.1505921827278427,1,1,0,0,0.0,0.0,12.0,8.333333333333332,Low
2026-08-23,3,MORGUE,Mortuary Service,True,True,0.1505921827278427,0,0,0,0,0.0,0.0,12.0,0.0,Low
2026-08-23,4,MORGUE,Mortuary Service,True,True,0.1196736224913375,0,0,0,0,0.0,0.0,12.0,0.0,Low
2026-08-23,5,MORGUE,Mortuary Service,True,True,0.0954080992550295,0,0,0,0,0.0,0.0,12.0,0.0,Low
2026-08-23,6,MORGUE,Mortuary Service,True,True,0.2096385466671857,1,1,0,0,0.0,0.0,12.0,8.333333333333332,Low
2026-08-23,7,MORGUE,Mortuary Service,True,True,0.21745717816231,0,0,0,0,0.0,0.0,12.0,0.0,Low
2026-08-23,8,MORGUE,Mortuary Service,True,True,0.2609349297067632,0,0,0,0,0.0,0.0,12.0,0.0,Low
2026-08-23,9,MORGUE,Mortuary Service,True,True,0.2742130644391799,0,0,0,0,0.0,0.0,12.0,0.0,Low
2026-08-23,10,MORGUE,Mortuary Service,True,True,0.1711828925462735,0,0,0,0,0.0,0.0,12.0,0.0,Low
2026-08-23,11,MORGUE,Mortuary Service,True,True,0.1712705017940122,0,0,0,0,0.0,0.0,12.0,0.0,Low
2026-08-23,12,MORGUE,Mortuary Service,True,True,0.1471684176232815,0,0,0,0,0.0,0.0,12.0,0.0,Low
2026-08-23,13,MORGUE,Mortuary Service,True,True,0.1379212823904038,0,0,0,0,0.0,0.0,12.0,0.0,Low
2026-08-23,14,MORGUE,Mortuary Service,True,True,0.1379212823904038,0,0,0,0,0.0,0.0,12.0,0.0,Low
2026-08-23,15,MORGUE,Mortuary Service,True,True,0.136734116037299,0,0,0,0,0.0,0.0,12.0,0.0,Low
2026-08-23,16,MORGUE,Mortuary Service,True,True,0.1293654387827598,0,0,0,0,0.0,0.0,12.0,0.0,Low
2026-08-23,17,MORGUE,Mortuary Service,True,True,0.1087149663232366,0,0,0,0,0.0,0.0,12.0,0.0,Low
2026-08-23,18,MORGUE,Mortuary Service,True,True,0.1087149663232366,0,0,0,0,0.0,0.0,12.0,0.0,Low
2026-08-23,19,MORGUE,Mortuary Service,True,True,0.1087149663232366,0,0,0,0,0.0,0.0,12.0,0.0,Low
2026-08-23,20,MORGUE,Mortuary Service,True,True,0.1087149663232366,0,0,0,0,0.0,0.0,12.0,0.0,Low
2026-08-23,21,MORGUE,Mortuary Service,True,True,0.1087149663232366,1,1,0,0,0.0,0.0,12.0,8.333333333333332,Low
2026-08-23,22,MORGUE,Mortuary Service,True,True,0.1087149663232366,0,0,0,0,0.0,0.0,12.0,0.0,Low
2026-08-23,23,MORGUE,Mortuary Service,True,True,0.1087149663232366,0,0,0,0,0.0,0.0,12.0,0.0,Low
2026-08-24,0,MORGUE,Mortuary Service,True,True,0.1361605774393602,1,1,0,0,0.0,0.0,12.0,8.333333333333332,Low
2026-08-24,1,MORGUE,Mortuary Service,True,True,0.1361605774393602,0,0,0,0,0.0,0.0,12.0,0.0,Low
2026-08-24,2,MORGUE,Mortuary Service,True,True,0.1290387319658908,0,0,0,0,0.0,0.0,12.0,0.0,Low
2026-08-24,3,MORGUE,Mortuary Service,True,True,0.1290387319658908,0,0,0,0,0.0,0.0,12.0,0.0,Low
2026-08-24,4,MORGUE,Mortuary Service,True,True,0.1312881342274892,0,0,0,0,0.0,0.0,12.0,0.0,Low
2026-08-24,5,MORGUE,Mortuary Service,True,True,0.1213001121769239,1,1,0,0,0.0,0.0,12.0,8.333333333333332,Low
2026-08-24,6,MORGUE,Mortuary Service,True,True,0.2289492860939425,0,0,0,0,0.0,0.0,12.0,0.0,Low
2026-08-24,7,MORGUE,Mortuary Service,True,True,0.2367679175890668,0,0,0,0,0.0,0.0,12.0,0.0,Low
2026-08-24,8,MORGUE,Mortuary Service,True,True,0.3024976860070337,0,0,0,0,0.0,0.0,12.0,0.0,Low
2026-08-24,9,MORGUE,Mortuary Service,True,True,0.3004150791661296,0,0,0,0,0.0,0.0,12.0,0.0,Low
2026-08-24,10,MORGUE,Mortuary Service,True,True,0.2020983140727082,0,0,0,0,0.0,0.0,12.0,0.0,Low
2026-08-24,11,MORGUE,Mortuary Service,True,True,0.202185923320447,1,1,0,0,0.0,0.0,12.0,8.333333333333332,Low
2026-08-24,12,MORGUE,Mortuary Service,True,True,0.1581926681946801,0,0,0,0,0.0,0.0,12.0,0.0,Low
2026-08-24,13,MORGUE,Mortuary Service,True,True,0.1377585700851347,0,0,0,0,0.0,0.0,12.0,0.0,Low
2026-08-24,14,MORGUE,Mortuary Service,True,True,0.1377585700851347,0,0,0,0,0.0,0.0,12.0,0.0,Low
2026-08-24,15,MORGUE,Mortuary Service,True,True,0.1365714037320299,0,0,0,0,0.0,0.0,12.0,0.0,Low
2026-08-24,16,MORGUE,Mortuary Service,True,True,0.1292027264774907,0,0,0,0,0.0,0.0,12.0,0.0,Low
2026-08-24,17,MORGUE,Mortuary Service,True,True,0.1110623273065754,0,0,0,0,0.0,0.0,12.0,0.0,Low
2026-08-24,18,MORGUE,Mortuary Service,True,True,0.1110623273065754,0,0,0,0,0.0,0.0,12.0,0.0,Low
2026-08-24,19,MORGUE,Mortuary Service,True,True,0.1110623273065754,0,0,0,0,0.0,0.0,12.0,0.0,Low
2026-08-24,20,MORGUE,Mortuary Service,True,True,0.1110623273065754,0,0,0,0,0.0,0.0,12.0,0.0,Low
2026-08-24,21,MORGUE,Mortuary Service,True,True,0.1110623273065754,1,1,0,0,0.0,0.0,12.0,8.333333333333332,Low
2026-08-24,22,MORGUE,Mortuary Service,True,True,0.1110623273065754,0,0,0,0,0.0,0.0,12.0,0.0,Low
2026-08-24,23,MORGUE,Mortuary Service,True,True,0.1110623273065754,0,0,0,0,0.0,0.0,12.0,0.0,Low
2026-08-25,0,MORGUE,Mortuary Service,True,True,0.1361605774393602,0,0,0,0,0.0,0.0,12.0,0.0,Low
2026-08-25,1,MORGUE,Mortuary Service,True,True,0.1361605774393602,0,0,0,0,0.0,0.0,12.0,0.0,Low
2026-08-25,2,MORGUE,Mortuary Service,True,True,0.1290387319658908,0,0,0,0,0.0,0.0,12.0,0.0,Low
2026-08-25,3,MORGUE,Mortuary Service,True,True,0.1290387319658908,1,1,0,0,0.0,0.0,12.0,8.333333333333332,Low
2026-08-25,4,MORGUE,Mortuary Service,True,True,0.1312881342274892,0,0,0,0,0.0,0.0,12.0,0.0,Low
2026-08-25,5,MORGUE,Mortuary Service,True,True,0.1213001121769239,0,0,0,0,0.0,0.0,12.0,0.0,Low
2026-08-25,6,MORGUE,Mortuary Service,True,True,0.2289492860939425,1,1,0,0,0.0,0.0,12.0,8.333333333333332,Low
2026-08-25,7,MORGUE,Mortuary Service,True,True,0.2367679175890668,0,0,0,0,0.0,0.0,12.0,0.0,Low
2026-08-25,8,MORGUE,Mortuary Service,True,True,0.3024976860070337,2,2,0,0,0.0,0.0,12.0,16.666666666666664,Low
2026-08-25,9,MORGUE,Mortuary Service,True,True,0.3004150791661296,1,1,0,0,0.0,0.0,12.0,8.333333333333332,Low
2026-08-25,10,MORGUE,Mortuary Service,True,True,0.2020983140727082,0,0,0,0,0.0,0.0,12.0,0.0,Low
2026-08-25,11,MORGUE,Mortuary Service,True,True,0.202185923320447,0,0,0,0,0.0,0.0,12.0,0.0,Low
2026-08-25,12,MORGUE,Mortuary Service,True,True,0.1581926681946801,0,0,0,0,0.0,0.0,12.0,0.0,Low
2026-08-25,13,MORGUE,Mortuary Service,True,True,0.1377585700851347,0,0,0,0,0.0,0.0,12.0,0.0,Low
2026-08-25,14,MORGUE,Mortuary Service,True,True,0.1377585700851347,0,0,0,0,0.0,0.0,12.0,0.0,Low
2026-08-25,15,MORGUE,Mortuary Service,True,True,0.1365714037320299,0,0,0,0,0.0,0.0,12.0,0.0,Low
2026-08-25,16,MORGUE,Mortuary Service,True,True,0.1292027264774907,0,0,0,0,0.0,0.0,12.0,0.0,Low
2026-08-25,17,MORGUE,Mortuary Service,True,True,0.1110623273065754,1,1,0,0,0.0,0.0,12.0,8.333333333333332,Low
2026-08-25,18,MORGUE,Mortuary Service,True,True,0.1110623273065754,0,0,0,0,0.0,0.0,12.0,0.0,Low
2026-08-25,19,MORGUE,Mortuary Service,True,True,0.1110623273065754,0,0,0,0,0.0,0.0,12.0,0.0,Low
2026-08-25,20,MORGUE,Mortuary Service,True,True,0.1110623273065754,0,0,0,0,0.0,0.0,12.0,0.0,Low
2026-08-25,21,MORGUE,Mortuary Service,True,True,0.1110623273065754,0,0,0,0,0.0,0.0,12.0,0.0,Low
2026-08-25,22,MORGUE,Mortuary Service,True,True,0.1110623273065754,0,0,0,0,0.0,0.0,12.0,0.0,Low
2026-08-25,23,MORGUE,Mortuary Service,True,True,0.1110623273065754,0,0,0,0,0.0,0.0,12.0,0.0,Low
2026-08-26,0,MORGUE,Mortuary Service,True,True,0.1999704074192417,0,0,0,0,0.0,0.0,12.0,0.0,Low
2026-08-19,1,NEURO SURGERY CONSULTATION,Neurosurgical Consultation,False,False,0.0004894227732387,0,0,0,0,0.0,0.0,0.0,0.0,Closed
2026-08-19,2,NEURO SURGERY CONSULTATION,Neurosurgical Consultation,False,False,0.1273816414501629,0,0,0,0,0.0,0.0,0.0,0.0,Closed
2026-08-19,3,NEURO SURGERY CONSULTATION,Neurosurgical Consultation,False,False,0.1273816414501629,0,0,0,0,0.0,0.0,0.0,0.0,Closed
2026-08-19,4,NEURO SURGERY CONSULTATION,Neurosurgical Consultation,False,False,0.1296310437117612,0,0,0,0,0.0,0.0,0.0,0.0,Closed
2026-08-19,5,NEURO SURGERY CONSULTATION,Neurosurgical Consultation,False,False,0.1196430216611959,0,0,0,0,0.0,0.0,0.0,0.0,Closed
2026-08-19,6,NEURO SURGERY CONSULTATION,Neurosurgical Consultation,False,False,0.2272921955782146,1,0,1,1,0.0,0.0,0.0,0.0,Closed
2026-08-19,7,NEURO SURGERY CONSULTATION,Neurosurgical Consultation,False,False,0.235110827073339,0,0,1,1,0.0,0.0,0.0,0.0,Closed
2026-08-19,8,NEURO SURGERY CONSULTATION,Neurosurgical Consultation,False,True,0.2784500630110639,0,1,0,0,77.0,77.0,12.0,0.0,Low
2026-08-19,9,NEURO SURGERY CONSULTATION,Neurosurgical Consultation,False,True,0.2763674561701598,0,0,0,0,0.0,0.0,12.0,0.0,Low
2026-08-19,10,NEURO SURGERY CONSULTATION,Neurosurgical Consultation,False,True,0.1515343212605105,1,1,0,0,0.0,0.0,12.0,8.333333333333332,Low
2026-08-19,11,NEURO SURGERY CONSULTATION,Neurosurgical Consultation,False,True,0.1516219305082493,0,0,0,0,0.0,0.0,12.0,0.0,Low
2026-08-19,12,NEURO SURGERY CONSULTATION,Neurosurgical Consultation,False,True,0.1063810013360887,0,0,0,0,0.0,0.0,12.0,0.0,Low
2026-08-19,13,NEURO SURGERY CONSULTATION,Neurosurgical Consultation,False,True,0.1053706905082918,0,0,0,0,0.0,0.0,12.0,0.0,Low
2026-08-19,14,NEURO SURGERY CONSULTATION,Neurosurgical Consultation,False,True,0.1053706905082918,0,0,0,0,0.0,0.0,12.0,0.0,Low
2026-08-19,15,NEURO SURGERY CONSULTATION,Neurosurgical Consultation,False,True,0.1053706905082918,0,0,0,0,0.0,0.0,12.0,0.0,Low
2026-08-19,16,NEURO SURGERY CONSULTATION,Neurosurgical Consultation,False,True,0.0994427098482359,0,0,0,0,0.0,0.0,12.0,0.0,Low
2026-08-19,17,NEURO SURGERY CONSULTATION,Neurosurgical Consultation,False,False,0.0903675338725435,0,0,0,0,0.0,0.0,0.0,0.0,Closed
2026-08-19,18,NEURO SURGERY CONSULTATION,Neurosurgical Consultation,False,False,0.0903675338725435,0,0,0,0,0.0,0.0,0.0,0.0,Closed
2026-08-19,19,NEURO SURGERY CONSULTATION,Neurosurgical Consultation,False,False,0.0903675338725435,0,0,0,0,0.0,0.0,0.0,0.0,Closed
2026-08-19,20,NEURO SURGERY CONSULTATION,Neurosurgical Consultation,False,False,0.0903675338725435,1,0,1,1,0.0,0.0,0.0,0.0,Closed
2026-08-19,21,NEURO SURGERY CONSULTATION,Neurosurgical Consultation,False,False,0.0903675338725435,0,0,1,1,0.0,0.0,0.0,0.0,Closed
2026-08-19,22,NEURO SURGERY CONSULTATION,Neurosurgical Consultation,False,False,0.0903675338725435,0,0,1,1,0.0,0.0,0.0,0.0,Closed
2026-08-19,23,NEURO SURGERY CONSULTATION,Neurosurgical Consultation,False,False,0.0903675338725435,0,0,1,1,0.0,0.0,0.0,0.0,Closed
2026-08-20,0,NEURO SURGERY CONSULTATION,Neurosurgical Consultation,False,False,0.0889190670042787,0,0,1,1,0.0,0.0,0.0,0.0,Closed
2026-08-20,1,NEURO SURGERY CONSULTATION,Neurosurgical Consultation,False,False,0.0889190670042787,0,0,1,1,0.0,0.0,0.0,0.0,Closed
2026-08-20,2,NEURO SURGERY CONSULTATION,Neurosurgical Consultation,False,False,0.0882736291016117,0,0,1,1,0.0,0.0,0.0,0.0,Closed
2026-08-20,3,NEURO SURGERY CONSULTATION,Neurosurgical Consultation,False,False,0.0882736291016117,1,0,2,2,0.0,0.0,0.0,0.0,Closed
2026-08-20,4,NEURO SURGERY CONSULTATION,Neurosurgical Consultation,False,False,0.0905230313632101,0,0,2,2,0.0,0.0,0.0,0.0,Closed
2026-08-20,5,NEURO SURGERY CONSULTATION,Neurosurgical Consultation,False,False,0.0675325204785259,0,0,2,2,0.0,0.0,0.0,0.0,Closed
2026-08-20,6,NEURO SURGERY CONSULTATION,Neurosurgical Consultation,False,False,0.1751816943955441,0,0,2,2,0.0,0.0,0.0,0.0,Closed
2026-08-20,7,NEURO SURGERY CONSULTATION,Neurosurgical Consultation,False,False,0.1830003258906684,0,0,2,2,0.0,0.0,0.0,0.0,Closed
2026-08-20,8,NEURO SURGERY CONSULTATION,Neurosurgical Consultation,False,True,0.2328656430917104,0,2,0,0,467.0,680.0,12.0,0.0,Low
2026-08-20,9,NEURO SURGERY CONSULTATION,Neurosurgical Consultation,False,True,0.2461437778241272,0,0,0,0,0.0,0.0,12.0,0.0,Low
2026-08-20,10,NEURO SURGERY CONSULTATION,Neurosurgical Consultation,False,True,0.1363732058203672,0,0,0,0,0.0,0.0,12.0,0.0,Low
2026-08-20,11,NEURO SURGERY CONSULTATION,Neurosurgical Consultation,False,True,0.1364608150681059,0,0,0,0,0.0,0.0,12.0,0.0,Low
2026-08-20,12,NEURO SURGERY CONSULTATION,Neurosurgical Consultation,False,True,0.0912198858959453,0,0,0,0,0.0,0.0,12.0,0.0,Low
2026-08-20,13,NEURO SURGERY CONSULTATION,Neurosurgical Consultation,False,True,0.0902095750681484,0,0,0,0,0.0,0.0,12.0,0.0,Low
2026-08-20,14,NEURO SURGERY CONSULTATION,Neurosurgical Consultation,False,True,0.0902095750681484,0,0,0,0,0.0,0.0,12.0,0.0,Low
2026-08-20,15,NEURO SURGERY CONSULTATION,Neurosurgical Consultation,False,True,0.0902095750681484,0,0,0,0,0.0,0.0,12.0,0.0,Low
2026-08-20,16,NEURO SURGERY CONSULTATION,Neurosurgical Consultation,False,True,0.0842815944080925,0,0,0,0,0.0,0.0,12.0,0.0,Low
2026-08-20,17,NEURO SURGERY CONSULTATION,Neurosurgical Consultation,False,False,0.0752064184324,0,0,0,0,0.0,0.0,0.0,0.0,Closed
2026-08-20,18,NEURO SURGERY CONSULTATION,Neurosurgical Consultation,False,False,0.0752064184324,0,0,0,0,0.0,0.0,0.0,0.0,Closed
2026-08-20,19,NEURO SURGERY CONSULTATION,Neurosurgical Consultation,False,False,0.0752064184324,0,0,0,0,0.0,0.0,0.0,0.0,Closed
2026-08-20,20,NEURO SURGERY CONSULTATION,Neurosurgical Consultation,False,False,0.0752064184324,0,0,0,0,0.0,0.0,0.0,0.0,Closed
2026-08-20,21,NEURO SURGERY CONSULTATION,Neurosurgical Consultation,False,False,0.0752064184324,0,0,0,0,0.0,0.0,0.0,0.0,Closed
2026-08-20,22,NEURO SURGERY CONSULTATION,Neurosurgical Consultation,False,False,0.0752064184324,0,0,0,0,0.0,0.0,0.0,0.0,Closed
2026-08-20,23,NEURO SURGERY CONSULTATION,Neurosurgical Consultation,False,False,0.0752064184324,0,0,0,0,0.0,0.0,0.0,0.0,Closed
2026-08-21,0,NEURO SURGERY CONSULTATION,Neurosurgical Consultation,False,False,0.0897213519073116,0,0,0,0,0.0,0.0,0.0,0.0,Closed
2026-08-21,1,NEURO SURGERY CONSULTATION,Neurosurgical Consultation,False,False,0.0897213519073116,0,0,0,0,0.0,0.0,0.0,0.0,Closed
2026-08-21,2,NEURO SURGERY CONSULTATION,Neurosurgical Consultation,False,False,0.0766223563579615,0,0,0,0,0.0,0.0,0.0,0.0,Closed
2026-08-21,3,NEURO SURGERY CONSULTATION,Neurosurgical Consultation,False,False,0.0766223563579615,0,0,0,0,0.0,0.0,0.0,0.0,Closed
2026-08-21,4,NEURO SURGERY CONSULTATION,Neurosurgical Consultation,False,False,0.0788717586195599,0,0,0,0,0.0,0.0,0.0,0.0,Closed
2026-08-21,5,NEURO SURGERY CONSULTATION,Neurosurgical Consultation,False,False,0.0546062353832519,0,0,0,0,0.0,0.0,0.0,0.0,Closed
2026-08-21,6,NEURO SURGERY CONSULTATION,Neurosurgical Consultation,False,False,0.1622554093002699,0,0,0,0,0.0,0.0,0.0,0.0,Closed
2026-08-21,7,NEURO SURGERY CONSULTATION,Neurosurgical Consultation,False,False,0.1700740407953943,0,0,0,0,0.0,0.0,0.0,0.0,Closed
2026-08-21,8,NEURO SURGERY CONSULTATION,Neurosurgical Consultation,False,True,0.2212143703480601,0,0,0,0,0.0,0.0,12.0,0.0,Low
2026-08-21,9,NEURO SURGERY CONSULTATION,Neurosurgical Consultation,False,True,0.2344925050804768,0,0,0,0,0.0,0.0,12.0,0.0,Low
2026-08-21,10,NEURO SURGERY CONSULTATION,Neurosurgical Consultation,False,True,0.1247219330767169,0,0,0,0,0.0,0.0,12.0,0.0,Low
2026-08-21,11,NEURO SURGERY CONSULTATION,Neurosurgical Consultation,False,True,0.1248095423244557,0,0,0,0,0.0,0.0,12.0,0.0,Low
2026-08-21,12,NEURO SURGERY CONSULTATION,Neurosurgical Consultation,False,True,0.0920221707989783,0,0,0,0,0.0,0.0,12.0,0.0,Low
2026-08-21,13,NEURO SURGERY CONSULTATION,Neurosurgical Consultation,False,True,0.0910118599711813,0,0,0,0,0.0,0.0,12.0,0.0,Low
2026-08-21,14,NEURO SURGERY CONSULTATION,Neurosurgical Consultation,False,True,0.0910118599711813,0,0,0,0,0.0,0.0,12.0,0.0,Low
2026-08-21,15,NEURO SURGERY CONSULTATION,Neurosurgical Consultation,False,True,0.0910118599711813,0,0,0,0,0.0,0.0,12.0,0.0,Low
2026-08-21,16,NEURO SURGERY CONSULTATION,Neurosurgical Consultation,False,True,0.0850838793111254,0,0,0,0,0.0,0.0,12.0,0.0,Low
2026-08-21,17,NEURO SURGERY CONSULTATION,Neurosurgical Consultation,False,False,0.0760087033354329,0,0,0,0,0.0,0.0,0.0,0.0,Closed
2026-08-21,18,NEURO SURGERY CONSULTATION,Neurosurgical Consultation,False,False,0.0760087033354329,0,0,0,0,0.0,0.0,0.0,0.0,Closed
2026-08-21,19,NEURO SURGERY CONSULTATION,Neurosurgical Consultation,False,False,0.0760087033354329,0,0,0,0,0.0,0.0,0.0,0.0,Closed
2026-08-21,20,NEURO SURGERY CONSULTATION,Neurosurgical Consultation,False,False,0.0760087033354329,0,0,0,0,0.0,0.0,0.0,0.0,Closed
2026-08-21,21,NEURO SURGERY CONSULTATION,Neurosurgical Consultation,False,False,0.0760087033354329,0,0,0,0,0.0,0.0,0.0,0.0,Closed
2026-08-21,22,NEURO SURGERY CONSULTATION,Neurosurgical Consultation,False,False,0.0760087033354329,0,0,0,0,0.0,0.0,0.0,0.0,Closed
2026-08-21,23,NEURO SURGERY CONSULTATION,Neurosurgical Consultation,False,False,0.0760087033354329,0,0,0,0,0.0,0.0,0.0,0.0,Closed
2026-08-22,0,NEURO SURGERY CONSULTATION,Neurosurgical Consultation,False,False,0.0657290569811854,0,0,0,0,0.0,0.0,0.0,0.0,Closed
2026-08-22,1,NEURO SURGERY CONSULTATION,Neurosurgical Consultation,False,False,0.0657290569811854,0,0,0,0,0.0,0.0,0.0,0.0,Closed
2026-08-22,2,NEURO SURGERY CONSULTATION,Neurosurgical Consultation,False,False,0.0772968016460871,0,0,0,0,0.0,0.0,0.0,0.0,Closed
2026-08-22,3,NEURO SURGERY CONSULTATION,Neurosurgical Consultation,False,False,0.0772968016460871,0,0,0,0,0.0,0.0,0.0,0.0,Closed
2026-08-22,4,NEURO SURGERY CONSULTATION,Neurosurgical Consultation,False,False,0.0795462039076854,0,0,0,0,0.0,0.0,0.0,0.0,Closed
2026-08-22,5,NEURO SURGERY CONSULTATION,Neurosurgical Consultation,False,False,0.0552806806713775,0,0,0,0,0.0,0.0,0.0,0.0,Closed
2026-08-22,6,NEURO SURGERY CONSULTATION,Neurosurgical Consultation,False,False,0.1695111280835336,0,0,0,0,0.0,0.0,0.0,0.0,Closed
2026-08-22,7,NEURO SURGERY CONSULTATION,Neurosurgical Consultation,False,False,0.1773297595786579,0,0,0,0,0.0,0.0,0.0,0.0,Closed
2026-08-22,8,NEURO SURGERY CONSULTATION,Neurosurgical Consultation,False,True,0.2167686114831851,0,0,0,0,0.0,0.0,12.0,0.0,Low
2026-08-22,9,NEURO SURGERY CONSULTATION,Neurosurgical Consultation,False,True,0.2300467462156018,0,0,0,0,0.0,0.0,12.0,0.0,Low
2026-08-22,10,NEURO SURGERY CONSULTATION,Neurosurgical Consultation,False,True,0.1221997127381609,0,0,0,0,0.0,0.0,12.0,0.0,Low
2026-08-22,11,NEURO SURGERY CONSULTATION,Neurosurgical Consultation,False,True,0.1222873219858996,0,0,0,0,0.0,0.0,12.0,0.0,Low
2026-08-22,12,NEURO SURGERY CONSULTATION,Neurosurgical Consultation,False,True,0.072180882352289,0,0,0,0,0.0,0.0,12.0,0.0,Low
2026-08-22,13,NEURO SURGERY CONSULTATION,Neurosurgical Consultation,False,True,0.071170571524492,0,0,0,0,0.0,0.0,12.0,0.0,Low
2026-08-22,14,NEURO SURGERY CONSULTATION,Neurosurgical Consultation,False,True,0.071170571524492,0,0,0,0,0.0,0.0,12.0,0.0,Low
2026-08-22,15,NEURO SURGERY CONSULTATION,Neurosurgical Consultation,False,True,0.071170571524492,0,0,0,0,0.0,0.0,12.0,0.0,Low
2026-08-22,16,NEURO SURGERY CONSULTATION,Neurosurgical Consultation,False,True,0.0652425908644362,0,0,0,0,0.0,0.0,12.0,0.0,Low
2026-08-22,17,NEURO SURGERY CONSULTATION,Neurosurgical Consultation,False,False,0.0616610480005601,0,0,0,0,0.0,0.0,0.0,0.0,Closed
2026-08-22,18,NEURO SURGERY CONSULTATION,Neurosurgical Consultation,False,False,0.0616610480005601,0,0,0,0,0.0,0.0,0.0,0.0,Closed
2026-08-22,19,NEURO SURGERY CONSULTATION,Neurosurgical Consultation,False,False,0.0616610480005601,0,0,0,0,0.0,0.0,0.0,0.0,Closed
2026-08-22,20,NEURO SURGERY CONSULTATION,Neurosurgical Consultation,False,False,0.0616610480005601,0,0,0,0,0.0,0.0,0.0,0.0,Closed
2026-08-22,21,NEURO SURGERY CONSULTATION,Neurosurgical Consultation,False,False,0.0616610480005601,0,0,0,0,0.0,0.0,0.0,0.0,Closed
2026-08-22,22,NEURO SURGERY CONSULTATION,Neurosurgical Consultation,False,False,0.0616610480005601,1,0,1,1,0.0,0.0,0.0,0.0,Closed
2026-08-22,23,NEURO SURGERY CONSULTATION,Neurosurgical Consultation,False,False,0.0616610480005601,0,0,1,1,0.0,0.0,0.0,0.0,Closed
2026-08-23,0,NEURO SURGERY CONSULTATION,Neurosurgical Consultation,False,False,0.0641763998087126,1,0,2,2,0.0,0.0,0.0,0.0,Closed
2026-08-23,1,NEURO SURGERY CONSULTATION,Neurosurgical Consultation,False,False,0.0641763998087126,0,0,2,2,0.0,0.0,0.0,0.0,Closed
2026-08-23,2,NEURO SURGERY CONSULTATION,Neurosurgical Consultation,False,False,0.0757441444736142,0,0,2,2,0.0,0.0,0.0,0.0,Closed
2026-08-23,3,NEURO SURGERY CONSULTATION,Neurosurgical Consultation,False,False,0.0757441444736142,0,0,2,2,0.0,0.0,0.0,0.0,Closed
2026-08-23,4,NEURO SURGERY CONSULTATION,Neurosurgical Consultation,False,False,0.0779935467352126,0,0,2,2,0.0,0.0,0.0,0.0,Closed
2026-08-23,5,NEURO SURGERY CONSULTATION,Neurosurgical Consultation,False,False,0.0537280234989047,0,0,2,2,0.0,0.0,0.0,0.0,Closed
2026-08-23,6,NEURO SURGERY CONSULTATION,Neurosurgical Consultation,False,False,0.1679584709110609,0,0,2,2,0.0,0.0,0.0,0.0,Closed
2026-08-23,7,NEURO SURGERY CONSULTATION,Neurosurgical Consultation,False,False,0.1757771024061852,0,0,2,2,0.0,0.0,0.0,0.0,Closed
2026-08-23,8,NEURO SURGERY CONSULTATION,Neurosurgical Consultation,False,True,0.2152159543107124,0,2,0,0,505.0,571.0,12.0,0.0,Low
2026-08-23,9,NEURO SURGERY CONSULTATION,Neurosurgical Consultation,False,True,0.2284940890431291,0,0,0,0,0.0,0.0,12.0,0.0,Low
2026-08-23,10,NEURO SURGERY CONSULTATION,Neurosurgical Consultation,False,True,0.1206470555656881,0,0,0,0,0.0,0.0,12.0,0.0,Low
2026-08-23,11,NEURO SURGERY CONSULTATION,Neurosurgical Consultation,False,True,0.1207346648134268,0,0,0,0,0.0,0.0,12.0,0.0,Low
2026-08-23,12,NEURO SURGERY CONSULTATION,Neurosurgical Consultation,False,True,0.0706282251798161,0,0,0,0,0.0,0.0,12.0,0.0,Low
2026-08-23,13,NEURO SURGERY CONSULTATION,Neurosurgical Consultation,False,True,0.0696179143520192,0,0,0,0,0.0,0.0,12.0,0.0,Low
2026-08-23,14,NEURO SURGERY CONSULTATION,Neurosurgical Consultation,False,True,0.0696179143520192,0,0,0,0,0.0,0.0,12.0,0.0,Low
2026-08-23,15,NEURO SURGERY CONSULTATION,Neurosurgical Consultation,False,True,0.0696179143520192,0,0,0,0,0.0,0.0,12.0,0.0,Low
2026-08-23,16,NEURO SURGERY CONSULTATION,Neurosurgical Consultation,False,True,0.0636899336919634,0,0,0,0,0.0,0.0,12.0,0.0,Low
2026-08-23,17,NEURO SURGERY CONSULTATION,Neurosurgical Consultation,False,False,0.0603368887173761,0,0,0,0,0.0,0.0,0.0,0.0,Closed
2026-08-23,18,NEURO SURGERY CONSULTATION,Neurosurgical Consultation,False,False,0.0603368887173761,0,0,0,0,0.0,0.0,0.0,0.0,Closed
2026-08-23,19,NEURO SURGERY CONSULTATION,Neurosurgical Consultation,False,False,0.0603368887173761,0,0,0,0,0.0,0.0,0.0,0.0,Closed
2026-08-23,20,NEURO SURGERY CONSULTATION,Neurosurgical Consultation,False,False,0.0603368887173761,0,0,0,0,0.0,0.0,0.0,0.0,Closed
2026-08-23,21,NEURO SURGERY CONSULTATION,Neurosurgical Consultation,False,False,0.0603368887173761,0,0,0,0,0.0,0.0,0.0,0.0,Closed
2026-08-23,22,NEURO SURGERY CONSULTATION,Neurosurgical Consultation,False,False,0.0603368887173761,0,0,0,0,0.0,0.0,0.0,0.0,Closed
2026-08-23,23,NEURO SURGERY CONSULTATION,Neurosurgical Consultation,False,False,0.0603368887173761,0,0,0,0,0.0,0.0,0.0,0.0,Closed
2026-08-24,0,NEURO SURGERY CONSULTATION,Neurosurgical Consultation,False,False,0.0628200295050043,0,0,0,0,0.0,0.0,0.0,0.0,Closed
2026-08-24,1,NEURO SURGERY CONSULTATION,Neurosurgical Consultation,False,False,0.0628200295050043,0,0,0,0,0.0,0.0,0.0,0.0,Closed
2026-08-24,2,NEURO SURGERY CONSULTATION,Neurosurgical Consultation,False,False,0.055698184031535,0,0,0,0,0.0,0.0,0.0,0.0,Closed
2026-08-24,3,NEURO SURGERY CONSULTATION,Neurosurgical Consultation,False,False,0.055698184031535,0,0,0,0,0.0,0.0,0.0,0.0,Closed
2026-08-24,4,NEURO SURGERY CONSULTATION,Neurosurgical Consultation,False,False,0.0579475862931334,0,0,0,0,0.0,0.0,0.0,0.0,Closed
2026-08-24,5,NEURO SURGERY CONSULTATION,Neurosurgical Consultation,False,False,0.0479595642425681,0,0,0,0,0.0,0.0,0.0,0.0,Closed
2026-08-24,6,NEURO SURGERY CONSULTATION,Neurosurgical Consultation,False,False,0.1556087381595861,0,0,0,0,0.0,0.0,0.0,0.0,Closed
2026-08-24,7,NEURO SURGERY CONSULTATION,Neurosurgical Consultation,False,False,0.1634273696547105,0,0,0,0,0.0,0.0,0.0,0.0,Closed
2026-08-24,8,NEURO SURGERY CONSULTATION,Neurosurgical Consultation,False,True,0.2251182384327519,1,1,0,0,0.0,0.0,12.0,8.333333333333332,Low
2026-08-24,9,NEURO SURGERY CONSULTATION,Neurosurgical Consultation,False,True,0.2333147124294102,0,0,0,0,0.0,0.0,12.0,0.0,Low
2026-08-24,10,NEURO SURGERY CONSULTATION,Neurosurgical Consultation,False,True,0.1349979473359889,0,0,0,0,0.0,0.0,12.0,0.0,Low
2026-08-24,11,NEURO SURGERY CONSULTATION,Neurosurgical Consultation,False,True,0.1350855565837277,0,0,0,0,0.0,0.0,12.0,0.0,Low
2026-08-24,12,NEURO SURGERY CONSULTATION,Neurosurgical Consultation,False,True,0.089844627411567,1,1,0,0,0.0,0.0,12.0,8.333333333333332,Low
2026-08-24,13,NEURO SURGERY CONSULTATION,Neurosurgical Consultation,False,True,0.0888343165837701,0,0,0,0,0.0,0.0,12.0,0.0,Low
2026-08-24,14,NEURO SURGERY CONSULTATION,Neurosurgical Consultation,False,True,0.0888343165837701,0,0,0,0,0.0,0.0,12.0,0.0,Low
2026-08-24,15,NEURO SURGERY CONSULTATION,Neurosurgical Consultation,False,True,0.0888343165837701,0,0,0,0,0.0,0.0,12.0,0.0,Low
2026-08-24,16,NEURO SURGERY CONSULTATION,Neurosurgical Consultation,False,True,0.0829063359237143,0,0,0,0,0.0,0.0,12.0,0.0,Low
2026-08-24,17,NEURO SURGERY CONSULTATION,Neurosurgical Consultation,False,False,0.0738311599480218,0,0,0,0,0.0,0.0,0.0,0.0,Closed
2026-08-24,18,NEURO SURGERY CONSULTATION,Neurosurgical Consultation,False,False,0.0738311599480218,0,0,0,0,0.0,0.0,0.0,0.0,Closed
2026-08-24,19,NEURO SURGERY CONSULTATION,Neurosurgical Consultation,False,False,0.0738311599480218,0,0,0,0,0.0,0.0,0.0,0.0,Closed
2026-08-24,20,NEURO SURGERY CONSULTATION,Neurosurgical Consultation,False,False,0.0738311599480218,0,0,0,0,0.0,0.0,0.0,0.0,Closed
2026-08-24,21,NEURO SURGERY CONSULTATION,Neurosurgical Consultation,False,False,0.0738311599480218,0,0,0,0,0.0,0.0,0.0,0.0,Closed
2026-08-24,22,NEURO SURGERY CONSULTATION,Neurosurgical Consultation,False,False,0.0738311599480218,0,0,0,0,0.0,0.0,0.0,0.0,Closed
2026-08-24,23,NEURO SURGERY CONSULTATION,Neurosurgical Consultation,False,False,0.0738311599480218,0,0,0,0,0.0,0.0,0.0,0.0,Closed
2026-08-25,0,NEURO SURGERY CONSULTATION,Neurosurgical Consultation,False,False,0.0706936569437508,0,0,0,0,0.0,0.0,0.0,0.0,Closed
2026-08-25,1,NEURO SURGERY CONSULTATION,Neurosurgical Consultation,False,False,0.0706936569437508,0,0,0,0,0.0,0.0,0.0,0.0,Closed
2026-08-25,2,NEURO SURGERY CONSULTATION,Neurosurgical Consultation,False,False,0.0635718114702815,0,0,0,0,0.0,0.0,0.0,0.0,Closed
2026-08-25,3,NEURO SURGERY CONSULTATION,Neurosurgical Consultation,False,False,0.0635718114702815,0,0,0,0,0.0,0.0,0.0,0.0,Closed
2026-08-25,4,NEURO SURGERY CONSULTATION,Neurosurgical Consultation,False,False,0.0658212137318799,0,0,0,0,0.0,0.0,0.0,0.0,Closed
2026-08-25,5,NEURO SURGERY CONSULTATION,Neurosurgical Consultation,False,False,0.0558331916813145,0,0,0,0,0.0,0.0,0.0,0.0,Closed
2026-08-25,6,NEURO SURGERY CONSULTATION,Neurosurgical Consultation,False,False,0.1634823655983326,1,0,1,1,0.0,0.0,0.0,0.0,Closed
2026-08-25,7,NEURO SURGERY CONSULTATION,Neurosurgical Consultation,False,False,0.1713009970934568,0,0,1,1,0.0,0.0,0.0,0.0,Closed
2026-08-25,8,NEURO SURGERY CONSULTATION,Neurosurgical Consultation,False,True,0.2329918658714986,0,1,0,0,106.0,106.0,12.0,0.0,Low
2026-08-25,9,NEURO SURGERY CONSULTATION,Neurosurgical Consultation,False,True,0.2309092590305942,1,1,0,0,0.0,0.0,12.0,8.333333333333332,Low
2026-08-25,10,NEURO SURGERY CONSULTATION,Neurosurgical Consultation,False,True,0.1325924939371732,0,0,0,0,0.0,0.0,12.0,0.0,Low
2026-08-25,11,NEURO SURGERY CONSULTATION,Neurosurgical Consultation,False,True,0.1326801031849119,1,1,0,0,0.0,0.0,12.0,8.333333333333332,Low
2026-08-25,12,NEURO SURGERY CONSULTATION,Neurosurgical Consultation,False,True,0.0874391740127513,0,0,0,0,0.0,0.0,12.0,0.0,Low
2026-08-25,13,NEURO SURGERY CONSULTATION,Neurosurgical Consultation,False,True,0.0864288631849544,1,1,0,0,0.0,0.0,12.0,8.333333333333332,Low
2026-08-25,14,NEURO SURGERY CONSULTATION,Neurosurgical Consultation,False,True,0.0864288631849544,0,0,0,0,0.0,0.0,12.0,0.0,Low
2026-08-25,15,NEURO SURGERY CONSULTATION,Neurosurgical Consultation,False,True,0.0864288631849544,0,0,0,0,0.0,0.0,12.0,0.0,Low
2026-08-25,16,NEURO SURGERY CONSULTATION,Neurosurgical Consultation,False,True,0.0805008825248985,1,1,0,0,0.0,0.0,12.0,8.333333333333332,Low
2026-08-25,17,NEURO SURGERY CONSULTATION,Neurosurgical Consultation,False,False,0.071425706549206,0,0,0,0,0.0,0.0,0.0,0.0,Closed
2026-08-25,18,NEURO SURGERY CONSULTATION,Neurosurgical Consultation,False,False,0.071425706549206,0,0,0,0,0.0,0.0,0.0,0.0,Closed
2026-08-25,19,NEURO SURGERY CONSULTATION,Neurosurgical Consultation,False,False,0.071425706549206,0,0,0,0,0.0,0.0,0.0,0.0,Closed
2026-08-25,20,NEURO SURGERY CONSULTATION,Neurosurgical Consultation,False,False,0.071425706549206,0,0,0,0,0.0,0.0,0.0,0.0,Closed
2026-08-25,21,NEURO SURGERY CONSULTATION,Neurosurgical Consultation,False,False,0.071425706549206,0,0,0,0,0.0,0.0,0.0,0.0,Closed
2026-08-25,22,NEURO SURGERY CONSULTATION,Neurosurgical Consultation,False,False,0.071425706549206,0,0,0,0,0.0,0.0,0.0,0.0,Closed
2026-08-25,23,NEURO SURGERY CONSULTATION,Neurosurgical Consultation,False,False,0.071425706549206,0,0,0,0,0.0,0.0,0.0,0.0,Closed
2026-08-26,0,NEURO SURGERY CONSULTATION,Neurosurgical Consultation,False,False,0.1345034869236322,0,0,0,0,0.0,0.0,0.0,0.0,Closed
2026-08-19,1,NEUROSURGERY,Neurosurgical Consultation,False,False,0.4626460727109118,1,0,1,1,0.0,0.0,0.0,0.0,Closed
2026-08-19,2,NEUROSURGERY,Neurosurgical Consultation,False,False,0.4557053610564014,1,0,2,2,0.0,0.0,0.0,0.0,Closed
2026-08-19,3,NEUROSURGERY,Neurosurgical Consultation,False,False,0.4557053610564014,2,0,4,4,0.0,0.0,0.0,0.0,Closed
2026-08-19,4,NEUROSURGERY,Neurosurgical Consultation,False,False,0.3661170899049194,0,0,4,4,0.0,0.0,0.0,0.0,Closed
2026-08-19,5,NEUROSURGERY,Neurosurgical Consultation,False,False,0.4662532782661156,0,0,4,4,0.0,0.0,0.0,0.0,Closed
2026-08-19,6,NEUROSURGERY,Neurosurgical Consultation,False,False,0.847745718399453,3,0,7,7,0.0,0.0,0.0,0.0,Closed
2026-08-19,7,NEUROSURGERY,Neurosurgical Consultation,False,False,1.461930906114611,0,0,7,7,0.0,0.0,0.0,0.0,Closed
2026-08-19,8,NEUROSURGERY,Neurosurgical Consultation,False,True,1.832956041757027,3,10,0,0,163.8,395.0,12.0,25.0,Low
2026-08-19,9,NEUROSURGERY,Neurosurgical Consultation,False,True,2.4949596534327205,3,3,0,0,0.0,0.0,12.0,25.0,Low
2026-08-19,10,NEUROSURGERY,Neurosurgical Consultation,False,True,2.1568625436840163,4,4,0,0,0.0,0.0,12.0,33.33333333333333,Low
2026-08-19,11,NEUROSURGERY,Neurosurgical Consultation,False,True,1.2852091521669735,0,0,0,0,0.0,0.0,12.0,0.0,Low
2026-08-19,12,NEUROSURGERY,Neurosurgical Consultation,False,True,0.6386971724876952,0,0,0,0,0.0,0.0,12.0,0.0,Low
2026-08-19,13,NEUROSURGERY,Neurosurgical Consultation,False,True,0.3838478177898892,0,0,0,0,0.0,0.0,12.0,0.0,Low
2026-08-19,14,NEUROSURGERY,Neurosurgical Consultation,False,True,0.2240575982950505,0,0,0,0,0.0,0.0,12.0,0.0,Low
2026-08-19,15,NEUROSURGERY,Neurosurgical Consultation,False,True,0.1650691563833999,0,0,0,0,0.0,0.0,12.0,0.0,Low
2026-08-19,16,NEUROSURGERY,Neurosurgical Consultation,False,True,0.1580523038641801,0,0,0,0,0.0,0.0,12.0,0.0,Low
2026-08-19,17,NEUROSURGERY,Neurosurgical Consultation,False,False,0.0867153243111125,0,0,0,0,0.0,0.0,0.0,0.0,Closed
2026-08-19,18,NEUROSURGERY,Neurosurgical Consultation,False,False,0.0867153243111125,0,0,0,0,0.0,0.0,0.0,0.0,Closed
2026-08-19,19,NEUROSURGERY,Neurosurgical Consultation,False,False,0.0867153243111125,0,0,0,0,0.0,0.0,0.0,0.0,Closed
2026-08-19,20,NEUROSURGERY,Neurosurgical Consultation,False,False,0.0867153243111125,0,0,0,0,0.0,0.0,0.0,0.0,Closed
2026-08-19,21,NEUROSURGERY,Neurosurgical Consultation,False,False,0.0867153243111125,0,0,0,0,0.0,0.0,0.0,0.0,Closed
2026-08-19,22,NEUROSURGERY,Neurosurgical Consultation,False,False,0.0867153243111125,0,0,0,0,0.0,0.0,0.0,0.0,Closed
2026-08-19,23,NEUROSURGERY,Neurosurgical Consultation,False,False,0.0867153243111125,0,0,0,0,0.0,0.0,0.0,0.0,Closed
2026-08-20,0,NEUROSURGERY,Neurosurgical Consultation,False,False,0.5583482573456199,0,0,0,0,0.0,0.0,0.0,0.0,Closed
2026-08-20,1,NEUROSURGERY,Neurosurgical Consultation,False,False,0.5400817843946739,0,0,0,0,0.0,0.0,0.0,0.0,Closed
2026-08-20,2,NEUROSURGERY,Neurosurgical Consultation,False,False,0.5552173429934236,0,0,0,0,0.0,0.0,0.0,0.0,Closed
2026-08-20,3,NEUROSURGERY,Neurosurgical Consultation,False,False,0.6470550164065041,1,0,1,1,0.0,0.0,0.0,0.0,Closed
2026-08-20,4,NEUROSURGERY,Neurosurgical Consultation,False,False,0.6493044186681025,2,0,3,3,0.0,0.0,0.0,0.0,Closed
2026-08-20,5,NEUROSURGERY,Neurosurgical Consultation,False,False,1.1633442318855811,0,0,3,3,0.0,0.0,0.0,0.0,Closed
2026-08-20,6,NEUROSURGERY,Neurosurgical Consultation,False,False,1.6188119855284144,0,0,3,3,0.0,0.0,0.0,0.0,Closed
2026-08-20,7,NEUROSURGERY,Neurosurgical Consultation,False,False,2.5507857936613374,5,0,8,8,0.0,0.0,0.0,0.0,Closed
2026-08-20,8,NEUROSURGERY,Neurosurgical Consultation,False,True,4.034626395693929,4,12,0,0,81.83333333333333,289.0,12.0,33.33333333333333,Low
2026-08-20,9,NEUROSURGERY,Neurosurgical Consultation,False,True,4.239187782436692,7,7,0,0,0.0,0.0,12.0,58.333333333333336,Low
2026-08-20,10,NEUROSURGERY,Neurosurgical Consultation,False,True,2.9791785909609323,2,2,0,0,0.0,0.0,12.0,16.666666666666664,Low
2026-08-20,11,NEUROSURGERY,Neurosurgical Consultation,False,True,1.877978758505907,2,2,0,0,0.0,0.0,12.0,16.666666666666664,Low
2026-08-20,12,NEUROSURGERY,Neurosurgical Consultation,False,True,1.022862234362386,1,1,0,0,0.0,0.0,12.0,8.333333333333332,Low
2026-08-20,13,NEUROSURGERY,Neurosurgical Consultation,False,True,0.5603736982155298,0,0,0,0,0.0,0.0,12.0,0.0,Low
2026-08-20,14,NEUROSURGERY,Neurosurgical Consultation,False,True,0.3060781832354999,2,2,0,0,0.0,0.0,12.0,16.666666666666664,Low
2026-08-20,15,NEUROSURGERY,Neurosurgical Consultation,False,True,0.264589489809527,1,1,0,0,0.0,0.0,12.0,8.333333333333332,Low
2026-08-20,16,NEUROSURGERY,Neurosurgical Consultation,False,True,0.1997713617317609,0,0,0,0,0.0,0.0,12.0,0.0,Low
2026-08-20,17,NEUROSURGERY,Neurosurgical Consultation,False,False,0.1284343821786933,0,0,0,0,0.0,0.0,0.0,0.0,Closed
2026-08-20,18,NEUROSURGERY,Neurosurgical Consultation,False,False,0.1284343821786933,0,0,0,0,0.0,0.0,0.0,0.0,Closed
2026-08-20,19,NEUROSURGERY,Neurosurgical Consultation,False,False,0.1284343821786933,0,0,0,0,0.0,0.0,0.0,0.0,Closed
2026-08-20,20,NEUROSURGERY,Neurosurgical Consultation,False,False,0.1284343821786933,1,0,1,1,0.0,0.0,0.0,0.0,Closed
2026-08-20,21,NEUROSURGERY,Neurosurgical Consultation,False,False,0.1284343821786933,0,0,1,1,0.0,0.0,0.0,0.0,Closed
2026-08-20,22,NEUROSURGERY,Neurosurgical Consultation,False,False,0.1284343821786933,0,0,1,1,0.0,0.0,0.0,0.0,Closed
2026-08-20,23,NEUROSURGERY,Neurosurgical Consultation,False,False,0.1284343821786933,0,0,1,1,0.0,0.0,0.0,0.0,Closed
2026-08-21,0,NEUROSURGERY,Neurosurgical Consultation,False,False,0.5366403191903987,2,0,3,3,0.0,0.0,0.0,0.0,Closed
2026-08-21,1,NEUROSURGERY,Neurosurgical Consultation,False,False,0.5183738462394528,1,0,4,4,0.0,0.0,0.0,0.0,Closed
2026-08-21,2,NEUROSURGERY,Neurosurgical Consultation,False,False,0.5335094048382023,1,0,5,5,0.0,0.0,0.0,0.0,Closed
2026-08-21,3,NEUROSURGERY,Neurosurgical Consultation,False,False,0.6253470782512827,0,0,5,5,0.0,0.0,0.0,0.0,Closed
2026-08-21,4,NEUROSURGERY,Neurosurgical Consultation,False,False,0.6275964805128811,0,0,5,5,0.0,0.0,0.0,0.0,Closed
2026-08-21,5,NEUROSURGERY,Neurosurgical Consultation,False,False,1.14163629373036,1,0,6,6,0.0,0.0,0.0,0.0,Closed
2026-08-21,6,NEUROSURGERY,Neurosurgical Consultation,False,False,1.5971040473731937,0,0,6,6,0.0,0.0,0.0,0.0,Closed
2026-08-21,7,NEUROSURGERY,Neurosurgical Consultation,False,False,2.824772071221514,3,0,9,9,0.0,0.0,0.0,0.0,Closed
2026-08-21,8,NEUROSURGERY,Neurosurgical Consultation,False,True,4.422775355284807,2,11,0,0,240.27272727272728,678.0,12.0,16.666666666666664,Low
2026-08-21,9,NEUROSURGERY,Neurosurgical Consultation,False,True,4.115337335458392,4,4,0,0,0.0,0.0,12.0,33.33333333333333,Low
2026-08-21,10,NEUROSURGERY,Neurosurgical Consultation,False,True,2.940213789819484,3,3,0,0,0.0,0.0,12.0,25.0,Low
2026-08-21,11,NEUROSURGERY,Neurosurgical Consultation,False,True,1.860819952413506,1,1,0,0,0.0,0.0,12.0,8.333333333333332,Low
2026-08-21,12,NEUROSURGERY,Neurosurgical Consultation,False,True,1.0103256554608753,0,0,0,0,0.0,0.0,12.0,0.0,Low
2026-08-21,13,NEUROSURGERY,Neurosurgical Consultation,False,True,0.5611759831185629,1,1,0,0,0.0,0.0,12.0,8.333333333333332,Low
2026-08-21,14,NEUROSURGERY,Neurosurgical Consultation,False,True,0.3068804681385327,0,0,0,0,0.0,0.0,12.0,0.0,Low
2026-08-21,15,NEUROSURGERY,Neurosurgical Consultation,False,True,0.2653917747125599,0,0,0,0,0.0,0.0,12.0,0.0,Low
2026-08-21,16,NEUROSURGERY,Neurosurgical Consultation,False,True,0.2005736466347939,0,0,0,0,0.0,0.0,12.0,0.0,Low
2026-08-21,17,NEUROSURGERY,Neurosurgical Consultation,False,False,0.1292366670817262,0,0,0,0,0.0,0.0,0.0,0.0,Closed
2026-08-21,18,NEUROSURGERY,Neurosurgical Consultation,False,False,0.1292366670817262,1,0,1,1,0.0,0.0,0.0,0.0,Closed
2026-08-21,19,NEUROSURGERY,Neurosurgical Consultation,False,False,0.1292366670817262,0,0,1,1,0.0,0.0,0.0,0.0,Closed
2026-08-21,20,NEUROSURGERY,Neurosurgical Consultation,False,False,0.1292366670817262,0,0,1,1,0.0,0.0,0.0,0.0,Closed
2026-08-21,21,NEUROSURGERY,Neurosurgical Consultation,False,False,0.1292366670817262,0,0,1,1,0.0,0.0,0.0,0.0,Closed
2026-08-21,22,NEUROSURGERY,Neurosurgical Consultation,False,False,0.1292366670817262,0,0,1,1,0.0,0.0,0.0,0.0,Closed
2026-08-21,23,NEUROSURGERY,Neurosurgical Consultation,False,False,0.1292366670817262,0,0,1,1,0.0,0.0,0.0,0.0,Closed
2026-08-22,0,NEUROSURGERY,Neurosurgical Consultation,False,False,0.5442855337993786,1,0,2,2,0.0,0.0,0.0,0.0,Closed
2026-08-22,1,NEUROSURGERY,Neurosurgical Consultation,False,False,0.5289600192926545,0,0,2,2,0.0,0.0,0.0,0.0,Closed
2026-08-22,2,NEUROSURGERY,Neurosurgical Consultation,False,False,0.4660992896739472,0,0,2,2,0.0,0.0,0.0,0.0,Closed
2026-08-22,3,NEUROSURGERY,Neurosurgical Consultation,False,False,0.5363317709917628,1,0,3,3,0.0,0.0,0.0,0.0,Closed
2026-08-22,4,NEUROSURGERY,Neurosurgical Consultation,False,False,0.5385811732533612,0,0,3,3,0.0,0.0,0.0,0.0,Closed
2026-08-22,5,NEUROSURGERY,Neurosurgical Consultation,False,False,1.0340468796247475,5,0,8,8,0.0,0.0,0.0,0.0,Closed
2026-08-22,6,NEUROSURGERY,Neurosurgical Consultation,False,False,1.4200482379829158,2,0,10,10,0.0,0.0,0.0,0.0,Closed
2026-08-22,7,NEUROSURGERY,Neurosurgical Consultation,False,False,2.554602751673132,2,0,12,12,0.0,0.0,0.0,0.0,Closed
2026-08-22,8,NEUROSURGERY,Neurosurgical Consultation,False,True,3.058178676425596,2,12,2,2,235.16666666666663,826.0,12.0,16.666666666666664,Moderate
2026-08-22,9,NEUROSURGERY,Neurosurgical Consultation,False,True,3.534732476014665,5,7,0,0,9.0,38.0,12.0,41.66666666666667,Low
2026-08-22,10,NEUROSURGERY,Neurosurgical Consultation,False,True,2.7803777351046643,2,2,0,0,0.0,0.0,12.0,16.666666666666664,Low
2026-08-22,11,NEUROSURGERY,Neurosurgical Consultation,False,True,1.81839346966222,2,2,0,0,0.0,0.0,12.0,16.666666666666664,Low
2026-08-22,12,NEUROSURGERY,Neurosurgical Consultation,False,True,0.932390587854112,2,2,0,0,0.0,0.0,12.0,16.666666666666664,Low
2026-08-22,13,NEUROSURGERY,Neurosurgical Consultation,False,True,0.6584465925885674,1,1,0,0,0.0,0.0,12.0,8.333333333333332,Low
2026-08-22,14,NEUROSURGERY,Neurosurgical Consultation,False,True,0.257886903391799,0,0,0,0,0.0,0.0,12.0,0.0,Low
2026-08-22,15,NEUROSURGERY,Neurosurgical Consultation,False,True,0.2163982099658255,0,0,0,0,0.0,0.0,12.0,0.0,Low
2026-08-22,16,NEUROSURGERY,Neurosurgical Consultation,False,True,0.1622488384262284,0,0,0,0,0.0,0.0,12.0,0.0,Low
2026-08-22,17,NEUROSURGERY,Neurosurgical Consultation,False,False,0.1258325902087505,1,0,1,1,0.0,0.0,0.0,0.0,Closed
2026-08-22,18,NEUROSURGERY,Neurosurgical Consultation,False,False,0.1258325902087505,0,0,1,1,0.0,0.0,0.0,0.0,Closed
2026-08-22,19,NEUROSURGERY,Neurosurgical Consultation,False,False,0.1258325902087505,0,0,1,1,0.0,0.0,0.0,0.0,Closed
2026-08-22,20,NEUROSURGERY,Neurosurgical Consultation,False,False,0.1258325902087505,0,0,1,1,0.0,0.0,0.0,0.0,Closed
2026-08-22,21,NEUROSURGERY,Neurosurgical Consultation,False,False,0.1258325902087505,0,0,1,1,0.0,0.0,0.0,0.0,Closed
2026-08-22,22,NEUROSURGERY,Neurosurgical Consultation,False,False,0.1258325902087505,0,0,1,1,0.0,0.0,0.0,0.0,Closed
2026-08-22,23,NEUROSURGERY,Neurosurgical Consultation,False,False,0.1258325902087505,0,0,1,1,0.0,0.0,0.0,0.0,Closed
2026-08-23,0,NEUROSURGERY,Neurosurgical Consultation,False,False,0.5427328766269058,1,0,2,2,0.0,0.0,0.0,0.0,Closed
2026-08-23,1,NEUROSURGERY,Neurosurgical Consultation,False,False,0.5274073621201818,2,0,4,4,0.0,0.0,0.0,0.0,Closed
2026-08-23,2,NEUROSURGERY,Neurosurgical Consultation,False,False,0.4645466325014745,0,0,4,4,0.0,0.0,0.0,0.0,Closed
2026-08-23,3,NEUROSURGERY,Neurosurgical Consultation,False,False,0.53477911381929,0,0,4,4,0.0,0.0,0.0,0.0,Closed
2026-08-23,4,NEUROSURGERY,Neurosurgical Consultation,False,False,0.5370285160808884,2,0,6,6,0.0,0.0,0.0,0.0,Closed
2026-08-23,5,NEUROSURGERY,Neurosurgical Consultation,False,False,1.0324942224522748,2,0,8,8,0.0,0.0,0.0,0.0,Closed
2026-08-23,6,NEUROSURGERY,Neurosurgical Consultation,False,False,1.4184955808104427,1,0,9,9,0.0,0.0,0.0,0.0,Closed
2026-08-23,7,NEUROSURGERY,Neurosurgical Consultation,False,False,2.5036951007143524,3,0,12,12,0.0,0.0,0.0,0.0,Closed
2026-08-23,8,NEUROSURGERY,Neurosurgical Consultation,False,True,2.995534483604377,2,12,2,2,258.5833333333333,843.0,12.0,16.666666666666664,Moderate
2026-08-23,9,NEUROSURGERY,Neurosurgical Consultation,False,True,3.317359482081654,3,5,0,0,11.4,32.0,12.0,25.0,Low
2026-08-23,10,NEUROSURGERY,Neurosurgical Consultation,False,True,2.4215094384887497,1,1,0,0,0.0,0.0,12.0,8.333333333333332,Low
2026-08-23,11,NEUROSURGERY,Neurosurgical Consultation,False,True,1.472069116282042,0,0,0,0,0.0,0.0,12.0,0.0,Low
2026-08-23,12,NEUROSURGERY,Neurosurgical Consultation,False,True,0.7531453822823262,0,0,0,0,0.0,0.0,12.0,0.0,Low
2026-08-23,13,NEUROSURGERY,Neurosurgical Consultation,False,True,0.382208134752475,0,0,0,0,0.0,0.0,12.0,0.0,Low
2026-08-23,14,NEUROSURGERY,Neurosurgical Consultation,False,True,0.2563342462193263,0,0,0,0,0.0,0.0,12.0,0.0,Low
2026-08-23,15,NEUROSURGERY,Neurosurgical Consultation,False,True,0.1570442772348069,0,0,0,0,0.0,0.0,12.0,0.0,Low
2026-08-23,16,NEUROSURGERY,Neurosurgical Consultation,False,True,0.1606961812537556,0,0,0,0,0.0,0.0,12.0,0.0,Low
2026-08-23,17,NEUROSURGERY,Neurosurgical Consultation,False,False,0.1245084309255665,0,0,0,0,0.0,0.0,0.0,0.0,Closed
2026-08-23,18,NEUROSURGERY,Neurosurgical Consultation,False,False,0.1245084309255665,0,0,0,0,0.0,0.0,0.0,0.0,Closed
2026-08-23,19,NEUROSURGERY,Neurosurgical Consultation,False,False,0.1245084309255665,0,0,0,0,0.0,0.0,0.0,0.0,Closed
2026-08-23,20,NEUROSURGERY,Neurosurgical Consultation,False,False,0.1245084309255665,0,0,0,0,0.0,0.0,0.0,0.0,Closed
2026-08-23,21,NEUROSURGERY,Neurosurgical Consultation,False,False,0.1245084309255665,0,0,0,0,0.0,0.0,0.0,0.0,Closed
2026-08-23,22,NEUROSURGERY,Neurosurgical Consultation,False,False,0.1245084309255665,0,0,0,0,0.0,0.0,0.0,0.0,Closed
2026-08-23,23,NEUROSURGERY,Neurosurgical Consultation,False,False,0.1245084309255665,0,0,0,0,0.0,0.0,0.0,0.0,Closed
2026-08-24,0,NEUROSURGERY,Neurosurgical Consultation,False,False,0.3914642136096578,0,0,0,0,0.0,0.0,0.0,0.0,Closed
2026-08-24,1,NEUROSURGERY,Neurosurgical Consultation,False,False,0.3716827668364837,0,0,0,0,0.0,0.0,0.0,0.0,Closed
2026-08-24,2,NEUROSURGERY,Neurosurgical Consultation,False,False,0.3868934398152689,0,0,0,0,0.0,0.0,0.0,0.0,Closed
2026-08-24,3,NEUROSURGERY,Neurosurgical Consultation,False,False,0.3868934398152689,0,0,0,0,0.0,0.0,0.0,0.0,Closed
2026-08-24,4,NEUROSURGERY,Neurosurgical Consultation,False,False,0.3891428420768673,0,0,0,0,0.0,0.0,0.0,0.0,Closed
2026-08-24,5,NEUROSURGERY,Neurosurgical Consultation,False,False,0.4892790304380632,0,0,0,0,0.0,0.0,0.0,0.0,Closed
2026-08-24,6,NEUROSURGERY,Neurosurgical Consultation,False,False,0.8278677219042733,0,0,0,0,0.0,0.0,0.0,0.0,Closed
2026-08-24,7,NEUROSURGERY,Neurosurgical Consultation,False,False,1.467406583084671,1,0,1,1,0.0,0.0,0.0,0.0,Closed
2026-08-24,8,NEUROSURGERY,Neurosurgical Consultation,False,True,2.6166305750295766,0,1,0,0,55.0,55.0,12.0,0.0,Low
2026-08-24,9,NEUROSURGERY,Neurosurgical Consultation,False,True,3.325110483797624,7,7,0,0,0.0,0.0,12.0,58.333333333333336,Low
2026-08-24,10,NEUROSURGERY,Neurosurgical Consultation,False,True,2.462798181575093,3,3,0,0,0.0,0.0,12.0,25.0,Low
2026-08-24,11,NEUROSURGERY,Neurosurgical Consultation,False,True,1.5023203340331162,0,0,0,0,0.0,0.0,12.0,0.0,Low
2026-08-24,12,NEUROSURGERY,Neurosurgical Consultation,False,True,0.8107130058646067,1,1,0,0,0.0,0.0,12.0,8.333333333333332,Low
2026-08-24,13,NEUROSURGERY,Neurosurgical Consultation,False,True,0.46895945978595,0,0,0,0,0.0,0.0,12.0,0.0,Low
2026-08-24,14,NEUROSURGERY,Neurosurgical Consultation,False,True,0.311190271011321,0,0,0,0,0.0,0.0,12.0,0.0,Low
2026-08-24,15,NEUROSURGERY,Neurosurgical Consultation,False,True,0.2488288119233185,0,0,0,0,0.0,0.0,12.0,0.0,Low
2026-08-24,16,NEUROSURGERY,Neurosurgical Consultation,False,True,0.1840106838455525,0,0,0,0,0.0,0.0,12.0,0.0,Low
2026-08-24,17,NEUROSURGERY,Neurosurgical Consultation,False,False,0.1126737042924849,0,0,0,0,0.0,0.0,0.0,0.0,Closed
2026-08-24,18,NEUROSURGERY,Neurosurgical Consultation,False,False,0.1126737042924849,0,0,0,0,0.0,0.0,0.0,0.0,Closed
2026-08-24,19,NEUROSURGERY,Neurosurgical Consultation,False,False,0.1126737042924849,0,0,0,0,0.0,0.0,0.0,0.0,Closed
2026-08-24,20,NEUROSURGERY,Neurosurgical Consultation,False,False,0.1126737042924849,1,0,1,1,0.0,0.0,0.0,0.0,Closed
2026-08-24,21,NEUROSURGERY,Neurosurgical Consultation,False,False,0.1126737042924849,0,0,1,1,0.0,0.0,0.0,0.0,Closed
2026-08-24,22,NEUROSURGERY,Neurosurgical Consultation,False,False,0.1126737042924849,0,0,1,1,0.0,0.0,0.0,0.0,Closed
2026-08-24,23,NEUROSURGERY,Neurosurgical Consultation,False,False,0.1126737042924849,0,0,1,1,0.0,0.0,0.0,0.0,Closed
2026-08-25,0,NEUROSURGERY,Neurosurgical Consultation,False,False,0.5022592785005469,1,0,2,2,0.0,0.0,0.0,0.0,Closed
2026-08-25,1,NEUROSURGERY,Neurosurgical Consultation,False,False,0.4839928055496009,0,0,2,2,0.0,0.0,0.0,0.0,Closed
2026-08-25,2,NEUROSURGERY,Neurosurgical Consultation,False,False,0.4911195954568605,1,0,3,3,0.0,0.0,0.0,0.0,Closed
2026-08-25,3,NEUROSURGERY,Neurosurgical Consultation,False,False,0.4911195954568605,0,0,3,3,0.0,0.0,0.0,0.0,Closed
2026-08-25,4,NEUROSURGERY,Neurosurgical Consultation,False,False,0.4933689977184588,1,0,4,4,0.0,0.0,0.0,0.0,Closed
2026-08-25,5,NEUROSURGERY,Neurosurgical Consultation,False,False,0.593505186079655,0,0,4,4,0.0,0.0,0.0,0.0,Closed
2026-08-25,6,NEUROSURGERY,Neurosurgical Consultation,False,False,1.3853866948957403,1,0,5,5,0.0,0.0,0.0,0.0,Closed
2026-08-25,7,NEUROSURGERY,Neurosurgical Consultation,False,False,1.5716327387262623,0,0,5,5,0.0,0.0,0.0,0.0,Closed
2026-08-25,8,NEUROSURGERY,Neurosurgical Consultation,False,True,3.604125331975738,8,12,1,1,149.58333333333334,669.0,12.0,66.66666666666666,Moderate
2026-08-25,9,NEUROSURGERY,Neurosurgical Consultation,False,True,4.056855733425774,7,8,0,0,2.125,17.0,12.0,58.333333333333336,Low
2026-08-25,10,NEUROSURGERY,Neurosurgical Consultation,False,True,2.8997155730600017,2,2,0,0,0.0,0.0,12.0,16.666666666666664,Low
2026-08-25,11,NEUROSURGERY,Neurosurgical Consultation,False,True,1.8461821831285097,3,3,0,0,0.0,0.0,12.0,25.0,Low
2026-08-25,12,NEUROSURGERY,Neurosurgical Consultation,False,True,0.9832189296459758,0,0,0,0,0.0,0.0,12.0,0.0,Low
2026-08-25,13,NEUROSURGERY,Neurosurgical Consultation,False,True,0.5590950170024177,0,0,0,0,0.0,0.0,12.0,0.0,Low
2026-08-25,14,NEUROSURGERY,Neurosurgical Consultation,False,True,0.2916598924008767,0,0,0,0,0.0,0.0,12.0,0.0,Low
2026-08-25,15,NEUROSURGERY,Neurosurgical Consultation,False,True,0.2292984333128741,1,1,0,0,0.0,0.0,12.0,8.333333333333332,Low
2026-08-25,16,NEUROSURGERY,Neurosurgical Consultation,False,True,0.1644803052351082,0,0,0,0,0.0,0.0,12.0,0.0,Low
2026-08-25,17,NEUROSURGERY,Neurosurgical Consultation,False,False,0.0931433256820406,0,0,0,0,0.0,0.0,0.0,0.0,Closed
2026-08-25,18,NEUROSURGERY,Neurosurgical Consultation,False,False,0.0931433256820406,0,0,0,0,0.0,0.0,0.0,0.0,Closed
2026-08-25,19,NEUROSURGERY,Neurosurgical Consultation,False,False,0.0931433256820406,1,0,1,1,0.0,0.0,0.0,0.0,Closed
2026-08-25,20,NEUROSURGERY,Neurosurgical Consultation,False,False,0.0931433256820406,0,0,1,1,0.0,0.0,0.0,0.0,Closed
2026-08-25,21,NEUROSURGERY,Neurosurgical Consultation,False,False,0.0931433256820406,1,0,2,2,0.0,0.0,0.0,0.0,Closed
2026-08-25,22,NEUROSURGERY,Neurosurgical Consultation,False,False,0.0931433256820406,1,0,3,3,0.0,0.0,0.0,0.0,Closed
2026-08-25,23,NEUROSURGERY,Neurosurgical Consultation,False,False,0.0931433256820406,0,0,3,3,0.0,0.0,0.0,0.0,Closed
2026-08-26,0,NEUROSURGERY,Neurosurgical Consultation,False,False,0.3737175424096701,0,0,3,3,0.0,0.0,0.0,0.0,Closed
2026-08-19,1,NUTRITION,Nutrition Consultation,False,False,0.2298222050839471,0,0,0,0,0.0,0.0,0.0,0.0,Closed
2026-08-19,2,NUTRITION,Nutrition Consultation,False,False,0.2477046608430265,0,0,0,0,0.0,0.0,0.0,0.0,Closed
2026-08-19,3,NUTRITION,Nutrition Consultation,False,False,0.136027417535232,0,0,0,0,0.0,0.0,0.0,0.0,Closed
2026-08-19,4,NUTRITION,Nutrition Consultation,False,False,0.1221580690730052,0,0,0,0,0.0,0.0,0.0,0.0,Closed
2026-08-19,5,NUTRITION,Nutrition Consultation,False,False,0.1034573484510216,0,0,0,0,0.0,0.0,0.0,0.0,Closed
2026-08-19,6,NUTRITION,Nutrition Consultation,False,False,0.1925332199157868,1,0,1,1,0.0,0.0,0.0,0.0,Closed
2026-08-19,7,NUTRITION,Nutrition Consultation,False,False,0.2556792964526722,0,0,1,1,0.0,0.0,0.0,0.0,Closed
2026-08-19,8,NUTRITION,Nutrition Consultation,False,True,0.4462500218699661,0,1,0,0,77.0,77.0,12.0,0.0,Low
2026-08-19,9,NUTRITION,Nutrition Consultation,False,True,0.4219858642451332,0,0,0,0,0.0,0.0,12.0,0.0,Low
2026-08-19,10,NUTRITION,Nutrition Consultation,False,True,0.2433608123685941,1,1,0,0,0.0,0.0,12.0,8.333333333333332,Low
2026-08-19,11,NUTRITION,Nutrition Consultation,False,True,0.2231761295466278,1,1,0,0,0.0,0.0,12.0,8.333333333333332,Low
2026-08-19,12,NUTRITION,Nutrition Consultation,False,True,0.1408606089876291,0,0,0,0,0.0,0.0,12.0,0.0,Low
2026-08-19,13,NUTRITION,Nutrition Consultation,False,True,0.1388569435676112,0,0,0,0,0.0,0.0,12.0,0.0,Low
2026-08-19,14,NUTRITION,Nutrition Consultation,False,True,0.1388569435676112,0,0,0,0,0.0,0.0,12.0,0.0,Low
2026-08-19,15,NUTRITION,Nutrition Consultation,False,True,0.1388569435676112,0,0,0,0,0.0,0.0,12.0,0.0,Low
2026-08-19,16,NUTRITION,Nutrition Consultation,False,True,0.1340996471892642,0,0,0,0,0.0,0.0,12.0,0.0,Low
2026-08-19,17,NUTRITION,Nutrition Consultation,False,False,0.0985796060201828,0,0,0,0,0.0,0.0,0.0,0.0,Closed
2026-08-19,18,NUTRITION,Nutrition Consultation,False,False,0.0985796060201828,1,0,1,1,0.0,0.0,0.0,0.0,Closed
2026-08-19,19,NUTRITION,Nutrition Consultation,False,False,0.0985796060201828,0,0,1,1,0.0,0.0,0.0,0.0,Closed
2026-08-19,20,NUTRITION,Nutrition Consultation,False,False,0.0985796060201828,0,0,1,1,0.0,0.0,0.0,0.0,Closed
2026-08-19,21,NUTRITION,Nutrition Consultation,False,False,0.0985796060201828,0,0,1,1,0.0,0.0,0.0,0.0,Closed
2026-08-19,22,NUTRITION,Nutrition Consultation,False,False,0.0985796060201828,0,0,1,1,0.0,0.0,0.0,0.0,Closed
2026-08-19,23,NUTRITION,Nutrition Consultation,False,False,0.0985796060201828,0,0,1,1,0.0,0.0,0.0,0.0,Closed
2026-08-20,0,NUTRITION,Nutrition Consultation,False,False,0.0887961425520008,0,0,1,1,0.0,0.0,0.0,0.0,Closed
2026-08-20,1,NUTRITION,Nutrition Consultation,False,False,0.0887961425520008,0,0,1,1,0.0,0.0,0.0,0.0,Closed
2026-08-20,2,NUTRITION,Nutrition Consultation,False,False,0.0772369340644729,1,0,2,2,0.0,0.0,0.0,0.0,Closed
2026-08-20,3,NUTRITION,Nutrition Consultation,False,False,0.0772369340644729,0,0,2,2,0.0,0.0,0.0,0.0,Closed
2026-08-20,4,NUTRITION,Nutrition Consultation,False,False,0.063367585602246,0,0,2,2,0.0,0.0,0.0,0.0,Closed
2026-08-20,5,NUTRITION,Nutrition Consultation,False,False,0.0028975134529176,0,0,2,2,0.0,0.0,0.0,0.0,Closed
2026-08-20,6,NUTRITION,Nutrition Consultation,False,False,0.0815668819974048,0,0,2,2,0.0,0.0,0.0,0.0,Closed
2026-08-20,7,NUTRITION,Nutrition Consultation,False,False,0.1447129585342903,0,0,2,2,0.0,0.0,0.0,0.0,Closed
2026-08-20,8,NUTRITION,Nutrition Consultation,False,True,0.347810761277404,0,2,0,0,566.5,827.0,12.0,0.0,Low
2026-08-20,9,NUTRITION,Nutrition Consultation,False,True,0.3698808644462474,0,0,0,0,0.0,0.0,12.0,0.0,Low
2026-08-20,10,NUTRITION,Nutrition Consultation,False,True,0.2087732791031131,1,1,0,0,0.0,0.0,12.0,8.333333333333332,Low
2026-08-20,11,NUTRITION,Nutrition Consultation,False,True,0.1928452646052417,0,0,0,0,0.0,0.0,12.0,0.0,Low
2026-08-20,12,NUTRITION,Nutrition Consultation,False,True,0.1211323507009141,0,0,0,0,0.0,0.0,12.0,0.0,Low
2026-08-20,13,NUTRITION,Nutrition Consultation,False,True,0.1191286852808961,0,0,0,0,0.0,0.0,12.0,0.0,Low
2026-08-20,14,NUTRITION,Nutrition Consultation,False,True,0.1191286852808961,0,0,0,0,0.0,0.0,12.0,0.0,Low
2026-08-20,15,NUTRITION,Nutrition Consultation,False,True,0.1191286852808961,0,0,0,0,0.0,0.0,12.0,0.0,Low
2026-08-20,16,NUTRITION,Nutrition Consultation,False,True,0.1143713889025491,0,0,0,0,0.0,0.0,12.0,0.0,Low
2026-08-20,17,NUTRITION,Nutrition Consultation,False,False,0.0853905117163621,0,0,0,0,0.0,0.0,0.0,0.0,Closed
2026-08-20,18,NUTRITION,Nutrition Consultation,False,False,0.0853905117163621,0,0,0,0,0.0,0.0,0.0,0.0,Closed
2026-08-20,19,NUTRITION,Nutrition Consultation,False,False,0.0853905117163621,0,0,0,0,0.0,0.0,0.0,0.0,Closed
2026-08-20,20,NUTRITION,Nutrition Consultation,False,False,0.0853905117163621,0,0,0,0,0.0,0.0,0.0,0.0,Closed
2026-08-20,21,NUTRITION,Nutrition Consultation,False,False,0.0853905117163621,0,0,0,0,0.0,0.0,0.0,0.0,Closed
2026-08-20,22,NUTRITION,Nutrition Consultation,False,False,0.0853905117163621,0,0,0,0,0.0,0.0,0.0,0.0,Closed
2026-08-20,23,NUTRITION,Nutrition Consultation,False,False,0.0853905117163621,0,0,0,0,0.0,0.0,0.0,0.0,Closed
2026-08-21,0,NUTRITION,Nutrition Consultation,False,False,0.0878459566112728,0,0,0,0,0.0,0.0,0.0,0.0,Closed
2026-08-21,1,NUTRITION,Nutrition Consultation,False,False,0.0878459566112728,0,0,0,0,0.0,0.0,0.0,0.0,Closed
2026-08-21,2,NUTRITION,Nutrition Consultation,False,False,0.0470007132222895,0,0,0,0,0.0,0.0,0.0,0.0,Closed
2026-08-21,3,NUTRITION,Nutrition Consultation,False,False,0.0470007132222895,0,0,0,0,0.0,0.0,0.0,0.0,Closed
2026-08-21,4,NUTRITION,Nutrition Consultation,False,False,0.0514583792120976,0,0,0,0,0.0,0.0,0.0,0.0,Closed
2026-08-21,5,NUTRITION,Nutrition Consultation,False,False,0.0058176973190641,0,0,0,0,0.0,0.0,0.0,0.0,Closed
2026-08-21,6,NUTRITION,Nutrition Consultation,False,False,0.084487065863551,0,0,0,0,0.0,0.0,0.0,0.0,Closed
2026-08-21,7,NUTRITION,Nutrition Consultation,False,False,0.1369961127784609,0,0,0,0,0.0,0.0,0.0,0.0,Closed
2026-08-21,8,NUTRITION,Nutrition Consultation,False,True,0.2810410408893368,0,0,0,0,0.0,0.0,12.0,0.0,Low
2026-08-21,9,NUTRITION,Nutrition Consultation,False,True,0.3031111440581802,0,0,0,0,0.0,0.0,12.0,0.0,Low
2026-08-21,10,NUTRITION,Nutrition Consultation,False,True,0.1586038523211417,0,0,0,0,0.0,0.0,12.0,0.0,Low
2026-08-21,11,NUTRITION,Nutrition Consultation,False,True,0.1561364641115475,0,0,0,0,0.0,0.0,12.0,0.0,Low
2026-08-21,12,NUTRITION,Nutrition Consultation,False,True,0.1200438992031939,0,0,0,0,0.0,0.0,12.0,0.0,Low
2026-08-21,13,NUTRITION,Nutrition Consultation,False,True,0.1180402337831759,0,0,0,0,0.0,0.0,12.0,0.0,Low
2026-08-21,14,NUTRITION,Nutrition Consultation,False,True,0.1180402337831759,0,0,0,0,0.0,0.0,12.0,0.0,Low
2026-08-21,15,NUTRITION,Nutrition Consultation,False,True,0.1180402337831759,0,0,0,0,0.0,0.0,12.0,0.0,Low
2026-08-21,16,NUTRITION,Nutrition Consultation,False,True,0.113282937404829,0,0,0,0,0.0,0.0,12.0,0.0,Low
2026-08-21,17,NUTRITION,Nutrition Consultation,False,False,0.0843020602186419,0,0,0,0,0.0,0.0,0.0,0.0,Closed
2026-08-21,18,NUTRITION,Nutrition Consultation,False,False,0.0843020602186419,0,0,0,0,0.0,0.0,0.0,0.0,Closed
2026-08-21,19,NUTRITION,Nutrition Consultation,False,False,0.0843020602186419,0,0,0,0,0.0,0.0,0.0,0.0,Closed
2026-08-21,20,NUTRITION,Nutrition Consultation,False,False,0.0843020602186419,0,0,0,0,0.0,0.0,0.0,0.0,Closed
2026-08-21,21,NUTRITION,Nutrition Consultation,False,False,0.0843020602186419,0,0,0,0,0.0,0.0,0.0,0.0,Closed
2026-08-21,22,NUTRITION,Nutrition Consultation,False,False,0.0843020602186419,0,0,0,0,0.0,0.0,0.0,0.0,Closed
2026-08-21,23,NUTRITION,Nutrition Consultation,False,False,0.0843020602186419,0,0,0,0,0.0,0.0,0.0,0.0,Closed
2026-08-22,0,NUTRITION,Nutrition Consultation,False,False,0.0889556109614983,0,0,0,0,0.0,0.0,0.0,0.0,Closed
2026-08-22,1,NUTRITION,Nutrition Consultation,False,False,0.0889556109614983,0,0,0,0,0.0,0.0,0.0,0.0,Closed
2026-08-22,2,NUTRITION,Nutrition Consultation,False,False,0.0722839321097042,0,0,0,0,0.0,0.0,0.0,0.0,Closed
2026-08-22,3,NUTRITION,Nutrition Consultation,False,False,0.0722839321097042,0,0,0,0,0.0,0.0,0.0,0.0,Closed
2026-08-22,4,NUTRITION,Nutrition Consultation,False,False,0.0435736356014087,0,0,0,0,0.0,0.0,0.0,0.0,Closed
2026-08-22,5,NUTRITION,Nutrition Consultation,False,False,0.0488672344699452,0,0,0,0,0.0,0.0,0.0,0.0,Closed
2026-08-22,6,NUTRITION,Nutrition Consultation,False,False,0.1312246644571431,0,0,0,0,0.0,0.0,0.0,0.0,Closed
2026-08-22,7,NUTRITION,Nutrition Consultation,False,False,0.138836503414061,0,0,0,0,0.0,0.0,0.0,0.0,Closed
2026-08-22,8,NUTRITION,Nutrition Consultation,False,True,0.2569841640679206,0,0,0,0,0.0,0.0,12.0,0.0,Low
2026-08-22,9,NUTRITION,Nutrition Consultation,False,True,0.2653989700264352,0,0,0,0,0.0,0.0,12.0,0.0,Low
2026-08-22,10,NUTRITION,Nutrition Consultation,False,True,0.1450523683140309,0,0,0,0,0.0,0.0,12.0,0.0,Low
2026-08-22,11,NUTRITION,Nutrition Consultation,False,True,0.1425849801044366,0,0,0,0,0.0,0.0,12.0,0.0,Low
2026-08-22,12,NUTRITION,Nutrition Consultation,False,True,0.1161114158547424,0,0,0,0,0.0,0.0,12.0,0.0,Low
2026-08-22,13,NUTRITION,Nutrition Consultation,False,True,0.1164623031866703,0,0,0,0,0.0,0.0,12.0,0.0,Low
2026-08-22,14,NUTRITION,Nutrition Consultation,False,True,0.1164623031866703,0,0,0,0,0.0,0.0,12.0,0.0,Low
2026-08-22,15,NUTRITION,Nutrition Consultation,False,True,0.1164623031866703,0,0,0,0,0.0,0.0,12.0,0.0,Low
2026-08-22,16,NUTRITION,Nutrition Consultation,False,True,0.1117050068083234,0,0,0,0,0.0,0.0,12.0,0.0,Low
2026-08-22,17,NUTRITION,Nutrition Consultation,False,False,0.0861511823460417,0,0,0,0,0.0,0.0,0.0,0.0,Closed
2026-08-22,18,NUTRITION,Nutrition Consultation,False,False,0.0861511823460417,0,0,0,0,0.0,0.0,0.0,0.0,Closed
2026-08-22,19,NUTRITION,Nutrition Consultation,False,False,0.0861511823460417,1,0,1,1,0.0,0.0,0.0,0.0,Closed
2026-08-22,20,NUTRITION,Nutrition Consultation,False,False,0.0861511823460417,0,0,1,1,0.0,0.0,0.0,0.0,Closed
2026-08-22,21,NUTRITION,Nutrition Consultation,False,False,0.0861511823460417,1,0,2,2,0.0,0.0,0.0,0.0,Closed
2026-08-22,22,NUTRITION,Nutrition Consultation,False,False,0.0861511823460417,0,0,2,2,0.0,0.0,0.0,0.0,Closed
2026-08-22,23,NUTRITION,Nutrition Consultation,False,False,0.0861511823460417,0,0,2,2,0.0,0.0,0.0,0.0,Closed
2026-08-23,0,NUTRITION,Nutrition Consultation,False,False,0.0874029537890256,0,0,2,2,0.0,0.0,0.0,0.0,Closed
2026-08-23,1,NUTRITION,Nutrition Consultation,False,False,0.0874029537890256,0,0,2,2,0.0,0.0,0.0,0.0,Closed
2026-08-23,2,NUTRITION,Nutrition Consultation,False,False,0.0707312749372315,0,0,2,2,0.0,0.0,0.0,0.0,Closed
2026-08-23,3,NUTRITION,Nutrition Consultation,False,False,0.0707312749372315,0,0,2,2,0.0,0.0,0.0,0.0,Closed
2026-08-23,4,NUTRITION,Nutrition Consultation,False,False,0.0420209784289359,0,0,2,2,0.0,0.0,0.0,0.0,Closed
2026-08-23,5,NUTRITION,Nutrition Consultation,False,False,0.0473145772974724,0,0,2,2,0.0,0.0,0.0,0.0,Closed
2026-08-23,6,NUTRITION,Nutrition Consultation,False,False,0.1296720072846704,0,0,2,2,0.0,0.0,0.0,0.0,Closed
2026-08-23,7,NUTRITION,Nutrition Consultation,False,False,0.1372838462415882,0,0,2,2,0.0,0.0,0.0,0.0,Closed
2026-08-23,8,NUTRITION,Nutrition Consultation,False,True,0.2554315068954478,1,3,0,0,456.6666666666667,751.0,12.0,8.333333333333332,Low
2026-08-23,9,NUTRITION,Nutrition Consultation,False,True,0.2638463128539625,0,0,0,0,0.0,0.0,12.0,0.0,Low
2026-08-23,10,NUTRITION,Nutrition Consultation,False,True,0.1434997111415582,0,0,0,0,0.0,0.0,12.0,0.0,Low
2026-08-23,11,NUTRITION,Nutrition Consultation,False,True,0.1410323229319638,0,0,0,0,0.0,0.0,12.0,0.0,Low
2026-08-23,12,NUTRITION,Nutrition Consultation,False,True,0.1145587586822697,0,0,0,0,0.0,0.0,12.0,0.0,Low
2026-08-23,13,NUTRITION,Nutrition Consultation,False,True,0.1149096460141975,0,0,0,0,0.0,0.0,12.0,0.0,Low
2026-08-23,14,NUTRITION,Nutrition Consultation,False,True,0.1149096460141975,0,0,0,0,0.0,0.0,12.0,0.0,Low
2026-08-23,15,NUTRITION,Nutrition Consultation,False,True,0.1149096460141975,0,0,0,0,0.0,0.0,12.0,0.0,Low
2026-08-23,16,NUTRITION,Nutrition Consultation,False,True,0.1101523496358506,0,0,0,0,0.0,0.0,12.0,0.0,Low
2026-08-23,17,NUTRITION,Nutrition Consultation,False,False,0.0848270230628577,0,0,0,0,0.0,0.0,0.0,0.0,Closed
2026-08-23,18,NUTRITION,Nutrition Consultation,False,False,0.0848270230628577,0,0,0,0,0.0,0.0,0.0,0.0,Closed
2026-08-23,19,NUTRITION,Nutrition Consultation,False,False,0.0848270230628577,0,0,0,0,0.0,0.0,0.0,0.0,Closed
2026-08-23,20,NUTRITION,Nutrition Consultation,False,False,0.0848270230628577,0,0,0,0,0.0,0.0,0.0,0.0,Closed
2026-08-23,21,NUTRITION,Nutrition Consultation,False,False,0.0848270230628577,0,0,0,0,0.0,0.0,0.0,0.0,Closed
2026-08-23,22,NUTRITION,Nutrition Consultation,False,False,0.0848270230628577,1,0,1,1,0.0,0.0,0.0,0.0,Closed
2026-08-23,23,NUTRITION,Nutrition Consultation,False,False,0.0848270230628577,0,0,1,1,0.0,0.0,0.0,0.0,Closed
2026-08-24,0,NUTRITION,Nutrition Consultation,False,False,0.0713276905710749,0,0,1,1,0.0,0.0,0.0,0.0,Closed
2026-08-24,1,NUTRITION,Nutrition Consultation,False,False,0.0713276905710749,0,0,1,1,0.0,0.0,0.0,0.0,Closed
2026-08-24,2,NUTRITION,Nutrition Consultation,False,False,0.0630541318392671,1,0,2,2,0.0,0.0,0.0,0.0,Closed
2026-08-24,3,NUTRITION,Nutrition Consultation,False,False,0.0630541318392671,0,0,2,2,0.0,0.0,0.0,0.0,Closed
2026-08-24,4,NUTRITION,Nutrition Consultation,False,False,0.0491847833770401,0,0,2,2,0.0,0.0,0.0,0.0,Closed
2026-08-24,5,NUTRITION,Nutrition Consultation,False,False,0.0304840627550564,0,0,2,2,0.0,0.0,0.0,0.0,Closed
2026-08-24,6,NUTRITION,Nutrition Consultation,False,False,0.1195599342198216,1,0,3,3,0.0,0.0,0.0,0.0,Closed
2026-08-24,7,NUTRITION,Nutrition Consultation,False,False,0.1827060107567071,0,0,3,3,0.0,0.0,0.0,0.0,Closed
2026-08-24,8,NUTRITION,Nutrition Consultation,False,True,0.3813777947336941,0,3,0,0,321.0,557.0,12.0,0.0,Low
2026-08-24,9,NUTRITION,Nutrition Consultation,False,True,0.3673927179464234,0,0,0,0,0.0,0.0,12.0,0.0,Low
2026-08-24,10,NUTRITION,Nutrition Consultation,False,True,0.2268244384440726,0,0,0,0,0.0,0.0,12.0,0.0,Low
2026-08-24,11,NUTRITION,Nutrition Consultation,False,True,0.2066397556221062,0,0,0,0,0.0,0.0,12.0,0.0,Low
2026-08-24,12,NUTRITION,Nutrition Consultation,False,True,0.1243242350631074,0,0,0,0,0.0,0.0,12.0,0.0,Low
2026-08-24,13,NUTRITION,Nutrition Consultation,False,True,0.1223205696430895,0,0,0,0,0.0,0.0,12.0,0.0,Low
2026-08-24,14,NUTRITION,Nutrition Consultation,False,True,0.1223205696430895,1,1,0,0,0.0,0.0,12.0,8.333333333333332,Low
2026-08-24,15,NUTRITION,Nutrition Consultation,False,True,0.1223205696430895,0,0,0,0,0.0,0.0,12.0,0.0,Low
2026-08-24,16,NUTRITION,Nutrition Consultation,False,True,0.1175632732647425,0,0,0,0,0.0,0.0,12.0,0.0,Low
2026-08-24,17,NUTRITION,Nutrition Consultation,False,False,0.0820432320956611,0,0,0,0,0.0,0.0,0.0,0.0,Closed
2026-08-24,18,NUTRITION,Nutrition Consultation,False,False,0.0820432320956611,0,0,0,0,0.0,0.0,0.0,0.0,Closed
2026-08-24,19,NUTRITION,Nutrition Consultation,False,False,0.0820432320956611,0,0,0,0,0.0,0.0,0.0,0.0,Closed
2026-08-24,20,NUTRITION,Nutrition Consultation,False,False,0.0820432320956611,0,0,0,0,0.0,0.0,0.0,0.0,Closed
2026-08-24,21,NUTRITION,Nutrition Consultation,False,False,0.0820432320956611,0,0,0,0,0.0,0.0,0.0,0.0,Closed
2026-08-24,22,NUTRITION,Nutrition Consultation,False,False,0.0820432320956611,0,0,0,0,0.0,0.0,0.0,0.0,Closed
2026-08-24,23,NUTRITION,Nutrition Consultation,False,False,0.0820432320956611,0,0,0,0,0.0,0.0,0.0,0.0,Closed
2026-08-25,0,NUTRITION,Nutrition Consultation,False,False,0.0792013180098213,0,0,0,0,0.0,0.0,0.0,0.0,Closed
2026-08-25,1,NUTRITION,Nutrition Consultation,False,False,0.0792013180098213,0,0,0,0,0.0,0.0,0.0,0.0,Closed
2026-08-25,2,NUTRITION,Nutrition Consultation,False,False,0.0709277592780135,0,0,0,0,0.0,0.0,0.0,0.0,Closed
2026-08-25,3,NUTRITION,Nutrition Consultation,False,False,0.0709277592780135,0,0,0,0,0.0,0.0,0.0,0.0,Closed
2026-08-25,4,NUTRITION,Nutrition Consultation,False,False,0.0570584108157865,0,0,0,0,0.0,0.0,0.0,0.0,Closed
2026-08-25,5,NUTRITION,Nutrition Consultation,False,False,0.0383576901938029,0,0,0,0,0.0,0.0,0.0,0.0,Closed
2026-08-25,6,NUTRITION,Nutrition Consultation,False,False,0.1274335616585682,1,0,1,1,0.0,0.0,0.0,0.0,Closed
2026-08-25,7,NUTRITION,Nutrition Consultation,False,False,0.1905796381954536,0,0,1,1,0.0,0.0,0.0,0.0,Closed
2026-08-25,8,NUTRITION,Nutrition Consultation,False,True,0.4007918247304009,0,1,0,0,87.0,87.0,12.0,0.0,Low
2026-08-25,9,NUTRITION,Nutrition Consultation,False,True,0.376527667105568,1,1,0,0,0.0,0.0,12.0,8.333333333333332,Low
2026-08-25,10,NUTRITION,Nutrition Consultation,False,True,0.2244189850452569,0,0,0,0,0.0,0.0,12.0,0.0,Low
2026-08-25,11,NUTRITION,Nutrition Consultation,False,True,0.2042343022232905,2,2,0,0,0.0,0.0,12.0,16.666666666666664,Low
2026-08-25,12,NUTRITION,Nutrition Consultation,False,True,0.1219187816642917,1,1,0,0,0.0,0.0,12.0,8.333333333333332,Low
2026-08-25,13,NUTRITION,Nutrition Consultation,False,True,0.1199151162442738,0,0,0,0,0.0,0.0,12.0,0.0,Low
2026-08-25,14,NUTRITION,Nutrition Consultation,False,True,0.1199151162442738,0,0,0,0,0.0,0.0,12.0,0.0,Low
2026-08-25,15,NUTRITION,Nutrition Consultation,False,True,0.1199151162442738,0,0,0,0,0.0,0.0,12.0,0.0,Low
2026-08-25,16,NUTRITION,Nutrition Consultation,False,True,0.1151578198659268,0,0,0,0,0.0,0.0,12.0,0.0,Low
2026-08-25,17,NUTRITION,Nutrition Consultation,False,False,0.0796377786968454,0,0,0,0,0.0,0.0,0.0,0.0,Closed
2026-08-25,18,NUTRITION,Nutrition Consultation,False,False,0.0796377786968454,0,0,0,0,0.0,0.0,0.0,0.0,Closed
2026-08-25,19,NUTRITION,Nutrition Consultation,False,False,0.0796377786968454,0,0,0,0,0.0,0.0,0.0,0.0,Closed
2026-08-25,20,NUTRITION,Nutrition Consultation,False,False,0.0796377786968454,1,0,1,1,0.0,0.0,0.0,0.0,Closed
2026-08-25,21,NUTRITION,Nutrition Consultation,False,False,0.0796377786968454,0,0,1,1,0.0,0.0,0.0,0.0,Closed
2026-08-25,22,NUTRITION,Nutrition Consultation,False,False,0.0796377786968454,0,0,1,1,0.0,0.0,0.0,0.0,Closed
2026-08-25,23,NUTRITION,Nutrition Consultation,False,False,0.0796377786968454,0,0,1,1,0.0,0.0,0.0,0.0,Closed
2026-08-26,0,NUTRITION,Nutrition Consultation,False,False,0.1430111479897028,0,0,1,1,0.0,0.0,0.0,0.0,Closed
2026-08-19,1,OCCUPATIONAL THERAPY,Occupational Therapy,False,False,0.0069548646124112,0,0,0,0,0.0,0.0,0.0,0.0,Closed
2026-08-19,2,OCCUPATIONAL THERAPY,Occupational Therapy,False,False,0.1238996389212164,0,0,0,0,0.0,0.0,0.0,0.0,Closed
2026-08-19,3,OCCUPATIONAL THERAPY,Occupational Therapy,False,False,0.1238996389212164,0,0,0,0,0.0,0.0,0.0,0.0,Closed
2026-08-19,4,OCCUPATIONAL THERAPY,Occupational Therapy,False,False,0.1100302904589896,0,0,0,0,0.0,0.0,0.0,0.0,Closed
2026-08-19,5,OCCUPATIONAL THERAPY,Occupational Therapy,False,False,0.0964645453700302,0,0,0,0,0.0,0.0,0.0,0.0,Closed
2026-08-19,6,OCCUPATIONAL THERAPY,Occupational Therapy,False,False,0.2416544118380356,1,0,1,1,0.0,0.0,0.0,0.0,Closed
2026-08-19,7,OCCUPATIONAL THERAPY,Occupational Therapy,False,False,0.4541273632973395,0,0,1,1,0.0,0.0,0.0,0.0,Closed
2026-08-19,8,OCCUPATIONAL THERAPY,Occupational Therapy,False,True,0.5425443706935692,0,1,0,0,77.0,77.0,12.0,0.0,Low
2026-08-19,9,OCCUPATIONAL THERAPY,Occupational Therapy,False,True,0.5073388964850318,0,0,0,0,0.0,0.0,12.0,0.0,Low
2026-08-19,10,OCCUPATIONAL THERAPY,Occupational Therapy,False,True,0.4574952887507239,1,1,0,0,0.0,0.0,12.0,8.333333333333332,Low
2026-08-19,11,OCCUPATIONAL THERAPY,Occupational Therapy,False,True,0.3321376283848658,1,1,0,0,0.0,0.0,12.0,8.333333333333332,Low
2026-08-19,12,OCCUPATIONAL THERAPY,Occupational Therapy,False,True,0.1651665769236091,0,0,0,0,0.0,0.0,12.0,0.0,Low
2026-08-19,13,OCCUPATIONAL THERAPY,Occupational Therapy,False,True,0.1563898713163938,0,0,0,0,0.0,0.0,12.0,0.0,Low
2026-08-19,14,OCCUPATIONAL THERAPY,Occupational Therapy,False,True,0.1563898713163938,0,0,0,0,0.0,0.0,12.0,0.0,Low
2026-08-19,15,OCCUPATIONAL THERAPY,Occupational Therapy,False,True,0.1563898713163938,0,0,0,0,0.0,0.0,12.0,0.0,Low
2026-08-19,16,OCCUPATIONAL THERAPY,Occupational Therapy,False,True,0.1501326044019258,0,0,0,0,0.0,0.0,12.0,0.0,Low
2026-08-19,17,OCCUPATIONAL THERAPY,Occupational Therapy,False,False,0.1249270498274722,0,0,0,0,0.0,0.0,0.0,0.0,Closed
2026-08-19,18,OCCUPATIONAL THERAPY,Occupational Therapy,False,False,0.1249270498274722,1,0,1,1,0.0,0.0,0.0,0.0,Closed
2026-08-19,19,OCCUPATIONAL THERAPY,Occupational Therapy,False,False,0.1249270498274722,0,0,1,1,0.0,0.0,0.0,0.0,Closed
2026-08-19,20,OCCUPATIONAL THERAPY,Occupational Therapy,False,False,0.1249270498274722,0,0,1,1,0.0,0.0,0.0,0.0,Closed
2026-08-19,21,OCCUPATIONAL THERAPY,Occupational Therapy,False,False,0.1249270498274722,0,0,1,1,0.0,0.0,0.0,0.0,Closed
2026-08-19,22,OCCUPATIONAL THERAPY,Occupational Therapy,False,False,0.1249270498274722,0,0,1,1,0.0,0.0,0.0,0.0,Closed
2026-08-19,23,OCCUPATIONAL THERAPY,Occupational Therapy,False,False,0.1249270498274722,0,0,1,1,0.0,0.0,0.0,0.0,Closed
2026-08-20,0,OCCUPATIONAL THERAPY,Occupational Therapy,False,False,0.126576923768393,0,0,1,1,0.0,0.0,0.0,0.0,Closed
2026-08-20,1,OCCUPATIONAL THERAPY,Occupational Therapy,False,False,0.126576923768393,0,0,1,1,0.0,0.0,0.0,0.0,Closed
2026-08-20,2,OCCUPATIONAL THERAPY,Occupational Therapy,False,False,0.1151802103866321,1,0,2,2,0.0,0.0,0.0,0.0,Closed
2026-08-20,3,OCCUPATIONAL THERAPY,Occupational Therapy,False,False,0.1151802103866321,0,0,2,2,0.0,0.0,0.0,0.0,Closed
2026-08-20,4,OCCUPATIONAL THERAPY,Occupational Therapy,False,False,0.1013108619244049,0,0,2,2,0.0,0.0,0.0,0.0,Closed
2026-08-20,5,OCCUPATIONAL THERAPY,Occupational Therapy,False,False,0.0459757653081011,0,0,2,2,0.0,0.0,0.0,0.0,Closed
2026-08-20,6,OCCUPATIONAL THERAPY,Occupational Therapy,False,False,0.1807591288558282,0,0,2,2,0.0,0.0,0.0,0.0,Closed
2026-08-20,7,OCCUPATIONAL THERAPY,Occupational Therapy,False,False,0.2757199886504085,0,0,2,2,0.0,0.0,0.0,0.0,Closed
2026-08-20,8,OCCUPATIONAL THERAPY,Occupational Therapy,False,True,0.3791189769999726,0,2,0,0,566.5,827.0,12.0,0.0,Low
2026-08-20,9,OCCUPATIONAL THERAPY,Occupational Therapy,False,True,0.3902477635851122,0,0,0,0,0.0,0.0,12.0,0.0,Low
2026-08-20,10,OCCUPATIONAL THERAPY,Occupational Therapy,False,True,0.2384907341356858,1,1,0,0,0.0,0.0,12.0,8.333333333333332,Low
2026-08-20,11,OCCUPATIONAL THERAPY,Occupational Therapy,False,True,0.2139915438311428,0,0,0,0,0.0,0.0,12.0,0.0,Low
2026-08-20,12,OCCUPATIONAL THERAPY,Occupational Therapy,False,True,0.1481648615651886,0,0,0,0,0.0,0.0,12.0,0.0,Low
2026-08-20,13,OCCUPATIONAL THERAPY,Occupational Therapy,False,True,0.1393881559579733,0,0,0,0,0.0,0.0,12.0,0.0,Low
2026-08-20,14,OCCUPATIONAL THERAPY,Occupational Therapy,False,True,0.1393881559579733,0,0,0,0,0.0,0.0,12.0,0.0,Low
2026-08-20,15,OCCUPATIONAL THERAPY,Occupational Therapy,False,True,0.1393881559579733,0,0,0,0,0.0,0.0,12.0,0.0,Low
2026-08-20,16,OCCUPATIONAL THERAPY,Occupational Therapy,False,True,0.1331308890435053,0,0,0,0,0.0,0.0,12.0,0.0,Low
2026-08-20,17,OCCUPATIONAL THERAPY,Occupational Therapy,False,False,0.1144644984519461,0,0,0,0,0.0,0.0,0.0,0.0,Closed
2026-08-20,18,OCCUPATIONAL THERAPY,Occupational Therapy,False,False,0.1144644984519461,0,0,0,0,0.0,0.0,0.0,0.0,Closed
2026-08-20,19,OCCUPATIONAL THERAPY,Occupational Therapy,False,False,0.1144644984519461,0,0,0,0,0.0,0.0,0.0,0.0,Closed
2026-08-20,20,OCCUPATIONAL THERAPY,Occupational Therapy,False,False,0.1144644984519461,0,0,0,0,0.0,0.0,0.0,0.0,Closed
2026-08-20,21,OCCUPATIONAL THERAPY,Occupational Therapy,False,False,0.1144644984519461,0,0,0,0,0.0,0.0,0.0,0.0,Closed
2026-08-20,22,OCCUPATIONAL THERAPY,Occupational Therapy,False,False,0.1144644984519461,0,0,0,0,0.0,0.0,0.0,0.0,Closed
2026-08-20,23,OCCUPATIONAL THERAPY,Occupational Therapy,False,False,0.1144644984519461,0,0,0,0,0.0,0.0,0.0,0.0,Closed
2026-08-21,0,OCCUPATIONAL THERAPY,Occupational Therapy,False,False,0.1064415914296776,0,0,0,0,0.0,0.0,0.0,0.0,Closed
2026-08-21,1,OCCUPATIONAL THERAPY,Occupational Therapy,False,False,0.1064415914296776,0,0,0,0,0.0,0.0,0.0,0.0,Closed
2026-08-21,2,OCCUPATIONAL THERAPY,Occupational Therapy,False,False,0.0716450747848343,0,0,0,0,0.0,0.0,0.0,0.0,Closed
2026-08-21,3,OCCUPATIONAL THERAPY,Occupational Therapy,False,False,0.0716450747848343,0,0,0,0,0.0,0.0,0.0,0.0,Closed
2026-08-21,4,OCCUPATIONAL THERAPY,Occupational Therapy,False,False,0.0761027407746423,0,0,0,0,0.0,0.0,0.0,0.0,Closed
2026-08-21,5,OCCUPATIONAL THERAPY,Occupational Therapy,False,False,0.0355970344146331,0,0,0,0,0.0,0.0,0.0,0.0,Closed
2026-08-21,6,OCCUPATIONAL THERAPY,Occupational Therapy,False,False,0.17038039796236,0,0,0,0,0.0,0.0,0.0,0.0,Closed
2026-08-21,7,OCCUPATIONAL THERAPY,Occupational Therapy,False,False,0.2519687716800639,0,0,0,0,0.0,0.0,0.0,0.0,Closed
2026-08-21,8,OCCUPATIONAL THERAPY,Occupational Therapy,False,True,0.294993950628827,0,0,0,0,0.0,0.0,12.0,0.0,Low
2026-08-21,9,OCCUPATIONAL THERAPY,Occupational Therapy,False,True,0.3061227372139665,0,0,0,0,0.0,0.0,12.0,0.0,Low
2026-08-21,10,OCCUPATIONAL THERAPY,Occupational Therapy,False,True,0.1788360130432371,0,0,0,0,0.0,0.0,12.0,0.0,Low
2026-08-21,11,OCCUPATIONAL THERAPY,Occupational Therapy,False,True,0.1763686248336429,0,0,0,0,0.0,0.0,12.0,0.0,Low
2026-08-21,12,OCCUPATIONAL THERAPY,Occupational Therapy,False,True,0.1402760599252895,0,0,0,0,0.0,0.0,12.0,0.0,Low
2026-08-21,13,OCCUPATIONAL THERAPY,Occupational Therapy,False,True,0.1314993543180741,0,0,0,0,0.0,0.0,12.0,0.0,Low
2026-08-21,14,OCCUPATIONAL THERAPY,Occupational Therapy,False,True,0.1314993543180741,0,0,0,0,0.0,0.0,12.0,0.0,Low
2026-08-21,15,OCCUPATIONAL THERAPY,Occupational Therapy,False,True,0.1314993543180741,0,0,0,0,0.0,0.0,12.0,0.0,Low
2026-08-21,16,OCCUPATIONAL THERAPY,Occupational Therapy,False,True,0.1252420874036061,0,0,0,0,0.0,0.0,12.0,0.0,Low
2026-08-21,17,OCCUPATIONAL THERAPY,Occupational Therapy,False,False,0.1065756968120471,0,0,0,0,0.0,0.0,0.0,0.0,Closed
2026-08-21,18,OCCUPATIONAL THERAPY,Occupational Therapy,False,False,0.1065756968120471,0,0,0,0,0.0,0.0,0.0,0.0,Closed
2026-08-21,19,OCCUPATIONAL THERAPY,Occupational Therapy,False,False,0.1065756968120471,0,0,0,0,0.0,0.0,0.0,0.0,Closed
2026-08-21,20,OCCUPATIONAL THERAPY,Occupational Therapy,False,False,0.1065756968120471,0,0,0,0,0.0,0.0,0.0,0.0,Closed
2026-08-21,21,OCCUPATIONAL THERAPY,Occupational Therapy,False,False,0.1065756968120471,0,0,0,0,0.0,0.0,0.0,0.0,Closed
2026-08-21,22,OCCUPATIONAL THERAPY,Occupational Therapy,False,False,0.1065756968120471,0,0,0,0,0.0,0.0,0.0,0.0,Closed
2026-08-21,23,OCCUPATIONAL THERAPY,Occupational Therapy,False,False,0.1065756968120471,0,0,0,0,0.0,0.0,0.0,0.0,Closed
2026-08-22,0,OCCUPATIONAL THERAPY,Occupational Therapy,False,False,0.1075314355329196,0,0,0,0,0.0,0.0,0.0,0.0,Closed
2026-08-22,1,OCCUPATIONAL THERAPY,Occupational Therapy,False,False,0.1075314355329196,0,0,0,0,0.0,0.0,0.0,0.0,Closed
2026-08-22,2,OCCUPATIONAL THERAPY,Occupational Therapy,False,False,0.0969084834252656,0,0,0,0,0.0,0.0,0.0,0.0,Closed
2026-08-22,3,OCCUPATIONAL THERAPY,Occupational Therapy,False,False,0.0969084834252656,0,0,0,0,0.0,0.0,0.0,0.0,Closed
2026-08-22,4,OCCUPATIONAL THERAPY,Occupational Therapy,False,False,0.0681981869169698,0,0,0,0,0.0,0.0,0.0,0.0,Closed
2026-08-22,5,OCCUPATIONAL THERAPY,Occupational Therapy,False,False,0.0734193050818131,0,0,0,0,0.0,0.0,0.0,0.0,Closed
2026-08-22,6,OCCUPATIONAL THERAPY,Occupational Therapy,False,False,0.2106199055742265,0,0,0,0,0.0,0.0,0.0,0.0,Closed
2026-08-22,7,OCCUPATIONAL THERAPY,Occupational Therapy,False,False,0.2331184718640367,0,0,0,0,0.0,0.0,0.0,0.0,Closed
2026-08-22,8,OCCUPATIONAL THERAPY,Occupational Therapy,False,True,0.2478950582450966,0,0,0,0,0.0,0.0,12.0,0.0,Low
2026-08-22,9,OCCUPATIONAL THERAPY,Occupational Therapy,False,True,0.2563098642036115,0,0,0,0,0.0,0.0,12.0,0.0,Low
2026-08-22,10,OCCUPATIONAL THERAPY,Occupational Therapy,False,True,0.1553025440182253,0,0,0,0,0.0,0.0,12.0,0.0,Low
2026-08-22,11,OCCUPATIONAL THERAPY,Occupational Therapy,False,True,0.152835155808631,0,0,0,0,0.0,0.0,12.0,0.0,Low
2026-08-22,12,OCCUPATIONAL THERAPY,Occupational Therapy,False,True,0.1263615915589368,0,0,0,0,0.0,0.0,12.0,0.0,Low
2026-08-22,13,OCCUPATIONAL THERAPY,Occupational Therapy,False,True,0.1283981778265821,0,0,0,0,0.0,0.0,12.0,0.0,Low
2026-08-22,14,OCCUPATIONAL THERAPY,Occupational Therapy,False,True,0.1283981778265821,0,0,0,0,0.0,0.0,12.0,0.0,Low
2026-08-22,15,OCCUPATIONAL THERAPY,Occupational Therapy,False,True,0.1283981778265821,0,0,0,0,0.0,0.0,12.0,0.0,Low
2026-08-22,16,OCCUPATIONAL THERAPY,Occupational Therapy,False,True,0.1240565832537464,0,0,0,0,0.0,0.0,12.0,0.0,Low
2026-08-22,17,OCCUPATIONAL THERAPY,Occupational Therapy,False,False,0.1078702686432803,0,0,0,0,0.0,0.0,0.0,0.0,Closed
2026-08-22,18,OCCUPATIONAL THERAPY,Occupational Therapy,False,False,0.1078702686432803,0,0,0,0,0.0,0.0,0.0,0.0,Closed
2026-08-22,19,OCCUPATIONAL THERAPY,Occupational Therapy,False,False,0.1078702686432803,1,0,1,1,0.0,0.0,0.0,0.0,Closed
2026-08-22,20,OCCUPATIONAL THERAPY,Occupational Therapy,False,False,0.1078702686432803,0,0,1,1,0.0,0.0,0.0,0.0,Closed
2026-08-22,21,OCCUPATIONAL THERAPY,Occupational Therapy,False,False,0.1078702686432803,1,0,2,2,0.0,0.0,0.0,0.0,Closed
2026-08-22,22,OCCUPATIONAL THERAPY,Occupational Therapy,False,False,0.1078702686432803,0,0,2,2,0.0,0.0,0.0,0.0,Closed
2026-08-22,23,OCCUPATIONAL THERAPY,Occupational Therapy,False,False,0.1078702686432803,0,0,2,2,0.0,0.0,0.0,0.0,Closed
2026-08-23,0,OCCUPATIONAL THERAPY,Occupational Therapy,False,False,0.1059787783604468,0,0,2,2,0.0,0.0,0.0,0.0,Closed
2026-08-23,1,OCCUPATIONAL THERAPY,Occupational Therapy,False,False,0.1059787783604468,0,0,2,2,0.0,0.0,0.0,0.0,Closed
2026-08-23,2,OCCUPATIONAL THERAPY,Occupational Therapy,False,False,0.0953558262527928,0,0,2,2,0.0,0.0,0.0,0.0,Closed
2026-08-23,3,OCCUPATIONAL THERAPY,Occupational Therapy,False,False,0.0953558262527928,0,0,2,2,0.0,0.0,0.0,0.0,Closed
2026-08-23,4,OCCUPATIONAL THERAPY,Occupational Therapy,False,False,0.0666455297444971,0,0,2,2,0.0,0.0,0.0,0.0,Closed
2026-08-23,5,OCCUPATIONAL THERAPY,Occupational Therapy,False,False,0.0718666479093403,0,0,2,2,0.0,0.0,0.0,0.0,Closed
2026-08-23,6,OCCUPATIONAL THERAPY,Occupational Therapy,False,False,0.2090672484017537,0,0,2,2,0.0,0.0,0.0,0.0,Closed
2026-08-23,7,OCCUPATIONAL THERAPY,Occupational Therapy,False,False,0.1822108209052577,0,0,2,2,0.0,0.0,0.0,0.0,Closed
2026-08-23,8,OCCUPATIONAL THERAPY,Occupational Therapy,False,True,0.2463424010726239,1,3,0,0,456.6666666666667,751.0,12.0,8.333333333333332,Low
2026-08-23,9,OCCUPATIONAL THERAPY,Occupational Therapy,False,True,0.2547572070311388,0,0,0,0,0.0,0.0,12.0,0.0,Low
2026-08-23,10,OCCUPATIONAL THERAPY,Occupational Therapy,False,True,0.1537498868457526,0,0,0,0,0.0,0.0,12.0,0.0,Low
2026-08-23,11,OCCUPATIONAL THERAPY,Occupational Therapy,False,True,0.1512824986361582,0,0,0,0,0.0,0.0,12.0,0.0,Low
2026-08-23,12,OCCUPATIONAL THERAPY,Occupational Therapy,False,True,0.124808934386464,0,0,0,0,0.0,0.0,12.0,0.0,Low
2026-08-23,13,OCCUPATIONAL THERAPY,Occupational Therapy,False,True,0.1268455206541094,0,0,0,0,0.0,0.0,12.0,0.0,Low
2026-08-23,14,OCCUPATIONAL THERAPY,Occupational Therapy,False,True,0.1268455206541094,0,0,0,0,0.0,0.0,12.0,0.0,Low
2026-08-23,15,OCCUPATIONAL THERAPY,Occupational Therapy,False,True,0.1268455206541094,0,0,0,0,0.0,0.0,12.0,0.0,Low
2026-08-23,16,OCCUPATIONAL THERAPY,Occupational Therapy,False,True,0.1225039260812736,0,0,0,0,0.0,0.0,12.0,0.0,Low
2026-08-23,17,OCCUPATIONAL THERAPY,Occupational Therapy,False,False,0.1065461093600962,0,0,0,0,0.0,0.0,0.0,0.0,Closed
2026-08-23,18,OCCUPATIONAL THERAPY,Occupational Therapy,False,False,0.1065461093600962,0,0,0,0,0.0,0.0,0.0,0.0,Closed
2026-08-23,19,OCCUPATIONAL THERAPY,Occupational Therapy,False,False,0.1065461093600962,0,0,0,0,0.0,0.0,0.0,0.0,Closed
2026-08-23,20,OCCUPATIONAL THERAPY,Occupational Therapy,False,False,0.1065461093600962,0,0,0,0,0.0,0.0,0.0,0.0,Closed
2026-08-23,21,OCCUPATIONAL THERAPY,Occupational Therapy,False,False,0.1065461093600962,0,0,0,0,0.0,0.0,0.0,0.0,Closed
2026-08-23,22,OCCUPATIONAL THERAPY,Occupational Therapy,False,False,0.1065461093600962,1,0,1,1,0.0,0.0,0.0,0.0,Closed
2026-08-23,23,OCCUPATIONAL THERAPY,Occupational Therapy,False,False,0.1065461093600962,0,0,1,1,0.0,0.0,0.0,0.0,Closed
2026-08-24,0,OCCUPATIONAL THERAPY,Occupational Therapy,False,False,0.1523162453892873,0,0,1,1,0.0,0.0,0.0,0.0,Closed
2026-08-24,1,OCCUPATIONAL THERAPY,Occupational Therapy,False,False,0.1523162453892873,0,0,1,1,0.0,0.0,0.0,0.0,Closed
2026-08-24,2,OCCUPATIONAL THERAPY,Occupational Therapy,False,False,0.1442051817632462,1,0,2,2,0.0,0.0,0.0,0.0,Closed
2026-08-24,3,OCCUPATIONAL THERAPY,Occupational Therapy,False,False,0.1442051817632462,0,0,2,2,0.0,0.0,0.0,0.0,Closed
2026-08-24,4,OCCUPATIONAL THERAPY,Occupational Therapy,False,False,0.1380202878286144,0,0,2,2,0.0,0.0,0.0,0.0,Closed
2026-08-24,5,OCCUPATIONAL THERAPY,Occupational Therapy,False,False,0.1244545427396551,0,0,2,2,0.0,0.0,0.0,0.0,Closed
2026-08-24,6,OCCUPATIONAL THERAPY,Occupational Therapy,False,False,0.2371505538677228,1,0,3,3,0.0,0.0,0.0,0.0,Closed
2026-08-24,7,OCCUPATIONAL THERAPY,Occupational Therapy,False,False,0.3794760272976546,0,0,3,3,0.0,0.0,0.0,0.0,Closed
2026-08-24,8,OCCUPATIONAL THERAPY,Occupational Therapy,False,True,0.4867329381731087,0,3,0,0,321.0,557.0,12.0,0.0,Low
2026-08-24,9,OCCUPATIONAL THERAPY,Occupational Therapy,False,True,0.451527463964572,0,0,0,0,0.0,0.0,12.0,0.0,Low
2026-08-24,10,OCCUPATIONAL THERAPY,Occupational Therapy,False,True,0.2966589506400892,0,0,0,0,0.0,0.0,12.0,0.0,Low
2026-08-24,11,OCCUPATIONAL THERAPY,Occupational Therapy,False,True,0.263610195426425,0,0,0,0,0.0,0.0,12.0,0.0,Low
2026-08-24,12,OCCUPATIONAL THERAPY,Occupational Therapy,False,True,0.1798265239744083,0,0,0,0,0.0,0.0,12.0,0.0,Low
2026-08-24,13,OCCUPATIONAL THERAPY,Occupational Therapy,False,True,0.1667724510044743,0,0,0,0,0.0,0.0,12.0,0.0,Low
2026-08-24,14,OCCUPATIONAL THERAPY,Occupational Therapy,False,True,0.1667724510044743,1,1,0,0,0.0,0.0,12.0,8.333333333333332,Low
2026-08-24,15,OCCUPATIONAL THERAPY,Occupational Therapy,False,True,0.1627239103698157,0,0,0,0,0.0,0.0,12.0,0.0,Low
2026-08-24,16,OCCUPATIONAL THERAPY,Occupational Therapy,False,True,0.1564666434553477,0,0,0,0,0.0,0.0,12.0,0.0,Low
2026-08-24,17,OCCUPATIONAL THERAPY,Occupational Therapy,False,False,0.1312610888808942,0,0,0,0,0.0,0.0,0.0,0.0,Closed
2026-08-24,18,OCCUPATIONAL THERAPY,Occupational Therapy,False,False,0.1312610888808942,0,0,0,0,0.0,0.0,0.0,0.0,Closed
2026-08-24,19,OCCUPATIONAL THERAPY,Occupational Therapy,False,False,0.1312610888808942,0,0,0,0,0.0,0.0,0.0,0.0,Closed
2026-08-24,20,OCCUPATIONAL THERAPY,Occupational Therapy,False,False,0.1312610888808942,0,0,0,0,0.0,0.0,0.0,0.0,Closed
2026-08-24,21,OCCUPATIONAL THERAPY,Occupational Therapy,False,False,0.1312610888808942,0,0,0,0,0.0,0.0,0.0,0.0,Closed
2026-08-24,22,OCCUPATIONAL THERAPY,Occupational Therapy,False,False,0.1312610888808942,1,0,1,1,0.0,0.0,0.0,0.0,Closed
2026-08-24,23,OCCUPATIONAL THERAPY,Occupational Therapy,False,False,0.1312610888808942,0,0,1,1,0.0,0.0,0.0,0.0,Closed
2026-08-25,0,OCCUPATIONAL THERAPY,Occupational Therapy,False,False,0.1246269038002096,0,0,1,1,0.0,0.0,0.0,0.0,Closed
2026-08-25,1,OCCUPATIONAL THERAPY,Occupational Therapy,False,False,0.1246269038002096,0,0,1,1,0.0,0.0,0.0,0.0,Closed
2026-08-25,2,OCCUPATIONAL THERAPY,Occupational Therapy,False,False,0.1165158401741686,0,0,1,1,0.0,0.0,0.0,0.0,Closed
2026-08-25,3,OCCUPATIONAL THERAPY,Occupational Therapy,False,False,0.1165158401741686,0,0,1,1,0.0,0.0,0.0,0.0,Closed
2026-08-25,4,OCCUPATIONAL THERAPY,Occupational Therapy,False,False,0.1103309462395369,0,0,1,1,0.0,0.0,0.0,0.0,Closed
2026-08-25,5,OCCUPATIONAL THERAPY,Occupational Therapy,False,False,0.0967652011505775,1,0,2,2,0.0,0.0,0.0,0.0,Closed
2026-08-25,6,OCCUPATIONAL THERAPY,Occupational Therapy,False,False,0.2283428502822976,0,0,2,2,0.0,0.0,0.0,0.0,Closed
2026-08-25,7,OCCUPATIONAL THERAPY,Occupational Therapy,False,False,0.473651324058021,1,0,3,3,0.0,0.0,0.0,0.0,Closed
2026-08-25,8,OCCUPATIONAL THERAPY,Occupational Therapy,False,True,0.5809082349334761,0,3,0,0,246.66666666666663,567.0,12.0,0.0,Low
2026-08-25,9,OCCUPATIONAL THERAPY,Occupational Therapy,False,True,0.5457027607249392,0,0,0,0,0.0,0.0,12.0,0.0,Low
2026-08-25,10,OCCUPATIONAL THERAPY,Occupational Therapy,False,True,0.4958591529906309,3,3,0,0,0.0,0.0,12.0,25.0,Low
2026-08-25,11,OCCUPATIONAL THERAPY,Occupational Therapy,False,True,0.3632853209701399,0,0,0,0,0.0,0.0,12.0,0.0,Low
2026-08-25,12,OCCUPATIONAL THERAPY,Occupational Therapy,False,True,0.1889598869774922,0,0,0,0,0.0,0.0,12.0,0.0,Low
2026-08-25,13,OCCUPATIONAL THERAPY,Occupational Therapy,False,True,0.1570241760039064,0,0,0,0,0.0,0.0,12.0,0.0,Low
2026-08-25,14,OCCUPATIONAL THERAPY,Occupational Therapy,False,True,0.1570241760039064,0,0,0,0,0.0,0.0,12.0,0.0,Low
2026-08-25,15,OCCUPATIONAL THERAPY,Occupational Therapy,False,True,0.1529756353692479,0,0,0,0,0.0,0.0,12.0,0.0,Low
2026-08-25,16,OCCUPATIONAL THERAPY,Occupational Therapy,False,True,0.1467183684547799,0,0,0,0,0.0,0.0,12.0,0.0,Low
2026-08-25,17,OCCUPATIONAL THERAPY,Occupational Therapy,False,False,0.1215128138803263,0,0,0,0,0.0,0.0,0.0,0.0,Closed
2026-08-25,18,OCCUPATIONAL THERAPY,Occupational Therapy,False,False,0.1215128138803263,1,0,1,1,0.0,0.0,0.0,0.0,Closed
2026-08-25,19,OCCUPATIONAL THERAPY,Occupational Therapy,False,False,0.1215128138803263,0,0,1,1,0.0,0.0,0.0,0.0,Closed
2026-08-25,20,OCCUPATIONAL THERAPY,Occupational Therapy,False,False,0.1215128138803263,0,0,1,1,0.0,0.0,0.0,0.0,Closed
2026-08-25,21,OCCUPATIONAL THERAPY,Occupational Therapy,False,False,0.1215128138803263,0,0,1,1,0.0,0.0,0.0,0.0,Closed
2026-08-25,22,OCCUPATIONAL THERAPY,Occupational Therapy,False,False,0.1215128138803263,0,0,1,1,0.0,0.0,0.0,0.0,Closed
2026-08-25,23,OCCUPATIONAL THERAPY,Occupational Therapy,False,False,0.1215128138803263,0,0,1,1,0.0,0.0,0.0,0.0,Closed
2026-08-26,0,OCCUPATIONAL THERAPY,Occupational Therapy,False,False,0.1307208742699203,0,0,1,1,0.0,0.0,0.0,0.0,Closed
2026-08-19,1,OHNS,ENT Consultation,False,False,0.3236242578466051,1,0,1,1,0.0,0.0,0.0,0.0,Closed
2026-08-19,2,OHNS,ENT Consultation,False,False,0.2995263996410194,0,0,1,1,0.0,0.0,0.0,0.0,Closed
2026-08-19,3,OHNS,ENT Consultation,False,False,0.2995263996410194,0,0,1,1,0.0,0.0,0.0,0.0,Closed
2026-08-19,4,OHNS,ENT Consultation,False,False,0.2179542296493382,1,0,2,2,0.0,0.0,0.0,0.0,Closed
2026-08-19,5,OHNS,ENT Consultation,False,False,0.218306099676605,0,0,2,2,0.0,0.0,0.0,0.0,Closed
2026-08-19,6,OHNS,ENT Consultation,False,False,0.4956546764010749,0,0,2,2,0.0,0.0,0.0,0.0,Closed
2026-08-19,7,OHNS,ENT Consultation,False,False,1.4193683972693596,1,0,3,3,0.0,0.0,0.0,0.0,Closed
2026-08-19,8,OHNS,ENT Consultation,False,True,2.918051563532838,3,6,0,0,105.66666666666669,395.0,12.0,25.0,Low
2026-08-19,9,OHNS,ENT Consultation,False,True,2.9439407875186374,2,2,0,0,0.0,0.0,12.0,16.666666666666664,Low
2026-08-19,10,OHNS,ENT Consultation,False,True,2.069148946825095,4,4,0,0,0.0,0.0,12.0,33.33333333333333,Low
2026-08-19,11,OHNS,ENT Consultation,False,True,1.561188341081723,0,0,0,0,0.0,0.0,12.0,0.0,Low
2026-08-19,12,OHNS,ENT Consultation,False,True,0.8351479402143781,3,3,0,0,0.0,0.0,12.0,25.0,Low
2026-08-19,13,OHNS,ENT Consultation,False,True,0.4316559911911646,0,0,0,0,0.0,0.0,12.0,0.0,Low
2026-08-19,14,OHNS,ENT Consultation,False,True,0.3210992246517821,0,0,0,0,0.0,0.0,12.0,0.0,Low
2026-08-19,15,OHNS,ENT Consultation,False,True,0.2894382006548648,0,0,0,0,0.0,0.0,12.0,0.0,Low
2026-08-19,16,OHNS,ENT Consultation,False,True,0.1986558045443474,0,0,0,0,0.0,0.0,12.0,0.0,Low
2026-08-19,17,OHNS,ENT Consultation,False,False,0.1285541149670222,0,0,0,0,0.0,0.0,0.0,0.0,Closed
2026-08-19,18,OHNS,ENT Consultation,False,False,0.1282026577253272,0,0,0,0,0.0,0.0,0.0,0.0,Closed
2026-08-19,19,OHNS,ENT Consultation,False,False,0.1282026577253272,0,0,0,0,0.0,0.0,0.0,0.0,Closed
2026-08-19,20,OHNS,ENT Consultation,False,False,0.1282026577253272,0,0,0,0,0.0,0.0,0.0,0.0,Closed
2026-08-19,21,OHNS,ENT Consultation,False,False,0.1282026577253272,0,0,0,0,0.0,0.0,0.0,0.0,Closed
2026-08-19,22,OHNS,ENT Consultation,False,False,0.1282026577253272,0,0,0,0,0.0,0.0,0.0,0.0,Closed
2026-08-19,23,OHNS,ENT Consultation,False,False,0.1282026577253272,0,0,0,0,0.0,0.0,0.0,0.0,Closed
2026-08-20,0,OHNS,ENT Consultation,False,False,0.2844981629419588,0,0,0,0,0.0,0.0,0.0,0.0,Closed
2026-08-20,1,OHNS,ENT Consultation,False,False,0.2510566416921306,0,0,0,0,0.0,0.0,0.0,0.0,Closed
2026-08-20,2,OHNS,ENT Consultation,False,False,0.2515388505367587,0,0,0,0,0.0,0.0,0.0,0.0,Closed
2026-08-20,3,OHNS,ENT Consultation,False,False,0.2515388505367587,0,0,0,0,0.0,0.0,0.0,0.0,Closed
2026-08-20,4,OHNS,ENT Consultation,False,False,0.2111092973815745,0,0,0,0,0.0,0.0,0.0,0.0,Closed
2026-08-20,5,OHNS,ENT Consultation,False,False,0.1654593863603465,0,0,0,0,0.0,0.0,0.0,0.0,Closed
2026-08-20,6,OHNS,ENT Consultation,False,False,0.4314677740526441,1,0,1,1,0.0,0.0,0.0,0.0,Closed
2026-08-20,7,OHNS,ENT Consultation,False,False,1.3462797370209083,2,0,3,3,0.0,0.0,0.0,0.0,Closed
2026-08-20,8,OHNS,ENT Consultation,False,True,2.839240392500378,1,4,0,0,37.0,92.0,12.0,8.333333333333332,Low
2026-08-20,9,OHNS,ENT Consultation,False,True,2.912814608394314,5,5,0,0,0.0,0.0,12.0,41.66666666666667,Low
2026-08-20,10,OHNS,ENT Consultation,False,True,2.0284417039422644,1,1,0,0,0.0,0.0,12.0,8.333333333333332,Low
2026-08-20,11,OHNS,ENT Consultation,False,True,1.520266513591398,1,1,0,0,0.0,0.0,12.0,8.333333333333332,Low
2026-08-20,12,OHNS,ENT Consultation,False,True,0.7920069963502974,0,0,0,0,0.0,0.0,12.0,0.0,Low
2026-08-20,13,OHNS,ENT Consultation,False,True,0.3876209939232024,0,0,0,0,0.0,0.0,12.0,0.0,Low
2026-08-20,14,OHNS,ENT Consultation,False,True,0.2770642273838199,0,0,0,0,0.0,0.0,12.0,0.0,Low
2026-08-20,15,OHNS,ENT Consultation,False,True,0.1997659246763825,0,0,0,0,0.0,0.0,12.0,0.0,Low
2026-08-20,16,OHNS,ENT Consultation,False,True,0.1747667061223732,0,0,0,0,0.0,0.0,12.0,0.0,Low
2026-08-20,17,OHNS,ENT Consultation,False,False,0.1206911895900625,0,0,0,0,0.0,0.0,0.0,0.0,Closed
2026-08-20,18,OHNS,ENT Consultation,False,False,0.1203397323483676,0,0,0,0,0.0,0.0,0.0,0.0,Closed
2026-08-20,19,OHNS,ENT Consultation,False,False,0.1203397323483676,0,0,0,0,0.0,0.0,0.0,0.0,Closed
2026-08-20,20,OHNS,ENT Consultation,False,False,0.1203397323483676,0,0,0,0,0.0,0.0,0.0,0.0,Closed
2026-08-20,21,OHNS,ENT Consultation,False,False,0.1203397323483676,0,0,0,0,0.0,0.0,0.0,0.0,Closed
2026-08-20,22,OHNS,ENT Consultation,False,False,0.1203397323483676,0,0,0,0,0.0,0.0,0.0,0.0,Closed
2026-08-20,23,OHNS,ENT Consultation,False,False,0.1203397323483676,0,0,0,0,0.0,0.0,0.0,0.0,Closed
2026-08-21,0,OHNS,ENT Consultation,False,False,0.113097916173472,0,0,0,0,0.0,0.0,0.0,0.0,Closed
2026-08-21,1,OHNS,ENT Consultation,False,False,0.0796563949236438,0,0,0,0,0.0,0.0,0.0,0.0,Closed
2026-08-21,2,OHNS,ENT Consultation,False,False,0.0508525688668166,0,0,0,0,0.0,0.0,0.0,0.0,Closed
2026-08-21,3,OHNS,ENT Consultation,False,False,0.0508525688668166,0,0,0,0,0.0,0.0,0.0,0.0,Closed
2026-08-21,4,OHNS,ENT Consultation,False,False,0.000397239228182,0,0,0,0,0.0,0.0,0.0,0.0,Closed
2026-08-21,5,OHNS,ENT Consultation,False,False,0.0,0,0,0,0,0.0,0.0,0.0,0.0,Closed
2026-08-21,6,OHNS,ENT Consultation,False,False,0.5269905160424293,1,0,1,1,0.0,0.0,0.0,0.0,Closed
2026-08-21,7,OHNS,ENT Consultation,False,False,0.9953170073996608,0,0,1,1,0.0,0.0,0.0,0.0,Closed
2026-08-21,8,OHNS,ENT Consultation,False,True,2.0872339546872185,2,3,0,0,37.0,111.0,12.0,16.666666666666664,Low
2026-08-21,9,OHNS,ENT Consultation,False,True,2.149011652720054,6,6,0,0,0.0,0.0,12.0,50.0,Low
2026-08-21,10,OHNS,ENT Consultation,False,True,1.3421690060742846,2,2,0,0,0.0,0.0,12.0,16.666666666666664,Low
2026-08-21,11,OHNS,ENT Consultation,False,True,1.4996187331821922,1,1,0,0,0.0,0.0,12.0,8.333333333333332,Low
2026-08-21,12,OHNS,ENT Consultation,False,True,0.6200621841708254,2,2,0,0,0.0,0.0,12.0,16.666666666666664,Low
2026-08-21,13,OHNS,ENT Consultation,False,True,0.271728483234072,0,0,0,0,0.0,0.0,12.0,0.0,Low
2026-08-21,14,OHNS,ENT Consultation,False,True,0.2493797674869309,0,0,0,0,0.0,0.0,12.0,0.0,Low
2026-08-21,15,OHNS,ENT Consultation,False,True,0.1861200864848556,0,0,0,0,0.0,0.0,12.0,0.0,Low
2026-08-21,16,OHNS,ENT Consultation,False,True,0.1483009230372979,0,0,0,0,0.0,0.0,12.0,0.0,Low
2026-08-21,17,OHNS,ENT Consultation,False,False,0.0909529761762152,0,0,0,0,0.0,0.0,0.0,0.0,Closed
2026-08-21,18,OHNS,ENT Consultation,False,False,0.0906015189345203,0,0,0,0,0.0,0.0,0.0,0.0,Closed
2026-08-21,19,OHNS,ENT Consultation,False,False,0.0906015189345203,0,0,0,0,0.0,0.0,0.0,0.0,Closed
2026-08-21,20,OHNS,ENT Consultation,False,False,0.0906015189345203,0,0,0,0,0.0,0.0,0.0,0.0,Closed
2026-08-21,21,OHNS,ENT Consultation,False,False,0.0906015189345203,0,0,0,0,0.0,0.0,0.0,0.0,Closed
2026-08-21,22,OHNS,ENT Consultation,False,False,0.0906015189345203,0,0,0,0,0.0,0.0,0.0,0.0,Closed
2026-08-21,23,OHNS,ENT Consultation,False,False,0.0906015189345203,0,0,0,0,0.0,0.0,0.0,0.0,Closed
2026-08-22,0,OHNS,ENT Consultation,False,False,0.1090738085103484,0,0,0,0,0.0,0.0,0.0,0.0,Closed
2026-08-22,1,OHNS,ENT Consultation,False,False,0.0756322872605202,0,0,0,0,0.0,0.0,0.0,0.0,Closed
2026-08-22,2,OHNS,ENT Consultation,False,False,0.0191182629083532,0,0,0,0,0.0,0.0,0.0,0.0,Closed
2026-08-22,3,OHNS,ENT Consultation,False,False,0.0191182629083532,0,0,0,0,0.0,0.0,0.0,0.0,Closed
2026-08-22,4,OHNS,ENT Consultation,False,False,0.0,0,0,0,0,0.0,0.0,0.0,0.0,Closed
2026-08-22,5,OHNS,ENT Consultation,False,False,0.2793875596162827,0,0,0,0,0.0,0.0,0.0,0.0,Closed
2026-08-22,6,OHNS,ENT Consultation,False,False,0.1578238909223175,0,0,0,0,0.0,0.0,0.0,0.0,Closed
2026-08-22,7,OHNS,ENT Consultation,False,False,0.5366481866359739,1,0,1,1,0.0,0.0,0.0,0.0,Closed
2026-08-22,8,OHNS,ENT Consultation,False,True,0.864734079378915,0,1,0,0,32.0,32.0,12.0,0.0,Low
2026-08-22,9,OHNS,ENT Consultation,False,True,1.192058943794316,1,1,0,0,0.0,0.0,12.0,8.333333333333332,Low
2026-08-22,10,OHNS,ENT Consultation,False,True,1.1003671357252491,2,2,0,0,0.0,0.0,12.0,16.666666666666664,Low
2026-08-22,11,OHNS,ENT Consultation,False,True,0.980412188056797,0,0,0,0,0.0,0.0,12.0,0.0,Low
2026-08-22,12,OHNS,ENT Consultation,False,True,0.2885618234261241,0,0,0,0,0.0,0.0,12.0,0.0,Low
2026-08-22,13,OHNS,ENT Consultation,False,True,0.2002676188598613,0,0,0,0,0.0,0.0,12.0,0.0,Low
2026-08-22,14,OHNS,ENT Consultation,False,True,0.1453299490734197,0,0,0,0,0.0,0.0,12.0,0.0,Low
2026-08-22,15,OHNS,ENT Consultation,False,True,0.1370079378577865,0,0,0,0,0.0,0.0,12.0,0.0,Low
2026-08-22,16,OHNS,ENT Consultation,False,True,0.1231490425118313,1,1,0,0,0.0,0.0,12.0,8.333333333333332,Low
2026-08-22,17,OHNS,ENT Consultation,False,False,0.091328894029047,0,0,0,0,0.0,0.0,0.0,0.0,Closed
2026-08-22,18,OHNS,ENT Consultation,False,False,0.0909774367873521,0,0,0,0,0.0,0.0,0.0,0.0,Closed
2026-08-22,19,OHNS,ENT Consultation,False,False,0.0909774367873521,0,0,0,0,0.0,0.0,0.0,0.0,Closed
2026-08-22,20,OHNS,ENT Consultation,False,False,0.0909774367873521,0,0,0,0,0.0,0.0,0.0,0.0,Closed
2026-08-22,21,OHNS,ENT Consultation,False,False,0.0909774367873521,0,0,0,0,0.0,0.0,0.0,0.0,Closed
2026-08-22,22,OHNS,ENT Consultation,False,False,0.0909774367873521,0,0,0,0,0.0,0.0,0.0,0.0,Closed
2026-08-22,23,OHNS,ENT Consultation,False,False,0.0909774367873521,0,0,0,0,0.0,0.0,0.0,0.0,Closed
2026-08-23,0,OHNS,ENT Consultation,False,False,0.1075211513378757,1,0,1,1,0.0,0.0,0.0,0.0,Closed
2026-08-23,1,OHNS,ENT Consultation,False,False,0.0740796300880475,0,0,1,1,0.0,0.0,0.0,0.0,Closed
2026-08-23,2,OHNS,ENT Consultation,False,False,0.0175656057358805,0,0,1,1,0.0,0.0,0.0,0.0,Closed
2026-08-23,3,OHNS,ENT Consultation,False,False,0.0175656057358805,0,0,1,1,0.0,0.0,0.0,0.0,Closed
2026-08-23,4,OHNS,ENT Consultation,False,False,0.0,0,0,1,1,0.0,0.0,0.0,0.0,Closed
2026-08-23,5,OHNS,ENT Consultation,False,False,0.27783490244381,1,0,2,2,0.0,0.0,0.0,0.0,Closed
2026-08-23,6,OHNS,ENT Consultation,False,False,0.1562712337498447,1,0,3,3,0.0,0.0,0.0,0.0,Closed
2026-08-23,7,OHNS,ENT Consultation,False,False,0.5283573220041865,0,0,3,3,0.0,0.0,0.0,0.0,Closed
2026-08-23,8,OHNS,ENT Consultation,False,True,0.847431025275537,0,3,0,0,223.66666666666663,447.0,12.0,0.0,Low
2026-08-23,9,OHNS,ENT Consultation,False,True,1.1747558896909371,1,1,0,0,0.0,0.0,12.0,8.333333333333332,Low
2026-08-23,10,OHNS,ENT Consultation,False,True,1.098814478552776,3,3,0,0,0.0,0.0,12.0,25.0,Low
2026-08-23,11,OHNS,ENT Consultation,False,True,0.978859530884324,2,2,0,0,0.0,0.0,12.0,16.666666666666664,Low
2026-08-23,12,OHNS,ENT Consultation,False,True,0.2870091662536514,0,0,0,0,0.0,0.0,12.0,0.0,Low
2026-08-23,13,OHNS,ENT Consultation,False,True,0.1987149616873885,0,0,0,0,0.0,0.0,12.0,0.0,Low
2026-08-23,14,OHNS,ENT Consultation,False,True,0.1437772919009468,0,0,0,0,0.0,0.0,12.0,0.0,Low
2026-08-23,15,OHNS,ENT Consultation,False,True,0.1354552806853137,0,0,0,0,0.0,0.0,12.0,0.0,Low
2026-08-23,16,OHNS,ENT Consultation,False,True,0.1215963853393585,0,0,0,0,0.0,0.0,12.0,0.0,Low
2026-08-23,17,OHNS,ENT Consultation,False,False,0.090004734745863,1,0,1,1,0.0,0.0,0.0,0.0,Closed
2026-08-23,18,OHNS,ENT Consultation,False,False,0.0896532775041681,0,0,1,1,0.0,0.0,0.0,0.0,Closed
2026-08-23,19,OHNS,ENT Consultation,False,False,0.0896532775041681,0,0,1,1,0.0,0.0,0.0,0.0,Closed
2026-08-23,20,OHNS,ENT Consultation,False,False,0.0896532775041681,0,0,1,1,0.0,0.0,0.0,0.0,Closed
2026-08-23,21,OHNS,ENT Consultation,False,False,0.0896532775041681,0,0,1,1,0.0,0.0,0.0,0.0,Closed
2026-08-23,22,OHNS,ENT Consultation,False,False,0.0896532775041681,0,0,1,1,0.0,0.0,0.0,0.0,Closed
2026-08-23,23,OHNS,ENT Consultation,False,False,0.0896532775041681,0,0,1,1,0.0,0.0,0.0,0.0,Closed
2026-08-24,0,OHNS,ENT Consultation,False,False,0.3187379449560059,0,0,1,1,0.0,0.0,0.0,0.0,Closed
2026-08-24,1,OHNS,ENT Consultation,False,False,0.2852964237061776,2,0,3,3,0.0,0.0,0.0,0.0,Closed
2026-08-24,2,OHNS,ENT Consultation,False,False,0.2793022249800035,0,0,3,3,0.0,0.0,0.0,0.0,Closed
2026-08-24,3,OHNS,ENT Consultation,False,False,0.2793022249800035,0,0,3,3,0.0,0.0,0.0,0.0,Closed
2026-08-24,4,OHNS,ENT Consultation,False,False,0.259126837111041,0,0,3,3,0.0,0.0,0.0,0.0,Closed
2026-08-24,5,OHNS,ENT Consultation,False,False,0.2033032626555177,0,0,3,3,0.0,0.0,0.0,0.0,Closed
2026-08-24,6,OHNS,ENT Consultation,False,False,0.5149172979582262,0,0,3,3,0.0,0.0,0.0,0.0,Closed
2026-08-24,7,OHNS,ENT Consultation,False,False,1.4538020357739625,2,0,5,5,0.0,0.0,0.0,0.0,Closed
2026-08-24,8,OHNS,ENT Consultation,False,True,3.08895258202555,4,9,0,0,201.33333333333331,899.0,12.0,33.33333333333333,Low
2026-08-24,9,OHNS,ENT Consultation,False,True,3.0937830464840714,4,4,0,0,0.0,0.0,12.0,33.33333333333333,Low
2026-08-24,10,OHNS,ENT Consultation,False,True,2.308123090462013,2,2,0,0,0.0,0.0,12.0,16.666666666666664,Low
2026-08-24,11,OHNS,ENT Consultation,False,True,1.6823673563861348,4,4,0,0,0.0,0.0,12.0,33.33333333333333,Low
2026-08-24,12,OHNS,ENT Consultation,False,True,0.8979873769242132,0,0,0,0,0.0,0.0,12.0,0.0,Low
2026-08-24,13,OHNS,ENT Consultation,False,True,0.5037378329488055,0,0,0,0,0.0,0.0,12.0,0.0,Low
2026-08-24,14,OHNS,ENT Consultation,False,True,0.334168714616437,1,1,0,0,0.0,0.0,12.0,8.333333333333332,Low
2026-08-24,15,OHNS,ENT Consultation,False,True,0.2870040996810542,0,0,0,0,0.0,0.0,12.0,0.0,Low
2026-08-24,16,OHNS,ENT Consultation,False,True,0.1962217035705369,0,0,0,0,0.0,0.0,12.0,0.0,Low
2026-08-24,17,OHNS,ENT Consultation,False,False,0.1271743344048255,0,0,0,0,0.0,0.0,0.0,0.0,Closed
2026-08-24,18,OHNS,ENT Consultation,False,False,0.1268228771631306,0,0,0,0,0.0,0.0,0.0,0.0,Closed
2026-08-24,19,OHNS,ENT Consultation,False,False,0.1268228771631306,0,0,0,0,0.0,0.0,0.0,0.0,Closed
2026-08-24,20,OHNS,ENT Consultation,False,False,0.1268228771631306,0,0,0,0,0.0,0.0,0.0,0.0,Closed
2026-08-24,21,OHNS,ENT Consultation,False,False,0.1268228771631306,0,0,0,0,0.0,0.0,0.0,0.0,Closed
2026-08-24,22,OHNS,ENT Consultation,False,False,0.1268228771631306,0,0,0,0,0.0,0.0,0.0,0.0,Closed
2026-08-24,23,OHNS,ENT Consultation,False,False,0.1268228771631306,0,0,0,0,0.0,0.0,0.0,0.0,Closed
2026-08-25,0,OHNS,ENT Consultation,False,False,0.2809606591129877,1,0,1,1,0.0,0.0,0.0,0.0,Closed
2026-08-25,1,OHNS,ENT Consultation,False,False,0.2475191378631595,0,0,1,1,0.0,0.0,0.0,0.0,Closed
2026-08-25,2,OHNS,ENT Consultation,False,False,0.2415249391369854,0,0,1,1,0.0,0.0,0.0,0.0,Closed
2026-08-25,3,OHNS,ENT Consultation,False,False,0.2415249391369854,1,0,2,2,0.0,0.0,0.0,0.0,Closed
2026-08-25,4,OHNS,ENT Consultation,False,False,0.2213495512680229,0,0,2,2,0.0,0.0,0.0,0.0,Closed
2026-08-25,5,OHNS,ENT Consultation,False,False,0.1655259768124994,0,0,2,2,0.0,0.0,0.0,0.0,Closed
2026-08-25,6,OHNS,ENT Consultation,False,False,0.4699535615657234,0,0,2,2,0.0,0.0,0.0,0.0,Closed
2026-08-25,7,OHNS,ENT Consultation,False,False,1.4269201290747433,2,0,4,4,0.0,0.0,0.0,0.0,Closed
2026-08-25,8,OHNS,ENT Consultation,False,True,3.0365603994705026,1,5,0,0,149.2,449.0,12.0,8.333333333333332,Low
2026-08-25,9,OHNS,ENT Consultation,False,True,3.04520296407364,1,1,0,0,0.0,0.0,12.0,8.333333333333332,Low
2026-08-25,10,OHNS,ENT Consultation,False,True,2.259543008051581,0,0,0,0,0.0,0.0,12.0,0.0,Low
2026-08-25,11,OHNS,ENT Consultation,False,True,1.6603367487867435,0,0,0,0,0.0,0.0,12.0,0.0,Low
2026-08-25,12,OHNS,ENT Consultation,False,True,0.8759567693248219,0,0,0,0,0.0,0.0,12.0,0.0,Low
2026-08-25,13,OHNS,ENT Consultation,False,True,0.5037378329488055,0,0,0,0,0.0,0.0,12.0,0.0,Low
2026-08-25,14,OHNS,ENT Consultation,False,True,0.334168714616437,0,0,0,0,0.0,0.0,12.0,0.0,Low
2026-08-25,15,OHNS,ENT Consultation,False,True,0.2870040996810542,0,0,0,0,0.0,0.0,12.0,0.0,Low
2026-08-25,16,OHNS,ENT Consultation,False,True,0.1962217035705369,0,0,0,0,0.0,0.0,12.0,0.0,Low
2026-08-25,17,OHNS,ENT Consultation,False,False,0.1271743344048255,0,0,0,0,0.0,0.0,0.0,0.0,Closed
2026-08-25,18,OHNS,ENT Consultation,False,False,0.1268228771631306,0,0,0,0,0.0,0.0,0.0,0.0,Closed
2026-08-25,19,OHNS,ENT Consultation,False,False,0.1268228771631306,0,0,0,0,0.0,0.0,0.0,0.0,Closed
2026-08-25,20,OHNS,ENT Consultation,False,False,0.1268228771631306,0,0,0,0,0.0,0.0,0.0,0.0,Closed
2026-08-25,21,OHNS,ENT Consultation,False,False,0.1268228771631306,0,0,0,0,0.0,0.0,0.0,0.0,Closed
2026-08-25,22,OHNS,ENT Consultation,False,False,0.1268228771631306,0,0,0,0,0.0,0.0,0.0,0.0,Closed
2026-08-25,23,OHNS,ENT Consultation,False,False,0.1268228771631306,0,0,0,0,0.0,0.0,0.0,0.0,Closed
2026-08-26,0,OHNS,ENT Consultation,False,False,0.2978195027805245,0,0,0,0,0.0,0.0,0.0,0.0,Closed
2026-08-19,1,ONCOLOGY,Oncology Consultation,False,False,2.3677947652571825,4,0,4,4,0.0,0.0,0.0,0.0,Closed
2026-08-19,2,ONCOLOGY,Oncology Consultation,False,False,1.4492767164037623,1,0,5,5,0.0,0.0,0.0,0.0,Closed
2026-08-19,3,ONCOLOGY,Oncology Consultation,False,False,2.1171437668195456,4,0,9,9,0.0,0.0,0.0,0.0,Closed
2026-08-19,4,ONCOLOGY,Oncology Consultation,False,False,0.0,0,0,9,9,0.0,0.0,0.0,0.0,Closed
2026-08-19,5,ONCOLOGY,Oncology Consultation,False,False,1.5033109446836803,0,0,9,9,0.0,0.0,0.0,0.0,Closed
2026-08-19,6,ONCOLOGY,Oncology Consultation,False,False,2.641024252928902,7,0,16,16,0.0,0.0,0.0,0.0,Closed
2026-08-19,7,ONCOLOGY,Oncology Consultation,False,False,6.608553310000251,7,0,23,23,0.0,0.0,0.0,0.0,Closed
2026-08-19,8,ONCOLOGY,Oncology Consultation,False,True,11.69449193227721,10,12,21,21,287.3333333333333,389.0,12.0,83.33333333333334,Critical
2026-08-19,9,ONCOLOGY,Oncology Consultation,False,True,7.451480308647889,4,12,13,13,119.5,152.0,12.0,33.33333333333333,Critical
2026-08-19,10,ONCOLOGY,Oncology Consultation,False,True,3.439661421105626,2,12,3,3,88.5,103.0,12.0,16.666666666666664,Moderate
2026-08-19,11,ONCOLOGY,Oncology Consultation,False,True,1.6297677163885256,3,6,0,0,23.5,74.0,12.0,25.0,Low
2026-08-19,12,ONCOLOGY,Oncology Consultation,False,True,0.641879504897867,1,1,0,0,0.0,0.0,12.0,8.333333333333332,Low
2026-08-19,13,ONCOLOGY,Oncology Consultation,False,True,0.3851393985389669,0,0,0,0,0.0,0.0,12.0,0.0,Low
2026-08-19,14,ONCOLOGY,Oncology Consultation,False,True,0.2675314282851864,0,0,0,0,0.0,0.0,12.0,0.0,Low
2026-08-19,15,ONCOLOGY,Oncology Consultation,False,True,0.2161248457887701,0,0,0,0,0.0,0.0,12.0,0.0,Low
2026-08-19,16,ONCOLOGY,Oncology Consultation,False,True,0.2058305226233089,1,1,0,0,0.0,0.0,12.0,8.333333333333332,Low
2026-08-19,17,ONCOLOGY,Oncology Consultation,False,False,0.1629733225032846,0,0,0,0,0.0,0.0,0.0,0.0,Closed
2026-08-19,18,ONCOLOGY,Oncology Consultation,False,False,0.1629733225032846,0,0,0,0,0.0,0.0,0.0,0.0,Closed
2026-08-19,19,ONCOLOGY,Oncology Consultation,False,False,0.1629733225032846,0,0,0,0,0.0,0.0,0.0,0.0,Closed
2026-08-19,20,ONCOLOGY,Oncology Consultation,False,False,0.1629733225032846,0,0,0,0,0.0,0.0,0.0,0.0,Closed
2026-08-19,21,ONCOLOGY,Oncology Consultation,False,False,0.1629733225032846,0,0,0,0,0.0,0.0,0.0,0.0,Closed
2026-08-19,22,ONCOLOGY,Oncology Consultation,False,False,0.1629733225032846,0,0,0,0,0.0,0.0,0.0,0.0,Closed
2026-08-19,23,ONCOLOGY,Oncology Consultation,False,False,0.1629733225032846,0,0,0,0,0.0,0.0,0.0,0.0,Closed
2026-08-20,0,ONCOLOGY,Oncology Consultation,False,False,0.2762520521916284,0,0,0,0,0.0,0.0,0.0,0.0,Closed
2026-08-20,1,ONCOLOGY,Oncology Consultation,False,False,0.2762520521916284,1,0,1,1,0.0,0.0,0.0,0.0,Closed
2026-08-20,2,ONCOLOGY,Oncology Consultation,False,False,0.2924390915437336,0,0,1,1,0.0,0.0,0.0,0.0,Closed
2026-08-20,3,ONCOLOGY,Oncology Consultation,False,False,0.2924390915437336,0,0,1,1,0.0,0.0,0.0,0.0,Closed
2026-08-20,4,ONCOLOGY,Oncology Consultation,False,False,0.3369294004633735,0,0,1,1,0.0,0.0,0.0,0.0,Closed
2026-08-20,5,ONCOLOGY,Oncology Consultation,False,False,0.4198539690694196,0,0,1,1,0.0,0.0,0.0,0.0,Closed
2026-08-20,6,ONCOLOGY,Oncology Consultation,False,False,1.0327299801588696,1,0,2,2,0.0,0.0,0.0,0.0,Closed
2026-08-20,7,ONCOLOGY,Oncology Consultation,False,False,3.456181265715688,4,0,6,6,0.0,0.0,0.0,0.0,Closed
2026-08-20,8,ONCOLOGY,Oncology Consultation,False,True,9.340169120781368,12,12,6,6,60.16666666666666,400.0,12.0,100.0,High
2026-08-20,9,ONCOLOGY,Oncology Consultation,False,True,4.33931442597604,5,11,0,0,13.909090909090908,28.0,12.0,41.66666666666667,Low
2026-08-20,10,ONCOLOGY,Oncology Consultation,False,True,1.7764471765389236,1,1,0,0,0.0,0.0,12.0,8.333333333333332,Low
2026-08-20,11,ONCOLOGY,Oncology Consultation,False,True,1.0224597171767411,0,0,0,0,0.0,0.0,12.0,0.0,Low
2026-08-20,12,ONCOLOGY,Oncology Consultation,False,True,0.4787071261027698,0,0,0,0,0.0,0.0,12.0,0.0,Low
2026-08-20,13,ONCOLOGY,Oncology Consultation,False,True,0.2511448410450906,0,0,0,0,0.0,0.0,12.0,0.0,Low
2026-08-20,14,ONCOLOGY,Oncology Consultation,False,True,0.2608870606615846,1,1,0,0,0.0,0.0,12.0,8.333333333333332,Low
2026-08-20,15,ONCOLOGY,Oncology Consultation,False,True,0.2034363173391866,0,0,0,0,0.0,0.0,12.0,0.0,Low
2026-08-20,16,ONCOLOGY,Oncology Consultation,False,True,0.1931419941737253,0,0,0,0,0.0,0.0,12.0,0.0,Low
2026-08-20,17,ONCOLOGY,Oncology Consultation,False,False,0.1539556921361892,1,0,1,1,0.0,0.0,0.0,0.0,Closed
2026-08-20,18,ONCOLOGY,Oncology Consultation,False,False,0.1539556921361892,0,0,1,1,0.0,0.0,0.0,0.0,Closed
2026-08-20,19,ONCOLOGY,Oncology Consultation,False,False,0.1539556921361892,0,0,1,1,0.0,0.0,0.0,0.0,Closed
2026-08-20,20,ONCOLOGY,Oncology Consultation,False,False,0.1539556921361892,0,0,1,1,0.0,0.0,0.0,0.0,Closed
2026-08-20,21,ONCOLOGY,Oncology Consultation,False,False,0.1539556921361892,0,0,1,1,0.0,0.0,0.0,0.0,Closed
2026-08-20,22,ONCOLOGY,Oncology Consultation,False,False,0.1539556921361892,1,0,2,2,0.0,0.0,0.0,0.0,Closed
2026-08-20,23,ONCOLOGY,Oncology Consultation,False,False,0.1539556921361892,0,0,2,2,0.0,0.0,0.0,0.0,Closed
2026-08-21,0,ONCOLOGY,Oncology Consultation,False,False,0.1048518054231416,0,0,2,2,0.0,0.0,0.0,0.0,Closed
2026-08-21,1,ONCOLOGY,Oncology Consultation,False,False,0.1048518054231416,0,0,2,2,0.0,0.0,0.0,0.0,Closed
2026-08-21,2,ONCOLOGY,Oncology Consultation,False,False,0.0917528098737914,0,0,2,2,0.0,0.0,0.0,0.0,Closed
2026-08-21,3,ONCOLOGY,Oncology Consultation,False,False,0.0917528098737914,0,0,2,2,0.0,0.0,0.0,0.0,Closed
2026-08-21,4,ONCOLOGY,Oncology Consultation,False,False,0.0412974802351562,0,0,2,2,0.0,0.0,0.0,0.0,Closed
2026-08-21,5,ONCOLOGY,Oncology Consultation,False,False,0.0463435136762618,0,0,2,2,0.0,0.0,0.0,0.0,Closed
2026-08-21,6,ONCOLOGY,Oncology Consultation,False,False,0.6635845778840679,0,0,2,2,0.0,0.0,0.0,0.0,Closed
2026-08-21,7,ONCOLOGY,Oncology Consultation,False,False,2.5378999073726565,1,0,3,3,0.0,0.0,0.0,0.0,Closed
2026-08-21,8,ONCOLOGY,Oncology Consultation,False,True,7.279083936727541,8,11,0,0,134.8181818181818,880.0,12.0,66.66666666666666,Low
2026-08-21,9,ONCOLOGY,Oncology Consultation,False,True,3.433729036344129,4,4,0,0,0.0,0.0,12.0,33.33333333333333,Low
2026-08-21,10,ONCOLOGY,Oncology Consultation,False,True,1.1416772496943832,0,0,0,0,0.0,0.0,12.0,0.0,Low
2026-08-21,11,ONCOLOGY,Oncology Consultation,False,True,0.964773193985045,3,3,0,0,0.0,0.0,12.0,25.0,Low
2026-08-21,12,ONCOLOGY,Oncology Consultation,False,True,0.412015588236964,0,0,0,0,0.0,0.0,12.0,0.0,Low
2026-08-21,13,ONCOLOGY,Oncology Consultation,False,True,0.2293008292865876,0,0,0,0,0.0,0.0,12.0,0.0,Low
2026-08-21,14,ONCOLOGY,Oncology Consultation,False,True,0.2390430489030817,0,0,0,0,0.0,0.0,12.0,0.0,Low
2026-08-21,15,ONCOLOGY,Oncology Consultation,False,True,0.1769705342541114,0,0,0,0,0.0,0.0,12.0,0.0,Low
2026-08-21,16,ONCOLOGY,Oncology Consultation,False,True,0.16667621108865,0,0,0,0,0.0,0.0,12.0,0.0,Low
2026-08-21,17,ONCOLOGY,Oncology Consultation,False,False,0.1242174787223418,0,0,0,0,0.0,0.0,0.0,0.0,Closed
2026-08-21,18,ONCOLOGY,Oncology Consultation,False,False,0.1242174787223418,0,0,0,0,0.0,0.0,0.0,0.0,Closed
2026-08-21,19,ONCOLOGY,Oncology Consultation,False,False,0.1242174787223418,0,0,0,0,0.0,0.0,0.0,0.0,Closed
2026-08-21,20,ONCOLOGY,Oncology Consultation,False,False,0.1242174787223418,1,0,1,1,0.0,0.0,0.0,0.0,Closed
2026-08-21,21,ONCOLOGY,Oncology Consultation,False,False,0.1242174787223418,0,0,1,1,0.0,0.0,0.0,0.0,Closed
2026-08-21,22,ONCOLOGY,Oncology Consultation,False,False,0.1242174787223418,0,0,1,1,0.0,0.0,0.0,0.0,Closed
2026-08-21,23,ONCOLOGY,Oncology Consultation,False,False,0.1242174787223418,0,0,1,1,0.0,0.0,0.0,0.0,Closed
2026-08-22,0,ONCOLOGY,Oncology Consultation,False,False,0.099786544641274,0,0,1,1,0.0,0.0,0.0,0.0,Closed
2026-08-22,1,ONCOLOGY,Oncology Consultation,False,False,0.099786544641274,0,0,1,1,0.0,0.0,0.0,0.0,Closed
2026-08-22,2,ONCOLOGY,Oncology Consultation,False,False,0.1108611136291131,0,0,1,1,0.0,0.0,0.0,0.0,Closed
2026-08-22,3,ONCOLOGY,Oncology Consultation,False,False,0.1108611136291131,0,0,1,1,0.0,0.0,0.0,0.0,Closed
2026-08-22,4,ONCOLOGY,Oncology Consultation,False,False,0.0272378214923741,0,0,1,1,0.0,0.0,0.0,0.0,Closed
2026-08-22,5,ONCOLOGY,Oncology Consultation,False,False,0.0,0,0,1,1,0.0,0.0,0.0,0.0,Closed
2026-08-22,6,ONCOLOGY,Oncology Consultation,False,False,0.4780383661066445,2,0,3,3,0.0,0.0,0.0,0.0,Closed
2026-08-22,7,ONCOLOGY,Oncology Consultation,False,False,0.6831759680083592,0,0,3,3,0.0,0.0,0.0,0.0,Closed
2026-08-22,8,ONCOLOGY,Oncology Consultation,False,True,0.7487450542403778,0,3,0,0,291.0,667.0,12.0,0.0,Low
2026-08-22,9,ONCOLOGY,Oncology Consultation,False,True,1.2410151839090473,0,0,0,0,0.0,0.0,12.0,0.0,Low
2026-08-22,10,ONCOLOGY,Oncology Consultation,False,True,0.9564020737090794,1,1,0,0,0.0,0.0,12.0,8.333333333333332,Low
2026-08-22,11,ONCOLOGY,Oncology Consultation,False,True,0.9586622773878596,2,2,0,0,0.0,0.0,12.0,16.666666666666664,Low
2026-08-22,12,ONCOLOGY,Oncology Consultation,False,True,0.2501192462087646,0,0,0,0,0.0,0.0,12.0,0.0,Low
2026-08-22,13,ONCOLOGY,Oncology Consultation,False,True,0.2010947326906333,0,0,0,0,0.0,0.0,12.0,0.0,Low
2026-08-22,14,ONCOLOGY,Oncology Consultation,False,True,0.1461570629041917,0,0,0,0,0.0,0.0,12.0,0.0,Low
2026-08-22,15,ONCOLOGY,Oncology Consultation,False,True,0.1390222180416634,0,0,0,0,0.0,0.0,12.0,0.0,Low
2026-08-22,16,ONCOLOGY,Oncology Consultation,False,True,0.1322883204739013,1,1,0,0,0.0,0.0,12.0,8.333333333333332,Low
2026-08-22,17,ONCOLOGY,Oncology Consultation,False,False,0.1051430261045866,0,0,0,0,0.0,0.0,0.0,0.0,Closed
2026-08-22,18,ONCOLOGY,Oncology Consultation,False,False,0.1051430261045866,0,0,0,0,0.0,0.0,0.0,0.0,Closed
2026-08-22,19,ONCOLOGY,Oncology Consultation,False,False,0.1051430261045866,0,0,0,0,0.0,0.0,0.0,0.0,Closed
2026-08-22,20,ONCOLOGY,Oncology Consultation,False,False,0.1051430261045866,1,0,1,1,0.0,0.0,0.0,0.0,Closed
2026-08-22,21,ONCOLOGY,Oncology Consultation,False,False,0.1051430261045866,0,0,1,1,0.0,0.0,0.0,0.0,Closed
2026-08-22,22,ONCOLOGY,Oncology Consultation,False,False,0.1051430261045866,0,0,1,1,0.0,0.0,0.0,0.0,Closed
2026-08-22,23,ONCOLOGY,Oncology Consultation,False,False,0.1051430261045866,0,0,1,1,0.0,0.0,0.0,0.0,Closed
2026-08-23,0,ONCOLOGY,Oncology Consultation,False,False,0.0982338874688012,0,0,1,1,0.0,0.0,0.0,0.0,Closed
2026-08-23,1,ONCOLOGY,Oncology Consultation,False,False,0.0982338874688012,0,0,1,1,0.0,0.0,0.0,0.0,Closed
2026-08-23,2,ONCOLOGY,Oncology Consultation,False,False,0.1093084564566402,0,0,1,1,0.0,0.0,0.0,0.0,Closed
2026-08-23,3,ONCOLOGY,Oncology Consultation,False,False,0.1093084564566402,1,0,2,2,0.0,0.0,0.0,0.0,Closed
2026-08-23,4,ONCOLOGY,Oncology Consultation,False,False,0.0256851643199013,0,0,2,2,0.0,0.0,0.0,0.0,Closed
2026-08-23,5,ONCOLOGY,Oncology Consultation,False,False,0.0,0,0,2,2,0.0,0.0,0.0,0.0,Closed
2026-08-23,6,ONCOLOGY,Oncology Consultation,False,False,0.4764857089341716,1,0,3,3,0.0,0.0,0.0,0.0,Closed
2026-08-23,7,ONCOLOGY,Oncology Consultation,False,False,0.723980010549268,0,0,3,3,0.0,0.0,0.0,0.0,Closed
2026-08-23,8,ONCOLOGY,Oncology Consultation,False,True,0.7895490967812865,0,3,0,0,330.0,663.0,12.0,0.0,Low
2026-08-23,9,ONCOLOGY,Oncology Consultation,False,True,1.2785616006697584,2,2,0,0,0.0,0.0,12.0,16.666666666666664,Low
2026-08-23,10,ONCOLOGY,Oncology Consultation,False,True,0.9311375741832716,2,2,0,0,0.0,0.0,12.0,16.666666666666664,Low
2026-08-23,11,ONCOLOGY,Oncology Consultation,False,True,0.9333977778620534,0,0,0,0,0.0,0.0,12.0,0.0,Low
2026-08-23,12,ONCOLOGY,Oncology Consultation,False,True,0.2485665890362919,0,0,0,0,0.0,0.0,12.0,0.0,Low
2026-08-23,13,ONCOLOGY,Oncology Consultation,False,True,0.1995420755181606,0,0,0,0,0.0,0.0,12.0,0.0,Low
2026-08-23,14,ONCOLOGY,Oncology Consultation,False,True,0.1446044057317189,1,1,0,0,0.0,0.0,12.0,8.333333333333332,Low
2026-08-23,15,ONCOLOGY,Oncology Consultation,False,True,0.1374695608691906,0,0,0,0,0.0,0.0,12.0,0.0,Low
2026-08-23,16,ONCOLOGY,Oncology Consultation,False,True,0.1307356633014285,0,0,0,0,0.0,0.0,12.0,0.0,Low
2026-08-23,17,ONCOLOGY,Oncology Consultation,False,False,0.1038188668214027,0,0,0,0,0.0,0.0,0.0,0.0,Closed
2026-08-23,18,ONCOLOGY,Oncology Consultation,False,False,0.1038188668214027,0,0,0,0,0.0,0.0,0.0,0.0,Closed
2026-08-23,19,ONCOLOGY,Oncology Consultation,False,False,0.1038188668214027,0,0,0,0,0.0,0.0,0.0,0.0,Closed
2026-08-23,20,ONCOLOGY,Oncology Consultation,False,False,0.1038188668214027,0,0,0,0,0.0,0.0,0.0,0.0,Closed
2026-08-23,21,ONCOLOGY,Oncology Consultation,False,False,0.1038188668214027,0,0,0,0,0.0,0.0,0.0,0.0,Closed
2026-08-23,22,ONCOLOGY,Oncology Consultation,False,False,0.1038188668214027,0,0,0,0,0.0,0.0,0.0,0.0,Closed
2026-08-23,23,ONCOLOGY,Oncology Consultation,False,False,0.1038188668214027,0,0,0,0,0.0,0.0,0.0,0.0,Closed
2026-08-24,0,ONCOLOGY,Oncology Consultation,False,False,0.3394548843631855,0,0,0,0,0.0,0.0,0.0,0.0,Closed
2026-08-24,1,ONCOLOGY,Oncology Consultation,False,False,0.3394548843631855,0,0,0,0,0.0,0.0,0.0,0.0,Closed
2026-08-24,2,ONCOLOGY,Oncology Consultation,False,False,0.3491655161444884,1,0,1,1,0.0,0.0,0.0,0.0,Closed
2026-08-24,3,ONCOLOGY,Oncology Consultation,False,False,0.3491655161444884,0,0,1,1,0.0,0.0,0.0,0.0,Closed
2026-08-24,4,ONCOLOGY,Oncology Consultation,False,False,0.4139099903503501,0,0,1,1,0.0,0.0,0.0,0.0,Closed
2026-08-24,5,ONCOLOGY,Oncology Consultation,False,False,0.5083234061310461,0,0,1,1,0.0,0.0,0.0,0.0,Closed
2026-08-24,6,ONCOLOGY,Oncology Consultation,False,False,1.1839740928378435,0,0,1,1,0.0,0.0,0.0,0.0,Closed
2026-08-24,7,ONCOLOGY,Oncology Consultation,False,False,3.4550398676691727,1,0,2,2,0.0,0.0,0.0,0.0,Closed
2026-08-24,8,ONCOLOGY,Oncology Consultation,False,True,8.614009370747073,8,10,0,0,39.4,351.0,12.0,66.66666666666666,Low
2026-08-24,9,ONCOLOGY,Oncology Consultation,False,True,5.367983681320812,3,3,0,0,0.0,0.0,12.0,25.0,Low
2026-08-24,10,ONCOLOGY,Oncology Consultation,False,True,2.302957028387654,1,1,0,0,0.0,0.0,12.0,8.333333333333332,Low
2026-08-24,11,ONCOLOGY,Oncology Consultation,False,True,1.428435376357456,6,6,0,0,0.0,0.0,12.0,50.0,Low
2026-08-24,12,ONCOLOGY,Oncology Consultation,False,True,0.6463194992038188,1,1,0,0,0.0,0.0,12.0,8.333333333333332,Low
2026-08-24,13,ONCOLOGY,Oncology Consultation,False,True,0.3958871006508403,0,0,0,0,0.0,0.0,12.0,0.0,Low
2026-08-24,14,ONCOLOGY,Oncology Consultation,False,True,0.3174918881297395,0,0,0,0,0.0,0.0,12.0,0.0,Low
2026-08-24,15,ONCOLOGY,Oncology Consultation,False,True,0.2389254855081605,0,0,0,0,0.0,0.0,12.0,0.0,Low
2026-08-24,16,ONCOLOGY,Oncology Consultation,False,True,0.228631162342699,0,0,0,0,0.0,0.0,12.0,0.0,Low
2026-08-24,17,ONCOLOGY,Oncology Consultation,False,False,0.1791589916846044,0,0,0,0,0.0,0.0,0.0,0.0,Closed
2026-08-24,18,ONCOLOGY,Oncology Consultation,False,False,0.1791589916846044,0,0,0,0,0.0,0.0,0.0,0.0,Closed
2026-08-24,19,ONCOLOGY,Oncology Consultation,False,False,0.1791589916846044,0,0,0,0,0.0,0.0,0.0,0.0,Closed
2026-08-24,20,ONCOLOGY,Oncology Consultation,False,False,0.1791589916846044,0,0,0,0,0.0,0.0,0.0,0.0,Closed
2026-08-24,21,ONCOLOGY,Oncology Consultation,False,False,0.1791589916846044,0,0,0,0,0.0,0.0,0.0,0.0,Closed
2026-08-24,22,ONCOLOGY,Oncology Consultation,False,False,0.1791589916846044,0,0,0,0,0.0,0.0,0.0,0.0,Closed
2026-08-24,23,ONCOLOGY,Oncology Consultation,False,False,0.1791589916846044,0,0,0,0,0.0,0.0,0.0,0.0,Closed
2026-08-25,0,ONCOLOGY,Oncology Consultation,False,False,0.3238388292724986,0,0,0,0,0.0,0.0,0.0,0.0,Closed
2026-08-25,1,ONCOLOGY,Oncology Consultation,False,False,0.3238388292724986,2,0,2,2,0.0,0.0,0.0,0.0,Closed
2026-08-25,2,ONCOLOGY,Oncology Consultation,False,False,0.3335494610538014,0,0,2,2,0.0,0.0,0.0,0.0,Closed
2026-08-25,3,ONCOLOGY,Oncology Consultation,False,False,0.3335494610538014,1,0,3,3,0.0,0.0,0.0,0.0,Closed
2026-08-25,4,ONCOLOGY,Oncology Consultation,False,False,0.3982939352596634,1,0,4,4,0.0,0.0,0.0,0.0,Closed
2026-08-25,5,ONCOLOGY,Oncology Consultation,False,False,0.492707351040359,0,0,4,4,0.0,0.0,0.0,0.0,Closed
2026-08-25,6,ONCOLOGY,Oncology Consultation,False,False,1.1611715871976722,1,0,5,5,0.0,0.0,0.0,0.0,Closed
2026-08-25,7,ONCOLOGY,Oncology Consultation,False,False,4.068568622331126,4,0,9,9,0.0,0.0,0.0,0.0,Closed
2026-08-25,8,ONCOLOGY,Oncology Consultation,False,True,10.970434527341675,17,12,14,14,134.41666666666666,397.0,12.0,141.66666666666669,Critical
2026-08-25,9,ONCOLOGY,Oncology Consultation,False,True,7.367133853251721,11,12,13,13,34.416666666666664,45.0,12.0,91.66666666666666,Critical
2026-08-25,10,ONCOLOGY,Oncology Consultation,False,True,3.424346081161744,5,12,6,6,51.25,63.0,12.0,41.66666666666667,Moderate
2026-08-25,11,ONCOLOGY,Oncology Consultation,False,True,1.7099024149727866,2,8,0,0,34.625,65.0,12.0,16.666666666666664,Low
2026-08-25,12,ONCOLOGY,Oncology Consultation,False,True,0.7062983915821766,2,2,0,0,0.0,0.0,12.0,16.666666666666664,Low
2026-08-25,13,ONCOLOGY,Oncology Consultation,False,True,0.4077921890235096,0,0,0,0,0.0,0.0,12.0,0.0,Low
2026-08-25,14,ONCOLOGY,Oncology Consultation,False,True,0.290184218769729,1,1,0,0,0.0,0.0,12.0,8.333333333333332,Low
2026-08-25,15,ONCOLOGY,Oncology Consultation,False,True,0.221360035764644,1,1,0,0,0.0,0.0,12.0,8.333333333333332,Low
2026-08-25,16,ONCOLOGY,Oncology Consultation,False,True,0.2110657125991827,0,0,0,0,0.0,0.0,12.0,0.0,Low
2026-08-25,17,ONCOLOGY,Oncology Consultation,False,False,0.161593541941088,0,0,0,0,0.0,0.0,0.0,0.0,Closed
2026-08-25,18,ONCOLOGY,Oncology Consultation,False,False,0.161593541941088,0,0,0,0,0.0,0.0,0.0,0.0,Closed
2026-08-25,19,ONCOLOGY,Oncology Consultation,False,False,0.161593541941088,0,0,0,0,0.0,0.0,0.0,0.0,Closed
2026-08-25,20,ONCOLOGY,Oncology Consultation,False,False,0.161593541941088,0,0,0,0,0.0,0.0,0.0,0.0,Closed
2026-08-25,21,ONCOLOGY,Oncology Consultation,False,False,0.161593541941088,0,0,0,0,0.0,0.0,0.0,0.0,Closed
2026-08-25,22,ONCOLOGY,Oncology Consultation,False,False,0.161593541941088,0,0,0,0,0.0,0.0,0.0,0.0,Closed
2026-08-25,23,ONCOLOGY,Oncology Consultation,False,False,0.161593541941088,0,0,0,0,0.0,0.0,0.0,0.0,Closed
2026-08-26,0,ONCOLOGY,Oncology Consultation,False,False,0.3489675444038759,0,0,0,0,0.0,0.0,0.0,0.0,Closed
2026-08-19,1,Ortho OPD,Orthopaedic Consultation,False,False,0.1878390154285438,0,0,0,0,0.0,0.0,0.0,0.0,Closed
2026-08-19,2,Ortho OPD,Orthopaedic Consultation,False,False,0.1784689388827328,0,0,0,0,0.0,0.0,0.0,0.0,Closed
2026-08-19,3,Ortho OPD,Orthopaedic Consultation,False,False,0.0667916955749388,0,0,0,0,0.0,0.0,0.0,0.0,Closed
2026-08-19,4,Ortho OPD,Orthopaedic Consultation,False,False,0.0690410978365372,0,0,0,0,0.0,0.0,0.0,0.0,Closed
2026-08-19,5,Ortho OPD,Orthopaedic Consultation,False,False,0.059053075785972,0,0,0,0,0.0,0.0,0.0,0.0,Closed
2026-08-19,6,Ortho OPD,Orthopaedic Consultation,False,False,0.1414341644497072,1,0,1,1,0.0,0.0,0.0,0.0,Closed
2026-08-19,7,Ortho OPD,Orthopaedic Consultation,False,False,0.149943969011236,0,0,1,1,0.0,0.0,0.0,0.0,Closed
2026-08-19,8,Ortho OPD,Orthopaedic Consultation,False,True,0.2736110671747057,0,1,0,0,77.0,77.0,18.0,0.0,Low
2026-08-19,9,Ortho OPD,Orthopaedic Consultation,False,True,0.2715284603338015,0,0,0,0,0.0,0.0,18.0,0.0,Low
2026-08-19,10,Ortho OPD,Orthopaedic Consultation,False,True,0.1403672873909242,1,1,0,0,0.0,0.0,18.0,5.555555555555555,Low
2026-08-19,11,Ortho OPD,Orthopaedic Consultation,False,True,0.140454896638663,0,0,0,0,0.0,0.0,18.0,0.0,Low
2026-08-19,12,Ortho OPD,Orthopaedic Consultation,False,True,0.0900279361466882,0,0,0,0,0.0,0.0,18.0,0.0,Low
2026-08-19,13,Ortho OPD,Orthopaedic Consultation,False,True,0.0886202411728312,0,0,0,0,0.0,0.0,18.0,0.0,Low
2026-08-19,14,Ortho OPD,Orthopaedic Consultation,False,True,0.0886202411728312,0,0,0,0,0.0,0.0,18.0,0.0,Low
2026-08-19,15,Ortho OPD,Orthopaedic Consultation,False,True,0.0886202411728312,0,0,0,0,0.0,0.0,18.0,0.0,Low
2026-08-19,16,Ortho OPD,Orthopaedic Consultation,False,True,0.0838629447944841,0,0,0,0,0.0,0.0,18.0,0.0,Low
2026-08-19,17,Ortho OPD,Orthopaedic Consultation,False,False,0.0619265273514531,0,0,0,0,0.0,0.0,0.0,0.0,Closed
2026-08-19,18,Ortho OPD,Orthopaedic Consultation,False,False,0.0615750701097582,0,0,0,0,0.0,0.0,0.0,0.0,Closed
2026-08-19,19,Ortho OPD,Orthopaedic Consultation,False,False,0.0615750701097582,0,0,0,0,0.0,0.0,0.0,0.0,Closed
2026-08-19,20,Ortho OPD,Orthopaedic Consultation,False,False,0.0615750701097582,1,0,1,1,0.0,0.0,0.0,0.0,Closed
2026-08-19,21,Ortho OPD,Orthopaedic Consultation,False,False,0.0615750701097582,0,0,1,1,0.0,0.0,0.0,0.0,Closed
2026-08-19,22,Ortho OPD,Orthopaedic Consultation,False,False,0.0615750701097582,0,0,1,1,0.0,0.0,0.0,0.0,Closed
2026-08-19,23,Ortho OPD,Orthopaedic Consultation,False,False,0.0615750701097582,0,0,1,1,0.0,0.0,0.0,0.0,Closed
2026-08-20,0,Ortho OPD,Orthopaedic Consultation,False,False,0.0517134357175768,0,0,1,1,0.0,0.0,0.0,0.0,Closed
2026-08-20,1,Ortho OPD,Orthopaedic Consultation,False,False,0.0482131126757941,0,0,1,1,0.0,0.0,0.0,0.0,Closed
2026-08-20,2,Ortho OPD,Orthopaedic Consultation,False,False,0.0098749748304326,0,0,1,1,0.0,0.0,0.0,0.0,Closed
2026-08-20,3,Ortho OPD,Orthopaedic Consultation,False,False,0.0098749748304326,0,0,1,1,0.0,0.0,0.0,0.0,Closed
2026-08-20,4,Ortho OPD,Orthopaedic Consultation,False,False,0.0121243770920309,0,0,1,1,0.0,0.0,0.0,0.0,Closed
2026-08-20,5,Ortho OPD,Orthopaedic Consultation,False,False,0.0,0,0,1,1,0.0,0.0,0.0,0.0,Closed
2026-08-20,6,Ortho OPD,Orthopaedic Consultation,False,False,0.150512627054788,0,0,1,1,0.0,0.0,0.0,0.0,Closed
2026-08-20,7,Ortho OPD,Orthopaedic Consultation,False,False,0.0696182565123332,0,0,1,1,0.0,0.0,0.0,0.0,Closed
2026-08-20,8,Ortho OPD,Orthopaedic Consultation,False,True,0.2280266472553519,0,1,0,0,680.0,680.0,18.0,0.0,Low
2026-08-20,9,Ortho OPD,Orthopaedic Consultation,False,True,0.2413047819877689,0,0,0,0,0.0,0.0,18.0,0.0,Low
2026-08-20,10,Ortho OPD,Orthopaedic Consultation,False,True,0.1252061719507808,0,0,0,0,0.0,0.0,18.0,0.0,Low
2026-08-20,11,Ortho OPD,Orthopaedic Consultation,False,True,0.1252937811985195,0,0,0,0,0.0,0.0,18.0,0.0,Low
2026-08-20,12,Ortho OPD,Orthopaedic Consultation,False,True,0.0748668207065447,0,0,0,0,0.0,0.0,18.0,0.0,Low
2026-08-20,13,Ortho OPD,Orthopaedic Consultation,False,True,0.0734591257326877,0,0,0,0,0.0,0.0,18.0,0.0,Low
2026-08-20,14,Ortho OPD,Orthopaedic Consultation,False,True,0.0734591257326877,0,0,0,0,0.0,0.0,18.0,0.0,Low
2026-08-20,15,Ortho OPD,Orthopaedic Consultation,False,True,0.0734591257326877,0,0,0,0,0.0,0.0,18.0,0.0,Low
2026-08-20,16,Ortho OPD,Orthopaedic Consultation,False,True,0.0687018293543408,0,0,0,0,0.0,0.0,18.0,0.0,Low
2026-08-20,17,Ortho OPD,Orthopaedic Consultation,False,False,0.0467654119113097,0,0,0,0,0.0,0.0,0.0,0.0,Closed
2026-08-20,18,Ortho OPD,Orthopaedic Consultation,False,False,0.0464139546696148,0,0,0,0,0.0,0.0,0.0,0.0,Closed
2026-08-20,19,Ortho OPD,Orthopaedic Consultation,False,False,0.0464139546696148,0,0,0,0,0.0,0.0,0.0,0.0,Closed
2026-08-20,20,Ortho OPD,Orthopaedic Consultation,False,False,0.0464139546696148,0,0,0,0,0.0,0.0,0.0,0.0,Closed
2026-08-20,21,Ortho OPD,Orthopaedic Consultation,False,False,0.0464139546696148,0,0,0,0,0.0,0.0,0.0,0.0,Closed
2026-08-20,22,Ortho OPD,Orthopaedic Consultation,False,False,0.0464139546696148,0,0,0,0,0.0,0.0,0.0,0.0,Closed
2026-08-20,23,Ortho OPD,Orthopaedic Consultation,False,False,0.0464139546696148,0,0,0,0,0.0,0.0,0.0,0.0,Closed
2026-08-21,0,Ortho OPD,Orthopaedic Consultation,False,False,0.0525157206206098,0,0,0,0,0.0,0.0,0.0,0.0,Closed
2026-08-21,1,Ortho OPD,Orthopaedic Consultation,False,False,0.049015397578827,0,0,0,0,0.0,0.0,0.0,0.0,Closed
2026-08-21,2,Ortho OPD,Orthopaedic Consultation,False,False,0.0,0,0,0,0,0.0,0.0,0.0,0.0,Closed
2026-08-21,3,Ortho OPD,Orthopaedic Consultation,False,False,0.134961250646234,0,0,0,0,0.0,0.0,0.0,0.0,Closed
2026-08-21,4,Ortho OPD,Orthopaedic Consultation,False,False,0.0004731043483807,0,0,0,0,0.0,0.0,0.0,0.0,Closed
2026-08-21,5,Ortho OPD,Orthopaedic Consultation,False,False,0.0,0,0,0,0,0.0,0.0,0.0,0.0,Closed
2026-08-21,6,Ortho OPD,Orthopaedic Consultation,False,False,0.151314911957821,0,0,0,0,0.0,0.0,0.0,0.0,Closed
2026-08-21,7,Ortho OPD,Orthopaedic Consultation,False,False,0.0566919714170591,0,0,0,0,0.0,0.0,0.0,0.0,Closed
2026-08-21,8,Ortho OPD,Orthopaedic Consultation,False,True,0.1971734389349389,0,0,0,0,0.0,0.0,18.0,0.0,Low
2026-08-21,9,Ortho OPD,Orthopaedic Consultation,False,True,0.2104515736673557,0,0,0,0,0.0,0.0,18.0,0.0,Low
2026-08-21,10,Ortho OPD,Orthopaedic Consultation,False,True,0.1135548992071305,0,0,0,0,0.0,0.0,18.0,0.0,Low
2026-08-21,11,Ortho OPD,Orthopaedic Consultation,False,True,0.1136425084548693,0,0,0,0,0.0,0.0,18.0,0.0,Low
2026-08-21,12,Ortho OPD,Orthopaedic Consultation,False,True,0.0756691056095777,0,0,0,0,0.0,0.0,18.0,0.0,Low
2026-08-21,13,Ortho OPD,Orthopaedic Consultation,False,True,0.0742614106357207,0,0,0,0,0.0,0.0,18.0,0.0,Low
2026-08-21,14,Ortho OPD,Orthopaedic Consultation,False,True,0.0742614106357207,0,0,0,0,0.0,0.0,18.0,0.0,Low
2026-08-21,15,Ortho OPD,Orthopaedic Consultation,False,True,0.0742614106357207,0,0,0,0,0.0,0.0,18.0,0.0,Low
2026-08-21,16,Ortho OPD,Orthopaedic Consultation,False,True,0.0695041142573737,0,0,0,0,0.0,0.0,18.0,0.0,Low
2026-08-21,17,Ortho OPD,Orthopaedic Consultation,False,False,0.0475676968143426,0,0,0,0,0.0,0.0,0.0,0.0,Closed
2026-08-21,18,Ortho OPD,Orthopaedic Consultation,False,False,0.0472162395726477,0,0,0,0,0.0,0.0,0.0,0.0,Closed
2026-08-21,19,Ortho OPD,Orthopaedic Consultation,False,False,0.0472162395726477,0,0,0,0,0.0,0.0,0.0,0.0,Closed
2026-08-21,20,Ortho OPD,Orthopaedic Consultation,False,False,0.0472162395726477,0,0,0,0,0.0,0.0,0.0,0.0,Closed
2026-08-21,21,Ortho OPD,Orthopaedic Consultation,False,False,0.0472162395726477,0,0,0,0,0.0,0.0,0.0,0.0,Closed
2026-08-21,22,Ortho OPD,Orthopaedic Consultation,False,False,0.0472162395726477,0,0,0,0,0.0,0.0,0.0,0.0,Closed
2026-08-21,23,Ortho OPD,Orthopaedic Consultation,False,False,0.0472162395726477,0,0,0,0,0.0,0.0,0.0,0.0,Closed
2026-08-22,0,Ortho OPD,Orthopaedic Consultation,False,False,0.028500330537798,0,0,0,0,0.0,0.0,0.0,0.0,Closed
2026-08-22,1,Ortho OPD,Orthopaedic Consultation,False,False,0.0250000074960152,0,0,0,0,0.0,0.0,0.0,0.0,Closed
2026-08-22,2,Ortho OPD,Orthopaedic Consultation,False,False,0.0,0,0,0,0,0.0,0.0,0.0,0.0,Closed
2026-08-22,3,Ortho OPD,Orthopaedic Consultation,False,False,0.1304666401178638,0,0,0,0,0.0,0.0,0.0,0.0,Closed
2026-08-22,4,Ortho OPD,Orthopaedic Consultation,False,False,0.0011244544798206,0,0,0,0,0.0,0.0,0.0,0.0,Closed
2026-08-22,5,Ortho OPD,Orthopaedic Consultation,False,False,0.0,0,0,0,0,0.0,0.0,0.0,0.0,Closed
2026-08-22,6,Ortho OPD,Orthopaedic Consultation,False,False,0.1390240586449711,0,0,0,0,0.0,0.0,0.0,0.0,Closed
2026-08-22,7,Ortho OPD,Orthopaedic Consultation,False,False,0.0593483217995562,0,0,0,0,0.0,0.0,0.0,0.0,Closed
2026-08-22,8,Ortho OPD,Orthopaedic Consultation,False,True,0.1806248813354552,0,0,0,0,0.0,0.0,18.0,0.0,Low
2026-08-22,9,Ortho OPD,Orthopaedic Consultation,False,True,0.1939030160678718,0,0,0,0,0.0,0.0,18.0,0.0,Low
2026-08-22,10,Ortho OPD,Orthopaedic Consultation,False,True,0.1064333104678079,0,0,0,0,0.0,0.0,18.0,0.0,Low
2026-08-22,11,Ortho OPD,Orthopaedic Consultation,False,True,0.1065209197155466,0,0,0,0,0.0,0.0,18.0,0.0,Low
2026-08-22,12,Ortho OPD,Orthopaedic Consultation,False,True,0.0559872383225782,0,0,0,0,0.0,0.0,18.0,0.0,Low
2026-08-22,13,Ortho OPD,Orthopaedic Consultation,False,True,0.054579543348721,0,0,0,0,0.0,0.0,18.0,0.0,Low
2026-08-22,14,Ortho OPD,Orthopaedic Consultation,False,True,0.054579543348721,0,0,0,0,0.0,0.0,18.0,0.0,Low
2026-08-22,15,Ortho OPD,Orthopaedic Consultation,False,True,0.054579543348721,0,0,0,0,0.0,0.0,18.0,0.0,Low
2026-08-22,16,Ortho OPD,Orthopaedic Consultation,False,True,0.0498222469703741,0,0,0,0,0.0,0.0,18.0,0.0,Low
2026-08-22,17,Ortho OPD,Orthopaedic Consultation,False,False,0.0415658499930284,0,0,0,0,0.0,0.0,0.0,0.0,Closed
2026-08-22,18,Ortho OPD,Orthopaedic Consultation,False,False,0.0412143927513335,0,0,0,0,0.0,0.0,0.0,0.0,Closed
2026-08-22,19,Ortho OPD,Orthopaedic Consultation,False,False,0.0412143927513335,0,0,0,0,0.0,0.0,0.0,0.0,Closed
2026-08-22,20,Ortho OPD,Orthopaedic Consultation,False,False,0.0412143927513335,0,0,0,0,0.0,0.0,0.0,0.0,Closed
2026-08-22,21,Ortho OPD,Orthopaedic Consultation,False,False,0.0412143927513335,0,0,0,0,0.0,0.0,0.0,0.0,Closed
2026-08-22,22,Ortho OPD,Orthopaedic Consultation,False,False,0.0412143927513335,0,0,0,0,0.0,0.0,0.0,0.0,Closed
2026-08-22,23,Ortho OPD,Orthopaedic Consultation,False,False,0.0412143927513335,0,0,0,0,0.0,0.0,0.0,0.0,Closed
2026-08-23,0,Ortho OPD,Orthopaedic Consultation,False,False,0.0269476733653251,0,0,0,0,0.0,0.0,0.0,0.0,Closed
2026-08-23,1,Ortho OPD,Orthopaedic Consultation,False,False,0.0234473503235423,0,0,0,0,0.0,0.0,0.0,0.0,Closed
2026-08-23,2,Ortho OPD,Orthopaedic Consultation,False,False,0.0,0,0,0,0,0.0,0.0,0.0,0.0,Closed
2026-08-23,3,Ortho OPD,Orthopaedic Consultation,False,False,0.128913982945391,0,0,0,0,0.0,0.0,0.0,0.0,Closed
2026-08-23,4,Ortho OPD,Orthopaedic Consultation,False,False,0.0,0,0,0,0,0.0,0.0,0.0,0.0,Closed
2026-08-23,5,Ortho OPD,Orthopaedic Consultation,False,False,0.1211753631564243,0,0,0,0,0.0,0.0,0.0,0.0,Closed
2026-08-23,6,Ortho OPD,Orthopaedic Consultation,False,False,0.0492858600655544,1,0,1,1,0.0,0.0,0.0,0.0,Closed
2026-08-23,7,Ortho OPD,Orthopaedic Consultation,False,False,0.0577956646270834,0,0,1,1,0.0,0.0,0.0,0.0,Closed
2026-08-23,8,Ortho OPD,Orthopaedic Consultation,False,True,0.1790722241629825,0,1,0,0,74.0,74.0,18.0,0.0,Low
2026-08-23,9,Ortho OPD,Orthopaedic Consultation,False,True,0.1923503588953991,1,1,0,0,0.0,0.0,18.0,5.555555555555555,Low
2026-08-23,10,Ortho OPD,Orthopaedic Consultation,False,True,0.1048806532953351,0,0,0,0,0.0,0.0,18.0,0.0,Low
2026-08-23,11,Ortho OPD,Orthopaedic Consultation,False,True,0.1049682625430738,0,0,0,0,0.0,0.0,18.0,0.0,Low
2026-08-23,12,Ortho OPD,Orthopaedic Consultation,False,True,0.0544345811501053,0,0,0,0,0.0,0.0,18.0,0.0,Low
2026-08-23,13,Ortho OPD,Orthopaedic Consultation,False,True,0.0530268861762483,0,0,0,0,0.0,0.0,18.0,0.0,Low
2026-08-23,14,Ortho OPD,Orthopaedic Consultation,False,True,0.0530268861762483,0,0,0,0,0.0,0.0,18.0,0.0,Low
2026-08-23,15,Ortho OPD,Orthopaedic Consultation,False,True,0.0530268861762483,0,0,0,0,0.0,0.0,18.0,0.0,Low
2026-08-23,16,Ortho OPD,Orthopaedic Consultation,False,True,0.0482695897979013,0,0,0,0,0.0,0.0,18.0,0.0,Low
2026-08-23,17,Ortho OPD,Orthopaedic Consultation,False,False,0.0402416907098445,0,0,0,0,0.0,0.0,0.0,0.0,Closed
2026-08-23,18,Ortho OPD,Orthopaedic Consultation,False,False,0.0398902334681496,0,0,0,0,0.0,0.0,0.0,0.0,Closed
2026-08-23,19,Ortho OPD,Orthopaedic Consultation,False,False,0.0398902334681496,0,0,0,0,0.0,0.0,0.0,0.0,Closed
2026-08-23,20,Ortho OPD,Orthopaedic Consultation,False,False,0.0398902334681496,0,0,0,0,0.0,0.0,0.0,0.0,Closed
2026-08-23,21,Ortho OPD,Orthopaedic Consultation,False,False,0.0398902334681496,0,0,0,0,0.0,0.0,0.0,0.0,Closed
2026-08-23,22,Ortho OPD,Orthopaedic Consultation,False,False,0.0398902334681496,0,0,0,0,0.0,0.0,0.0,0.0,Closed
2026-08-23,23,Ortho OPD,Orthopaedic Consultation,False,False,0.0398902334681496,0,0,0,0,0.0,0.0,0.0,0.0,Closed
2026-08-24,0,Ortho OPD,Orthopaedic Consultation,False,False,0.0256143982183025,0,0,0,0,0.0,0.0,0.0,0.0,Closed
2026-08-24,1,Ortho OPD,Orthopaedic Consultation,False,False,0.0221140751765197,0,0,0,0,0.0,0.0,0.0,0.0,Closed
2026-08-24,2,Ortho OPD,Orthopaedic Consultation,False,False,0.0,0,0,0,0,0.0,0.0,0.0,0.0,Closed
2026-08-24,3,Ortho OPD,Orthopaedic Consultation,False,False,0.1342947519105664,0,0,0,0,0.0,0.0,0.0,0.0,Closed
2026-08-24,4,Ortho OPD,Orthopaedic Consultation,False,False,0.0,0,0,0,0,0.0,0.0,0.0,0.0,Closed
2026-08-24,5,Ortho OPD,Orthopaedic Consultation,False,False,0.1265561321215996,0,0,0,0,0.0,0.0,0.0,0.0,Closed
2026-08-24,6,Ortho OPD,Orthopaedic Consultation,False,False,0.0572128350754286,0,0,0,0,0.0,0.0,0.0,0.0,Closed
2026-08-24,7,Ortho OPD,Orthopaedic Consultation,False,False,0.0657226396369577,0,0,0,0,0.0,0.0,0.0,0.0,Closed
2026-08-24,8,Ortho OPD,Orthopaedic Consultation,False,True,0.2202792425963936,0,0,0,0,0.0,0.0,18.0,0.0,Low
2026-08-24,9,Ortho OPD,Orthopaedic Consultation,False,True,0.2284757165930517,0,0,0,0,0.0,0.0,18.0,0.0,Low
2026-08-24,10,Ortho OPD,Orthopaedic Consultation,False,True,0.1238309134664025,0,0,0,0,0.0,0.0,18.0,0.0,Low
2026-08-24,11,Ortho OPD,Orthopaedic Consultation,False,True,0.1239185227141412,0,0,0,0,0.0,0.0,18.0,0.0,Low
2026-08-24,12,Ortho OPD,Orthopaedic Consultation,False,True,0.0734915622221665,0,0,0,0,0.0,0.0,18.0,0.0,Low
2026-08-24,13,Ortho OPD,Orthopaedic Consultation,False,True,0.0720838672483094,0,0,0,0,0.0,0.0,18.0,0.0,Low
2026-08-24,14,Ortho OPD,Orthopaedic Consultation,False,True,0.0720838672483094,0,0,0,0,0.0,0.0,18.0,0.0,Low
2026-08-24,15,Ortho OPD,Orthopaedic Consultation,False,True,0.0720838672483094,0,0,0,0,0.0,0.0,18.0,0.0,Low
2026-08-24,16,Ortho OPD,Orthopaedic Consultation,False,True,0.0673265708699625,0,0,0,0,0.0,0.0,18.0,0.0,Low
2026-08-24,17,Ortho OPD,Orthopaedic Consultation,False,False,0.0453901534269314,0,0,0,0,0.0,0.0,0.0,0.0,Closed
2026-08-24,18,Ortho OPD,Orthopaedic Consultation,False,False,0.0450386961852365,1,0,1,1,0.0,0.0,0.0,0.0,Closed
2026-08-24,19,Ortho OPD,Orthopaedic Consultation,False,False,0.0450386961852365,0,0,1,1,0.0,0.0,0.0,0.0,Closed
2026-08-24,20,Ortho OPD,Orthopaedic Consultation,False,False,0.0450386961852365,0,0,1,1,0.0,0.0,0.0,0.0,Closed
2026-08-24,21,Ortho OPD,Orthopaedic Consultation,False,False,0.0450386961852365,0,0,1,1,0.0,0.0,0.0,0.0,Closed
2026-08-24,22,Ortho OPD,Orthopaedic Consultation,False,False,0.0450386961852365,0,0,1,1,0.0,0.0,0.0,0.0,Closed
2026-08-24,23,Ortho OPD,Orthopaedic Consultation,False,False,0.0450386961852365,0,0,1,1,0.0,0.0,0.0,0.0,Closed
2026-08-25,0,Ortho OPD,Orthopaedic Consultation,False,False,0.0334880256570489,0,0,1,1,0.0,0.0,0.0,0.0,Closed
2026-08-25,1,Ortho OPD,Orthopaedic Consultation,False,False,0.0299877026152661,0,0,1,1,0.0,0.0,0.0,0.0,Closed
2026-08-25,2,Ortho OPD,Orthopaedic Consultation,False,False,0.0,0,0,1,1,0.0,0.0,0.0,0.0,Closed
2026-08-25,3,Ortho OPD,Orthopaedic Consultation,False,False,0.1342947519105664,0,0,1,1,0.0,0.0,0.0,0.0,Closed
2026-08-25,4,Ortho OPD,Orthopaedic Consultation,False,False,0.0,0,0,1,1,0.0,0.0,0.0,0.0,Closed
2026-08-25,5,Ortho OPD,Orthopaedic Consultation,False,False,0.1265561321215996,0,0,1,1,0.0,0.0,0.0,0.0,Closed
2026-08-25,6,Ortho OPD,Orthopaedic Consultation,False,False,0.0650864625141751,0,0,1,1,0.0,0.0,0.0,0.0,Closed
2026-08-25,7,Ortho OPD,Orthopaedic Consultation,False,False,0.0735962670757041,0,0,1,1,0.0,0.0,0.0,0.0,Closed
2026-08-25,8,Ortho OPD,Orthopaedic Consultation,False,True,0.2281528700351401,0,1,0,0,797.0,797.0,18.0,0.0,Low
2026-08-25,9,Ortho OPD,Orthopaedic Consultation,False,True,0.2260702631942359,1,1,0,0,0.0,0.0,18.0,5.555555555555555,Low
2026-08-25,10,Ortho OPD,Orthopaedic Consultation,False,True,0.1214254600675868,0,0,0,0,0.0,0.0,18.0,0.0,Low
2026-08-25,11,Ortho OPD,Orthopaedic Consultation,False,True,0.1215130693153255,0,0,0,0,0.0,0.0,18.0,0.0,Low
2026-08-25,12,Ortho OPD,Orthopaedic Consultation,False,True,0.0710861088233507,0,0,0,0,0.0,0.0,18.0,0.0,Low
2026-08-25,13,Ortho OPD,Orthopaedic Consultation,False,True,0.0696784138494936,0,0,0,0,0.0,0.0,18.0,0.0,Low
2026-08-25,14,Ortho OPD,Orthopaedic Consultation,False,True,0.0696784138494936,0,0,0,0,0.0,0.0,18.0,0.0,Low
2026-08-25,15,Ortho OPD,Orthopaedic Consultation,False,True,0.0696784138494936,0,0,0,0,0.0,0.0,18.0,0.0,Low
2026-08-25,16,Ortho OPD,Orthopaedic Consultation,False,True,0.0649211174711467,0,0,0,0,0.0,0.0,18.0,0.0,Low
2026-08-25,17,Ortho OPD,Orthopaedic Consultation,False,False,0.0429847000281156,0,0,0,0,0.0,0.0,0.0,0.0,Closed
2026-08-25,18,Ortho OPD,Orthopaedic Consultation,False,False,0.0426332427864207,0,0,0,0,0.0,0.0,0.0,0.0,Closed
2026-08-25,19,Ortho OPD,Orthopaedic Consultation,False,False,0.0426332427864207,0,0,0,0,0.0,0.0,0.0,0.0,Closed
2026-08-25,20,Ortho OPD,Orthopaedic Consultation,False,False,0.0426332427864207,0,0,0,0,0.0,0.0,0.0,0.0,Closed
2026-08-25,21,Ortho OPD,Orthopaedic Consultation,False,False,0.0426332427864207,0,0,0,0,0.0,0.0,0.0,0.0,Closed
2026-08-25,22,Ortho OPD,Orthopaedic Consultation,False,False,0.0426332427864207,0,0,0,0,0.0,0.0,0.0,0.0,Closed
2026-08-25,23,Ortho OPD,Orthopaedic Consultation,False,False,0.0426332427864207,0,0,0,0,0.0,0.0,0.0,0.0,Closed
2026-08-26,0,Ortho OPD,Orthopaedic Consultation,False,False,0.0972978556369303,0,0,0,0,0.0,0.0,0.0,0.0,Closed
2026-08-19,1,PAEDS,Paediatric Consultation,False,False,0.0004894227732387,0,0,0,0,0.0,0.0,0.0,0.0,Closed
2026-08-19,2,PAEDS,Paediatric Consultation,False,False,0.1928485619457723,0,0,0,0,0.0,0.0,0.0,0.0,Closed
2026-08-19,3,PAEDS,Paediatric Consultation,False,False,0.1928485619457723,1,0,1,1,0.0,0.0,0.0,0.0,Closed
2026-08-19,4,PAEDS,Paediatric Consultation,False,False,0.1950979642073707,1,0,2,2,0.0,0.0,0.0,0.0,Closed
2026-08-19,5,PAEDS,Paediatric Consultation,False,False,0.1851099421568054,0,0,2,2,0.0,0.0,0.0,0.0,Closed
2026-08-19,6,PAEDS,Paediatric Consultation,False,False,0.2927591160738241,0,0,2,2,0.0,0.0,0.0,0.0,Closed
2026-08-19,7,PAEDS,Paediatric Consultation,False,False,0.3005777475689484,0,0,2,2,0.0,0.0,0.0,0.0,Closed
2026-08-19,8,PAEDS,Paediatric Consultation,False,True,0.347955883146599,0,2,0,0,261.5,288.0,18.0,0.0,Low
2026-08-19,9,PAEDS,Paediatric Consultation,False,True,0.3458732763056948,1,1,0,0,0.0,0.0,18.0,5.555555555555555,Low
2026-08-19,10,PAEDS,Paediatric Consultation,False,True,0.2210401413960455,0,0,0,0,0.0,0.0,18.0,0.0,Low
2026-08-19,11,PAEDS,Paediatric Consultation,False,True,0.2211277506437843,0,0,0,0,0.0,0.0,18.0,0.0,Low
2026-08-19,12,PAEDS,Paediatric Consultation,False,True,0.1771344955180175,0,0,0,0,0.0,0.0,18.0,0.0,Low
2026-08-19,13,PAEDS,Paediatric Consultation,False,True,0.1567003974084722,0,0,0,0,0.0,0.0,18.0,0.0,Low
2026-08-19,14,PAEDS,Paediatric Consultation,False,True,0.1567003974084722,0,0,0,0,0.0,0.0,18.0,0.0,Low
2026-08-19,15,PAEDS,Paediatric Consultation,False,True,0.1555132310553673,0,0,0,0,0.0,0.0,18.0,0.0,Low
2026-08-19,16,PAEDS,Paediatric Consultation,False,True,0.1481445538008281,0,0,0,0,0.0,0.0,18.0,0.0,Low
2026-08-19,17,PAEDS,Paediatric Consultation,False,False,0.1300041546299128,0,0,0,0,0.0,0.0,0.0,0.0,Closed
2026-08-19,18,PAEDS,Paediatric Consultation,False,False,0.1300041546299128,1,0,1,1,0.0,0.0,0.0,0.0,Closed
2026-08-19,19,PAEDS,Paediatric Consultation,False,False,0.1300041546299128,0,0,1,1,0.0,0.0,0.0,0.0,Closed
2026-08-19,20,PAEDS,Paediatric Consultation,False,False,0.1300041546299128,0,0,1,1,0.0,0.0,0.0,0.0,Closed
2026-08-19,21,PAEDS,Paediatric Consultation,False,False,0.1300041546299128,0,0,1,1,0.0,0.0,0.0,0.0,Closed
2026-08-19,22,PAEDS,Paediatric Consultation,False,False,0.1300041546299128,0,0,1,1,0.0,0.0,0.0,0.0,Closed
2026-08-19,23,PAEDS,Paediatric Consultation,False,False,0.1300041546299128,0,0,1,1,0.0,0.0,0.0,0.0,Closed
2026-08-20,0,PAEDS,Paediatric Consultation,False,False,0.1525248376937078,0,0,1,1,0.0,0.0,0.0,0.0,Closed
2026-08-20,1,PAEDS,Paediatric Consultation,False,False,0.1525248376937078,0,0,1,1,0.0,0.0,0.0,0.0,Closed
2026-08-20,2,PAEDS,Paediatric Consultation,False,False,0.1518793997910408,1,0,2,2,0.0,0.0,0.0,0.0,Closed
2026-08-20,3,PAEDS,Paediatric Consultation,False,False,0.1518793997910408,0,0,2,2,0.0,0.0,0.0,0.0,Closed
2026-08-20,4,PAEDS,Paediatric Consultation,False,False,0.1541288020526391,0,0,2,2,0.0,0.0,0.0,0.0,Closed
2026-08-20,5,PAEDS,Paediatric Consultation,False,False,0.131138291167955,0,0,2,2,0.0,0.0,0.0,0.0,Closed
2026-08-20,6,PAEDS,Paediatric Consultation,False,False,0.2387874650849737,0,0,2,2,0.0,0.0,0.0,0.0,Closed
2026-08-20,7,PAEDS,Paediatric Consultation,False,False,0.246606096580098,0,0,2,2,0.0,0.0,0.0,0.0,Closed
2026-08-20,8,PAEDS,Paediatric Consultation,False,True,0.3005103134210652,0,2,0,0,548.5,791.0,18.0,0.0,Low
2026-08-20,9,PAEDS,Paediatric Consultation,False,True,0.3137884481534819,0,0,0,0,0.0,0.0,18.0,0.0,Low
2026-08-20,10,PAEDS,Paediatric Consultation,False,True,0.204017876149722,1,1,0,0,0.0,0.0,18.0,5.555555555555555,Low
2026-08-20,11,PAEDS,Paediatric Consultation,False,True,0.2041054853974607,0,0,0,0,0.0,0.0,18.0,0.0,Low
2026-08-20,12,PAEDS,Paediatric Consultation,False,True,0.1707148369263652,0,0,0,0,0.0,0.0,18.0,0.0,Low
2026-08-20,13,PAEDS,Paediatric Consultation,False,True,0.1502807388168198,0,0,0,0,0.0,0.0,18.0,0.0,Low
2026-08-20,14,PAEDS,Paediatric Consultation,False,True,0.1502807388168198,0,0,0,0,0.0,0.0,18.0,0.0,Low
2026-08-20,15,PAEDS,Paediatric Consultation,False,True,0.149093572463715,0,0,0,0,0.0,0.0,18.0,0.0,Low
2026-08-20,16,PAEDS,Paediatric Consultation,False,True,0.1417248952091758,0,0,0,0,0.0,0.0,18.0,0.0,Low
2026-08-20,17,PAEDS,Paediatric Consultation,False,False,0.1235844960382604,0,0,0,0,0.0,0.0,0.0,0.0,Closed
2026-08-20,18,PAEDS,Paediatric Consultation,False,False,0.1235844960382604,0,0,0,0,0.0,0.0,0.0,0.0,Closed
2026-08-20,19,PAEDS,Paediatric Consultation,False,False,0.1235844960382604,0,0,0,0,0.0,0.0,0.0,0.0,Closed
2026-08-20,20,PAEDS,Paediatric Consultation,False,False,0.1235844960382604,0,0,0,0,0.0,0.0,0.0,0.0,Closed
2026-08-20,21,PAEDS,Paediatric Consultation,False,False,0.1235844960382604,0,0,0,0,0.0,0.0,0.0,0.0,Closed
2026-08-20,22,PAEDS,Paediatric Consultation,False,False,0.1235844960382604,0,0,0,0,0.0,0.0,0.0,0.0,Closed
2026-08-20,23,PAEDS,Paediatric Consultation,False,False,0.1235844960382604,0,0,0,0,0.0,0.0,0.0,0.0,Closed
2026-08-21,0,PAEDS,Paediatric Consultation,False,False,0.1533271225967408,0,0,0,0,0.0,0.0,0.0,0.0,Closed
2026-08-21,1,PAEDS,Paediatric Consultation,False,False,0.1533271225967408,0,0,0,0,0.0,0.0,0.0,0.0,Closed
2026-08-21,2,PAEDS,Paediatric Consultation,False,False,0.1402281270473906,0,0,0,0,0.0,0.0,0.0,0.0,Closed
2026-08-21,3,PAEDS,Paediatric Consultation,False,False,0.1402281270473906,0,0,0,0,0.0,0.0,0.0,0.0,Closed
2026-08-21,4,PAEDS,Paediatric Consultation,False,False,0.1424775293089889,0,0,0,0,0.0,0.0,0.0,0.0,Closed
2026-08-21,5,PAEDS,Paediatric Consultation,False,False,0.1182120060726809,0,0,0,0,0.0,0.0,0.0,0.0,Closed
2026-08-21,6,PAEDS,Paediatric Consultation,False,False,0.2258611799896995,0,0,0,0,0.0,0.0,0.0,0.0,Closed
2026-08-21,7,PAEDS,Paediatric Consultation,False,False,0.2336798114848238,0,0,0,0,0.0,0.0,0.0,0.0,Closed
2026-08-21,8,PAEDS,Paediatric Consultation,False,True,0.2888590406774149,0,0,0,0,0.0,0.0,18.0,0.0,Low
2026-08-21,9,PAEDS,Paediatric Consultation,False,True,0.3021371754098316,0,0,0,0,0.0,0.0,18.0,0.0,Low
2026-08-21,10,PAEDS,Paediatric Consultation,False,True,0.1923666034060717,0,0,0,0,0.0,0.0,18.0,0.0,Low
2026-08-21,11,PAEDS,Paediatric Consultation,False,True,0.1924542126538105,0,0,0,0,0.0,0.0,18.0,0.0,Low
2026-08-21,12,PAEDS,Paediatric Consultation,False,True,0.1715171218293981,0,0,0,0,0.0,0.0,18.0,0.0,Low
2026-08-21,13,PAEDS,Paediatric Consultation,False,True,0.1510830237198528,0,0,0,0,0.0,0.0,18.0,0.0,Low
2026-08-21,14,PAEDS,Paediatric Consultation,False,True,0.1510830237198528,0,0,0,0,0.0,0.0,18.0,0.0,Low
2026-08-21,15,PAEDS,Paediatric Consultation,False,True,0.1498958573667479,0,0,0,0,0.0,0.0,18.0,0.0,Low
2026-08-21,16,PAEDS,Paediatric Consultation,False,True,0.1425271801122087,0,0,0,0,0.0,0.0,18.0,0.0,Low
2026-08-21,17,PAEDS,Paediatric Consultation,False,False,0.1243867809412933,0,0,0,0,0.0,0.0,0.0,0.0,Closed
2026-08-21,18,PAEDS,Paediatric Consultation,False,False,0.1243867809412933,0,0,0,0,0.0,0.0,0.0,0.0,Closed
2026-08-21,19,PAEDS,Paediatric Consultation,False,False,0.1243867809412933,0,0,0,0,0.0,0.0,0.0,0.0,Closed
2026-08-21,20,PAEDS,Paediatric Consultation,False,False,0.1243867809412933,0,0,0,0,0.0,0.0,0.0,0.0,Closed
2026-08-21,21,PAEDS,Paediatric Consultation,False,False,0.1243867809412933,0,0,0,0,0.0,0.0,0.0,0.0,Closed
2026-08-21,22,PAEDS,Paediatric Consultation,False,False,0.1243867809412933,0,0,0,0,0.0,0.0,0.0,0.0,Closed
2026-08-21,23,PAEDS,Paediatric Consultation,False,False,0.1243867809412933,0,0,0,0,0.0,0.0,0.0,0.0,Closed
2026-08-22,0,PAEDS,Paediatric Consultation,False,False,0.1660434392284973,0,0,0,0,0.0,0.0,0.0,0.0,Closed
2026-08-22,1,PAEDS,Paediatric Consultation,False,False,0.1660434392284973,0,0,0,0,0.0,0.0,0.0,0.0,Closed
2026-08-22,2,PAEDS,Paediatric Consultation,False,False,0.1521448399003155,0,0,0,0,0.0,0.0,0.0,0.0,Closed
2026-08-22,3,PAEDS,Paediatric Consultation,False,False,0.1521448399003155,0,0,0,0,0.0,0.0,0.0,0.0,Closed
2026-08-22,4,PAEDS,Paediatric Consultation,False,False,0.1212262796638102,0,0,0,0,0.0,0.0,0.0,0.0,Closed
2026-08-22,5,PAEDS,Paediatric Consultation,False,False,0.0969607564275023,0,0,0,0,0.0,0.0,0.0,0.0,Closed
2026-08-22,6,PAEDS,Paediatric Consultation,False,False,0.2111912038396584,0,0,0,0,0.0,0.0,0.0,0.0,Closed
2026-08-22,7,PAEDS,Paediatric Consultation,False,False,0.2190098353347828,0,0,0,0,0.0,0.0,0.0,0.0,Closed
2026-08-22,8,PAEDS,Paediatric Consultation,False,True,0.2624875868792359,0,0,0,0,0.0,0.0,18.0,0.0,Low
2026-08-22,9,PAEDS,Paediatric Consultation,False,True,0.2757657216116526,0,0,0,0,0.0,0.0,18.0,0.0,Low
2026-08-22,10,PAEDS,Paediatric Consultation,False,True,0.1727355497187463,0,0,0,0,0.0,0.0,18.0,0.0,Low
2026-08-22,11,PAEDS,Paediatric Consultation,False,True,0.172823158966485,0,0,0,0,0.0,0.0,18.0,0.0,Low
2026-08-22,12,PAEDS,Paediatric Consultation,False,True,0.1487210747957543,0,0,0,0,0.0,0.0,18.0,0.0,Low
2026-08-22,13,PAEDS,Paediatric Consultation,False,True,0.1394739395628766,0,0,0,0,0.0,0.0,18.0,0.0,Low
2026-08-22,14,PAEDS,Paediatric Consultation,False,True,0.1394739395628766,0,0,0,0,0.0,0.0,18.0,0.0,Low
2026-08-22,15,PAEDS,Paediatric Consultation,False,True,0.1382867732097718,0,0,0,0,0.0,0.0,18.0,0.0,Low
2026-08-22,16,PAEDS,Paediatric Consultation,False,True,0.1309180959552326,0,0,0,0,0.0,0.0,18.0,0.0,Low
2026-08-22,17,PAEDS,Paediatric Consultation,False,False,0.1100391256064206,0,0,0,0,0.0,0.0,0.0,0.0,Closed
2026-08-22,18,PAEDS,Paediatric Consultation,False,False,0.1100391256064206,0,0,0,0,0.0,0.0,0.0,0.0,Closed
2026-08-22,19,PAEDS,Paediatric Consultation,False,False,0.1100391256064206,1,0,1,1,0.0,0.0,0.0,0.0,Closed
2026-08-22,20,PAEDS,Paediatric Consultation,False,False,0.1100391256064206,0,0,1,1,0.0,0.0,0.0,0.0,Closed
2026-08-22,21,PAEDS,Paediatric Consultation,False,False,0.1100391256064206,1,0,2,2,0.0,0.0,0.0,0.0,Closed
2026-08-22,22,PAEDS,Paediatric Consultation,False,False,0.1100391256064206,0,0,2,2,0.0,0.0,0.0,0.0,Closed
2026-08-22,23,PAEDS,Paediatric Consultation,False,False,0.1100391256064206,0,0,2,2,0.0,0.0,0.0,0.0,Closed
2026-08-23,0,PAEDS,Paediatric Consultation,False,False,0.1644907820560245,0,0,2,2,0.0,0.0,0.0,0.0,Closed
2026-08-23,1,PAEDS,Paediatric Consultation,False,False,0.1644907820560245,0,0,2,2,0.0,0.0,0.0,0.0,Closed
2026-08-23,2,PAEDS,Paediatric Consultation,False,False,0.1505921827278427,1,0,3,3,0.0,0.0,0.0,0.0,Closed
2026-08-23,3,PAEDS,Paediatric Consultation,False,False,0.1505921827278427,0,0,3,3,0.0,0.0,0.0,0.0,Closed
2026-08-23,4,PAEDS,Paediatric Consultation,False,False,0.1196736224913375,0,0,3,3,0.0,0.0,0.0,0.0,Closed
2026-08-23,5,PAEDS,Paediatric Consultation,False,False,0.0954080992550295,0,0,3,3,0.0,0.0,0.0,0.0,Closed
2026-08-23,6,PAEDS,Paediatric Consultation,False,False,0.2096385466671857,1,0,4,4,0.0,0.0,0.0,0.0,Closed
2026-08-23,7,PAEDS,Paediatric Consultation,False,False,0.21745717816231,0,0,4,4,0.0,0.0,0.0,0.0,Closed
2026-08-23,8,PAEDS,Paediatric Consultation,False,True,0.2609349297067632,0,4,0,0,449.0,751.0,18.0,0.0,Low
2026-08-23,9,PAEDS,Paediatric Consultation,False,True,0.2742130644391799,0,0,0,0,0.0,0.0,18.0,0.0,Low
2026-08-23,10,PAEDS,Paediatric Consultation,False,True,0.1711828925462735,0,0,0,0,0.0,0.0,18.0,0.0,Low
2026-08-23,11,PAEDS,Paediatric Consultation,False,True,0.1712705017940122,0,0,0,0,0.0,0.0,18.0,0.0,Low
2026-08-23,12,PAEDS,Paediatric Consultation,False,True,0.1471684176232815,0,0,0,0,0.0,0.0,18.0,0.0,Low
2026-08-23,13,PAEDS,Paediatric Consultation,False,True,0.1379212823904038,0,0,0,0,0.0,0.0,18.0,0.0,Low
2026-08-23,14,PAEDS,Paediatric Consultation,False,True,0.1379212823904038,0,0,0,0,0.0,0.0,18.0,0.0,Low
2026-08-23,15,PAEDS,Paediatric Consultation,False,True,0.136734116037299,0,0,0,0,0.0,0.0,18.0,0.0,Low
2026-08-23,16,PAEDS,Paediatric Consultation,False,True,0.1293654387827598,0,0,0,0,0.0,0.0,18.0,0.0,Low
2026-08-23,17,PAEDS,Paediatric Consultation,False,False,0.1087149663232366,0,0,0,0,0.0,0.0,0.0,0.0,Closed
2026-08-23,18,PAEDS,Paediatric Consultation,False,False,0.1087149663232366,0,0,0,0,0.0,0.0,0.0,0.0,Closed
2026-08-23,19,PAEDS,Paediatric Consultation,False,False,0.1087149663232366,0,0,0,0,0.0,0.0,0.0,0.0,Closed
2026-08-23,20,PAEDS,Paediatric Consultation,False,False,0.1087149663232366,0,0,0,0,0.0,0.0,0.0,0.0,Closed
2026-08-23,21,PAEDS,Paediatric Consultation,False,False,0.1087149663232366,1,0,1,1,0.0,0.0,0.0,0.0,Closed
2026-08-23,22,PAEDS,Paediatric Consultation,False,False,0.1087149663232366,0,0,1,1,0.0,0.0,0.0,0.0,Closed
2026-08-23,23,PAEDS,Paediatric Consultation,False,False,0.1087149663232366,0,0,1,1,0.0,0.0,0.0,0.0,Closed
2026-08-24,0,PAEDS,Paediatric Consultation,False,False,0.1361605774393602,1,0,2,2,0.0,0.0,0.0,0.0,Closed
2026-08-24,1,PAEDS,Paediatric Consultation,False,False,0.1361605774393602,0,0,2,2,0.0,0.0,0.0,0.0,Closed
2026-08-24,2,PAEDS,Paediatric Consultation,False,False,0.1290387319658908,0,0,2,2,0.0,0.0,0.0,0.0,Closed
2026-08-24,3,PAEDS,Paediatric Consultation,False,False,0.1290387319658908,0,0,2,2,0.0,0.0,0.0,0.0,Closed
2026-08-24,4,PAEDS,Paediatric Consultation,False,False,0.1312881342274892,0,0,2,2,0.0,0.0,0.0,0.0,Closed
2026-08-24,5,PAEDS,Paediatric Consultation,False,False,0.1213001121769239,1,0,3,3,0.0,0.0,0.0,0.0,Closed
2026-08-24,6,PAEDS,Paediatric Consultation,False,False,0.2289492860939425,0,0,3,3,0.0,0.0,0.0,0.0,Closed
2026-08-24,7,PAEDS,Paediatric Consultation,False,False,0.2367679175890668,0,0,3,3,0.0,0.0,0.0,0.0,Closed
2026-08-24,8,PAEDS,Paediatric Consultation,False,True,0.3024976860070337,0,3,0,0,414.0,634.0,18.0,0.0,Low
2026-08-24,9,PAEDS,Paediatric Consultation,False,True,0.3004150791661296,0,0,0,0,0.0,0.0,18.0,0.0,Low
2026-08-24,10,PAEDS,Paediatric Consultation,False,True,0.2020983140727082,0,0,0,0,0.0,0.0,18.0,0.0,Low
2026-08-24,11,PAEDS,Paediatric Consultation,False,True,0.202185923320447,1,1,0,0,0.0,0.0,18.0,5.555555555555555,Low
2026-08-24,12,PAEDS,Paediatric Consultation,False,True,0.1581926681946801,0,0,0,0,0.0,0.0,18.0,0.0,Low
2026-08-24,13,PAEDS,Paediatric Consultation,False,True,0.1377585700851347,0,0,0,0,0.0,0.0,18.0,0.0,Low
2026-08-24,14,PAEDS,Paediatric Consultation,False,True,0.1377585700851347,0,0,0,0,0.0,0.0,18.0,0.0,Low
2026-08-24,15,PAEDS,Paediatric Consultation,False,True,0.1365714037320299,0,0,0,0,0.0,0.0,18.0,0.0,Low
2026-08-24,16,PAEDS,Paediatric Consultation,False,True,0.1292027264774907,0,0,0,0,0.0,0.0,18.0,0.0,Low
2026-08-24,17,PAEDS,Paediatric Consultation,False,False,0.1110623273065754,0,0,0,0,0.0,0.0,0.0,0.0,Closed
2026-08-24,18,PAEDS,Paediatric Consultation,False,False,0.1110623273065754,0,0,0,0,0.0,0.0,0.0,0.0,Closed
2026-08-24,19,PAEDS,Paediatric Consultation,False,False,0.1110623273065754,0,0,0,0,0.0,0.0,0.0,0.0,Closed
2026-08-24,20,PAEDS,Paediatric Consultation,False,False,0.1110623273065754,0,0,0,0,0.0,0.0,0.0,0.0,Closed
2026-08-24,21,PAEDS,Paediatric Consultation,False,False,0.1110623273065754,1,0,1,1,0.0,0.0,0.0,0.0,Closed
2026-08-24,22,PAEDS,Paediatric Consultation,False,False,0.1110623273065754,0,0,1,1,0.0,0.0,0.0,0.0,Closed
2026-08-24,23,PAEDS,Paediatric Consultation,False,False,0.1110623273065754,0,0,1,1,0.0,0.0,0.0,0.0,Closed
2026-08-25,0,PAEDS,Paediatric Consultation,False,False,0.1361605774393602,0,0,1,1,0.0,0.0,0.0,0.0,Closed
2026-08-25,1,PAEDS,Paediatric Consultation,False,False,0.1361605774393602,0,0,1,1,0.0,0.0,0.0,0.0,Closed
2026-08-25,2,PAEDS,Paediatric Consultation,False,False,0.1290387319658908,0,0,1,1,0.0,0.0,0.0,0.0,Closed
2026-08-25,3,PAEDS,Paediatric Consultation,False,False,0.1290387319658908,1,0,2,2,0.0,0.0,0.0,0.0,Closed
2026-08-25,4,PAEDS,Paediatric Consultation,False,False,0.1312881342274892,0,0,2,2,0.0,0.0,0.0,0.0,Closed
2026-08-25,5,PAEDS,Paediatric Consultation,False,False,0.1213001121769239,0,0,2,2,0.0,0.0,0.0,0.0,Closed
2026-08-25,6,PAEDS,Paediatric Consultation,False,False,0.2289492860939425,1,0,3,3,0.0,0.0,0.0,0.0,Closed
2026-08-25,7,PAEDS,Paediatric Consultation,False,False,0.2367679175890668,0,0,3,3,0.0,0.0,0.0,0.0,Closed
2026-08-25,8,PAEDS,Paediatric Consultation,False,True,0.3024976860070337,2,5,0,0,206.6,646.0,18.0,11.11111111111111,Low
2026-08-25,9,PAEDS,Paediatric Consultation,False,True,0.3004150791661296,1,1,0,0,0.0,0.0,18.0,5.555555555555555,Low
2026-08-25,10,PAEDS,Paediatric Consultation,False,True,0.2020983140727082,0,0,0,0,0.0,0.0,18.0,0.0,Low
2026-08-25,11,PAEDS,Paediatric Consultation,False,True,0.202185923320447,0,0,0,0,0.0,0.0,18.0,0.0,Low
2026-08-25,12,PAEDS,Paediatric Consultation,False,True,0.1581926681946801,0,0,0,0,0.0,0.0,18.0,0.0,Low
2026-08-25,13,PAEDS,Paediatric Consultation,False,True,0.1377585700851347,0,0,0,0,0.0,0.0,18.0,0.0,Low
2026-08-25,14,PAEDS,Paediatric Consultation,False,True,0.1377585700851347,0,0,0,0,0.0,0.0,18.0,0.0,Low
2026-08-25,15,PAEDS,Paediatric Consultation,False,True,0.1365714037320299,0,0,0,0,0.0,0.0,18.0,0.0,Low
2026-08-25,16,PAEDS,Paediatric Consultation,False,True,0.1292027264774907,0,0,0,0,0.0,0.0,18.0,0.0,Low
2026-08-25,17,PAEDS,Paediatric Consultation,False,False,0.1110623273065754,1,0,1,1,0.0,0.0,0.0,0.0,Closed
2026-08-25,18,PAEDS,Paediatric Consultation,False,False,0.1110623273065754,0,0,1,1,0.0,0.0,0.0,0.0,Closed
2026-08-25,19,PAEDS,Paediatric Consultation,False,False,0.1110623273065754,0,0,1,1,0.0,0.0,0.0,0.0,Closed
2026-08-25,20,PAEDS,Paediatric Consultation,False,False,0.1110623273065754,0,0,1,1,0.0,0.0,0.0,0.0,Closed
2026-08-25,21,PAEDS,Paediatric Consultation,False,False,0.1110623273065754,0,0,1,1,0.0,0.0,0.0,0.0,Closed
2026-08-25,22,PAEDS,Paediatric Consultation,False,False,0.1110623273065754,0,0,1,1,0.0,0.0,0.0,0.0,Closed
2026-08-25,23,PAEDS,Paediatric Consultation,False,False,0.1110623273065754,0,0,1,1,0.0,0.0,0.0,0.0,Closed
2026-08-26,0,PAEDS,Paediatric Consultation,False,False,0.1999704074192417,0,0,1,1,0.0,0.0,0.0,0.0,Closed
2026-08-19,1,PAEDS BKKH,Paediatric Surgical Service,False,False,2.645506989212941,4,0,4,4,0.0,0.0,0.0,0.0,Closed
2026-08-19,2,PAEDS BKKH,Paediatric Surgical Service,False,False,2.69399462626732,2,0,6,6,0.0,0.0,0.0,0.0,Closed
2026-08-19,3,PAEDS BKKH,Paediatric Surgical Service,False,False,1.9520532317975816,4,0,10,10,0.0,0.0,0.0,0.0,Closed
2026-08-19,4,PAEDS BKKH,Paediatric Surgical Service,False,False,0.8343959951791706,2,0,12,12,0.0,0.0,0.0,0.0,Closed
2026-08-19,5,PAEDS BKKH,Paediatric Surgical Service,False,False,2.042272299341473,4,0,16,16,0.0,0.0,0.0,0.0,Closed
2026-08-19,6,PAEDS BKKH,Paediatric Surgical Service,False,False,3.6803627946607183,6,0,22,22,0.0,0.0,0.0,0.0,Closed
2026-08-19,7,PAEDS BKKH,Paediatric Surgical Service,False,False,6.4945420555418725,10,0,32,32,0.0,0.0,0.0,0.0,Closed
2026-08-19,8,PAEDS BKKH,Paediatric Surgical Service,False,True,10.761275007829871,14,12,34,34,322.75,389.0,12.0,116.66666666666669,Critical
2026-08-19,9,PAEDS BKKH,Paediatric Surgical Service,False,True,7.778368230619344,6,12,28,28,186.83333333333331,238.0,12.0,50.0,Critical
2026-08-19,10,PAEDS BKKH,Paediatric Surgical Service,False,True,4.46828881272966,2,12,18,18,144.5,162.0,12.0,16.666666666666664,Critical
2026-08-19,11,PAEDS BKKH,Paediatric Surgical Service,False,True,2.758486086193729,5,12,11,11,155.33333333333334,171.0,12.0,41.66666666666667,Moderate
2026-08-19,12,PAEDS BKKH,Paediatric Surgical Service,False,True,1.360833884540564,1,12,0,0,93.08333333333331,164.0,12.0,8.333333333333332,Low
2026-08-19,13,PAEDS BKKH,Paediatric Surgical Service,False,True,0.6500535943222661,0,0,0,0,0.0,0.0,12.0,0.0,Low
2026-08-19,14,PAEDS BKKH,Paediatric Surgical Service,False,True,0.4412119791741238,0,0,0,0,0.0,0.0,12.0,0.0,Low
2026-08-19,15,PAEDS BKKH,Paediatric Surgical Service,False,True,0.2775989562708167,0,0,0,0,0.0,0.0,12.0,0.0,Low
2026-08-19,16,PAEDS BKKH,Paediatric Surgical Service,False,True,0.1950272167365923,0,0,0,0,0.0,0.0,12.0,0.0,Low
2026-08-19,17,PAEDS BKKH,Paediatric Surgical Service,False,False,0.1163869984014711,0,0,0,0,0.0,0.0,0.0,0.0,Closed
2026-08-19,18,PAEDS BKKH,Paediatric Surgical Service,False,False,0.1160355411597762,0,0,0,0,0.0,0.0,0.0,0.0,Closed
2026-08-19,19,PAEDS BKKH,Paediatric Surgical Service,False,False,0.1160355411597762,0,0,0,0,0.0,0.0,0.0,0.0,Closed
2026-08-19,20,PAEDS BKKH,Paediatric Surgical Service,False,False,0.1160355411597762,0,0,0,0,0.0,0.0,0.0,0.0,Closed
2026-08-19,21,PAEDS BKKH,Paediatric Surgical Service,False,False,0.1160355411597762,0,0,0,0,0.0,0.0,0.0,0.0,Closed
2026-08-19,22,PAEDS BKKH,Paediatric Surgical Service,False,False,0.1160355411597762,0,0,0,0,0.0,0.0,0.0,0.0,Closed
2026-08-19,23,PAEDS BKKH,Paediatric Surgical Service,False,False,0.1160355411597762,1,0,1,1,0.0,0.0,0.0,0.0,Closed
2026-08-20,0,PAEDS BKKH,Paediatric Surgical Service,False,False,0.5874513485574421,0,0,1,1,0.0,0.0,0.0,0.0,Closed
2026-08-20,1,PAEDS BKKH,Paediatric Surgical Service,False,False,0.5759145909075043,2,0,3,3,0.0,0.0,0.0,0.0,Closed
2026-08-20,2,PAEDS BKKH,Paediatric Surgical Service,False,False,0.5815562327743806,0,0,3,3,0.0,0.0,0.0,0.0,Closed
2026-08-20,3,PAEDS BKKH,Paediatric Surgical Service,False,False,0.7655733294280093,0,0,3,3,0.0,0.0,0.0,0.0,Closed
2026-08-20,4,PAEDS BKKH,Paediatric Surgical Service,False,False,0.810063638347649,1,0,4,4,0.0,0.0,0.0,0.0,Closed
2026-08-20,5,PAEDS BKKH,Paediatric Surgical Service,False,False,1.2324427278144685,0,0,4,4,0.0,0.0,0.0,0.0,Closed
2026-08-20,6,PAEDS BKKH,Paediatric Surgical Service,False,False,1.97733970471344,2,0,6,6,0.0,0.0,0.0,0.0,Closed
2026-08-20,7,PAEDS BKKH,Paediatric Surgical Service,False,False,3.3161022030628056,6,0,12,12,0.0,0.0,0.0,0.0,Closed
2026-08-20,8,PAEDS BKKH,Paediatric Surgical Service,False,True,5.59821836168949,3,12,3,3,168.5,511.0,12.0,25.0,Moderate
2026-08-20,9,PAEDS BKKH,Paediatric Surgical Service,False,True,4.742133149693757,3,6,0,0,17.666666666666668,50.0,12.0,25.0,Low
2026-08-20,10,PAEDS BKKH,Paediatric Surgical Service,False,True,2.5659487151113067,2,2,0,0,0.0,0.0,12.0,16.666666666666664,Low
2026-08-20,11,PAEDS BKKH,Paediatric Surgical Service,False,True,1.8500772812759183,3,3,0,0,0.0,0.0,12.0,25.0,Low
2026-08-20,12,PAEDS BKKH,Paediatric Surgical Service,False,True,0.9017165705688652,1,1,0,0,0.0,0.0,12.0,8.333333333333332,Low
2026-08-20,13,PAEDS BKKH,Paediatric Surgical Service,False,True,0.4220505448443211,0,0,0,0,0.0,0.0,12.0,0.0,Low
2026-08-20,14,PAEDS BKKH,Paediatric Surgical Service,False,True,0.2647432824111121,1,1,0,0,0.0,0.0,12.0,8.333333333333332,Low
2026-08-20,15,PAEDS BKKH,Paediatric Surgical Service,False,True,0.2621355807315264,0,0,0,0,0.0,0.0,12.0,0.0,Low
2026-08-20,16,PAEDS BKKH,Paediatric Surgical Service,False,True,0.179563841197302,0,0,0,0,0.0,0.0,12.0,0.0,Low
2026-08-20,17,PAEDS BKKH,Paediatric Surgical Service,False,False,0.1092805049575112,0,0,0,0,0.0,0.0,0.0,0.0,Closed
2026-08-20,18,PAEDS BKKH,Paediatric Surgical Service,False,False,0.1089290477158163,0,0,0,0,0.0,0.0,0.0,0.0,Closed
2026-08-20,19,PAEDS BKKH,Paediatric Surgical Service,False,False,0.1089290477158163,0,0,0,0,0.0,0.0,0.0,0.0,Closed
2026-08-20,20,PAEDS BKKH,Paediatric Surgical Service,False,False,0.1089290477158163,0,0,0,0,0.0,0.0,0.0,0.0,Closed
2026-08-20,21,PAEDS BKKH,Paediatric Surgical Service,False,False,0.1089290477158163,0,0,0,0,0.0,0.0,0.0,0.0,Closed
2026-08-20,22,PAEDS BKKH,Paediatric Surgical Service,False,False,0.1089290477158163,0,0,0,0,0.0,0.0,0.0,0.0,Closed
2026-08-20,23,PAEDS BKKH,Paediatric Surgical Service,False,False,0.1089290477158163,1,0,1,1,0.0,0.0,0.0,0.0,Closed
2026-08-21,0,PAEDS BKKH,Paediatric Surgical Service,False,False,0.3972174249869571,0,0,1,1,0.0,0.0,0.0,0.0,Closed
2026-08-21,1,PAEDS BKKH,Paediatric Surgical Service,False,False,0.3856806673370195,0,0,1,1,0.0,0.0,0.0,0.0,Closed
2026-08-21,2,PAEDS BKKH,Paediatric Surgical Service,False,False,0.3620362743024405,0,0,1,1,0.0,0.0,0.0,0.0,Closed
2026-08-21,3,PAEDS BKKH,Paediatric Surgical Service,False,False,0.3620362743024405,1,0,2,2,0.0,0.0,0.0,0.0,Closed
2026-08-21,4,PAEDS BKKH,Paediatric Surgical Service,False,False,0.3115809446638055,1,0,3,3,0.0,0.0,0.0,0.0,Closed
2026-08-21,5,PAEDS BKKH,Paediatric Surgical Service,False,False,0.290627603377017,0,0,3,3,0.0,0.0,0.0,0.0,Closed
2026-08-21,6,PAEDS BKKH,Paediatric Surgical Service,False,False,0.7481398325259444,0,0,3,3,0.0,0.0,0.0,0.0,Closed
2026-08-21,7,PAEDS BKKH,Paediatric Surgical Service,False,False,1.5560574739841082,1,0,4,4,0.0,0.0,0.0,0.0,Closed
2026-08-21,8,PAEDS BKKH,Paediatric Surgical Service,False,True,2.964300118206327,7,11,0,0,95.36363636363636,532.0,12.0,58.333333333333336,Low
2026-08-21,9,PAEDS BKKH,Paediatric Surgical Service,False,True,2.7629423091434533,2,2,0,0,0.0,0.0,12.0,16.666666666666664,Low
2026-08-21,10,PAEDS BKKH,Paediatric Surgical Service,False,True,1.5972566119957037,1,1,0,0,0.0,0.0,12.0,8.333333333333332,Low
2026-08-21,11,PAEDS BKKH,Paediatric Surgical Service,False,True,1.1810300669546263,0,0,0,0,0.0,0.0,12.0,0.0,Low
2026-08-21,12,PAEDS BKKH,Paediatric Surgical Service,False,True,0.5803498256209693,0,0,0,0,0.0,0.0,12.0,0.0,Low
2026-08-21,13,PAEDS BKKH,Paediatric Surgical Service,False,True,0.2360623102350671,0,0,0,0,0.0,0.0,12.0,0.0,Low
2026-08-21,14,PAEDS BKKH,Paediatric Surgical Service,False,True,0.2458045298515613,1,1,0,0,0.0,0.0,12.0,8.333333333333332,Low
2026-08-21,15,PAEDS BKKH,Paediatric Surgical Service,False,True,0.1807321278600087,0,0,0,0,0.0,0.0,12.0,0.0,Low
2026-08-21,16,PAEDS BKKH,Paediatric Surgical Service,False,True,0.1530980581122267,0,0,0,0,0.0,0.0,12.0,0.0,Low
2026-08-21,17,PAEDS BKKH,Paediatric Surgical Service,False,False,0.0795422915436638,1,0,1,1,0.0,0.0,0.0,0.0,Closed
2026-08-21,18,PAEDS BKKH,Paediatric Surgical Service,False,False,0.0791908343019689,0,0,1,1,0.0,0.0,0.0,0.0,Closed
2026-08-21,19,PAEDS BKKH,Paediatric Surgical Service,False,False,0.0791908343019689,0,0,1,1,0.0,0.0,0.0,0.0,Closed
2026-08-21,20,PAEDS BKKH,Paediatric Surgical Service,False,False,0.0791908343019689,0,0,1,1,0.0,0.0,0.0,0.0,Closed
2026-08-21,21,PAEDS BKKH,Paediatric Surgical Service,False,False,0.0791908343019689,0,0,1,1,0.0,0.0,0.0,0.0,Closed
2026-08-21,22,PAEDS BKKH,Paediatric Surgical Service,False,False,0.0791908343019689,0,0,1,1,0.0,0.0,0.0,0.0,Closed
2026-08-21,23,PAEDS BKKH,Paediatric Surgical Service,False,False,0.0791908343019689,0,0,1,1,0.0,0.0,0.0,0.0,Closed
2026-08-22,0,PAEDS BKKH,Paediatric Surgical Service,False,False,0.4395427692912689,1,0,2,2,0.0,0.0,0.0,0.0,Closed
2026-08-22,1,PAEDS BKKH,Paediatric Surgical Service,False,False,0.430946970085553,0,0,2,2,0.0,0.0,0.0,0.0,Closed
2026-08-22,2,PAEDS BKKH,Paediatric Surgical Service,False,False,0.355211154915064,1,0,3,3,0.0,0.0,0.0,0.0,Closed
2026-08-22,3,PAEDS BKKH,Paediatric Surgical Service,False,False,0.3336059628197992,0,0,3,3,0.0,0.0,0.0,0.0,Closed
2026-08-22,4,PAEDS BKKH,Paediatric Surgical Service,False,False,0.2499826706830603,0,0,3,3,0.0,0.0,0.0,0.0,Closed
2026-08-22,5,PAEDS BKKH,Paediatric Surgical Service,False,False,0.1624457398610758,1,0,4,4,0.0,0.0,0.0,0.0,Closed
2026-08-22,6,PAEDS BKKH,Paediatric Surgical Service,False,False,0.6131004261599619,0,0,4,4,0.0,0.0,0.0,0.0,Closed
2026-08-22,7,PAEDS BKKH,Paediatric Surgical Service,False,False,0.942879011743562,1,0,5,5,0.0,0.0,0.0,0.0,Closed
2026-08-22,8,PAEDS BKKH,Paediatric Surgical Service,False,True,1.6893190103832876,2,7,0,0,268.42857142857144,874.0,12.0,16.666666666666664,Low
2026-08-22,9,PAEDS BKKH,Paediatric Surgical Service,False,True,1.803141875253255,1,1,0,0,0.0,0.0,12.0,8.333333333333332,Low
2026-08-22,10,PAEDS BKKH,Paediatric Surgical Service,False,True,0.9369410194434632,0,0,0,0,0.0,0.0,12.0,0.0,Low
2026-08-22,11,PAEDS BKKH,Paediatric Surgical Service,False,True,1.137956405372159,2,2,0,0,0.0,0.0,12.0,16.666666666666664,Low
2026-08-22,12,PAEDS BKKH,Paediatric Surgical Service,False,True,0.4020412964760423,1,1,0,0,0.0,0.0,12.0,8.333333333333332,Low
2026-08-22,13,PAEDS BKKH,Paediatric Surgical Service,False,True,0.2135776043056286,0,0,0,0,0.0,0.0,12.0,0.0,Low
2026-08-22,14,PAEDS BKKH,Paediatric Surgical Service,False,True,0.2135776043056286,0,0,0,0,0.0,0.0,12.0,0.0,Low
2026-08-22,15,PAEDS BKKH,Paediatric Surgical Service,False,True,0.1503179233035537,0,0,0,0,0.0,0.0,12.0,0.0,Low
2026-08-22,16,PAEDS BKKH,Paediatric Surgical Service,False,True,0.1369130356916395,0,0,0,0,0.0,0.0,12.0,0.0,Low
2026-08-22,17,PAEDS BKKH,Paediatric Surgical Service,False,False,0.0908617878583929,0,0,0,0,0.0,0.0,0.0,0.0,Closed
2026-08-22,18,PAEDS BKKH,Paediatric Surgical Service,False,False,0.090510330616698,0,0,0,0,0.0,0.0,0.0,0.0,Closed
2026-08-22,19,PAEDS BKKH,Paediatric Surgical Service,False,False,0.090510330616698,0,0,0,0,0.0,0.0,0.0,0.0,Closed
2026-08-22,20,PAEDS BKKH,Paediatric Surgical Service,False,False,0.090510330616698,0,0,0,0,0.0,0.0,0.0,0.0,Closed
2026-08-22,21,PAEDS BKKH,Paediatric Surgical Service,False,False,0.090510330616698,0,0,0,0,0.0,0.0,0.0,0.0,Closed
2026-08-22,22,PAEDS BKKH,Paediatric Surgical Service,False,False,0.090510330616698,0,0,0,0,0.0,0.0,0.0,0.0,Closed
2026-08-22,23,PAEDS BKKH,Paediatric Surgical Service,False,False,0.090510330616698,0,0,0,0,0.0,0.0,0.0,0.0,Closed
2026-08-23,0,PAEDS BKKH,Paediatric Surgical Service,False,False,0.437990112118796,0,0,0,0,0.0,0.0,0.0,0.0,Closed
2026-08-23,1,PAEDS BKKH,Paediatric Surgical Service,False,False,0.4293943129130801,1,0,1,1,0.0,0.0,0.0,0.0,Closed
2026-08-23,2,PAEDS BKKH,Paediatric Surgical Service,False,False,0.3536584977425911,0,0,1,1,0.0,0.0,0.0,0.0,Closed
2026-08-23,3,PAEDS BKKH,Paediatric Surgical Service,False,False,0.3320533056473264,0,0,1,1,0.0,0.0,0.0,0.0,Closed
2026-08-23,4,PAEDS BKKH,Paediatric Surgical Service,False,False,0.2484300135105873,0,0,1,1,0.0,0.0,0.0,0.0,Closed
2026-08-23,5,PAEDS BKKH,Paediatric Surgical Service,False,False,0.160893082688603,0,0,1,1,0.0,0.0,0.0,0.0,Closed
2026-08-23,6,PAEDS BKKH,Paediatric Surgical Service,False,False,0.611547768987489,1,0,2,2,0.0,0.0,0.0,0.0,Closed
2026-08-23,7,PAEDS BKKH,Paediatric Surgical Service,False,False,0.9413263545710888,1,0,3,3,0.0,0.0,0.0,0.0,Closed
2026-08-23,8,PAEDS BKKH,Paediatric Surgical Service,False,True,1.6819898091918433,2,5,0,0,99.6,373.0,12.0,16.666666666666664,Low
2026-08-23,9,PAEDS BKKH,Paediatric Surgical Service,False,True,1.777395569485661,0,0,0,0,0.0,0.0,12.0,0.0,Low
2026-08-23,10,PAEDS BKKH,Paediatric Surgical Service,False,True,0.9111947136758686,0,0,0,0,0.0,0.0,12.0,0.0,Low
2026-08-23,11,PAEDS BKKH,Paediatric Surgical Service,False,True,1.1364037481996858,0,0,0,0,0.0,0.0,12.0,0.0,Low
2026-08-23,12,PAEDS BKKH,Paediatric Surgical Service,False,True,0.4004886393035696,0,0,0,0,0.0,0.0,12.0,0.0,Low
2026-08-23,13,PAEDS BKKH,Paediatric Surgical Service,False,True,0.2120249471331558,0,0,0,0,0.0,0.0,12.0,0.0,Low
2026-08-23,14,PAEDS BKKH,Paediatric Surgical Service,False,True,0.2120249471331558,0,0,0,0,0.0,0.0,12.0,0.0,Low
2026-08-23,15,PAEDS BKKH,Paediatric Surgical Service,False,True,0.1487652661310809,0,0,0,0,0.0,0.0,12.0,0.0,Low
2026-08-23,16,PAEDS BKKH,Paediatric Surgical Service,False,True,0.1353603785191667,0,0,0,0,0.0,0.0,12.0,0.0,Low
2026-08-23,17,PAEDS BKKH,Paediatric Surgical Service,False,False,0.0895376285752089,0,0,0,0,0.0,0.0,0.0,0.0,Closed
2026-08-23,18,PAEDS BKKH,Paediatric Surgical Service,False,False,0.089186171333514,0,0,0,0,0.0,0.0,0.0,0.0,Closed
2026-08-23,19,PAEDS BKKH,Paediatric Surgical Service,False,False,0.089186171333514,0,0,0,0,0.0,0.0,0.0,0.0,Closed
2026-08-23,20,PAEDS BKKH,Paediatric Surgical Service,False,False,0.089186171333514,0,0,0,0,0.0,0.0,0.0,0.0,Closed
2026-08-23,21,PAEDS BKKH,Paediatric Surgical Service,False,False,0.089186171333514,0,0,0,0,0.0,0.0,0.0,0.0,Closed
2026-08-23,22,PAEDS BKKH,Paediatric Surgical Service,False,False,0.089186171333514,0,0,0,0,0.0,0.0,0.0,0.0,Closed
2026-08-23,23,PAEDS BKKH,Paediatric Surgical Service,False,False,0.089186171333514,0,0,0,0,0.0,0.0,0.0,0.0,Closed
2026-08-24,0,PAEDS BKKH,Paediatric Surgical Service,False,False,0.4721433059413901,0,0,0,0,0.0,0.0,0.0,0.0,Closed
2026-08-24,1,PAEDS BKKH,Paediatric Surgical Service,False,False,0.4606065482914522,0,0,0,0,0.0,0.0,0.0,0.0,Closed
2026-08-24,2,PAEDS BKKH,Paediatric Surgical Service,False,False,0.4360560268656935,0,0,0,0,0.0,0.0,0.0,0.0,Closed
2026-08-24,3,PAEDS BKKH,Paediatric Surgical Service,False,False,0.4360560268656935,0,0,0,0,0.0,0.0,0.0,0.0,Closed
2026-08-24,4,PAEDS BKKH,Paediatric Surgical Service,False,False,0.4805463357853333,0,0,0,0,0.0,0.0,0.0,0.0,Closed
2026-08-24,5,PAEDS BKKH,Paediatric Surgical Service,False,False,0.5600061827602499,0,0,0,0,0.0,0.0,0.0,0.0,Closed
2026-08-24,6,PAEDS BKKH,Paediatric Surgical Service,False,False,1.041032180881144,0,0,0,0,0.0,0.0,0.0,0.0,Closed
2026-08-24,7,PAEDS BKKH,Paediatric Surgical Service,False,False,2.370728247273563,2,0,2,2,0.0,0.0,0.0,0.0,Closed
2026-08-24,8,PAEDS BKKH,Paediatric Surgical Service,False,True,4.882471902884988,2,4,0,0,16.25,55.0,12.0,16.666666666666664,Low
2026-08-24,9,PAEDS BKKH,Paediatric Surgical Service,False,True,3.828395765905343,7,7,0,0,0.0,0.0,12.0,58.333333333333336,Low
2026-08-24,10,PAEDS BKKH,Paediatric Surgical Service,False,True,2.403485109756882,2,2,0,0,0.0,0.0,12.0,16.666666666666664,Low
2026-08-24,11,PAEDS BKKH,Paediatric Surgical Service,False,True,1.6104782537903108,1,1,0,0,0.0,0.0,12.0,8.333333333333332,Low
2026-08-24,12,PAEDS BKKH,Paediatric Surgical Service,False,True,0.8206201056717277,0,0,0,0,0.0,0.0,12.0,0.0,Low
2026-08-24,13,PAEDS BKKH,Paediatric Surgical Service,False,True,0.4362982554961331,0,0,0,0,0.0,0.0,12.0,0.0,Low
2026-08-24,14,PAEDS BKKH,Paediatric Surgical Service,False,True,0.2789909930629242,0,0,0,0,0.0,0.0,12.0,0.0,Low
2026-08-24,15,PAEDS BKKH,Paediatric Surgical Service,False,True,0.26527209948555,0,0,0,0,0.0,0.0,12.0,0.0,Low
2026-08-24,16,PAEDS BKKH,Paediatric Surgical Service,False,True,0.1827003599513255,0,0,0,0,0.0,0.0,12.0,0.0,Low
2026-08-24,17,PAEDS BKKH,Paediatric Surgical Service,False,False,0.0974451710781337,0,0,0,0,0.0,0.0,0.0,0.0,Closed
2026-08-24,18,PAEDS BKKH,Paediatric Surgical Service,False,False,0.0970937138364388,1,0,1,1,0.0,0.0,0.0,0.0,Closed
2026-08-24,19,PAEDS BKKH,Paediatric Surgical Service,False,False,0.0970937138364388,0,0,1,1,0.0,0.0,0.0,0.0,Closed
2026-08-24,20,PAEDS BKKH,Paediatric Surgical Service,False,False,0.0970937138364388,0,0,1,1,0.0,0.0,0.0,0.0,Closed
2026-08-24,21,PAEDS BKKH,Paediatric Surgical Service,False,False,0.0970937138364388,0,0,1,1,0.0,0.0,0.0,0.0,Closed
2026-08-24,22,PAEDS BKKH,Paediatric Surgical Service,False,False,0.0970937138364388,0,0,1,1,0.0,0.0,0.0,0.0,Closed
2026-08-24,23,PAEDS BKKH,Paediatric Surgical Service,False,False,0.0970937138364388,0,0,1,1,0.0,0.0,0.0,0.0,Closed
2026-08-25,0,PAEDS BKKH,Paediatric Surgical Service,False,False,0.4796239839157521,0,0,1,1,0.0,0.0,0.0,0.0,Closed
2026-08-25,1,PAEDS BKKH,Paediatric Surgical Service,False,False,0.4680872262658143,1,0,2,2,0.0,0.0,0.0,0.0,Closed
2026-08-25,2,PAEDS BKKH,Paediatric Surgical Service,False,False,0.4435367048400554,1,0,3,3,0.0,0.0,0.0,0.0,Closed
2026-08-25,3,PAEDS BKKH,Paediatric Surgical Service,False,False,0.4435367048400554,1,0,4,4,0.0,0.0,0.0,0.0,Closed
2026-08-25,4,PAEDS BKKH,Paediatric Surgical Service,False,False,0.4880270137596955,1,0,5,5,0.0,0.0,0.0,0.0,Closed
2026-08-25,5,PAEDS BKKH,Paediatric Surgical Service,False,False,0.5674868607346121,0,0,5,5,0.0,0.0,0.0,0.0,Closed
2026-08-25,6,PAEDS BKKH,Paediatric Surgical Service,False,False,1.0413264083060214,1,0,6,6,0.0,0.0,0.0,0.0,Closed
2026-08-25,7,PAEDS BKKH,Paediatric Surgical Service,False,False,2.3825192557564603,6,0,12,12,0.0,0.0,0.0,0.0,Closed
2026-08-25,8,PAEDS BKKH,Paediatric Surgical Service,False,True,4.845594511263313,7,12,7,7,202.66666666666663,789.0,12.0,58.333333333333336,Moderate
2026-08-25,9,PAEDS BKKH,Paediatric Surgical Service,False,True,3.9073931214839903,3,10,0,0,27.5,53.0,12.0,25.0,Low
2026-08-25,10,PAEDS BKKH,Paediatric Surgical Service,False,True,2.490778602354718,3,3,0,0,0.0,0.0,12.0,25.0,Low
2026-08-25,11,PAEDS BKKH,Paediatric Surgical Service,False,True,1.6179589317646728,0,0,0,0,0.0,0.0,12.0,0.0,Low
2026-08-25,12,PAEDS BKKH,Paediatric Surgical Service,False,True,0.8281007836460897,0,0,0,0,0.0,0.0,12.0,0.0,Low
2026-08-25,13,PAEDS BKKH,Paediatric Surgical Service,False,True,0.4362982554961331,1,1,0,0,0.0,0.0,12.0,8.333333333333332,Low
2026-08-25,14,PAEDS BKKH,Paediatric Surgical Service,False,True,0.2789909930629242,0,0,0,0,0.0,0.0,12.0,0.0,Low
2026-08-25,15,PAEDS BKKH,Paediatric Surgical Service,False,True,0.26527209948555,0,0,0,0,0.0,0.0,12.0,0.0,Low
2026-08-25,16,PAEDS BKKH,Paediatric Surgical Service,False,True,0.1827003599513255,0,0,0,0,0.0,0.0,12.0,0.0,Low
2026-08-25,17,PAEDS BKKH,Paediatric Surgical Service,False,False,0.0974451710781337,1,0,1,1,0.0,0.0,0.0,0.0,Closed
2026-08-25,18,PAEDS BKKH,Paediatric Surgical Service,False,False,0.0970937138364388,0,0,1,1,0.0,0.0,0.0,0.0,Closed
2026-08-25,19,PAEDS BKKH,Paediatric Surgical Service,False,False,0.0970937138364388,1,0,2,2,0.0,0.0,0.0,0.0,Closed
2026-08-25,20,PAEDS BKKH,Paediatric Surgical Service,False,False,0.0970937138364388,1,0,3,3,0.0,0.0,0.0,0.0,Closed
2026-08-25,21,PAEDS BKKH,Paediatric Surgical Service,False,False,0.0970937138364388,0,0,3,3,0.0,0.0,0.0,0.0,Closed
2026-08-25,22,PAEDS BKKH,Paediatric Surgical Service,False,False,0.0970937138364388,0,0,3,3,0.0,0.0,0.0,0.0,Closed
2026-08-25,23,PAEDS BKKH,Paediatric Surgical Service,False,False,0.0970937138364388,0,0,3,3,0.0,0.0,0.0,0.0,Closed
2026-08-26,0,PAEDS BKKH,Paediatric Surgical Service,False,False,0.6721751935895687,1,0,4,4,0.0,0.0,0.0,0.0,Closed
2026-08-19,1,PALLIATIVE,Palliative Care Consultation,False,False,0.0020570316176379,0,0,0,0,0.0,0.0,0.0,0.0,Closed
2026-08-19,2,PALLIATIVE,Palliative Care Consultation,False,False,0.073687960571217,0,0,0,0,0.0,0.0,0.0,0.0,Closed
2026-08-19,3,PALLIATIVE,Palliative Care Consultation,False,False,0.073687960571217,0,0,0,0,0.0,0.0,0.0,0.0,Closed
2026-08-19,4,PALLIATIVE,Palliative Care Consultation,False,False,0.0759373628328153,0,0,0,0,0.0,0.0,0.0,0.0,Closed
2026-08-19,5,PALLIATIVE,Palliative Care Consultation,False,False,0.06594934078225,0,0,0,0,0.0,0.0,0.0,0.0,Closed
2026-08-19,6,PALLIATIVE,Palliative Care Consultation,False,False,0.1736339604682787,1,0,1,1,0.0,0.0,0.0,0.0,Closed
2026-08-19,7,PALLIATIVE,Palliative Care Consultation,False,False,0.1821437650298076,0,0,1,1,0.0,0.0,0.0,0.0,Closed
2026-08-19,8,PALLIATIVE,Palliative Care Consultation,False,True,0.2721283626954831,0,1,0,0,77.0,77.0,12.0,0.0,Low
2026-08-19,9,PALLIATIVE,Palliative Care Consultation,False,True,0.2700457558545789,0,0,0,0,0.0,0.0,12.0,0.0,Low
2026-08-19,10,PALLIATIVE,Palliative Care Consultation,False,True,0.1388845829117016,1,1,0,0,0.0,0.0,12.0,8.333333333333332,Low
2026-08-19,11,PALLIATIVE,Palliative Care Consultation,False,True,0.1389721921594403,0,0,0,0,0.0,0.0,12.0,0.0,Low
2026-08-19,12,PALLIATIVE,Palliative Care Consultation,False,True,0.0889724734268234,0,0,0,0,0.0,0.0,12.0,0.0,Low
2026-08-19,13,PALLIATIVE,Palliative Care Consultation,False,True,0.0879621625990264,0,0,0,0,0.0,0.0,12.0,0.0,Low
2026-08-19,14,PALLIATIVE,Palliative Care Consultation,False,True,0.0879621625990264,0,0,0,0,0.0,0.0,12.0,0.0,Low
2026-08-19,15,PALLIATIVE,Palliative Care Consultation,False,True,0.0879621625990264,0,0,0,0,0.0,0.0,12.0,0.0,Low
2026-08-19,16,PALLIATIVE,Palliative Care Consultation,False,True,0.0832048662206794,0,0,0,0,0.0,0.0,12.0,0.0,Low
2026-08-19,17,PALLIATIVE,Palliative Care Consultation,False,False,0.0622154255204608,0,0,0,0,0.0,0.0,0.0,0.0,Closed
2026-08-19,18,PALLIATIVE,Palliative Care Consultation,False,False,0.0619136068512615,0,0,0,0,0.0,0.0,0.0,0.0,Closed
2026-08-19,19,PALLIATIVE,Palliative Care Consultation,False,False,0.0619136068512615,0,0,0,0,0.0,0.0,0.0,0.0,Closed
2026-08-19,20,PALLIATIVE,Palliative Care Consultation,False,False,0.0619136068512615,1,0,1,1,0.0,0.0,0.0,0.0,Closed
2026-08-19,21,PALLIATIVE,Palliative Care Consultation,False,False,0.0619136068512615,0,0,1,1,0.0,0.0,0.0,0.0,Closed
2026-08-19,22,PALLIATIVE,Palliative Care Consultation,False,False,0.0619136068512615,0,0,1,1,0.0,0.0,0.0,0.0,Closed
2026-08-19,23,PALLIATIVE,Palliative Care Consultation,False,False,0.0619136068512615,0,0,1,1,0.0,0.0,0.0,0.0,Closed
2026-08-20,0,PALLIATIVE,Palliative Care Consultation,False,False,0.0491000627639596,0,0,1,1,0.0,0.0,0.0,0.0,Closed
2026-08-20,1,PALLIATIVE,Palliative Care Consultation,False,False,0.0477035241699934,0,0,1,1,0.0,0.0,0.0,0.0,Closed
2026-08-20,2,PALLIATIVE,Palliative Care Consultation,False,False,0.0300044701896085,0,0,1,1,0.0,0.0,0.0,0.0,Closed
2026-08-20,3,PALLIATIVE,Palliative Care Consultation,False,False,0.0300044701896085,0,0,1,1,0.0,0.0,0.0,0.0,Closed
2026-08-20,4,PALLIATIVE,Palliative Care Consultation,False,False,0.0322538724512068,0,0,1,1,0.0,0.0,0.0,0.0,Closed
2026-08-20,5,PALLIATIVE,Palliative Care Consultation,False,False,0.0092633615665228,0,0,1,1,0.0,0.0,0.0,0.0,Closed
2026-08-20,6,PALLIATIVE,Palliative Care Consultation,False,False,0.1065414783322734,0,0,1,1,0.0,0.0,0.0,0.0,Closed
2026-08-20,7,PALLIATIVE,Palliative Care Consultation,False,False,0.1150512828938022,0,0,1,1,0.0,0.0,0.0,0.0,Closed
2026-08-20,8,PALLIATIVE,Palliative Care Consultation,False,True,0.2265439427761292,0,1,0,0,680.0,680.0,12.0,0.0,Low
2026-08-20,9,PALLIATIVE,Palliative Care Consultation,False,True,0.2398220775085463,0,0,0,0,0.0,0.0,12.0,0.0,Low
2026-08-20,10,PALLIATIVE,Palliative Care Consultation,False,True,0.1237234674715581,0,0,0,0,0.0,0.0,12.0,0.0,Low
2026-08-20,11,PALLIATIVE,Palliative Care Consultation,False,True,0.1238110767192968,0,0,0,0,0.0,0.0,12.0,0.0,Low
2026-08-20,12,PALLIATIVE,Palliative Care Consultation,False,True,0.07381135798668,0,0,0,0,0.0,0.0,12.0,0.0,Low
2026-08-20,13,PALLIATIVE,Palliative Care Consultation,False,True,0.072801047158883,0,0,0,0,0.0,0.0,12.0,0.0,Low
2026-08-20,14,PALLIATIVE,Palliative Care Consultation,False,True,0.072801047158883,0,0,0,0,0.0,0.0,12.0,0.0,Low
2026-08-20,15,PALLIATIVE,Palliative Care Consultation,False,True,0.072801047158883,0,0,0,0,0.0,0.0,12.0,0.0,Low
2026-08-20,16,PALLIATIVE,Palliative Care Consultation,False,True,0.068043750780536,0,0,0,0,0.0,0.0,12.0,0.0,Low
2026-08-20,17,PALLIATIVE,Palliative Care Consultation,False,False,0.0470543100803175,0,0,0,0,0.0,0.0,0.0,0.0,Closed
2026-08-20,18,PALLIATIVE,Palliative Care Consultation,False,False,0.0467524914111182,0,0,0,0,0.0,0.0,0.0,0.0,Closed
2026-08-20,19,PALLIATIVE,Palliative Care Consultation,False,False,0.0467524914111182,0,0,0,0,0.0,0.0,0.0,0.0,Closed
2026-08-20,20,PALLIATIVE,Palliative Care Consultation,False,False,0.0467524914111182,0,0,0,0,0.0,0.0,0.0,0.0,Closed
2026-08-20,21,PALLIATIVE,Palliative Care Consultation,False,False,0.0467524914111182,0,0,0,0,0.0,0.0,0.0,0.0,Closed
2026-08-20,22,PALLIATIVE,Palliative Care Consultation,False,False,0.0467524914111182,0,0,0,0,0.0,0.0,0.0,0.0,Closed
2026-08-20,23,PALLIATIVE,Palliative Care Consultation,False,False,0.0467524914111182,0,0,0,0,0.0,0.0,0.0,0.0,Closed
2026-08-21,0,PALLIATIVE,Palliative Care Consultation,False,False,0.0499023476669925,0,0,0,0,0.0,0.0,0.0,0.0,Closed
2026-08-21,1,PALLIATIVE,Palliative Care Consultation,False,False,0.0485058090730263,0,0,0,0,0.0,0.0,0.0,0.0,Closed
2026-08-21,2,PALLIATIVE,Palliative Care Consultation,False,False,0.0466035198680964,0,0,0,0,0.0,0.0,0.0,0.0,Closed
2026-08-21,3,PALLIATIVE,Palliative Care Consultation,False,False,0.0466035198680964,0,0,0,0,0.0,0.0,0.0,0.0,Closed
2026-08-21,4,PALLIATIVE,Palliative Care Consultation,False,False,0.0488529221296947,0,0,0,0,0.0,0.0,0.0,0.0,Closed
2026-08-21,5,PALLIATIVE,Palliative Care Consultation,False,False,0.0245873988933868,0,0,0,0,0.0,0.0,0.0,0.0,Closed
2026-08-21,6,PALLIATIVE,Palliative Care Consultation,False,False,0.1218655156591374,0,0,0,0,0.0,0.0,0.0,0.0,Closed
2026-08-21,7,PALLIATIVE,Palliative Care Consultation,False,False,0.1303753202206662,0,0,0,0,0.0,0.0,0.0,0.0,Closed
2026-08-21,8,PALLIATIVE,Palliative Care Consultation,False,True,0.2239410568778543,0,0,0,0,0.0,0.0,12.0,0.0,Low
2026-08-21,9,PALLIATIVE,Palliative Care Consultation,False,True,0.2372191916102711,0,0,0,0,0.0,0.0,12.0,0.0,Low
2026-08-21,10,PALLIATIVE,Palliative Care Consultation,False,True,0.140322517150046,0,0,0,0,0.0,0.0,12.0,0.0,Low
2026-08-21,11,PALLIATIVE,Palliative Care Consultation,False,True,0.1404101263977847,0,0,0,0,0.0,0.0,12.0,0.0,Low
2026-08-21,12,PALLIATIVE,Palliative Care Consultation,False,True,0.0746136428897129,0,0,0,0,0.0,0.0,12.0,0.0,Low
2026-08-21,13,PALLIATIVE,Palliative Care Consultation,False,True,0.0736033320619159,0,0,0,0,0.0,0.0,12.0,0.0,Low
2026-08-21,14,PALLIATIVE,Palliative Care Consultation,False,True,0.0736033320619159,0,0,0,0,0.0,0.0,12.0,0.0,Low
2026-08-21,15,PALLIATIVE,Palliative Care Consultation,False,True,0.0736033320619159,0,0,0,0,0.0,0.0,12.0,0.0,Low
2026-08-21,16,PALLIATIVE,Palliative Care Consultation,False,True,0.0688460356835689,0,0,0,0,0.0,0.0,12.0,0.0,Low
2026-08-21,17,PALLIATIVE,Palliative Care Consultation,False,False,0.0478565949833503,0,0,0,0,0.0,0.0,0.0,0.0,Closed
2026-08-21,18,PALLIATIVE,Palliative Care Consultation,False,False,0.047554776314151,0,0,0,0,0.0,0.0,0.0,0.0,Closed
2026-08-21,19,PALLIATIVE,Palliative Care Consultation,False,False,0.047554776314151,0,0,0,0,0.0,0.0,0.0,0.0,Closed
2026-08-21,20,PALLIATIVE,Palliative Care Consultation,False,False,0.047554776314151,0,0,0,0,0.0,0.0,0.0,0.0,Closed
2026-08-21,21,PALLIATIVE,Palliative Care Consultation,False,False,0.047554776314151,0,0,0,0,0.0,0.0,0.0,0.0,Closed
2026-08-21,22,PALLIATIVE,Palliative Care Consultation,False,False,0.047554776314151,0,0,0,0,0.0,0.0,0.0,0.0,Closed
2026-08-21,23,PALLIATIVE,Palliative Care Consultation,False,False,0.047554776314151,0,0,0,0,0.0,0.0,0.0,0.0,Closed
2026-08-22,0,PALLIATIVE,Palliative Care Consultation,False,False,0.0258671473371972,0,0,0,0,0.0,0.0,0.0,0.0,Closed
2026-08-22,1,PALLIATIVE,Palliative Care Consultation,False,False,0.024470608743231,0,0,0,0,0.0,0.0,0.0,0.0,Closed
2026-08-22,2,PALLIATIVE,Palliative Care Consultation,False,False,0.0189847373304148,0,0,0,0,0.0,0.0,0.0,0.0,Closed
2026-08-22,3,PALLIATIVE,Palliative Care Consultation,False,False,0.0189847373304148,0,0,0,0,0.0,0.0,0.0,0.0,Closed
2026-08-22,4,PALLIATIVE,Palliative Care Consultation,False,False,0.0212341395920131,0,0,0,0,0.0,0.0,0.0,0.0,Closed
2026-08-22,5,PALLIATIVE,Palliative Care Consultation,False,False,0.0,0,0,0,0,0.0,0.0,0.0,0.0,Closed
2026-08-22,6,PALLIATIVE,Palliative Care Consultation,False,False,0.1708238314553607,0,0,0,0,0.0,0.0,0.0,0.0,Closed
2026-08-22,7,PALLIATIVE,Palliative Care Consultation,False,False,0.1051737746276714,0,0,0,0,0.0,0.0,0.0,0.0,Closed
2026-08-22,8,PALLIATIVE,Palliative Care Consultation,False,True,0.1795346033028784,0,0,0,0,0.0,0.0,12.0,0.0,Low
2026-08-22,9,PALLIATIVE,Palliative Care Consultation,False,True,0.192812738035295,0,0,0,0,0.0,0.0,12.0,0.0,Low
2026-08-22,10,PALLIATIVE,Palliative Care Consultation,False,True,0.1053430324352312,0,0,0,0,0.0,0.0,12.0,0.0,Low
2026-08-22,11,PALLIATIVE,Palliative Care Consultation,False,True,0.1054306416829699,0,0,0,0,0.0,0.0,12.0,0.0,Low
2026-08-22,12,PALLIATIVE,Palliative Care Consultation,False,True,0.0553242020493592,0,0,0,0,0.0,0.0,12.0,0.0,Low
2026-08-22,13,PALLIATIVE,Palliative Care Consultation,False,True,0.0543138912215623,0,0,0,0,0.0,0.0,12.0,0.0,Low
2026-08-22,14,PALLIATIVE,Palliative Care Consultation,False,True,0.0543138912215623,0,0,0,0,0.0,0.0,12.0,0.0,Low
2026-08-22,15,PALLIATIVE,Palliative Care Consultation,False,True,0.0543138912215623,0,0,0,0,0.0,0.0,12.0,0.0,Low
2026-08-22,16,PALLIATIVE,Palliative Care Consultation,False,True,0.0495565948432153,0,0,0,0,0.0,0.0,12.0,0.0,Low
2026-08-22,17,PALLIATIVE,Palliative Care Consultation,False,False,0.0413001978658696,0,0,0,0,0.0,0.0,0.0,0.0,Closed
2026-08-22,18,PALLIATIVE,Palliative Care Consultation,False,False,0.0409983791966703,0,0,0,0,0.0,0.0,0.0,0.0,Closed
2026-08-22,19,PALLIATIVE,Palliative Care Consultation,False,False,0.0409983791966703,0,0,0,0,0.0,0.0,0.0,0.0,Closed
2026-08-22,20,PALLIATIVE,Palliative Care Consultation,False,False,0.0409983791966703,0,0,0,0,0.0,0.0,0.0,0.0,Closed
2026-08-22,21,PALLIATIVE,Palliative Care Consultation,False,False,0.0409983791966703,0,0,0,0,0.0,0.0,0.0,0.0,Closed
2026-08-22,22,PALLIATIVE,Palliative Care Consultation,False,False,0.0409983791966703,0,0,0,0,0.0,0.0,0.0,0.0,Closed
2026-08-22,23,PALLIATIVE,Palliative Care Consultation,False,False,0.0409983791966703,0,0,0,0,0.0,0.0,0.0,0.0,Closed
2026-08-23,0,PALLIATIVE,Palliative Care Consultation,False,False,0.0243144901647243,0,0,0,0,0.0,0.0,0.0,0.0,Closed
2026-08-23,1,PALLIATIVE,Palliative Care Consultation,False,False,0.0229179515707582,0,0,0,0,0.0,0.0,0.0,0.0,Closed
2026-08-23,2,PALLIATIVE,Palliative Care Consultation,False,False,0.017432080157942,0,0,0,0,0.0,0.0,0.0,0.0,Closed
2026-08-23,3,PALLIATIVE,Palliative Care Consultation,False,False,0.017432080157942,0,0,0,0,0.0,0.0,0.0,0.0,Closed
2026-08-23,4,PALLIATIVE,Palliative Care Consultation,False,False,0.0196814824195403,0,0,0,0,0.0,0.0,0.0,0.0,Closed
2026-08-23,5,PALLIATIVE,Palliative Care Consultation,False,False,0.0,0,0,0,0,0.0,0.0,0.0,0.0,Closed
2026-08-23,6,PALLIATIVE,Palliative Care Consultation,False,False,0.1692711742828879,0,0,0,0,0.0,0.0,0.0,0.0,Closed
2026-08-23,7,PALLIATIVE,Palliative Care Consultation,False,False,0.1036211174551986,0,0,0,0,0.0,0.0,0.0,0.0,Closed
2026-08-23,8,PALLIATIVE,Palliative Care Consultation,False,True,0.1779819461304056,0,0,0,0,0.0,0.0,12.0,0.0,Low
2026-08-23,9,PALLIATIVE,Palliative Care Consultation,False,True,0.1912600808628224,0,0,0,0,0.0,0.0,12.0,0.0,Low
2026-08-23,10,PALLIATIVE,Palliative Care Consultation,False,True,0.1037903752627585,0,0,0,0,0.0,0.0,12.0,0.0,Low
2026-08-23,11,PALLIATIVE,Palliative Care Consultation,False,True,0.1038779845104972,1,1,0,0,0.0,0.0,12.0,8.333333333333332,Low
2026-08-23,12,PALLIATIVE,Palliative Care Consultation,False,True,0.0537715448768864,0,0,0,0,0.0,0.0,12.0,0.0,Low
2026-08-23,13,PALLIATIVE,Palliative Care Consultation,False,True,0.0527612340490894,0,0,0,0,0.0,0.0,12.0,0.0,Low
2026-08-23,14,PALLIATIVE,Palliative Care Consultation,False,True,0.0527612340490894,0,0,0,0,0.0,0.0,12.0,0.0,Low
2026-08-23,15,PALLIATIVE,Palliative Care Consultation,False,True,0.0527612340490894,0,0,0,0,0.0,0.0,12.0,0.0,Low
2026-08-23,16,PALLIATIVE,Palliative Care Consultation,False,True,0.0480039376707424,0,0,0,0,0.0,0.0,12.0,0.0,Low
2026-08-23,17,PALLIATIVE,Palliative Care Consultation,False,False,0.0399760385826856,0,0,0,0,0.0,0.0,0.0,0.0,Closed
2026-08-23,18,PALLIATIVE,Palliative Care Consultation,False,False,0.0396742199134863,0,0,0,0,0.0,0.0,0.0,0.0,Closed
2026-08-23,19,PALLIATIVE,Palliative Care Consultation,False,False,0.0396742199134863,0,0,0,0,0.0,0.0,0.0,0.0,Closed
2026-08-23,20,PALLIATIVE,Palliative Care Consultation,False,False,0.0396742199134863,0,0,0,0,0.0,0.0,0.0,0.0,Closed
2026-08-23,21,PALLIATIVE,Palliative Care Consultation,False,False,0.0396742199134863,0,0,0,0,0.0,0.0,0.0,0.0,Closed
2026-08-23,22,PALLIATIVE,Palliative Care Consultation,False,False,0.0396742199134863,0,0,0,0,0.0,0.0,0.0,0.0,Closed
2026-08-23,23,PALLIATIVE,Palliative Care Consultation,False,False,0.0396742199134863,0,0,0,0,0.0,0.0,0.0,0.0,Closed
2026-08-24,0,PALLIATIVE,Palliative Care Consultation,False,False,0.0230010252646852,0,0,0,0,0.0,0.0,0.0,0.0,Closed
2026-08-24,1,PALLIATIVE,Palliative Care Consultation,False,False,0.021604486670719,0,0,0,0,0.0,0.0,0.0,0.0,Closed
2026-08-24,2,PALLIATIVE,Palliative Care Consultation,False,False,0.0007146748752519,0,0,0,0,0.0,0.0,0.0,0.0,Closed
2026-08-24,3,PALLIATIVE,Palliative Care Consultation,False,False,0.0007146748752519,0,0,0,0,0.0,0.0,0.0,0.0,Closed
2026-08-24,4,PALLIATIVE,Palliative Care Consultation,False,False,0.0029640771368502,0,0,0,0,0.0,0.0,0.0,0.0,Closed
2026-08-24,5,PALLIATIVE,Palliative Care Consultation,False,False,0.0,0,0,0,0,0.0,0.0,0.0,0.0,Closed
2026-08-24,6,PALLIATIVE,Palliative Care Consultation,False,False,0.181492793556828,0,0,0,0,0.0,0.0,0.0,0.0,Closed
2026-08-24,7,PALLIATIVE,Palliative Care Consultation,False,False,0.1091704793338425,0,0,0,0,0.0,0.0,0.0,0.0,Closed
2026-08-24,8,PALLIATIVE,Palliative Care Consultation,False,True,0.218796538117171,0,0,0,0,0.0,0.0,12.0,0.0,Low
2026-08-24,9,PALLIATIVE,Palliative Care Consultation,False,True,0.226993012113829,1,1,0,0,0.0,0.0,12.0,8.333333333333332,Low
2026-08-24,10,PALLIATIVE,Palliative Care Consultation,False,True,0.1223482089871798,0,0,0,0,0.0,0.0,12.0,0.0,Low
2026-08-24,11,PALLIATIVE,Palliative Care Consultation,False,True,0.1224358182349186,0,0,0,0,0.0,0.0,12.0,0.0,Low
2026-08-24,12,PALLIATIVE,Palliative Care Consultation,False,True,0.0724360995023016,1,1,0,0,0.0,0.0,12.0,8.333333333333332,Low
2026-08-24,13,PALLIATIVE,Palliative Care Consultation,False,True,0.0714257886745047,0,0,0,0,0.0,0.0,12.0,0.0,Low
2026-08-24,14,PALLIATIVE,Palliative Care Consultation,False,True,0.0714257886745047,0,0,0,0,0.0,0.0,12.0,0.0,Low
2026-08-24,15,PALLIATIVE,Palliative Care Consultation,False,True,0.0714257886745047,0,0,0,0,0.0,0.0,12.0,0.0,Low
2026-08-24,16,PALLIATIVE,Palliative Care Consultation,False,True,0.0666684922961577,0,0,0,0,0.0,0.0,12.0,0.0,Low
2026-08-24,17,PALLIATIVE,Palliative Care Consultation,False,False,0.0456790515959391,0,0,0,0,0.0,0.0,0.0,0.0,Closed
2026-08-24,18,PALLIATIVE,Palliative Care Consultation,False,False,0.0453772329267398,0,0,0,0,0.0,0.0,0.0,0.0,Closed
2026-08-24,19,PALLIATIVE,Palliative Care Consultation,False,False,0.0453772329267398,0,0,0,0,0.0,0.0,0.0,0.0,Closed
2026-08-24,20,PALLIATIVE,Palliative Care Consultation,False,False,0.0453772329267398,0,0,0,0,0.0,0.0,0.0,0.0,Closed
2026-08-24,21,PALLIATIVE,Palliative Care Consultation,False,False,0.0453772329267398,0,0,0,0,0.0,0.0,0.0,0.0,Closed
2026-08-24,22,PALLIATIVE,Palliative Care Consultation,False,False,0.0453772329267398,0,0,0,0,0.0,0.0,0.0,0.0,Closed
2026-08-24,23,PALLIATIVE,Palliative Care Consultation,False,False,0.0453772329267398,0,0,0,0,0.0,0.0,0.0,0.0,Closed
2026-08-25,0,PALLIATIVE,Palliative Care Consultation,False,False,0.0308746527034316,0,0,0,0,0.0,0.0,0.0,0.0,Closed
2026-08-25,1,PALLIATIVE,Palliative Care Consultation,False,False,0.0294781141094655,0,0,0,0,0.0,0.0,0.0,0.0,Closed
2026-08-25,2,PALLIATIVE,Palliative Care Consultation,False,False,0.0085883023139984,0,0,0,0,0.0,0.0,0.0,0.0,Closed
2026-08-25,3,PALLIATIVE,Palliative Care Consultation,False,False,0.0085883023139984,0,0,0,0,0.0,0.0,0.0,0.0,Closed
2026-08-25,4,PALLIATIVE,Palliative Care Consultation,False,False,0.0108377045755967,0,0,0,0,0.0,0.0,0.0,0.0,Closed
2026-08-25,5,PALLIATIVE,Palliative Care Consultation,False,False,0.0008496825250314,0,0,0,0,0.0,0.0,0.0,0.0,Closed
2026-08-25,6,PALLIATIVE,Palliative Care Consultation,False,False,0.1085343022110601,0,0,0,0,0.0,0.0,0.0,0.0,Closed
2026-08-25,7,PALLIATIVE,Palliative Care Consultation,False,False,0.1170441067725889,0,0,0,0,0.0,0.0,0.0,0.0,Closed
2026-08-25,8,PALLIATIVE,Palliative Care Consultation,False,True,0.2266701655559174,0,0,0,0,0.0,0.0,12.0,0.0,Low
2026-08-25,9,PALLIATIVE,Palliative Care Consultation,False,True,0.2245875587150133,0,0,0,0,0.0,0.0,12.0,0.0,Low
2026-08-25,10,PALLIATIVE,Palliative Care Consultation,False,True,0.1199427555883641,0,0,0,0,0.0,0.0,12.0,0.0,Low
2026-08-25,11,PALLIATIVE,Palliative Care Consultation,False,True,0.1200303648361029,0,0,0,0,0.0,0.0,12.0,0.0,Low
2026-08-25,12,PALLIATIVE,Palliative Care Consultation,False,True,0.0700306461034859,0,0,0,0,0.0,0.0,12.0,0.0,Low
2026-08-25,13,PALLIATIVE,Palliative Care Consultation,False,True,0.0690203352756889,0,0,0,0,0.0,0.0,12.0,0.0,Low
2026-08-25,14,PALLIATIVE,Palliative Care Consultation,False,True,0.0690203352756889,0,0,0,0,0.0,0.0,12.0,0.0,Low
2026-08-25,15,PALLIATIVE,Palliative Care Consultation,False,True,0.0690203352756889,0,0,0,0,0.0,0.0,12.0,0.0,Low
2026-08-25,16,PALLIATIVE,Palliative Care Consultation,False,True,0.064263038897342,0,0,0,0,0.0,0.0,12.0,0.0,Low
2026-08-25,17,PALLIATIVE,Palliative Care Consultation,False,False,0.0432735981971234,0,0,0,0,0.0,0.0,0.0,0.0,Closed
2026-08-25,18,PALLIATIVE,Palliative Care Consultation,False,False,0.0429717795279241,0,0,0,0,0.0,0.0,0.0,0.0,Closed
2026-08-25,19,PALLIATIVE,Palliative Care Consultation,False,False,0.0429717795279241,0,0,0,0,0.0,0.0,0.0,0.0,Closed
2026-08-25,20,PALLIATIVE,Palliative Care Consultation,False,False,0.0429717795279241,0,0,0,0,0.0,0.0,0.0,0.0,Closed
2026-08-25,21,PALLIATIVE,Palliative Care Consultation,False,False,0.0429717795279241,0,0,0,0,0.0,0.0,0.0,0.0,Closed
2026-08-25,22,PALLIATIVE,Palliative Care Consultation,False,False,0.0429717795279241,0,0,0,0,0.0,0.0,0.0,0.0,Closed
2026-08-25,23,PALLIATIVE,Palliative Care Consultation,False,False,0.0429717795279241,0,0,0,0,0.0,0.0,0.0,0.0,Closed
2026-08-26,0,PALLIATIVE,Palliative Care Consultation,False,False,0.0946844826833131,1,0,1,1,0.0,0.0,0.0,0.0,Closed
2026-08-19,1,PATHOLOGY,Pathology Service,False,False,0.0004894227732387,0,0,0,0,0.0,0.0,0.0,0.0,Closed
2026-08-19,2,PATHOLOGY,Pathology Service,False,False,0.1928485619457723,0,0,0,0,0.0,0.0,0.0,0.0,Closed
2026-08-19,3,PATHOLOGY,Pathology Service,False,False,0.1928485619457723,1,0,1,1,0.0,0.0,0.0,0.0,Closed
2026-08-19,4,PATHOLOGY,Pathology Service,False,False,0.1950979642073707,1,0,2,2,0.0,0.0,0.0,0.0,Closed
2026-08-19,5,PATHOLOGY,Pathology Service,False,False,0.1851099421568054,0,0,2,2,0.0,0.0,0.0,0.0,Closed
2026-08-19,6,PATHOLOGY,Pathology Service,False,False,0.2927591160738241,0,0,2,2,0.0,0.0,0.0,0.0,Closed
2026-08-19,7,PATHOLOGY,Pathology Service,False,False,0.3005777475689484,0,0,2,2,0.0,0.0,0.0,0.0,Closed
2026-08-19,8,PATHOLOGY,Pathology Service,False,True,0.347955883146599,0,2,0,0,261.5,288.0,18.0,0.0,Low
2026-08-19,9,PATHOLOGY,Pathology Service,False,True,0.3458732763056948,1,1,0,0,0.0,0.0,18.0,5.555555555555555,Low
2026-08-19,10,PATHOLOGY,Pathology Service,False,True,0.2210401413960455,0,0,0,0,0.0,0.0,18.0,0.0,Low
2026-08-19,11,PATHOLOGY,Pathology Service,False,True,0.2211277506437843,0,0,0,0,0.0,0.0,18.0,0.0,Low
2026-08-19,12,PATHOLOGY,Pathology Service,False,True,0.1771344955180175,0,0,0,0,0.0,0.0,18.0,0.0,Low
2026-08-19,13,PATHOLOGY,Pathology Service,False,True,0.1567003974084722,0,0,0,0,0.0,0.0,18.0,0.0,Low
2026-08-19,14,PATHOLOGY,Pathology Service,False,True,0.1567003974084722,0,0,0,0,0.0,0.0,18.0,0.0,Low
2026-08-19,15,PATHOLOGY,Pathology Service,False,True,0.1555132310553673,0,0,0,0,0.0,0.0,18.0,0.0,Low
2026-08-19,16,PATHOLOGY,Pathology Service,False,True,0.1481445538008281,0,0,0,0,0.0,0.0,18.0,0.0,Low
2026-08-19,17,PATHOLOGY,Pathology Service,False,False,0.1300041546299128,0,0,0,0,0.0,0.0,0.0,0.0,Closed
2026-08-19,18,PATHOLOGY,Pathology Service,False,False,0.1300041546299128,1,0,1,1,0.0,0.0,0.0,0.0,Closed
2026-08-19,19,PATHOLOGY,Pathology Service,False,False,0.1300041546299128,0,0,1,1,0.0,0.0,0.0,0.0,Closed
2026-08-19,20,PATHOLOGY,Pathology Service,False,False,0.1300041546299128,0,0,1,1,0.0,0.0,0.0,0.0,Closed
2026-08-19,21,PATHOLOGY,Pathology Service,False,False,0.1300041546299128,0,0,1,1,0.0,0.0,0.0,0.0,Closed
2026-08-19,22,PATHOLOGY,Pathology Service,False,False,0.1300041546299128,0,0,1,1,0.0,0.0,0.0,0.0,Closed
2026-08-19,23,PATHOLOGY,Pathology Service,False,False,0.1300041546299128,0,0,1,1,0.0,0.0,0.0,0.0,Closed
2026-08-20,0,PATHOLOGY,Pathology Service,False,False,0.1525248376937078,0,0,1,1,0.0,0.0,0.0,0.0,Closed
2026-08-20,1,PATHOLOGY,Pathology Service,False,False,0.1525248376937078,0,0,1,1,0.0,0.0,0.0,0.0,Closed
2026-08-20,2,PATHOLOGY,Pathology Service,False,False,0.1518793997910408,1,0,2,2,0.0,0.0,0.0,0.0,Closed
2026-08-20,3,PATHOLOGY,Pathology Service,False,False,0.1518793997910408,0,0,2,2,0.0,0.0,0.0,0.0,Closed
2026-08-20,4,PATHOLOGY,Pathology Service,False,False,0.1541288020526391,0,0,2,2,0.0,0.0,0.0,0.0,Closed
2026-08-20,5,PATHOLOGY,Pathology Service,False,False,0.131138291167955,0,0,2,2,0.0,0.0,0.0,0.0,Closed
2026-08-20,6,PATHOLOGY,Pathology Service,False,False,0.2387874650849737,0,0,2,2,0.0,0.0,0.0,0.0,Closed
2026-08-20,7,PATHOLOGY,Pathology Service,False,False,0.246606096580098,0,0,2,2,0.0,0.0,0.0,0.0,Closed
2026-08-20,8,PATHOLOGY,Pathology Service,False,True,0.3005103134210652,0,2,0,0,548.5,791.0,18.0,0.0,Low
2026-08-20,9,PATHOLOGY,Pathology Service,False,True,0.3137884481534819,0,0,0,0,0.0,0.0,18.0,0.0,Low
2026-08-20,10,PATHOLOGY,Pathology Service,False,True,0.204017876149722,1,1,0,0,0.0,0.0,18.0,5.555555555555555,Low
2026-08-20,11,PATHOLOGY,Pathology Service,False,True,0.2041054853974607,0,0,0,0,0.0,0.0,18.0,0.0,Low
2026-08-20,12,PATHOLOGY,Pathology Service,False,True,0.1707148369263652,0,0,0,0,0.0,0.0,18.0,0.0,Low
2026-08-20,13,PATHOLOGY,Pathology Service,False,True,0.1502807388168198,0,0,0,0,0.0,0.0,18.0,0.0,Low
2026-08-20,14,PATHOLOGY,Pathology Service,False,True,0.1502807388168198,0,0,0,0,0.0,0.0,18.0,0.0,Low
2026-08-20,15,PATHOLOGY,Pathology Service,False,True,0.149093572463715,0,0,0,0,0.0,0.0,18.0,0.0,Low
2026-08-20,16,PATHOLOGY,Pathology Service,False,True,0.1417248952091758,0,0,0,0,0.0,0.0,18.0,0.0,Low
2026-08-20,17,PATHOLOGY,Pathology Service,False,False,0.1235844960382604,0,0,0,0,0.0,0.0,0.0,0.0,Closed
2026-08-20,18,PATHOLOGY,Pathology Service,False,False,0.1235844960382604,0,0,0,0,0.0,0.0,0.0,0.0,Closed
2026-08-20,19,PATHOLOGY,Pathology Service,False,False,0.1235844960382604,0,0,0,0,0.0,0.0,0.0,0.0,Closed
2026-08-20,20,PATHOLOGY,Pathology Service,False,False,0.1235844960382604,0,0,0,0,0.0,0.0,0.0,0.0,Closed
2026-08-20,21,PATHOLOGY,Pathology Service,False,False,0.1235844960382604,0,0,0,0,0.0,0.0,0.0,0.0,Closed
2026-08-20,22,PATHOLOGY,Pathology Service,False,False,0.1235844960382604,0,0,0,0,0.0,0.0,0.0,0.0,Closed
2026-08-20,23,PATHOLOGY,Pathology Service,False,False,0.1235844960382604,0,0,0,0,0.0,0.0,0.0,0.0,Closed
2026-08-21,0,PATHOLOGY,Pathology Service,False,False,0.1533271225967408,0,0,0,0,0.0,0.0,0.0,0.0,Closed
2026-08-21,1,PATHOLOGY,Pathology Service,False,False,0.1533271225967408,0,0,0,0,0.0,0.0,0.0,0.0,Closed
2026-08-21,2,PATHOLOGY,Pathology Service,False,False,0.1402281270473906,0,0,0,0,0.0,0.0,0.0,0.0,Closed
2026-08-21,3,PATHOLOGY,Pathology Service,False,False,0.1402281270473906,0,0,0,0,0.0,0.0,0.0,0.0,Closed
2026-08-21,4,PATHOLOGY,Pathology Service,False,False,0.1424775293089889,0,0,0,0,0.0,0.0,0.0,0.0,Closed
2026-08-21,5,PATHOLOGY,Pathology Service,False,False,0.1182120060726809,0,0,0,0,0.0,0.0,0.0,0.0,Closed
2026-08-21,6,PATHOLOGY,Pathology Service,False,False,0.2258611799896995,0,0,0,0,0.0,0.0,0.0,0.0,Closed
2026-08-21,7,PATHOLOGY,Pathology Service,False,False,0.2336798114848238,0,0,0,0,0.0,0.0,0.0,0.0,Closed
2026-08-21,8,PATHOLOGY,Pathology Service,False,True,0.2888590406774149,0,0,0,0,0.0,0.0,18.0,0.0,Low
2026-08-21,9,PATHOLOGY,Pathology Service,False,True,0.3021371754098316,0,0,0,0,0.0,0.0,18.0,0.0,Low
2026-08-21,10,PATHOLOGY,Pathology Service,False,True,0.1923666034060717,0,0,0,0,0.0,0.0,18.0,0.0,Low
2026-08-21,11,PATHOLOGY,Pathology Service,False,True,0.1924542126538105,0,0,0,0,0.0,0.0,18.0,0.0,Low
2026-08-21,12,PATHOLOGY,Pathology Service,False,True,0.1715171218293981,0,0,0,0,0.0,0.0,18.0,0.0,Low
2026-08-21,13,PATHOLOGY,Pathology Service,False,True,0.1510830237198528,0,0,0,0,0.0,0.0,18.0,0.0,Low
2026-08-21,14,PATHOLOGY,Pathology Service,False,True,0.1510830237198528,0,0,0,0,0.0,0.0,18.0,0.0,Low
2026-08-21,15,PATHOLOGY,Pathology Service,False,True,0.1498958573667479,0,0,0,0,0.0,0.0,18.0,0.0,Low
2026-08-21,16,PATHOLOGY,Pathology Service,False,True,0.1425271801122087,0,0,0,0,0.0,0.0,18.0,0.0,Low
2026-08-21,17,PATHOLOGY,Pathology Service,False,False,0.1243867809412933,0,0,0,0,0.0,0.0,0.0,0.0,Closed
2026-08-21,18,PATHOLOGY,Pathology Service,False,False,0.1243867809412933,0,0,0,0,0.0,0.0,0.0,0.0,Closed
2026-08-21,19,PATHOLOGY,Pathology Service,False,False,0.1243867809412933,0,0,0,0,0.0,0.0,0.0,0.0,Closed
2026-08-21,20,PATHOLOGY,Pathology Service,False,False,0.1243867809412933,0,0,0,0,0.0,0.0,0.0,0.0,Closed
2026-08-21,21,PATHOLOGY,Pathology Service,False,False,0.1243867809412933,0,0,0,0,0.0,0.0,0.0,0.0,Closed
2026-08-21,22,PATHOLOGY,Pathology Service,False,False,0.1243867809412933,0,0,0,0,0.0,0.0,0.0,0.0,Closed
2026-08-21,23,PATHOLOGY,Pathology Service,False,False,0.1243867809412933,0,0,0,0,0.0,0.0,0.0,0.0,Closed
2026-08-22,0,PATHOLOGY,Pathology Service,False,False,0.1660434392284973,0,0,0,0,0.0,0.0,0.0,0.0,Closed
2026-08-22,1,PATHOLOGY,Pathology Service,False,False,0.1660434392284973,0,0,0,0,0.0,0.0,0.0,0.0,Closed
2026-08-22,2,PATHOLOGY,Pathology Service,False,False,0.1521448399003155,0,0,0,0,0.0,0.0,0.0,0.0,Closed
2026-08-22,3,PATHOLOGY,Pathology Service,False,False,0.1521448399003155,0,0,0,0,0.0,0.0,0.0,0.0,Closed
2026-08-22,4,PATHOLOGY,Pathology Service,False,False,0.1212262796638102,0,0,0,0,0.0,0.0,0.0,0.0,Closed
2026-08-22,5,PATHOLOGY,Pathology Service,False,False,0.0969607564275023,0,0,0,0,0.0,0.0,0.0,0.0,Closed
2026-08-22,6,PATHOLOGY,Pathology Service,False,False,0.2111912038396584,0,0,0,0,0.0,0.0,0.0,0.0,Closed
2026-08-22,7,PATHOLOGY,Pathology Service,False,False,0.2190098353347828,0,0,0,0,0.0,0.0,0.0,0.0,Closed
2026-08-22,8,PATHOLOGY,Pathology Service,False,True,0.2624875868792359,0,0,0,0,0.0,0.0,18.0,0.0,Low
2026-08-22,9,PATHOLOGY,Pathology Service,False,True,0.2757657216116526,0,0,0,0,0.0,0.0,18.0,0.0,Low
2026-08-22,10,PATHOLOGY,Pathology Service,False,True,0.1727355497187463,0,0,0,0,0.0,0.0,18.0,0.0,Low
2026-08-22,11,PATHOLOGY,Pathology Service,False,True,0.172823158966485,0,0,0,0,0.0,0.0,18.0,0.0,Low
2026-08-22,12,PATHOLOGY,Pathology Service,False,True,0.1487210747957543,0,0,0,0,0.0,0.0,18.0,0.0,Low
2026-08-22,13,PATHOLOGY,Pathology Service,False,True,0.1394739395628766,0,0,0,0,0.0,0.0,18.0,0.0,Low
2026-08-22,14,PATHOLOGY,Pathology Service,False,True,0.1394739395628766,0,0,0,0,0.0,0.0,18.0,0.0,Low
2026-08-22,15,PATHOLOGY,Pathology Service,False,True,0.1382867732097718,0,0,0,0,0.0,0.0,18.0,0.0,Low
2026-08-22,16,PATHOLOGY,Pathology Service,False,True,0.1309180959552326,0,0,0,0,0.0,0.0,18.0,0.0,Low
2026-08-22,17,PATHOLOGY,Pathology Service,False,False,0.1100391256064206,0,0,0,0,0.0,0.0,0.0,0.0,Closed
2026-08-22,18,PATHOLOGY,Pathology Service,False,False,0.1100391256064206,0,0,0,0,0.0,0.0,0.0,0.0,Closed
2026-08-22,19,PATHOLOGY,Pathology Service,False,False,0.1100391256064206,1,0,1,1,0.0,0.0,0.0,0.0,Closed
2026-08-22,20,PATHOLOGY,Pathology Service,False,False,0.1100391256064206,0,0,1,1,0.0,0.0,0.0,0.0,Closed
2026-08-22,21,PATHOLOGY,Pathology Service,False,False,0.1100391256064206,1,0,2,2,0.0,0.0,0.0,0.0,Closed
2026-08-22,22,PATHOLOGY,Pathology Service,False,False,0.1100391256064206,0,0,2,2,0.0,0.0,0.0,0.0,Closed
2026-08-22,23,PATHOLOGY,Pathology Service,False,False,0.1100391256064206,0,0,2,2,0.0,0.0,0.0,0.0,Closed
2026-08-23,0,PATHOLOGY,Pathology Service,False,False,0.1644907820560245,0,0,2,2,0.0,0.0,0.0,0.0,Closed
2026-08-23,1,PATHOLOGY,Pathology Service,False,False,0.1644907820560245,0,0,2,2,0.0,0.0,0.0,0.0,Closed
2026-08-23,2,PATHOLOGY,Pathology Service,False,False,0.1505921827278427,1,0,3,3,0.0,0.0,0.0,0.0,Closed
2026-08-23,3,PATHOLOGY,Pathology Service,False,False,0.1505921827278427,0,0,3,3,0.0,0.0,0.0,0.0,Closed
2026-08-23,4,PATHOLOGY,Pathology Service,False,False,0.1196736224913375,0,0,3,3,0.0,0.0,0.0,0.0,Closed
2026-08-23,5,PATHOLOGY,Pathology Service,False,False,0.0954080992550295,0,0,3,3,0.0,0.0,0.0,0.0,Closed
2026-08-23,6,PATHOLOGY,Pathology Service,False,False,0.2096385466671857,1,0,4,4,0.0,0.0,0.0,0.0,Closed
2026-08-23,7,PATHOLOGY,Pathology Service,False,False,0.21745717816231,0,0,4,4,0.0,0.0,0.0,0.0,Closed
2026-08-23,8,PATHOLOGY,Pathology Service,False,True,0.2609349297067632,0,4,0,0,449.0,751.0,18.0,0.0,Low
2026-08-23,9,PATHOLOGY,Pathology Service,False,True,0.2742130644391799,0,0,0,0,0.0,0.0,18.0,0.0,Low
2026-08-23,10,PATHOLOGY,Pathology Service,False,True,0.1711828925462735,0,0,0,0,0.0,0.0,18.0,0.0,Low
2026-08-23,11,PATHOLOGY,Pathology Service,False,True,0.1712705017940122,0,0,0,0,0.0,0.0,18.0,0.0,Low
2026-08-23,12,PATHOLOGY,Pathology Service,False,True,0.1471684176232815,0,0,0,0,0.0,0.0,18.0,0.0,Low
2026-08-23,13,PATHOLOGY,Pathology Service,False,True,0.1379212823904038,0,0,0,0,0.0,0.0,18.0,0.0,Low
2026-08-23,14,PATHOLOGY,Pathology Service,False,True,0.1379212823904038,0,0,0,0,0.0,0.0,18.0,0.0,Low
2026-08-23,15,PATHOLOGY,Pathology Service,False,True,0.136734116037299,0,0,0,0,0.0,0.0,18.0,0.0,Low
2026-08-23,16,PATHOLOGY,Pathology Service,False,True,0.1293654387827598,0,0,0,0,0.0,0.0,18.0,0.0,Low
2026-08-23,17,PATHOLOGY,Pathology Service,False,False,0.1087149663232366,0,0,0,0,0.0,0.0,0.0,0.0,Closed
2026-08-23,18,PATHOLOGY,Pathology Service,False,False,0.1087149663232366,0,0,0,0,0.0,0.0,0.0,0.0,Closed
2026-08-23,19,PATHOLOGY,Pathology Service,False,False,0.1087149663232366,0,0,0,0,0.0,0.0,0.0,0.0,Closed
2026-08-23,20,PATHOLOGY,Pathology Service,False,False,0.1087149663232366,0,0,0,0,0.0,0.0,0.0,0.0,Closed
2026-08-23,21,PATHOLOGY,Pathology Service,False,False,0.1087149663232366,1,0,1,1,0.0,0.0,0.0,0.0,Closed
2026-08-23,22,PATHOLOGY,Pathology Service,False,False,0.1087149663232366,0,0,1,1,0.0,0.0,0.0,0.0,Closed
2026-08-23,23,PATHOLOGY,Pathology Service,False,False,0.1087149663232366,0,0,1,1,0.0,0.0,0.0,0.0,Closed
2026-08-24,0,PATHOLOGY,Pathology Service,False,False,0.1361605774393602,1,0,2,2,0.0,0.0,0.0,0.0,Closed
2026-08-24,1,PATHOLOGY,Pathology Service,False,False,0.1361605774393602,0,0,2,2,0.0,0.0,0.0,0.0,Closed
2026-08-24,2,PATHOLOGY,Pathology Service,False,False,0.1290387319658908,0,0,2,2,0.0,0.0,0.0,0.0,Closed
2026-08-24,3,PATHOLOGY,Pathology Service,False,False,0.1290387319658908,0,0,2,2,0.0,0.0,0.0,0.0,Closed
2026-08-24,4,PATHOLOGY,Pathology Service,False,False,0.1312881342274892,0,0,2,2,0.0,0.0,0.0,0.0,Closed
2026-08-24,5,PATHOLOGY,Pathology Service,False,False,0.1213001121769239,1,0,3,3,0.0,0.0,0.0,0.0,Closed
2026-08-24,6,PATHOLOGY,Pathology Service,False,False,0.2289492860939425,0,0,3,3,0.0,0.0,0.0,0.0,Closed
2026-08-24,7,PATHOLOGY,Pathology Service,False,False,0.2367679175890668,0,0,3,3,0.0,0.0,0.0,0.0,Closed
2026-08-24,8,PATHOLOGY,Pathology Service,False,True,0.3024976860070337,0,3,0,0,414.0,634.0,18.0,0.0,Low
2026-08-24,9,PATHOLOGY,Pathology Service,False,True,0.3004150791661296,0,0,0,0,0.0,0.0,18.0,0.0,Low
2026-08-24,10,PATHOLOGY,Pathology Service,False,True,0.2020983140727082,0,0,0,0,0.0,0.0,18.0,0.0,Low
2026-08-24,11,PATHOLOGY,Pathology Service,False,True,0.202185923320447,1,1,0,0,0.0,0.0,18.0,5.555555555555555,Low
2026-08-24,12,PATHOLOGY,Pathology Service,False,True,0.1581926681946801,0,0,0,0,0.0,0.0,18.0,0.0,Low
2026-08-24,13,PATHOLOGY,Pathology Service,False,True,0.1377585700851347,0,0,0,0,0.0,0.0,18.0,0.0,Low
2026-08-24,14,PATHOLOGY,Pathology Service,False,True,0.1377585700851347,0,0,0,0,0.0,0.0,18.0,0.0,Low
2026-08-24,15,PATHOLOGY,Pathology Service,False,True,0.1365714037320299,0,0,0,0,0.0,0.0,18.0,0.0,Low
2026-08-24,16,PATHOLOGY,Pathology Service,False,True,0.1292027264774907,0,0,0,0,0.0,0.0,18.0,0.0,Low
2026-08-24,17,PATHOLOGY,Pathology Service,False,False,0.1110623273065754,0,0,0,0,0.0,0.0,0.0,0.0,Closed
2026-08-24,18,PATHOLOGY,Pathology Service,False,False,0.1110623273065754,0,0,0,0,0.0,0.0,0.0,0.0,Closed
2026-08-24,19,PATHOLOGY,Pathology Service,False,False,0.1110623273065754,0,0,0,0,0.0,0.0,0.0,0.0,Closed
2026-08-24,20,PATHOLOGY,Pathology Service,False,False,0.1110623273065754,0,0,0,0,0.0,0.0,0.0,0.0,Closed
2026-08-24,21,PATHOLOGY,Pathology Service,False,False,0.1110623273065754,1,0,1,1,0.0,0.0,0.0,0.0,Closed
2026-08-24,22,PATHOLOGY,Pathology Service,False,False,0.1110623273065754,0,0,1,1,0.0,0.0,0.0,0.0,Closed
2026-08-24,23,PATHOLOGY,Pathology Service,False,False,0.1110623273065754,0,0,1,1,0.0,0.0,0.0,0.0,Closed
2026-08-25,0,PATHOLOGY,Pathology Service,False,False,0.1361605774393602,0,0,1,1,0.0,0.0,0.0,0.0,Closed
2026-08-25,1,PATHOLOGY,Pathology Service,False,False,0.1361605774393602,0,0,1,1,0.0,0.0,0.0,0.0,Closed
2026-08-25,2,PATHOLOGY,Pathology Service,False,False,0.1290387319658908,0,0,1,1,0.0,0.0,0.0,0.0,Closed
2026-08-25,3,PATHOLOGY,Pathology Service,False,False,0.1290387319658908,1,0,2,2,0.0,0.0,0.0,0.0,Closed
2026-08-25,4,PATHOLOGY,Pathology Service,False,False,0.1312881342274892,0,0,2,2,0.0,0.0,0.0,0.0,Closed
2026-08-25,5,PATHOLOGY,Pathology Service,False,False,0.1213001121769239,0,0,2,2,0.0,0.0,0.0,0.0,Closed
2026-08-25,6,PATHOLOGY,Pathology Service,False,False,0.2289492860939425,1,0,3,3,0.0,0.0,0.0,0.0,Closed
2026-08-25,7,PATHOLOGY,Pathology Service,False,False,0.2367679175890668,0,0,3,3,0.0,0.0,0.0,0.0,Closed
2026-08-25,8,PATHOLOGY,Pathology Service,False,True,0.3024976860070337,2,5,0,0,206.6,646.0,18.0,11.11111111111111,Low
2026-08-25,9,PATHOLOGY,Pathology Service,False,True,0.3004150791661296,1,1,0,0,0.0,0.0,18.0,5.555555555555555,Low
2026-08-25,10,PATHOLOGY,Pathology Service,False,True,0.2020983140727082,0,0,0,0,0.0,0.0,18.0,0.0,Low
2026-08-25,11,PATHOLOGY,Pathology Service,False,True,0.202185923320447,0,0,0,0,0.0,0.0,18.0,0.0,Low
2026-08-25,12,PATHOLOGY,Pathology Service,False,True,0.1581926681946801,0,0,0,0,0.0,0.0,18.0,0.0,Low
2026-08-25,13,PATHOLOGY,Pathology Service,False,True,0.1377585700851347,0,0,0,0,0.0,0.0,18.0,0.0,Low
2026-08-25,14,PATHOLOGY,Pathology Service,False,True,0.1377585700851347,0,0,0,0,0.0,0.0,18.0,0.0,Low
2026-08-25,15,PATHOLOGY,Pathology Service,False,True,0.1365714037320299,0,0,0,0,0.0,0.0,18.0,0.0,Low
2026-08-25,16,PATHOLOGY,Pathology Service,False,True,0.1292027264774907,0,0,0,0,0.0,0.0,18.0,0.0,Low
2026-08-25,17,PATHOLOGY,Pathology Service,False,False,0.1110623273065754,1,0,1,1,0.0,0.0,0.0,0.0,Closed
2026-08-25,18,PATHOLOGY,Pathology Service,False,False,0.1110623273065754,0,0,1,1,0.0,0.0,0.0,0.0,Closed
2026-08-25,19,PATHOLOGY,Pathology Service,False,False,0.1110623273065754,0,0,1,1,0.0,0.0,0.0,0.0,Closed
2026-08-25,20,PATHOLOGY,Pathology Service,False,False,0.1110623273065754,0,0,1,1,0.0,0.0,0.0,0.0,Closed
2026-08-25,21,PATHOLOGY,Pathology Service,False,False,0.1110623273065754,0,0,1,1,0.0,0.0,0.0,0.0,Closed
2026-08-25,22,PATHOLOGY,Pathology Service,False,False,0.1110623273065754,0,0,1,1,0.0,0.0,0.0,0.0,Closed
2026-08-25,23,PATHOLOGY,Pathology Service,False,False,0.1110623273065754,0,0,1,1,0.0,0.0,0.0,0.0,Closed
2026-08-26,0,PATHOLOGY,Pathology Service,False,False,0.1999704074192417,0,0,1,1,0.0,0.0,0.0,0.0,Closed
2026-08-19,1,PEDIATRIC NEUROLOGY,Paediatric Neurology Consultation,False,False,0.0004894227732387,0,0,0,0,0.0,0.0,0.0,0.0,Closed
2026-08-19,2,PEDIATRIC NEUROLOGY,Paediatric Neurology Consultation,False,False,0.1928485619457723,0,0,0,0,0.0,0.0,0.0,0.0,Closed
2026-08-19,3,PEDIATRIC NEUROLOGY,Paediatric Neurology Consultation,False,False,0.1928485619457723,1,0,1,1,0.0,0.0,0.0,0.0,Closed
2026-08-19,4,PEDIATRIC NEUROLOGY,Paediatric Neurology Consultation,False,False,0.1950979642073707,1,0,2,2,0.0,0.0,0.0,0.0,Closed
2026-08-19,5,PEDIATRIC NEUROLOGY,Paediatric Neurology Consultation,False,False,0.1851099421568054,0,0,2,2,0.0,0.0,0.0,0.0,Closed
2026-08-19,6,PEDIATRIC NEUROLOGY,Paediatric Neurology Consultation,False,False,0.2927591160738241,0,0,2,2,0.0,0.0,0.0,0.0,Closed
2026-08-19,7,PEDIATRIC NEUROLOGY,Paediatric Neurology Consultation,False,False,0.3005777475689484,0,0,2,2,0.0,0.0,0.0,0.0,Closed
2026-08-19,8,PEDIATRIC NEUROLOGY,Paediatric Neurology Consultation,False,True,0.347955883146599,0,2,0,0,261.5,288.0,12.0,0.0,Low
2026-08-19,9,PEDIATRIC NEUROLOGY,Paediatric Neurology Consultation,False,True,0.3458732763056948,1,1,0,0,0.0,0.0,12.0,8.333333333333332,Low
2026-08-19,10,PEDIATRIC NEUROLOGY,Paediatric Neurology Consultation,False,True,0.2210401413960455,0,0,0,0,0.0,0.0,12.0,0.0,Low
2026-08-19,11,PEDIATRIC NEUROLOGY,Paediatric Neurology Consultation,False,True,0.2211277506437843,0,0,0,0,0.0,0.0,12.0,0.0,Low
2026-08-19,12,PEDIATRIC NEUROLOGY,Paediatric Neurology Consultation,False,True,0.1771344955180175,0,0,0,0,0.0,0.0,12.0,0.0,Low
2026-08-19,13,PEDIATRIC NEUROLOGY,Paediatric Neurology Consultation,False,True,0.1567003974084722,0,0,0,0,0.0,0.0,12.0,0.0,Low
2026-08-19,14,PEDIATRIC NEUROLOGY,Paediatric Neurology Consultation,False,True,0.1567003974084722,0,0,0,0,0.0,0.0,12.0,0.0,Low
2026-08-19,15,PEDIATRIC NEUROLOGY,Paediatric Neurology Consultation,False,True,0.1555132310553673,0,0,0,0,0.0,0.0,12.0,0.0,Low
2026-08-19,16,PEDIATRIC NEUROLOGY,Paediatric Neurology Consultation,False,True,0.1481445538008281,0,0,0,0,0.0,0.0,12.0,0.0,Low
2026-08-19,17,PEDIATRIC NEUROLOGY,Paediatric Neurology Consultation,False,False,0.1300041546299128,0,0,0,0,0.0,0.0,0.0,0.0,Closed
2026-08-19,18,PEDIATRIC NEUROLOGY,Paediatric Neurology Consultation,False,False,0.1300041546299128,1,0,1,1,0.0,0.0,0.0,0.0,Closed
2026-08-19,19,PEDIATRIC NEUROLOGY,Paediatric Neurology Consultation,False,False,0.1300041546299128,0,0,1,1,0.0,0.0,0.0,0.0,Closed
2026-08-19,20,PEDIATRIC NEUROLOGY,Paediatric Neurology Consultation,False,False,0.1300041546299128,0,0,1,1,0.0,0.0,0.0,0.0,Closed
2026-08-19,21,PEDIATRIC NEUROLOGY,Paediatric Neurology Consultation,False,False,0.1300041546299128,0,0,1,1,0.0,0.0,0.0,0.0,Closed
2026-08-19,22,PEDIATRIC NEUROLOGY,Paediatric Neurology Consultation,False,False,0.1300041546299128,0,0,1,1,0.0,0.0,0.0,0.0,Closed
2026-08-19,23,PEDIATRIC NEUROLOGY,Paediatric Neurology Consultation,False,False,0.1300041546299128,0,0,1,1,0.0,0.0,0.0,0.0,Closed
2026-08-20,0,PEDIATRIC NEUROLOGY,Paediatric Neurology Consultation,False,False,0.1525248376937078,0,0,1,1,0.0,0.0,0.0,0.0,Closed
2026-08-20,1,PEDIATRIC NEUROLOGY,Paediatric Neurology Consultation,False,False,0.1525248376937078,0,0,1,1,0.0,0.0,0.0,0.0,Closed
2026-08-20,2,PEDIATRIC NEUROLOGY,Paediatric Neurology Consultation,False,False,0.1518793997910408,1,0,2,2,0.0,0.0,0.0,0.0,Closed
2026-08-20,3,PEDIATRIC NEUROLOGY,Paediatric Neurology Consultation,False,False,0.1518793997910408,0,0,2,2,0.0,0.0,0.0,0.0,Closed
2026-08-20,4,PEDIATRIC NEUROLOGY,Paediatric Neurology Consultation,False,False,0.1541288020526391,0,0,2,2,0.0,0.0,0.0,0.0,Closed
2026-08-20,5,PEDIATRIC NEUROLOGY,Paediatric Neurology Consultation,False,False,0.131138291167955,0,0,2,2,0.0,0.0,0.0,0.0,Closed
2026-08-20,6,PEDIATRIC NEUROLOGY,Paediatric Neurology Consultation,False,False,0.2387874650849737,0,0,2,2,0.0,0.0,0.0,0.0,Closed
2026-08-20,7,PEDIATRIC NEUROLOGY,Paediatric Neurology Consultation,False,False,0.246606096580098,0,0,2,2,0.0,0.0,0.0,0.0,Closed
2026-08-20,8,PEDIATRIC NEUROLOGY,Paediatric Neurology Consultation,False,True,0.3005103134210652,0,2,0,0,548.5,791.0,12.0,0.0,Low
2026-08-20,9,PEDIATRIC NEUROLOGY,Paediatric Neurology Consultation,False,True,0.3137884481534819,0,0,0,0,0.0,0.0,12.0,0.0,Low
2026-08-20,10,PEDIATRIC NEUROLOGY,Paediatric Neurology Consultation,False,True,0.204017876149722,1,1,0,0,0.0,0.0,12.0,8.333333333333332,Low
2026-08-20,11,PEDIATRIC NEUROLOGY,Paediatric Neurology Consultation,False,True,0.2041054853974607,0,0,0,0,0.0,0.0,12.0,0.0,Low
2026-08-20,12,PEDIATRIC NEUROLOGY,Paediatric Neurology Consultation,False,True,0.1707148369263652,0,0,0,0,0.0,0.0,12.0,0.0,Low
2026-08-20,13,PEDIATRIC NEUROLOGY,Paediatric Neurology Consultation,False,True,0.1502807388168198,0,0,0,0,0.0,0.0,12.0,0.0,Low
2026-08-20,14,PEDIATRIC NEUROLOGY,Paediatric Neurology Consultation,False,True,0.1502807388168198,0,0,0,0,0.0,0.0,12.0,0.0,Low
2026-08-20,15,PEDIATRIC NEUROLOGY,Paediatric Neurology Consultation,False,True,0.149093572463715,0,0,0,0,0.0,0.0,12.0,0.0,Low
2026-08-20,16,PEDIATRIC NEUROLOGY,Paediatric Neurology Consultation,False,True,0.1417248952091758,0,0,0,0,0.0,0.0,12.0,0.0,Low
2026-08-20,17,PEDIATRIC NEUROLOGY,Paediatric Neurology Consultation,False,False,0.1235844960382604,0,0,0,0,0.0,0.0,0.0,0.0,Closed
2026-08-20,18,PEDIATRIC NEUROLOGY,Paediatric Neurology Consultation,False,False,0.1235844960382604,0,0,0,0,0.0,0.0,0.0,0.0,Closed
2026-08-20,19,PEDIATRIC NEUROLOGY,Paediatric Neurology Consultation,False,False,0.1235844960382604,0,0,0,0,0.0,0.0,0.0,0.0,Closed
2026-08-20,20,PEDIATRIC NEUROLOGY,Paediatric Neurology Consultation,False,False,0.1235844960382604,0,0,0,0,0.0,0.0,0.0,0.0,Closed
2026-08-20,21,PEDIATRIC NEUROLOGY,Paediatric Neurology Consultation,False,False,0.1235844960382604,0,0,0,0,0.0,0.0,0.0,0.0,Closed
2026-08-20,22,PEDIATRIC NEUROLOGY,Paediatric Neurology Consultation,False,False,0.1235844960382604,0,0,0,0,0.0,0.0,0.0,0.0,Closed
2026-08-20,23,PEDIATRIC NEUROLOGY,Paediatric Neurology Consultation,False,False,0.1235844960382604,0,0,0,0,0.0,0.0,0.0,0.0,Closed
2026-08-21,0,PEDIATRIC NEUROLOGY,Paediatric Neurology Consultation,False,False,0.1533271225967408,0,0,0,0,0.0,0.0,0.0,0.0,Closed
2026-08-21,1,PEDIATRIC NEUROLOGY,Paediatric Neurology Consultation,False,False,0.1533271225967408,0,0,0,0,0.0,0.0,0.0,0.0,Closed
2026-08-21,2,PEDIATRIC NEUROLOGY,Paediatric Neurology Consultation,False,False,0.1402281270473906,0,0,0,0,0.0,0.0,0.0,0.0,Closed
2026-08-21,3,PEDIATRIC NEUROLOGY,Paediatric Neurology Consultation,False,False,0.1402281270473906,0,0,0,0,0.0,0.0,0.0,0.0,Closed
2026-08-21,4,PEDIATRIC NEUROLOGY,Paediatric Neurology Consultation,False,False,0.1424775293089889,0,0,0,0,0.0,0.0,0.0,0.0,Closed
2026-08-21,5,PEDIATRIC NEUROLOGY,Paediatric Neurology Consultation,False,False,0.1182120060726809,0,0,0,0,0.0,0.0,0.0,0.0,Closed
2026-08-21,6,PEDIATRIC NEUROLOGY,Paediatric Neurology Consultation,False,False,0.2258611799896995,0,0,0,0,0.0,0.0,0.0,0.0,Closed
2026-08-21,7,PEDIATRIC NEUROLOGY,Paediatric Neurology Consultation,False,False,0.2336798114848238,0,0,0,0,0.0,0.0,0.0,0.0,Closed
2026-08-21,8,PEDIATRIC NEUROLOGY,Paediatric Neurology Consultation,False,True,0.2888590406774149,0,0,0,0,0.0,0.0,12.0,0.0,Low
2026-08-21,9,PEDIATRIC NEUROLOGY,Paediatric Neurology Consultation,False,True,0.3021371754098316,0,0,0,0,0.0,0.0,12.0,0.0,Low
2026-08-21,10,PEDIATRIC NEUROLOGY,Paediatric Neurology Consultation,False,True,0.1923666034060717,0,0,0,0,0.0,0.0,12.0,0.0,Low
2026-08-21,11,PEDIATRIC NEUROLOGY,Paediatric Neurology Consultation,False,True,0.1924542126538105,0,0,0,0,0.0,0.0,12.0,0.0,Low
2026-08-21,12,PEDIATRIC NEUROLOGY,Paediatric Neurology Consultation,False,True,0.1715171218293981,0,0,0,0,0.0,0.0,12.0,0.0,Low
2026-08-21,13,PEDIATRIC NEUROLOGY,Paediatric Neurology Consultation,False,True,0.1510830237198528,0,0,0,0,0.0,0.0,12.0,0.0,Low
2026-08-21,14,PEDIATRIC NEUROLOGY,Paediatric Neurology Consultation,False,True,0.1510830237198528,0,0,0,0,0.0,0.0,12.0,0.0,Low
2026-08-21,15,PEDIATRIC NEUROLOGY,Paediatric Neurology Consultation,False,True,0.1498958573667479,0,0,0,0,0.0,0.0,12.0,0.0,Low
2026-08-21,16,PEDIATRIC NEUROLOGY,Paediatric Neurology Consultation,False,True,0.1425271801122087,0,0,0,0,0.0,0.0,12.0,0.0,Low
2026-08-21,17,PEDIATRIC NEUROLOGY,Paediatric Neurology Consultation,False,False,0.1243867809412933,0,0,0,0,0.0,0.0,0.0,0.0,Closed
2026-08-21,18,PEDIATRIC NEUROLOGY,Paediatric Neurology Consultation,False,False,0.1243867809412933,0,0,0,0,0.0,0.0,0.0,0.0,Closed
2026-08-21,19,PEDIATRIC NEUROLOGY,Paediatric Neurology Consultation,False,False,0.1243867809412933,0,0,0,0,0.0,0.0,0.0,0.0,Closed
2026-08-21,20,PEDIATRIC NEUROLOGY,Paediatric Neurology Consultation,False,False,0.1243867809412933,0,0,0,0,0.0,0.0,0.0,0.0,Closed
2026-08-21,21,PEDIATRIC NEUROLOGY,Paediatric Neurology Consultation,False,False,0.1243867809412933,0,0,0,0,0.0,0.0,0.0,0.0,Closed
2026-08-21,22,PEDIATRIC NEUROLOGY,Paediatric Neurology Consultation,False,False,0.1243867809412933,0,0,0,0,0.0,0.0,0.0,0.0,Closed
2026-08-21,23,PEDIATRIC NEUROLOGY,Paediatric Neurology Consultation,False,False,0.1243867809412933,0,0,0,0,0.0,0.0,0.0,0.0,Closed
2026-08-22,0,PEDIATRIC NEUROLOGY,Paediatric Neurology Consultation,False,False,0.1660434392284973,0,0,0,0,0.0,0.0,0.0,0.0,Closed
2026-08-22,1,PEDIATRIC NEUROLOGY,Paediatric Neurology Consultation,False,False,0.1660434392284973,0,0,0,0,0.0,0.0,0.0,0.0,Closed
2026-08-22,2,PEDIATRIC NEUROLOGY,Paediatric Neurology Consultation,False,False,0.1521448399003155,0,0,0,0,0.0,0.0,0.0,0.0,Closed
2026-08-22,3,PEDIATRIC NEUROLOGY,Paediatric Neurology Consultation,False,False,0.1521448399003155,0,0,0,0,0.0,0.0,0.0,0.0,Closed
2026-08-22,4,PEDIATRIC NEUROLOGY,Paediatric Neurology Consultation,False,False,0.1212262796638102,0,0,0,0,0.0,0.0,0.0,0.0,Closed
2026-08-22,5,PEDIATRIC NEUROLOGY,Paediatric Neurology Consultation,False,False,0.0969607564275023,0,0,0,0,0.0,0.0,0.0,0.0,Closed
2026-08-22,6,PEDIATRIC NEUROLOGY,Paediatric Neurology Consultation,False,False,0.2111912038396584,0,0,0,0,0.0,0.0,0.0,0.0,Closed
2026-08-22,7,PEDIATRIC NEUROLOGY,Paediatric Neurology Consultation,False,False,0.2190098353347828,0,0,0,0,0.0,0.0,0.0,0.0,Closed
2026-08-22,8,PEDIATRIC NEUROLOGY,Paediatric Neurology Consultation,False,True,0.2624875868792359,0,0,0,0,0.0,0.0,12.0,0.0,Low
2026-08-22,9,PEDIATRIC NEUROLOGY,Paediatric Neurology Consultation,False,True,0.2757657216116526,0,0,0,0,0.0,0.0,12.0,0.0,Low
2026-08-22,10,PEDIATRIC NEUROLOGY,Paediatric Neurology Consultation,False,True,0.1727355497187463,0,0,0,0,0.0,0.0,12.0,0.0,Low
2026-08-22,11,PEDIATRIC NEUROLOGY,Paediatric Neurology Consultation,False,True,0.172823158966485,0,0,0,0,0.0,0.0,12.0,0.0,Low
2026-08-22,12,PEDIATRIC NEUROLOGY,Paediatric Neurology Consultation,False,True,0.1487210747957543,0,0,0,0,0.0,0.0,12.0,0.0,Low
2026-08-22,13,PEDIATRIC NEUROLOGY,Paediatric Neurology Consultation,False,True,0.1394739395628766,0,0,0,0,0.0,0.0,12.0,0.0,Low
2026-08-22,14,PEDIATRIC NEUROLOGY,Paediatric Neurology Consultation,False,True,0.1394739395628766,0,0,0,0,0.0,0.0,12.0,0.0,Low
2026-08-22,15,PEDIATRIC NEUROLOGY,Paediatric Neurology Consultation,False,True,0.1382867732097718,0,0,0,0,0.0,0.0,12.0,0.0,Low
2026-08-22,16,PEDIATRIC NEUROLOGY,Paediatric Neurology Consultation,False,True,0.1309180959552326,0,0,0,0,0.0,0.0,12.0,0.0,Low
2026-08-22,17,PEDIATRIC NEUROLOGY,Paediatric Neurology Consultation,False,False,0.1100391256064206,0,0,0,0,0.0,0.0,0.0,0.0,Closed
2026-08-22,18,PEDIATRIC NEUROLOGY,Paediatric Neurology Consultation,False,False,0.1100391256064206,0,0,0,0,0.0,0.0,0.0,0.0,Closed
2026-08-22,19,PEDIATRIC NEUROLOGY,Paediatric Neurology Consultation,False,False,0.1100391256064206,1,0,1,1,0.0,0.0,0.0,0.0,Closed
2026-08-22,20,PEDIATRIC NEUROLOGY,Paediatric Neurology Consultation,False,False,0.1100391256064206,0,0,1,1,0.0,0.0,0.0,0.0,Closed
2026-08-22,21,PEDIATRIC NEUROLOGY,Paediatric Neurology Consultation,False,False,0.1100391256064206,1,0,2,2,0.0,0.0,0.0,0.0,Closed
2026-08-22,22,PEDIATRIC NEUROLOGY,Paediatric Neurology Consultation,False,False,0.1100391256064206,0,0,2,2,0.0,0.0,0.0,0.0,Closed
2026-08-22,23,PEDIATRIC NEUROLOGY,Paediatric Neurology Consultation,False,False,0.1100391256064206,0,0,2,2,0.0,0.0,0.0,0.0,Closed
2026-08-23,0,PEDIATRIC NEUROLOGY,Paediatric Neurology Consultation,False,False,0.1644907820560245,0,0,2,2,0.0,0.0,0.0,0.0,Closed
2026-08-23,1,PEDIATRIC NEUROLOGY,Paediatric Neurology Consultation,False,False,0.1644907820560245,0,0,2,2,0.0,0.0,0.0,0.0,Closed
2026-08-23,2,PEDIATRIC NEUROLOGY,Paediatric Neurology Consultation,False,False,0.1505921827278427,1,0,3,3,0.0,0.0,0.0,0.0,Closed
2026-08-23,3,PEDIATRIC NEUROLOGY,Paediatric Neurology Consultation,False,False,0.1505921827278427,0,0,3,3,0.0,0.0,0.0,0.0,Closed
2026-08-23,4,PEDIATRIC NEUROLOGY,Paediatric Neurology Consultation,False,False,0.1196736224913375,0,0,3,3,0.0,0.0,0.0,0.0,Closed
2026-08-23,5,PEDIATRIC NEUROLOGY,Paediatric Neurology Consultation,False,False,0.0954080992550295,0,0,3,3,0.0,0.0,0.0,0.0,Closed
2026-08-23,6,PEDIATRIC NEUROLOGY,Paediatric Neurology Consultation,False,False,0.2096385466671857,1,0,4,4,0.0,0.0,0.0,0.0,Closed
2026-08-23,7,PEDIATRIC NEUROLOGY,Paediatric Neurology Consultation,False,False,0.21745717816231,0,0,4,4,0.0,0.0,0.0,0.0,Closed
2026-08-23,8,PEDIATRIC NEUROLOGY,Paediatric Neurology Consultation,False,True,0.2609349297067632,0,4,0,0,449.0,751.0,12.0,0.0,Low
2026-08-23,9,PEDIATRIC NEUROLOGY,Paediatric Neurology Consultation,False,True,0.2742130644391799,0,0,0,0,0.0,0.0,12.0,0.0,Low
2026-08-23,10,PEDIATRIC NEUROLOGY,Paediatric Neurology Consultation,False,True,0.1711828925462735,0,0,0,0,0.0,0.0,12.0,0.0,Low
2026-08-23,11,PEDIATRIC NEUROLOGY,Paediatric Neurology Consultation,False,True,0.1712705017940122,0,0,0,0,0.0,0.0,12.0,0.0,Low
2026-08-23,12,PEDIATRIC NEUROLOGY,Paediatric Neurology Consultation,False,True,0.1471684176232815,0,0,0,0,0.0,0.0,12.0,0.0,Low
2026-08-23,13,PEDIATRIC NEUROLOGY,Paediatric Neurology Consultation,False,True,0.1379212823904038,0,0,0,0,0.0,0.0,12.0,0.0,Low
2026-08-23,14,PEDIATRIC NEUROLOGY,Paediatric Neurology Consultation,False,True,0.1379212823904038,0,0,0,0,0.0,0.0,12.0,0.0,Low
2026-08-23,15,PEDIATRIC NEUROLOGY,Paediatric Neurology Consultation,False,True,0.136734116037299,0,0,0,0,0.0,0.0,12.0,0.0,Low
2026-08-23,16,PEDIATRIC NEUROLOGY,Paediatric Neurology Consultation,False,True,0.1293654387827598,0,0,0,0,0.0,0.0,12.0,0.0,Low
2026-08-23,17,PEDIATRIC NEUROLOGY,Paediatric Neurology Consultation,False,False,0.1087149663232366,0,0,0,0,0.0,0.0,0.0,0.0,Closed
2026-08-23,18,PEDIATRIC NEUROLOGY,Paediatric Neurology Consultation,False,False,0.1087149663232366,0,0,0,0,0.0,0.0,0.0,0.0,Closed
2026-08-23,19,PEDIATRIC NEUROLOGY,Paediatric Neurology Consultation,False,False,0.1087149663232366,0,0,0,0,0.0,0.0,0.0,0.0,Closed
2026-08-23,20,PEDIATRIC NEUROLOGY,Paediatric Neurology Consultation,False,False,0.1087149663232366,0,0,0,0,0.0,0.0,0.0,0.0,Closed
2026-08-23,21,PEDIATRIC NEUROLOGY,Paediatric Neurology Consultation,False,False,0.1087149663232366,1,0,1,1,0.0,0.0,0.0,0.0,Closed
2026-08-23,22,PEDIATRIC NEUROLOGY,Paediatric Neurology Consultation,False,False,0.1087149663232366,0,0,1,1,0.0,0.0,0.0,0.0,Closed
2026-08-23,23,PEDIATRIC NEUROLOGY,Paediatric Neurology Consultation,False,False,0.1087149663232366,0,0,1,1,0.0,0.0,0.0,0.0,Closed
2026-08-24,0,PEDIATRIC NEUROLOGY,Paediatric Neurology Consultation,False,False,0.1361605774393602,1,0,2,2,0.0,0.0,0.0,0.0,Closed
2026-08-24,1,PEDIATRIC NEUROLOGY,Paediatric Neurology Consultation,False,False,0.1361605774393602,0,0,2,2,0.0,0.0,0.0,0.0,Closed
2026-08-24,2,PEDIATRIC NEUROLOGY,Paediatric Neurology Consultation,False,False,0.1290387319658908,0,0,2,2,0.0,0.0,0.0,0.0,Closed
2026-08-24,3,PEDIATRIC NEUROLOGY,Paediatric Neurology Consultation,False,False,0.1290387319658908,0,0,2,2,0.0,0.0,0.0,0.0,Closed
2026-08-24,4,PEDIATRIC NEUROLOGY,Paediatric Neurology Consultation,False,False,0.1312881342274892,0,0,2,2,0.0,0.0,0.0,0.0,Closed
2026-08-24,5,PEDIATRIC NEUROLOGY,Paediatric Neurology Consultation,False,False,0.1213001121769239,1,0,3,3,0.0,0.0,0.0,0.0,Closed
2026-08-24,6,PEDIATRIC NEUROLOGY,Paediatric Neurology Consultation,False,False,0.2289492860939425,0,0,3,3,0.0,0.0,0.0,0.0,Closed
2026-08-24,7,PEDIATRIC NEUROLOGY,Paediatric Neurology Consultation,False,False,0.2367679175890668,0,0,3,3,0.0,0.0,0.0,0.0,Closed
2026-08-24,8,PEDIATRIC NEUROLOGY,Paediatric Neurology Consultation,False,True,0.3024976860070337,0,3,0,0,414.0,634.0,12.0,0.0,Low
2026-08-24,9,PEDIATRIC NEUROLOGY,Paediatric Neurology Consultation,False,True,0.3004150791661296,0,0,0,0,0.0,0.0,12.0,0.0,Low
2026-08-24,10,PEDIATRIC NEUROLOGY,Paediatric Neurology Consultation,False,True,0.2020983140727082,0,0,0,0,0.0,0.0,12.0,0.0,Low
2026-08-24,11,PEDIATRIC NEUROLOGY,Paediatric Neurology Consultation,False,True,0.202185923320447,1,1,0,0,0.0,0.0,12.0,8.333333333333332,Low
2026-08-24,12,PEDIATRIC NEUROLOGY,Paediatric Neurology Consultation,False,True,0.1581926681946801,0,0,0,0,0.0,0.0,12.0,0.0,Low
2026-08-24,13,PEDIATRIC NEUROLOGY,Paediatric Neurology Consultation,False,True,0.1377585700851347,0,0,0,0,0.0,0.0,12.0,0.0,Low
2026-08-24,14,PEDIATRIC NEUROLOGY,Paediatric Neurology Consultation,False,True,0.1377585700851347,0,0,0,0,0.0,0.0,12.0,0.0,Low
2026-08-24,15,PEDIATRIC NEUROLOGY,Paediatric Neurology Consultation,False,True,0.1365714037320299,0,0,0,0,0.0,0.0,12.0,0.0,Low
2026-08-24,16,PEDIATRIC NEUROLOGY,Paediatric Neurology Consultation,False,True,0.1292027264774907,0,0,0,0,0.0,0.0,12.0,0.0,Low
2026-08-24,17,PEDIATRIC NEUROLOGY,Paediatric Neurology Consultation,False,False,0.1110623273065754,0,0,0,0,0.0,0.0,0.0,0.0,Closed
2026-08-24,18,PEDIATRIC NEUROLOGY,Paediatric Neurology Consultation,False,False,0.1110623273065754,0,0,0,0,0.0,0.0,0.0,0.0,Closed
2026-08-24,19,PEDIATRIC NEUROLOGY,Paediatric Neurology Consultation,False,False,0.1110623273065754,0,0,0,0,0.0,0.0,0.0,0.0,Closed
2026-08-24,20,PEDIATRIC NEUROLOGY,Paediatric Neurology Consultation,False,False,0.1110623273065754,0,0,0,0,0.0,0.0,0.0,0.0,Closed
2026-08-24,21,PEDIATRIC NEUROLOGY,Paediatric Neurology Consultation,False,False,0.1110623273065754,1,0,1,1,0.0,0.0,0.0,0.0,Closed
2026-08-24,22,PEDIATRIC NEUROLOGY,Paediatric Neurology Consultation,False,False,0.1110623273065754,0,0,1,1,0.0,0.0,0.0,0.0,Closed
2026-08-24,23,PEDIATRIC NEUROLOGY,Paediatric Neurology Consultation,False,False,0.1110623273065754,0,0,1,1,0.0,0.0,0.0,0.0,Closed
2026-08-25,0,PEDIATRIC NEUROLOGY,Paediatric Neurology Consultation,False,False,0.1361605774393602,0,0,1,1,0.0,0.0,0.0,0.0,Closed
2026-08-25,1,PEDIATRIC NEUROLOGY,Paediatric Neurology Consultation,False,False,0.1361605774393602,0,0,1,1,0.0,0.0,0.0,0.0,Closed
2026-08-25,2,PEDIATRIC NEUROLOGY,Paediatric Neurology Consultation,False,False,0.1290387319658908,0,0,1,1,0.0,0.0,0.0,0.0,Closed
2026-08-25,3,PEDIATRIC NEUROLOGY,Paediatric Neurology Consultation,False,False,0.1290387319658908,1,0,2,2,0.0,0.0,0.0,0.0,Closed
2026-08-25,4,PEDIATRIC NEUROLOGY,Paediatric Neurology Consultation,False,False,0.1312881342274892,0,0,2,2,0.0,0.0,0.0,0.0,Closed
2026-08-25,5,PEDIATRIC NEUROLOGY,Paediatric Neurology Consultation,False,False,0.1213001121769239,0,0,2,2,0.0,0.0,0.0,0.0,Closed
2026-08-25,6,PEDIATRIC NEUROLOGY,Paediatric Neurology Consultation,False,False,0.2289492860939425,1,0,3,3,0.0,0.0,0.0,0.0,Closed
2026-08-25,7,PEDIATRIC NEUROLOGY,Paediatric Neurology Consultation,False,False,0.2367679175890668,0,0,3,3,0.0,0.0,0.0,0.0,Closed
2026-08-25,8,PEDIATRIC NEUROLOGY,Paediatric Neurology Consultation,False,True,0.3024976860070337,2,5,0,0,206.6,646.0,12.0,16.666666666666664,Low
2026-08-25,9,PEDIATRIC NEUROLOGY,Paediatric Neurology Consultation,False,True,0.3004150791661296,1,1,0,0,0.0,0.0,12.0,8.333333333333332,Low
2026-08-25,10,PEDIATRIC NEUROLOGY,Paediatric Neurology Consultation,False,True,0.2020983140727082,0,0,0,0,0.0,0.0,12.0,0.0,Low
2026-08-25,11,PEDIATRIC NEUROLOGY,Paediatric Neurology Consultation,False,True,0.202185923320447,0,0,0,0,0.0,0.0,12.0,0.0,Low
2026-08-25,12,PEDIATRIC NEUROLOGY,Paediatric Neurology Consultation,False,True,0.1581926681946801,0,0,0,0,0.0,0.0,12.0,0.0,Low
2026-08-25,13,PEDIATRIC NEUROLOGY,Paediatric Neurology Consultation,False,True,0.1377585700851347,0,0,0,0,0.0,0.0,12.0,0.0,Low
2026-08-25,14,PEDIATRIC NEUROLOGY,Paediatric Neurology Consultation,False,True,0.1377585700851347,0,0,0,0,0.0,0.0,12.0,0.0,Low
2026-08-25,15,PEDIATRIC NEUROLOGY,Paediatric Neurology Consultation,False,True,0.1365714037320299,0,0,0,0,0.0,0.0,12.0,0.0,Low
2026-08-25,16,PEDIATRIC NEUROLOGY,Paediatric Neurology Consultation,False,True,0.1292027264774907,0,0,0,0,0.0,0.0,12.0,0.0,Low
2026-08-25,17,PEDIATRIC NEUROLOGY,Paediatric Neurology Consultation,False,False,0.1110623273065754,1,0,1,1,0.0,0.0,0.0,0.0,Closed
2026-08-25,18,PEDIATRIC NEUROLOGY,Paediatric Neurology Consultation,False,False,0.1110623273065754,0,0,1,1,0.0,0.0,0.0,0.0,Closed
2026-08-25,19,PEDIATRIC NEUROLOGY,Paediatric Neurology Consultation,False,False,0.1110623273065754,0,0,1,1,0.0,0.0,0.0,0.0,Closed
2026-08-25,20,PEDIATRIC NEUROLOGY,Paediatric Neurology Consultation,False,False,0.1110623273065754,0,0,1,1,0.0,0.0,0.0,0.0,Closed
2026-08-25,21,PEDIATRIC NEUROLOGY,Paediatric Neurology Consultation,False,False,0.1110623273065754,0,0,1,1,0.0,0.0,0.0,0.0,Closed
2026-08-25,22,PEDIATRIC NEUROLOGY,Paediatric Neurology Consultation,False,False,0.1110623273065754,0,0,1,1,0.0,0.0,0.0,0.0,Closed
2026-08-25,23,PEDIATRIC NEUROLOGY,Paediatric Neurology Consultation,False,False,0.1110623273065754,0,0,1,1,0.0,0.0,0.0,0.0,Closed
2026-08-26,0,PEDIATRIC NEUROLOGY,Paediatric Neurology Consultation,False,False,0.1999704074192417,0,0,1,1,0.0,0.0,0.0,0.0,Closed
2026-08-19,1,PHYSIOTHERAPY,Physiotherapy Treatment,False,False,0.517037481624327,1,0,1,1,0.0,0.0,0.0,0.0,Closed
2026-08-19,2,PHYSIOTHERAPY,Physiotherapy Treatment,False,False,0.5019359128924037,1,0,2,2,0.0,0.0,0.0,0.0,Closed
2026-08-19,3,PHYSIOTHERAPY,Physiotherapy Treatment,False,False,0.5019359128924037,2,0,4,4,0.0,0.0,0.0,0.0,Closed
2026-08-19,4,PHYSIOTHERAPY,Physiotherapy Treatment,False,False,0.485017494541731,0,0,4,4,0.0,0.0,0.0,0.0,Closed
2026-08-19,5,PHYSIOTHERAPY,Physiotherapy Treatment,False,False,0.3163511214948497,0,0,4,4,0.0,0.0,0.0,0.0,Closed
2026-08-19,6,PHYSIOTHERAPY,Physiotherapy Treatment,False,False,0.6325765223122274,2,0,6,6,0.0,0.0,0.0,0.0,Closed
2026-08-19,7,PHYSIOTHERAPY,Physiotherapy Treatment,False,False,1.538899539051274,1,0,7,7,0.0,0.0,0.0,0.0,Closed
2026-08-19,8,PHYSIOTHERAPY,Physiotherapy Treatment,False,True,2.9977729185415574,7,12,2,2,131.08333333333334,395.0,12.0,58.333333333333336,Moderate
2026-08-19,9,PHYSIOTHERAPY,Physiotherapy Treatment,False,True,2.3495296361846774,4,6,0,0,9.833333333333334,31.0,12.0,33.33333333333333,Low
2026-08-19,10,PHYSIOTHERAPY,Physiotherapy Treatment,False,True,1.4214854087262194,0,0,0,0,0.0,0.0,12.0,0.0,Low
2026-08-19,11,PHYSIOTHERAPY,Physiotherapy Treatment,False,True,1.0769152934834831,1,1,0,0,0.0,0.0,12.0,8.333333333333332,Low
2026-08-19,12,PHYSIOTHERAPY,Physiotherapy Treatment,False,True,0.5472734597914932,0,0,0,0,0.0,0.0,12.0,0.0,Low
2026-08-19,13,PHYSIOTHERAPY,Physiotherapy Treatment,False,True,0.278365669240556,1,1,0,0,0.0,0.0,12.0,8.333333333333332,Low
2026-08-19,14,PHYSIOTHERAPY,Physiotherapy Treatment,False,True,0.28810788885705,0,0,0,0,0.0,0.0,12.0,0.0,Low
2026-08-19,15,PHYSIOTHERAPY,Physiotherapy Treatment,False,True,0.2248482078549747,1,1,0,0,0.0,0.0,12.0,8.333333333333332,Low
2026-08-19,16,PHYSIOTHERAPY,Physiotherapy Treatment,False,True,0.2185929257574983,0,0,0,0,0.0,0.0,12.0,0.0,Low
2026-08-19,17,PHYSIOTHERAPY,Physiotherapy Treatment,False,False,0.1920076338453626,0,0,0,0,0.0,0.0,0.0,0.0,Closed
2026-08-19,18,PHYSIOTHERAPY,Physiotherapy Treatment,False,False,0.182045102801597,0,0,0,0,0.0,0.0,0.0,0.0,Closed
2026-08-19,19,PHYSIOTHERAPY,Physiotherapy Treatment,False,False,0.182045102801597,0,0,0,0,0.0,0.0,0.0,0.0,Closed
2026-08-19,20,PHYSIOTHERAPY,Physiotherapy Treatment,False,False,0.182045102801597,0,0,0,0,0.0,0.0,0.0,0.0,Closed
2026-08-19,21,PHYSIOTHERAPY,Physiotherapy Treatment,False,False,0.182045102801597,0,0,0,0,0.0,0.0,0.0,0.0,Closed
2026-08-19,22,PHYSIOTHERAPY,Physiotherapy Treatment,False,False,0.182045102801597,0,0,0,0,0.0,0.0,0.0,0.0,Closed
2026-08-19,23,PHYSIOTHERAPY,Physiotherapy Treatment,False,False,0.182045102801597,0,0,0,0,0.0,0.0,0.0,0.0,Closed
2026-08-20,0,PHYSIOTHERAPY,Physiotherapy Treatment,False,False,0.3858439595692297,1,0,1,1,0.0,0.0,0.0,0.0,Closed
2026-08-20,1,PHYSIOTHERAPY,Physiotherapy Treatment,False,False,0.3743072019192919,0,0,1,1,0.0,0.0,0.0,0.0,Closed
2026-08-20,2,PHYSIOTHERAPY,Physiotherapy Treatment,False,False,0.362062760157792,0,0,1,1,0.0,0.0,0.0,0.0,Closed
2026-08-20,3,PHYSIOTHERAPY,Physiotherapy Treatment,False,False,0.362062760157792,0,0,1,1,0.0,0.0,0.0,0.0,Closed
2026-08-20,4,PHYSIOTHERAPY,Physiotherapy Treatment,False,False,0.3216332070026082,0,0,1,1,0.0,0.0,0.0,0.0,Closed
2026-08-20,5,PHYSIOTHERAPY,Physiotherapy Treatment,False,False,0.3719377122777004,0,0,1,1,0.0,0.0,0.0,0.0,Closed
2026-08-20,6,PHYSIOTHERAPY,Physiotherapy Treatment,False,False,0.6881631130950783,1,0,2,2,0.0,0.0,0.0,0.0,Closed
2026-08-20,7,PHYSIOTHERAPY,Physiotherapy Treatment,False,False,1.5944861298341246,2,0,4,4,0.0,0.0,0.0,0.0,Closed
2026-08-20,8,PHYSIOTHERAPY,Physiotherapy Treatment,False,True,3.173660031581675,2,6,0,0,98.16666666666669,457.0,12.0,16.666666666666664,Low
2026-08-20,9,PHYSIOTHERAPY,Physiotherapy Treatment,False,True,2.4047397297698163,1,1,0,0,0.0,0.0,12.0,8.333333333333332,Low
2026-08-20,10,PHYSIOTHERAPY,Physiotherapy Treatment,False,True,1.4693039207420315,1,1,0,0,0.0,0.0,12.0,8.333333333333332,Low
2026-08-20,11,PHYSIOTHERAPY,Physiotherapy Treatment,False,True,1.0911568795294684,2,2,0,0,0.0,0.0,12.0,16.666666666666664,Low
2026-08-20,12,PHYSIOTHERAPY,Physiotherapy Treatment,False,True,0.5532026293281525,1,1,0,0,0.0,0.0,12.0,8.333333333333332,Low
2026-08-20,13,PHYSIOTHERAPY,Physiotherapy Treatment,False,True,0.2842948387772152,0,0,0,0,0.0,0.0,12.0,0.0,Low
2026-08-20,14,PHYSIOTHERAPY,Physiotherapy Treatment,False,True,0.2940370583937092,0,0,0,0,0.0,0.0,12.0,0.0,Low
2026-08-20,15,PHYSIOTHERAPY,Physiotherapy Treatment,False,True,0.230777377391634,0,0,0,0,0.0,0.0,12.0,0.0,Low
2026-08-20,16,PHYSIOTHERAPY,Physiotherapy Treatment,False,True,0.2245220952941576,0,0,0,0,0.0,0.0,12.0,0.0,Low
2026-08-20,17,PHYSIOTHERAPY,Physiotherapy Treatment,False,False,0.1976090860363906,0,0,0,0,0.0,0.0,0.0,0.0,Closed
2026-08-20,18,PHYSIOTHERAPY,Physiotherapy Treatment,False,False,0.187646554992625,0,0,0,0,0.0,0.0,0.0,0.0,Closed
2026-08-20,19,PHYSIOTHERAPY,Physiotherapy Treatment,False,False,0.187646554992625,0,0,0,0,0.0,0.0,0.0,0.0,Closed
2026-08-20,20,PHYSIOTHERAPY,Physiotherapy Treatment,False,False,0.187646554992625,0,0,0,0,0.0,0.0,0.0,0.0,Closed
2026-08-20,21,PHYSIOTHERAPY,Physiotherapy Treatment,False,False,0.187646554992625,0,0,0,0,0.0,0.0,0.0,0.0,Closed
2026-08-20,22,PHYSIOTHERAPY,Physiotherapy Treatment,False,False,0.187646554992625,0,0,0,0,0.0,0.0,0.0,0.0,Closed
2026-08-20,23,PHYSIOTHERAPY,Physiotherapy Treatment,False,False,0.187646554992625,0,0,0,0,0.0,0.0,0.0,0.0,Closed
2026-08-21,0,PHYSIOTHERAPY,Physiotherapy Treatment,False,False,0.3866462444722625,0,0,0,0,0.0,0.0,0.0,0.0,Closed
2026-08-21,1,PHYSIOTHERAPY,Physiotherapy Treatment,False,False,0.3751094868223247,0,0,0,0,0.0,0.0,0.0,0.0,Closed
2026-08-21,2,PHYSIOTHERAPY,Physiotherapy Treatment,False,False,0.4006597109368246,0,0,0,0,0.0,0.0,0.0,0.0,Closed
2026-08-21,3,PHYSIOTHERAPY,Physiotherapy Treatment,False,False,0.4006597109368246,0,0,0,0,0.0,0.0,0.0,0.0,Closed
2026-08-21,4,PHYSIOTHERAPY,Physiotherapy Treatment,False,False,0.4092617025327298,2,0,2,2,0.0,0.0,0.0,0.0,Closed
2026-08-21,5,PHYSIOTHERAPY,Physiotherapy Treatment,False,False,0.4895251317411959,2,0,4,4,0.0,0.0,0.0,0.0,Closed
2026-08-21,6,PHYSIOTHERAPY,Physiotherapy Treatment,False,False,0.8057505325585739,0,0,4,4,0.0,0.0,0.0,0.0,Closed
2026-08-21,7,PHYSIOTHERAPY,Physiotherapy Treatment,False,False,2.241087746787317,0,0,4,4,0.0,0.0,0.0,0.0,Closed
2026-08-21,8,PHYSIOTHERAPY,Physiotherapy Treatment,False,True,3.5086769626126943,3,7,0,0,103.57142857142856,225.0,12.0,25.0,Low
2026-08-21,9,PHYSIOTHERAPY,Physiotherapy Treatment,False,True,2.623899181560124,6,6,0,0,0.0,0.0,12.0,50.0,Low
2026-08-21,10,PHYSIOTHERAPY,Physiotherapy Treatment,False,True,1.4396049196577902,1,1,0,0,0.0,0.0,12.0,8.333333333333332,Low
2026-08-21,11,PHYSIOTHERAPY,Physiotherapy Treatment,False,True,1.0729109913791606,0,0,0,0,0.0,0.0,12.0,0.0,Low
2026-08-21,12,PHYSIOTHERAPY,Physiotherapy Treatment,False,True,0.5540049142311855,0,0,0,0,0.0,0.0,12.0,0.0,Low
2026-08-21,13,PHYSIOTHERAPY,Physiotherapy Treatment,False,True,0.285097123680248,0,0,0,0,0.0,0.0,12.0,0.0,Low
2026-08-21,14,PHYSIOTHERAPY,Physiotherapy Treatment,False,True,0.294839343296742,0,0,0,0,0.0,0.0,12.0,0.0,Low
2026-08-21,15,PHYSIOTHERAPY,Physiotherapy Treatment,False,True,0.2315796622946669,1,1,0,0,0.0,0.0,12.0,8.333333333333332,Low
2026-08-21,16,PHYSIOTHERAPY,Physiotherapy Treatment,False,True,0.2253243801971905,0,0,0,0,0.0,0.0,12.0,0.0,Low
2026-08-21,17,PHYSIOTHERAPY,Physiotherapy Treatment,False,False,0.1984113709394235,0,0,0,0,0.0,0.0,0.0,0.0,Closed
2026-08-21,18,PHYSIOTHERAPY,Physiotherapy Treatment,False,False,0.1884488398956579,1,0,1,1,0.0,0.0,0.0,0.0,Closed
2026-08-21,19,PHYSIOTHERAPY,Physiotherapy Treatment,False,False,0.1884488398956579,0,0,1,1,0.0,0.0,0.0,0.0,Closed
2026-08-21,20,PHYSIOTHERAPY,Physiotherapy Treatment,False,False,0.1884488398956579,0,0,1,1,0.0,0.0,0.0,0.0,Closed
2026-08-21,21,PHYSIOTHERAPY,Physiotherapy Treatment,False,False,0.1884488398956579,0,0,1,1,0.0,0.0,0.0,0.0,Closed
2026-08-21,22,PHYSIOTHERAPY,Physiotherapy Treatment,False,False,0.1884488398956579,0,0,1,1,0.0,0.0,0.0,0.0,Closed
2026-08-21,23,PHYSIOTHERAPY,Physiotherapy Treatment,False,False,0.1884488398956579,1,0,2,2,0.0,0.0,0.0,0.0,Closed
2026-08-22,0,PHYSIOTHERAPY,Physiotherapy Treatment,False,False,0.3921461483379774,0,0,2,2,0.0,0.0,0.0,0.0,Closed
2026-08-22,1,PHYSIOTHERAPY,Physiotherapy Treatment,False,False,0.3835503491322614,0,0,2,2,0.0,0.0,0.0,0.0,Closed
2026-08-22,2,PHYSIOTHERAPY,Physiotherapy Treatment,False,False,0.3311421514287389,0,0,2,2,0.0,0.0,0.0,0.0,Closed
2026-08-22,3,PHYSIOTHERAPY,Physiotherapy Treatment,False,False,0.3095369593334739,0,0,2,2,0.0,0.0,0.0,0.0,Closed
2026-08-22,4,PHYSIOTHERAPY,Physiotherapy Treatment,False,False,0.2849709884312755,0,0,2,2,0.0,0.0,0.0,0.0,Closed
2026-08-22,5,PHYSIOTHERAPY,Physiotherapy Treatment,False,False,0.2794687649965716,1,0,3,3,0.0,0.0,0.0,0.0,Closed
2026-08-22,6,PHYSIOTHERAPY,Physiotherapy Treatment,False,False,0.5888366229639069,0,0,3,3,0.0,0.0,0.0,0.0,Closed
2026-08-22,7,PHYSIOTHERAPY,Physiotherapy Treatment,False,False,0.8736503974551395,1,0,4,4,0.0,0.0,0.0,0.0,Closed
2026-08-22,8,PHYSIOTHERAPY,Physiotherapy Treatment,False,True,1.4750200190353002,1,5,0,0,300.2,820.0,12.0,8.333333333333332,Low
2026-08-22,9,PHYSIOTHERAPY,Physiotherapy Treatment,False,True,1.5896388772998336,2,2,0,0,0.0,0.0,12.0,16.666666666666664,Low
2026-08-22,10,PHYSIOTHERAPY,Physiotherapy Treatment,False,True,1.0858361609679792,0,0,0,0,0.0,0.0,12.0,0.0,Low
2026-08-22,11,PHYSIOTHERAPY,Physiotherapy Treatment,False,True,0.8078256846085503,0,0,0,0,0.0,0.0,12.0,0.0,Low
2026-08-22,12,PHYSIOTHERAPY,Physiotherapy Treatment,False,True,0.3310122716067007,0,0,0,0,0.0,0.0,12.0,0.0,Low
2026-08-22,13,PHYSIOTHERAPY,Physiotherapy Treatment,False,True,0.2750585143596779,0,0,0,0,0.0,0.0,12.0,0.0,Low
2026-08-22,14,PHYSIOTHERAPY,Physiotherapy Treatment,False,True,0.2201208445732358,1,1,0,0,0.0,0.0,12.0,8.333333333333332,Low
2026-08-22,15,PHYSIOTHERAPY,Physiotherapy Treatment,False,True,0.2117988333576028,1,1,0,0,0.0,0.0,12.0,8.333333333333332,Low
2026-08-22,16,PHYSIOTHERAPY,Physiotherapy Treatment,False,True,0.2091039768578257,0,0,0,0,0.0,0.0,12.0,0.0,Low
2026-08-22,17,PHYSIOTHERAPY,Physiotherapy Treatment,False,False,0.1856891242513686,0,0,0,0,0.0,0.0,0.0,0.0,Closed
2026-08-22,18,PHYSIOTHERAPY,Physiotherapy Treatment,False,False,0.1853376670096737,1,0,1,1,0.0,0.0,0.0,0.0,Closed
2026-08-22,19,PHYSIOTHERAPY,Physiotherapy Treatment,False,False,0.1853376670096737,0,0,1,1,0.0,0.0,0.0,0.0,Closed
2026-08-22,20,PHYSIOTHERAPY,Physiotherapy Treatment,False,False,0.1853376670096737,2,0,3,3,0.0,0.0,0.0,0.0,Closed
2026-08-22,21,PHYSIOTHERAPY,Physiotherapy Treatment,False,False,0.1853376670096737,1,0,4,4,0.0,0.0,0.0,0.0,Closed
2026-08-22,22,PHYSIOTHERAPY,Physiotherapy Treatment,False,False,0.1853376670096737,0,0,4,4,0.0,0.0,0.0,0.0,Closed
2026-08-22,23,PHYSIOTHERAPY,Physiotherapy Treatment,False,False,0.1853376670096737,0,0,4,4,0.0,0.0,0.0,0.0,Closed
2026-08-23,0,PHYSIOTHERAPY,Physiotherapy Treatment,False,False,0.3905934911655047,0,0,4,4,0.0,0.0,0.0,0.0,Closed
2026-08-23,1,PHYSIOTHERAPY,Physiotherapy Treatment,False,False,0.3819976919597887,0,0,4,4,0.0,0.0,0.0,0.0,Closed
2026-08-23,2,PHYSIOTHERAPY,Physiotherapy Treatment,False,False,0.3295894942562661,0,0,4,4,0.0,0.0,0.0,0.0,Closed
2026-08-23,3,PHYSIOTHERAPY,Physiotherapy Treatment,False,False,0.3079843021610012,1,0,5,5,0.0,0.0,0.0,0.0,Closed
2026-08-23,4,PHYSIOTHERAPY,Physiotherapy Treatment,False,False,0.2834183312588028,0,0,5,5,0.0,0.0,0.0,0.0,Closed
2026-08-23,5,PHYSIOTHERAPY,Physiotherapy Treatment,False,False,0.2779161078240989,0,0,5,5,0.0,0.0,0.0,0.0,Closed
2026-08-23,6,PHYSIOTHERAPY,Physiotherapy Treatment,False,False,0.587283965791434,1,0,6,6,0.0,0.0,0.0,0.0,Closed
2026-08-23,7,PHYSIOTHERAPY,Physiotherapy Treatment,False,False,0.8160045390370455,0,0,6,6,0.0,0.0,0.0,0.0,Closed
2026-08-23,8,PHYSIOTHERAPY,Physiotherapy Treatment,False,True,1.4519404209129496,2,8,0,0,399.25,809.0,12.0,16.666666666666664,Low
2026-08-23,9,PHYSIOTHERAPY,Physiotherapy Treatment,False,True,1.5723358231964548,3,3,0,0,0.0,0.0,12.0,25.0,Low
2026-08-23,10,PHYSIOTHERAPY,Physiotherapy Treatment,False,True,1.026223904767256,0,0,0,0,0.0,0.0,12.0,0.0,Low
2026-08-23,11,PHYSIOTHERAPY,Physiotherapy Treatment,False,True,0.8062730274360774,1,1,0,0,0.0,0.0,12.0,8.333333333333332,Low
2026-08-23,12,PHYSIOTHERAPY,Physiotherapy Treatment,False,True,0.329459614434228,0,0,0,0,0.0,0.0,12.0,0.0,Low
2026-08-23,13,PHYSIOTHERAPY,Physiotherapy Treatment,False,True,0.2735058571872051,0,0,0,0,0.0,0.0,12.0,0.0,Low
2026-08-23,14,PHYSIOTHERAPY,Physiotherapy Treatment,False,True,0.218568187400763,0,0,0,0,0.0,0.0,12.0,0.0,Low
2026-08-23,15,PHYSIOTHERAPY,Physiotherapy Treatment,False,True,0.21024617618513,0,0,0,0,0.0,0.0,12.0,0.0,Low
2026-08-23,16,PHYSIOTHERAPY,Physiotherapy Treatment,False,True,0.2075513196853529,0,0,0,0,0.0,0.0,12.0,0.0,Low
2026-08-23,17,PHYSIOTHERAPY,Physiotherapy Treatment,False,False,0.1843649649681846,0,0,0,0,0.0,0.0,0.0,0.0,Closed
2026-08-23,18,PHYSIOTHERAPY,Physiotherapy Treatment,False,False,0.1840135077264897,0,0,0,0,0.0,0.0,0.0,0.0,Closed
2026-08-23,19,PHYSIOTHERAPY,Physiotherapy Treatment,False,False,0.1840135077264897,0,0,0,0,0.0,0.0,0.0,0.0,Closed
2026-08-23,20,PHYSIOTHERAPY,Physiotherapy Treatment,False,False,0.1840135077264897,0,0,0,0,0.0,0.0,0.0,0.0,Closed
2026-08-23,21,PHYSIOTHERAPY,Physiotherapy Treatment,False,False,0.1840135077264897,1,0,1,1,0.0,0.0,0.0,0.0,Closed
2026-08-23,22,PHYSIOTHERAPY,Physiotherapy Treatment,False,False,0.1840135077264897,0,0,1,1,0.0,0.0,0.0,0.0,Closed
2026-08-23,23,PHYSIOTHERAPY,Physiotherapy Treatment,False,False,0.1840135077264897,0,0,1,1,0.0,0.0,0.0,0.0,Closed
2026-08-24,0,PHYSIOTHERAPY,Physiotherapy Treatment,False,False,0.3081202608889942,1,0,2,2,0.0,0.0,0.0,0.0,Closed
2026-08-24,1,PHYSIOTHERAPY,Physiotherapy Treatment,False,False,0.2965835032390564,1,0,3,3,0.0,0.0,0.0,0.0,Closed
2026-08-24,2,PHYSIOTHERAPY,Physiotherapy Treatment,False,False,0.2763302927860668,0,0,3,3,0.0,0.0,0.0,0.0,Closed
2026-08-24,3,PHYSIOTHERAPY,Physiotherapy Treatment,False,False,0.2763302927860668,0,0,3,3,0.0,0.0,0.0,0.0,Closed
2026-08-24,4,PHYSIOTHERAPY,Physiotherapy Treatment,False,False,0.2359007396308827,0,0,3,3,0.0,0.0,0.0,0.0,Closed
2026-08-24,5,PHYSIOTHERAPY,Physiotherapy Treatment,False,False,0.2512514632376308,0,0,3,3,0.0,0.0,0.0,0.0,Closed
2026-08-24,6,PHYSIOTHERAPY,Physiotherapy Treatment,False,False,0.5317595659373654,1,0,4,4,0.0,0.0,0.0,0.0,Closed
2026-08-24,7,PHYSIOTHERAPY,Physiotherapy Treatment,False,False,1.4562498055921669,4,0,8,8,0.0,0.0,0.0,0.0,Closed
2026-08-24,8,PHYSIOTHERAPY,Physiotherapy Treatment,False,True,2.4417814805830105,3,11,0,0,156.8181818181818,602.0,12.0,25.0,Low
2026-08-24,9,PHYSIOTHERAPY,Physiotherapy Treatment,False,True,2.5223099378014107,2,2,0,0,0.0,0.0,12.0,16.666666666666664,Low
2026-08-24,10,PHYSIOTHERAPY,Physiotherapy Treatment,False,True,1.3698881971892023,2,2,0,0,0.0,0.0,12.0,16.666666666666664,Low
2026-08-24,11,PHYSIOTHERAPY,Physiotherapy Treatment,False,True,1.0022368433375846,2,2,0,0,0.0,0.0,12.0,16.666666666666664,Low
2026-08-24,12,PHYSIOTHERAPY,Physiotherapy Treatment,False,True,0.5283316324681557,1,1,0,0,0.0,0.0,12.0,8.333333333333332,Low
2026-08-24,13,PHYSIOTHERAPY,Physiotherapy Treatment,False,True,0.2594238419172187,1,1,0,0,0.0,0.0,12.0,8.333333333333332,Low
2026-08-24,14,PHYSIOTHERAPY,Physiotherapy Treatment,False,True,0.2691660615337127,1,1,0,0,0.0,0.0,12.0,8.333333333333332,Low
2026-08-24,15,PHYSIOTHERAPY,Physiotherapy Treatment,False,True,0.2059063805316375,0,0,0,0,0.0,0.0,12.0,0.0,Low
2026-08-24,16,PHYSIOTHERAPY,Physiotherapy Treatment,False,True,0.199651098434161,0,0,0,0,0.0,0.0,12.0,0.0,Low
2026-08-24,17,PHYSIOTHERAPY,Physiotherapy Treatment,False,False,0.1730658065220251,0,0,0,0,0.0,0.0,0.0,0.0,Closed
2026-08-24,18,PHYSIOTHERAPY,Physiotherapy Treatment,False,False,0.1631032754782596,0,0,0,0,0.0,0.0,0.0,0.0,Closed
2026-08-24,19,PHYSIOTHERAPY,Physiotherapy Treatment,False,False,0.1631032754782596,0,0,0,0,0.0,0.0,0.0,0.0,Closed
2026-08-24,20,PHYSIOTHERAPY,Physiotherapy Treatment,False,False,0.1631032754782596,0,0,0,0,0.0,0.0,0.0,0.0,Closed
2026-08-24,21,PHYSIOTHERAPY,Physiotherapy Treatment,False,False,0.1631032754782596,0,0,0,0,0.0,0.0,0.0,0.0,Closed
2026-08-24,22,PHYSIOTHERAPY,Physiotherapy Treatment,False,False,0.1631032754782596,0,0,0,0,0.0,0.0,0.0,0.0,Closed
2026-08-24,23,PHYSIOTHERAPY,Physiotherapy Treatment,False,False,0.1631032754782596,0,0,0,0,0.0,0.0,0.0,0.0,Closed
2026-08-25,0,PHYSIOTHERAPY,Physiotherapy Treatment,False,False,0.3081202608889942,0,0,0,0,0.0,0.0,0.0,0.0,Closed
2026-08-25,1,PHYSIOTHERAPY,Physiotherapy Treatment,False,False,0.2965835032390564,0,0,0,0,0.0,0.0,0.0,0.0,Closed
2026-08-25,2,PHYSIOTHERAPY,Physiotherapy Treatment,False,False,0.2763302927860668,0,0,0,0,0.0,0.0,0.0,0.0,Closed
2026-08-25,3,PHYSIOTHERAPY,Physiotherapy Treatment,False,False,0.2763302927860668,1,0,1,1,0.0,0.0,0.0,0.0,Closed
2026-08-25,4,PHYSIOTHERAPY,Physiotherapy Treatment,False,False,0.2359007396308827,0,0,1,1,0.0,0.0,0.0,0.0,Closed
2026-08-25,5,PHYSIOTHERAPY,Physiotherapy Treatment,False,False,0.2512514632376308,0,0,1,1,0.0,0.0,0.0,0.0,Closed
2026-08-25,6,PHYSIOTHERAPY,Physiotherapy Treatment,False,False,0.5245731153878809,0,0,1,1,0.0,0.0,0.0,0.0,Closed
2026-08-25,7,PHYSIOTHERAPY,Physiotherapy Treatment,False,False,1.4562498055921669,2,0,3,3,0.0,0.0,0.0,0.0,Closed
2026-08-25,8,PHYSIOTHERAPY,Physiotherapy Treatment,False,True,2.453321883140971,1,4,0,0,96.5,268.0,12.0,8.333333333333332,Low
2026-08-25,9,PHYSIOTHERAPY,Physiotherapy Treatment,False,True,2.505132475923148,1,1,0,0,0.0,0.0,12.0,8.333333333333332,Low
2026-08-25,10,PHYSIOTHERAPY,Physiotherapy Treatment,False,True,1.3133541797938273,0,0,0,0,0.0,0.0,12.0,0.0,Low
2026-08-25,11,PHYSIOTHERAPY,Physiotherapy Treatment,False,True,1.0022368433375846,5,5,0,0,0.0,0.0,12.0,41.66666666666667,Low
2026-08-25,12,PHYSIOTHERAPY,Physiotherapy Treatment,False,True,0.5283316324681557,0,0,0,0,0.0,0.0,12.0,0.0,Low
2026-08-25,13,PHYSIOTHERAPY,Physiotherapy Treatment,False,True,0.2594238419172187,0,0,0,0,0.0,0.0,12.0,0.0,Low
2026-08-25,14,PHYSIOTHERAPY,Physiotherapy Treatment,False,True,0.2691660615337127,1,1,0,0,0.0,0.0,12.0,8.333333333333332,Low
2026-08-25,15,PHYSIOTHERAPY,Physiotherapy Treatment,False,True,0.2059063805316375,0,0,0,0,0.0,0.0,12.0,0.0,Low
2026-08-25,16,PHYSIOTHERAPY,Physiotherapy Treatment,False,True,0.199651098434161,0,0,0,0,0.0,0.0,12.0,0.0,Low
2026-08-25,17,PHYSIOTHERAPY,Physiotherapy Treatment,False,False,0.1730658065220251,0,0,0,0,0.0,0.0,0.0,0.0,Closed
2026-08-25,18,PHYSIOTHERAPY,Physiotherapy Treatment,False,False,0.1631032754782596,0,0,0,0,0.0,0.0,0.0,0.0,Closed
2026-08-25,19,PHYSIOTHERAPY,Physiotherapy Treatment,False,False,0.1631032754782596,0,0,0,0,0.0,0.0,0.0,0.0,Closed
2026-08-25,20,PHYSIOTHERAPY,Physiotherapy Treatment,False,False,0.1631032754782596,0,0,0,0,0.0,0.0,0.0,0.0,Closed
2026-08-25,21,PHYSIOTHERAPY,Physiotherapy Treatment,False,False,0.1631032754782596,0,0,0,0,0.0,0.0,0.0,0.0,Closed
2026-08-25,22,PHYSIOTHERAPY,Physiotherapy Treatment,False,False,0.1631032754782596,0,0,0,0,0.0,0.0,0.0,0.0,Closed
2026-08-25,23,PHYSIOTHERAPY,Physiotherapy Treatment,False,False,0.1631032754782596,0,0,0,0,0.0,0.0,0.0,0.0,Closed
2026-08-26,0,PHYSIOTHERAPY,Physiotherapy Treatment,False,False,0.3719300908688758,0,0,0,0,0.0,0.0,0.0,0.0,Closed
2026-08-19,1,PRIVATE CLINIC,Private Consultation,False,False,0.3875243098707266,1,0,1,1,0.0,0.0,0.0,0.0,Closed
2026-08-19,2,PRIVATE CLINIC,Private Consultation,False,False,0.2620000517279495,0,0,1,1,0.0,0.0,0.0,0.0,Closed
2026-08-19,3,PRIVATE CLINIC,Private Consultation,False,False,0.2620000517279495,0,0,1,1,0.0,0.0,0.0,0.0,Closed
2026-08-19,4,PRIVATE CLINIC,Private Consultation,False,False,0.1659238147881896,1,0,2,2,0.0,0.0,0.0,0.0,Closed
2026-08-19,5,PRIVATE CLINIC,Private Consultation,False,False,0.1931938260512854,0,0,2,2,0.0,0.0,0.0,0.0,Closed
2026-08-19,6,PRIVATE CLINIC,Private Consultation,False,False,0.2927777177372784,0,0,2,2,0.0,0.0,0.0,0.0,Closed
2026-08-19,7,PRIVATE CLINIC,Private Consultation,False,False,0.9001158011971384,1,0,3,3,0.0,0.0,0.0,0.0,Closed
2026-08-19,8,PRIVATE CLINIC,Private Consultation,False,True,1.442255060245195,2,5,0,0,126.8,395.0,12.0,16.666666666666664,Low
2026-08-19,9,PRIVATE CLINIC,Private Consultation,False,True,1.2388378156497877,1,1,0,0,0.0,0.0,12.0,8.333333333333332,Low
2026-08-19,10,PRIVATE CLINIC,Private Consultation,False,True,0.7055112257004941,2,2,0,0,0.0,0.0,12.0,16.666666666666664,Low
2026-08-19,11,PRIVATE CLINIC,Private Consultation,False,True,0.5260741657805466,3,3,0,0,0.0,0.0,12.0,25.0,Low
2026-08-19,12,PRIVATE CLINIC,Private Consultation,False,True,0.3375346134582399,0,0,0,0,0.0,0.0,12.0,0.0,Low
2026-08-19,13,PRIVATE CLINIC,Private Consultation,False,True,0.2179525637187464,0,0,0,0,0.0,0.0,12.0,0.0,Low
2026-08-19,14,PRIVATE CLINIC,Private Consultation,False,True,0.1621602790589696,0,0,0,0,0.0,0.0,12.0,0.0,Low
2026-08-19,15,PRIVATE CLINIC,Private Consultation,False,True,0.1451885864363172,1,1,0,0,0.0,0.0,12.0,8.333333333333332,Low
2026-08-19,16,PRIVATE CLINIC,Private Consultation,False,True,0.1334535666763724,0,0,0,0,0.0,0.0,12.0,0.0,Low
2026-08-19,17,PRIVATE CLINIC,Private Consultation,False,False,0.0664123697871104,0,0,0,0,0.0,0.0,0.0,0.0,Closed
2026-08-19,18,PRIVATE CLINIC,Private Consultation,False,False,0.0664123697871104,0,0,0,0,0.0,0.0,0.0,0.0,Closed
2026-08-19,19,PRIVATE CLINIC,Private Consultation,False,False,0.0664123697871104,0,0,0,0,0.0,0.0,0.0,0.0,Closed
2026-08-19,20,PRIVATE CLINIC,Private Consultation,False,False,0.0664123697871104,0,0,0,0,0.0,0.0,0.0,0.0,Closed
2026-08-19,21,PRIVATE CLINIC,Private Consultation,False,False,0.0664123697871104,0,0,0,0,0.0,0.0,0.0,0.0,Closed
2026-08-19,22,PRIVATE CLINIC,Private Consultation,False,False,0.0664123697871104,0,0,0,0,0.0,0.0,0.0,0.0,Closed
2026-08-19,23,PRIVATE CLINIC,Private Consultation,False,False,0.0664123697871104,0,0,0,0,0.0,0.0,0.0,0.0,Closed
2026-08-20,0,PRIVATE CLINIC,Private Consultation,False,False,0.2645465745740845,1,0,1,1,0.0,0.0,0.0,0.0,Closed
2026-08-20,1,PRIVATE CLINIC,Private Consultation,False,False,0.2462964953015486,1,0,2,2,0.0,0.0,0.0,0.0,Closed
2026-08-20,2,PRIVATE CLINIC,Private Consultation,False,False,0.2466321436995468,0,0,2,2,0.0,0.0,0.0,0.0,Closed
2026-08-20,3,PRIVATE CLINIC,Private Consultation,False,False,0.2466321436995468,0,0,2,2,0.0,0.0,0.0,0.0,Closed
2026-08-20,4,PRIVATE CLINIC,Private Consultation,False,False,0.206202590544363,0,0,2,2,0.0,0.0,0.0,0.0,Closed
2026-08-20,5,PRIVATE CLINIC,Private Consultation,False,False,0.217742491573237,0,0,2,2,0.0,0.0,0.0,0.0,Closed
2026-08-20,6,PRIVATE CLINIC,Private Consultation,False,False,0.31732638325923,0,0,2,2,0.0,0.0,0.0,0.0,Closed
2026-08-20,7,PRIVATE CLINIC,Private Consultation,False,False,1.034456329883304,0,0,2,2,0.0,0.0,0.0,0.0,Closed
2026-08-20,8,PRIVATE CLINIC,Private Consultation,False,True,1.791042481468512,4,6,0,0,146.16666666666666,475.0,12.0,33.33333333333333,Low
2026-08-20,9,PRIVATE CLINIC,Private Consultation,False,True,1.5631714411318662,0,0,0,0,0.0,0.0,12.0,0.0,Low
2026-08-20,10,PRIVATE CLINIC,Private Consultation,False,True,0.7423149812212597,1,1,0,0,0.0,0.0,12.0,8.333333333333332,Low
2026-08-20,11,PRIVATE CLINIC,Private Consultation,False,True,0.6035125143050717,1,1,0,0,0.0,0.0,12.0,8.333333333333332,Low
2026-08-20,12,PRIVATE CLINIC,Private Consultation,False,True,0.3762875914075028,0,0,0,0,0.0,0.0,12.0,0.0,Low
2026-08-20,13,PRIVATE CLINIC,Private Consultation,False,True,0.2264697830338869,0,0,0,0,0.0,0.0,12.0,0.0,Low
2026-08-20,14,PRIVATE CLINIC,Private Consultation,False,True,0.1706774983741101,0,0,0,0,0.0,0.0,12.0,0.0,Low
2026-08-20,15,PRIVATE CLINIC,Private Consultation,False,True,0.1537058057514578,0,0,0,0,0.0,0.0,12.0,0.0,Low
2026-08-20,16,PRIVATE CLINIC,Private Consultation,False,True,0.141970785991513,0,0,0,0,0.0,0.0,12.0,0.0,Low
2026-08-20,17,PRIVATE CLINIC,Private Consultation,False,False,0.074929589102251,0,0,0,0,0.0,0.0,0.0,0.0,Closed
2026-08-20,18,PRIVATE CLINIC,Private Consultation,False,False,0.074929589102251,0,0,0,0,0.0,0.0,0.0,0.0,Closed
2026-08-20,19,PRIVATE CLINIC,Private Consultation,False,False,0.074929589102251,0,0,0,0,0.0,0.0,0.0,0.0,Closed
2026-08-20,20,PRIVATE CLINIC,Private Consultation,False,False,0.074929589102251,0,0,0,0,0.0,0.0,0.0,0.0,Closed
2026-08-20,21,PRIVATE CLINIC,Private Consultation,False,False,0.074929589102251,0,0,0,0,0.0,0.0,0.0,0.0,Closed
2026-08-20,22,PRIVATE CLINIC,Private Consultation,False,False,0.074929589102251,0,0,0,0,0.0,0.0,0.0,0.0,Closed
2026-08-20,23,PRIVATE CLINIC,Private Consultation,False,False,0.074929589102251,0,0,0,0,0.0,0.0,0.0,0.0,Closed
2026-08-21,0,PRIVATE CLINIC,Private Consultation,False,False,0.2604597295023877,0,0,0,0,0.0,0.0,0.0,0.0,Closed
2026-08-21,1,PRIVATE CLINIC,Private Consultation,False,False,0.2422096502298518,0,0,0,0,0.0,0.0,0.0,0.0,Closed
2026-08-21,2,PRIVATE CLINIC,Private Consultation,False,False,0.2415095861485326,0,0,0,0,0.0,0.0,0.0,0.0,Closed
2026-08-21,3,PRIVATE CLINIC,Private Consultation,False,False,0.2415095861485326,0,0,0,0,0.0,0.0,0.0,0.0,Closed
2026-08-21,4,PRIVATE CLINIC,Private Consultation,False,False,0.2501115777444382,0,0,0,0,0.0,0.0,0.0,0.0,Closed
2026-08-21,5,PRIVATE CLINIC,Private Consultation,False,False,0.2903353903550625,1,0,1,1,0.0,0.0,0.0,0.0,Closed
2026-08-21,6,PRIVATE CLINIC,Private Consultation,False,False,0.3899192820410549,0,0,1,1,0.0,0.0,0.0,0.0,Closed
2026-08-21,7,PRIVATE CLINIC,Private Consultation,False,False,1.1484014781986258,2,0,3,3,0.0,0.0,0.0,0.0,Closed
2026-08-21,8,PRIVATE CLINIC,Private Consultation,False,True,1.7171529414865907,0,3,0,0,75.0,160.0,12.0,0.0,Low
2026-08-21,9,PRIVATE CLINIC,Private Consultation,False,True,1.421709050221957,2,2,0,0,0.0,0.0,12.0,16.666666666666664,Low
2026-08-21,10,PRIVATE CLINIC,Private Consultation,False,True,0.6629972799448777,1,1,0,0,0.0,0.0,12.0,8.333333333333332,Low
2026-08-21,11,PRIVATE CLINIC,Private Consultation,False,True,0.5704449726954148,0,0,0,0,0.0,0.0,12.0,0.0,Low
2026-08-21,12,PRIVATE CLINIC,Private Consultation,False,True,0.3505900763716815,0,0,0,0,0.0,0.0,12.0,0.0,Low
2026-08-21,13,PRIVATE CLINIC,Private Consultation,False,True,0.2204351075193777,2,2,0,0,0.0,0.0,12.0,16.666666666666664,Low
2026-08-21,14,PRIVATE CLINIC,Private Consultation,False,True,0.164642822859601,1,1,0,0,0.0,0.0,12.0,8.333333333333332,Low
2026-08-21,15,PRIVATE CLINIC,Private Consultation,False,True,0.1545080906544907,0,0,0,0,0.0,0.0,12.0,0.0,Low
2026-08-21,16,PRIVATE CLINIC,Private Consultation,False,True,0.1427730708945459,0,0,0,0,0.0,0.0,12.0,0.0,Low
2026-08-21,17,PRIVATE CLINIC,Private Consultation,False,False,0.0757318740052839,0,0,0,0,0.0,0.0,0.0,0.0,Closed
2026-08-21,18,PRIVATE CLINIC,Private Consultation,False,False,0.0757318740052839,0,0,0,0,0.0,0.0,0.0,0.0,Closed
2026-08-21,19,PRIVATE CLINIC,Private Consultation,False,False,0.0757318740052839,0,0,0,0,0.0,0.0,0.0,0.0,Closed
2026-08-21,20,PRIVATE CLINIC,Private Consultation,False,False,0.0757318740052839,0,0,0,0,0.0,0.0,0.0,0.0,Closed
2026-08-21,21,PRIVATE CLINIC,Private Consultation,False,False,0.0757318740052839,0,0,0,0,0.0,0.0,0.0,0.0,Closed
2026-08-21,22,PRIVATE CLINIC,Private Consultation,False,False,0.0757318740052839,0,0,0,0,0.0,0.0,0.0,0.0,Closed
2026-08-21,23,PRIVATE CLINIC,Private Consultation,False,False,0.0757318740052839,0,0,0,0,0.0,0.0,0.0,0.0,Closed
2026-08-22,0,PRIVATE CLINIC,Private Consultation,False,False,0.2854975963248549,1,0,1,1,0.0,0.0,0.0,0.0,Closed
2026-08-22,1,PRIVATE CLINIC,Private Consultation,False,False,0.2701884754965408,0,0,1,1,0.0,0.0,0.0,0.0,Closed
2026-08-22,2,PRIVATE CLINIC,Private Consultation,False,False,0.1891466668571739,0,0,1,1,0.0,0.0,0.0,0.0,Closed
2026-08-22,3,PRIVATE CLINIC,Private Consultation,False,False,0.167541474761909,0,0,1,1,0.0,0.0,0.0,0.0,Closed
2026-08-22,4,PRIVATE CLINIC,Private Consultation,False,False,0.1429755038597106,0,0,1,1,0.0,0.0,0.0,0.0,Closed
2026-08-22,5,PRIVATE CLINIC,Private Consultation,False,False,0.1237846686326218,0,0,1,1,0.0,0.0,0.0,0.0,Closed
2026-08-22,6,PRIVATE CLINIC,Private Consultation,False,False,0.2330875984623005,0,0,1,1,0.0,0.0,0.0,0.0,Closed
2026-08-22,7,PRIVATE CLINIC,Private Consultation,False,False,0.500210881872773,0,0,1,1,0.0,0.0,0.0,0.0,Closed
2026-08-22,8,PRIVATE CLINIC,Private Consultation,False,True,0.6477210951534955,0,1,0,0,437.0,437.0,12.0,0.0,Low
2026-08-22,9,PRIVATE CLINIC,Private Consultation,False,True,0.4821525367841984,0,0,0,0,0.0,0.0,12.0,0.0,Low
2026-08-22,10,PRIVATE CLINIC,Private Consultation,False,True,0.3430656773648718,0,0,0,0,0.0,0.0,12.0,0.0,Low
2026-08-22,11,PRIVATE CLINIC,Private Consultation,False,True,0.2261269451853428,0,0,0,0,0.0,0.0,12.0,0.0,Low
2026-08-22,12,PRIVATE CLINIC,Private Consultation,False,True,0.159179461302106,0,0,0,0,0.0,0.0,12.0,0.0,Low
2026-08-22,13,PRIVATE CLINIC,Private Consultation,False,True,0.1379385595093339,0,0,0,0,0.0,0.0,12.0,0.0,Low
2026-08-22,14,PRIVATE CLINIC,Private Consultation,False,True,0.1379385595093339,0,0,0,0,0.0,0.0,12.0,0.0,Low
2026-08-22,15,PRIVATE CLINIC,Private Consultation,False,True,0.1296165482937009,1,1,0,0,0.0,0.0,12.0,8.333333333333332,Low
2026-08-22,16,PRIVATE CLINIC,Private Consultation,False,True,0.1214419541314556,0,0,0,0,0.0,0.0,12.0,0.0,Low
2026-08-22,17,PRIVATE CLINIC,Private Consultation,False,False,0.0685124288604364,0,0,0,0,0.0,0.0,0.0,0.0,Closed
2026-08-22,18,PRIVATE CLINIC,Private Consultation,False,False,0.0685124288604364,1,0,1,1,0.0,0.0,0.0,0.0,Closed
2026-08-22,19,PRIVATE CLINIC,Private Consultation,False,False,0.0685124288604364,0,0,1,1,0.0,0.0,0.0,0.0,Closed
2026-08-22,20,PRIVATE CLINIC,Private Consultation,False,False,0.0685124288604364,0,0,1,1,0.0,0.0,0.0,0.0,Closed
2026-08-22,21,PRIVATE CLINIC,Private Consultation,False,False,0.0685124288604364,0,0,1,1,0.0,0.0,0.0,0.0,Closed
2026-08-22,22,PRIVATE CLINIC,Private Consultation,False,False,0.0685124288604364,0,0,1,1,0.0,0.0,0.0,0.0,Closed
2026-08-22,23,PRIVATE CLINIC,Private Consultation,False,False,0.0685124288604364,1,0,2,2,0.0,0.0,0.0,0.0,Closed
2026-08-23,0,PRIVATE CLINIC,Private Consultation,False,False,0.2839449391523822,0,0,2,2,0.0,0.0,0.0,0.0,Closed
2026-08-23,1,PRIVATE CLINIC,Private Consultation,False,False,0.2686358183240681,0,0,2,2,0.0,0.0,0.0,0.0,Closed
2026-08-23,2,PRIVATE CLINIC,Private Consultation,False,False,0.1875940096847012,0,0,2,2,0.0,0.0,0.0,0.0,Closed
2026-08-23,3,PRIVATE CLINIC,Private Consultation,False,False,0.1659888175894362,0,0,2,2,0.0,0.0,0.0,0.0,Closed
2026-08-23,4,PRIVATE CLINIC,Private Consultation,False,False,0.1414228466872379,0,0,2,2,0.0,0.0,0.0,0.0,Closed
2026-08-23,5,PRIVATE CLINIC,Private Consultation,False,False,0.122232011460149,0,0,2,2,0.0,0.0,0.0,0.0,Closed
2026-08-23,6,PRIVATE CLINIC,Private Consultation,False,False,0.2315349412898278,1,0,3,3,0.0,0.0,0.0,0.0,Closed
2026-08-23,7,PRIVATE CLINIC,Private Consultation,False,False,0.4919200172409852,0,0,3,3,0.0,0.0,0.0,0.0,Closed
2026-08-23,8,PRIVATE CLINIC,Private Consultation,False,True,0.6304180410501168,0,3,0,0,473.3333333333333,820.0,12.0,0.0,Low
2026-08-23,9,PRIVATE CLINIC,Private Consultation,False,True,0.46484948268082,1,1,0,0,0.0,0.0,12.0,8.333333333333332,Low
2026-08-23,10,PRIVATE CLINIC,Private Consultation,False,True,0.3415130201923991,1,1,0,0,0.0,0.0,12.0,8.333333333333332,Low
2026-08-23,11,PRIVATE CLINIC,Private Consultation,False,True,0.2245742880128701,0,0,0,0,0.0,0.0,12.0,0.0,Low
2026-08-23,12,PRIVATE CLINIC,Private Consultation,False,True,0.1576268041296332,1,1,0,0,0.0,0.0,12.0,8.333333333333332,Low
2026-08-23,13,PRIVATE CLINIC,Private Consultation,False,True,0.1363859023368611,0,0,0,0,0.0,0.0,12.0,0.0,Low
2026-08-23,14,PRIVATE CLINIC,Private Consultation,False,True,0.1363859023368611,0,0,0,0,0.0,0.0,12.0,0.0,Low
2026-08-23,15,PRIVATE CLINIC,Private Consultation,False,True,0.1280638911212281,0,0,0,0,0.0,0.0,12.0,0.0,Low
2026-08-23,16,PRIVATE CLINIC,Private Consultation,False,True,0.1198892969589828,0,0,0,0,0.0,0.0,12.0,0.0,Low
2026-08-23,17,PRIVATE CLINIC,Private Consultation,False,False,0.0671882695772524,0,0,0,0,0.0,0.0,0.0,0.0,Closed
2026-08-23,18,PRIVATE CLINIC,Private Consultation,False,False,0.0671882695772524,1,0,1,1,0.0,0.0,0.0,0.0,Closed
2026-08-23,19,PRIVATE CLINIC,Private Consultation,False,False,0.0671882695772524,0,0,1,1,0.0,0.0,0.0,0.0,Closed
2026-08-23,20,PRIVATE CLINIC,Private Consultation,False,False,0.0671882695772524,0,0,1,1,0.0,0.0,0.0,0.0,Closed
2026-08-23,21,PRIVATE CLINIC,Private Consultation,False,False,0.0671882695772524,1,0,2,2,0.0,0.0,0.0,0.0,Closed
2026-08-23,22,PRIVATE CLINIC,Private Consultation,False,False,0.0671882695772524,0,0,2,2,0.0,0.0,0.0,0.0,Closed
2026-08-23,23,PRIVATE CLINIC,Private Consultation,False,False,0.0671882695772524,1,0,3,3,0.0,0.0,0.0,0.0,Closed
2026-08-24,0,PRIVATE CLINIC,Private Consultation,False,False,0.2531152255256997,0,0,3,3,0.0,0.0,0.0,0.0,Closed
2026-08-24,1,PRIVATE CLINIC,Private Consultation,False,False,0.2236112695436326,1,0,4,4,0.0,0.0,0.0,0.0,Closed
2026-08-24,2,PRIVATE CLINIC,Private Consultation,False,False,0.2333219013249355,0,0,4,4,0.0,0.0,0.0,0.0,Closed
2026-08-24,3,PRIVATE CLINIC,Private Consultation,False,False,0.2333219013249355,0,0,4,4,0.0,0.0,0.0,0.0,Closed
2026-08-24,4,PRIVATE CLINIC,Private Consultation,False,False,0.2131465134559733,0,0,4,4,0.0,0.0,0.0,0.0,Closed
2026-08-24,5,PRIVATE CLINIC,Private Consultation,False,False,0.2943965340768128,0,0,4,4,0.0,0.0,0.0,0.0,Closed
2026-08-24,6,PRIVATE CLINIC,Private Consultation,False,False,0.4271084851198491,0,0,4,4,0.0,0.0,0.0,0.0,Closed
2026-08-24,7,PRIVATE CLINIC,Private Consultation,False,False,1.0501164129679246,1,0,5,5,0.0,0.0,0.0,0.0,Closed
2026-08-24,8,PRIVATE CLINIC,Private Consultation,False,True,1.965195195934729,2,7,0,0,349.7142857142857,838.0,12.0,16.666666666666664,Low
2026-08-24,9,PRIVATE CLINIC,Private Consultation,False,True,1.8006442505327265,0,0,0,0,0.0,0.0,12.0,0.0,Low
2026-08-24,10,PRIVATE CLINIC,Private Consultation,False,True,0.9062293002880224,0,0,0,0,0.0,0.0,12.0,0.0,Low
2026-08-24,11,PRIVATE CLINIC,Private Consultation,False,True,0.749595090287676,2,2,0,0,0.0,0.0,12.0,16.666666666666664,Low
2026-08-24,12,PRIVATE CLINIC,Private Consultation,False,True,0.4579568854772221,2,2,0,0,0.0,0.0,12.0,16.666666666666664,Low
2026-08-24,13,PRIVATE CLINIC,Private Consultation,False,True,0.2612783384916328,0,0,0,0,0.0,0.0,12.0,0.0,Low
2026-08-24,14,PRIVATE CLINIC,Private Consultation,False,True,0.1978248177836433,0,0,0,0,0.0,0.0,12.0,0.0,Low
2026-08-24,15,PRIVATE CLINIC,Private Consultation,False,True,0.1785098938078106,0,0,0,0,0.0,0.0,12.0,0.0,Low
2026-08-24,16,PRIVATE CLINIC,Private Consultation,False,True,0.1667748740478658,0,0,0,0,0.0,0.0,12.0,0.0,Low
2026-08-24,17,PRIVATE CLINIC,Private Consultation,False,False,0.0997336771586038,0,0,0,0,0.0,0.0,0.0,0.0,Closed
2026-08-24,18,PRIVATE CLINIC,Private Consultation,False,False,0.0997336771586038,0,0,0,0,0.0,0.0,0.0,0.0,Closed
2026-08-24,19,PRIVATE CLINIC,Private Consultation,False,False,0.0997336771586038,0,0,0,0,0.0,0.0,0.0,0.0,Closed
2026-08-24,20,PRIVATE CLINIC,Private Consultation,False,False,0.0997336771586038,0,0,0,0,0.0,0.0,0.0,0.0,Closed
2026-08-24,21,PRIVATE CLINIC,Private Consultation,False,False,0.0997336771586038,0,0,0,0,0.0,0.0,0.0,0.0,Closed
2026-08-24,22,PRIVATE CLINIC,Private Consultation,False,False,0.0997336771586038,0,0,0,0,0.0,0.0,0.0,0.0,Closed
2026-08-24,23,PRIVATE CLINIC,Private Consultation,False,False,0.0997336771586038,0,0,0,0,0.0,0.0,0.0,0.0,Closed
2026-08-25,0,PRIVATE CLINIC,Private Consultation,False,False,0.2558122939204955,0,0,0,0,0.0,0.0,0.0,0.0,Closed
2026-08-25,1,PRIVATE CLINIC,Private Consultation,False,False,0.2271630515425569,0,0,0,0,0.0,0.0,0.0,0.0,Closed
2026-08-25,2,PRIVATE CLINIC,Private Consultation,False,False,0.2210222923697531,0,0,0,0,0.0,0.0,0.0,0.0,Closed
2026-08-25,3,PRIVATE CLINIC,Private Consultation,False,False,0.2210222923697531,1,0,1,1,0.0,0.0,0.0,0.0,Closed
2026-08-25,4,PRIVATE CLINIC,Private Consultation,False,False,0.2008469045007906,0,0,1,1,0.0,0.0,0.0,0.0,Closed
2026-08-25,5,PRIVATE CLINIC,Private Consultation,False,False,0.2281169157638868,0,0,1,1,0.0,0.0,0.0,0.0,Closed
2026-08-25,6,PRIVATE CLINIC,Private Consultation,False,False,0.3536424162574387,1,0,2,2,0.0,0.0,0.0,0.0,Closed
2026-08-25,7,PRIVATE CLINIC,Private Consultation,False,False,0.9557288927260572,1,0,3,3,0.0,0.0,0.0,0.0,Closed
2026-08-25,8,PRIVATE CLINIC,Private Consultation,False,True,1.5955831963414573,1,4,0,0,92.25,242.0,12.0,8.333333333333332,Low
2026-08-25,9,PRIVATE CLINIC,Private Consultation,False,True,1.6496425251366915,0,0,0,0,0.0,0.0,12.0,0.0,Low
2026-08-25,10,PRIVATE CLINIC,Private Consultation,False,True,0.8115203972839682,0,0,0,0,0.0,0.0,12.0,0.0,Low
2026-08-25,11,PRIVATE CLINIC,Private Consultation,False,True,0.6597108160470653,3,3,0,0,0.0,0.0,12.0,25.0,Low
2026-08-25,12,PRIVATE CLINIC,Private Consultation,False,True,0.4122500401242763,0,0,0,0,0.0,0.0,12.0,0.0,Low
2026-08-25,13,PRIVATE CLINIC,Private Consultation,False,True,0.2376021007380781,0,0,0,0,0.0,0.0,12.0,0.0,Low
2026-08-25,14,PRIVATE CLINIC,Private Consultation,False,True,0.1741485800300888,0,0,0,0,0.0,0.0,12.0,0.0,Low
2026-08-25,15,PRIVATE CLINIC,Private Consultation,False,True,0.1548336560542562,0,0,0,0,0.0,0.0,12.0,0.0,Low
2026-08-25,16,PRIVATE CLINIC,Private Consultation,False,True,0.1430986362943114,0,0,0,0,0.0,0.0,12.0,0.0,Low
2026-08-25,17,PRIVATE CLINIC,Private Consultation,False,False,0.0760574394050493,0,0,0,0,0.0,0.0,0.0,0.0,Closed
2026-08-25,18,PRIVATE CLINIC,Private Consultation,False,False,0.0760574394050493,0,0,0,0,0.0,0.0,0.0,0.0,Closed
2026-08-25,19,PRIVATE CLINIC,Private Consultation,False,False,0.0760574394050493,0,0,0,0,0.0,0.0,0.0,0.0,Closed
2026-08-25,20,PRIVATE CLINIC,Private Consultation,False,False,0.0760574394050493,0,0,0,0,0.0,0.0,0.0,0.0,Closed
2026-08-25,21,PRIVATE CLINIC,Private Consultation,False,False,0.0760574394050493,0,0,0,0,0.0,0.0,0.0,0.0,Closed
2026-08-25,22,PRIVATE CLINIC,Private Consultation,False,False,0.0760574394050493,0,0,0,0,0.0,0.0,0.0,0.0,Closed
2026-08-25,23,PRIVATE CLINIC,Private Consultation,False,False,0.0760574394050493,0,0,0,0,0.0,0.0,0.0,0.0,Closed
2026-08-26,0,PRIVATE CLINIC,Private Consultation,False,False,0.2411433694941159,0,0,0,0,0.0,0.0,0.0,0.0,Closed
2026-08-19,1,PSYCHOLOGY,Psychology Consultation,False,False,0.3414255926834205,1,0,1,1,0.0,0.0,0.0,0.0,Closed
2026-08-19,2,PSYCHOLOGY,Psychology Consultation,False,False,0.3159123675189401,0,0,1,1,0.0,0.0,0.0,0.0,Closed
2026-08-19,3,PSYCHOLOGY,Psychology Consultation,False,False,0.3159123675189401,0,0,1,1,0.0,0.0,0.0,0.0,Closed
2026-08-19,4,PSYCHOLOGY,Psychology Consultation,False,False,0.1649444830742418,1,0,2,2,0.0,0.0,0.0,0.0,Closed
2026-08-19,5,PSYCHOLOGY,Psychology Consultation,False,False,0.1598416231535854,0,0,2,2,0.0,0.0,0.0,0.0,Closed
2026-08-19,6,PSYCHOLOGY,Psychology Consultation,False,False,0.2755337803773048,0,0,2,2,0.0,0.0,0.0,0.0,Closed
2026-08-19,7,PSYCHOLOGY,Psychology Consultation,False,False,0.3892954231372071,0,0,2,2,0.0,0.0,0.0,0.0,Closed
2026-08-19,8,PSYCHOLOGY,Psychology Consultation,False,True,0.5991466506521114,0,2,0,0,292.0,395.0,8.0,0.0,Low
2026-08-19,9,PSYCHOLOGY,Psychology Consultation,False,True,0.5373245317705563,2,2,0,0,0.0,0.0,8.0,25.0,Low
2026-08-19,10,PSYCHOLOGY,Psychology Consultation,False,True,0.4779523365192439,0,0,0,0,0.0,0.0,8.0,0.0,Low
2026-08-19,11,PSYCHOLOGY,Psychology Consultation,False,True,0.439552608383615,0,0,0,0,0.0,0.0,8.0,0.0,Low
2026-08-19,12,PSYCHOLOGY,Psychology Consultation,False,True,0.2505561176092584,0,0,0,0,0.0,0.0,8.0,0.0,Low
2026-08-19,13,PSYCHOLOGY,Psychology Consultation,False,True,0.1786452778892867,0,0,0,0,0.0,0.0,8.0,0.0,Low
2026-08-19,14,PSYCHOLOGY,Psychology Consultation,False,True,0.1786452778892867,0,0,0,0,0.0,0.0,8.0,0.0,Low
2026-08-19,15,PSYCHOLOGY,Psychology Consultation,False,True,0.1688084301291624,0,0,0,0,0.0,0.0,8.0,0.0,Low
2026-08-19,16,PSYCHOLOGY,Psychology Consultation,False,True,0.1437872063781374,0,0,0,0,0.0,0.0,8.0,0.0,Low
2026-08-19,17,PSYCHOLOGY,Psychology Consultation,False,False,0.0931165212276949,1,0,1,1,0.0,0.0,0.0,0.0,Closed
2026-08-19,18,PSYCHOLOGY,Psychology Consultation,False,False,0.0931165212276949,0,0,1,1,0.0,0.0,0.0,0.0,Closed
2026-08-19,19,PSYCHOLOGY,Psychology Consultation,False,False,0.0931165212276949,0,0,1,1,0.0,0.0,0.0,0.0,Closed
2026-08-19,20,PSYCHOLOGY,Psychology Consultation,False,False,0.0931165212276949,0,0,1,1,0.0,0.0,0.0,0.0,Closed
2026-08-19,21,PSYCHOLOGY,Psychology Consultation,False,False,0.0931165212276949,0,0,1,1,0.0,0.0,0.0,0.0,Closed
2026-08-19,22,PSYCHOLOGY,Psychology Consultation,False,False,0.0931165212276949,0,0,1,1,0.0,0.0,0.0,0.0,Closed
2026-08-19,23,PSYCHOLOGY,Psychology Consultation,False,False,0.0931165212276949,0,0,1,1,0.0,0.0,0.0,0.0,Closed
2026-08-20,0,PSYCHOLOGY,Psychology Consultation,False,False,0.223748278629427,1,0,2,2,0.0,0.0,0.0,0.0,Closed
2026-08-20,1,PSYCHOLOGY,Psychology Consultation,False,False,0.2054818056784812,0,0,2,2,0.0,0.0,0.0,0.0,Closed
2026-08-20,2,PSYCHOLOGY,Psychology Consultation,False,False,0.1833722121622186,0,0,2,2,0.0,0.0,0.0,0.0,Closed
2026-08-20,3,PSYCHOLOGY,Psychology Consultation,False,False,0.1833722121622186,0,0,2,2,0.0,0.0,0.0,0.0,Closed
2026-08-20,4,PSYCHOLOGY,Psychology Consultation,False,False,0.1695028636999916,0,0,2,2,0.0,0.0,0.0,0.0,Closed
2026-08-20,5,PSYCHOLOGY,Psychology Consultation,False,False,0.1046926229549934,0,0,2,2,0.0,0.0,0.0,0.0,Closed
2026-08-20,6,PSYCHOLOGY,Psychology Consultation,False,False,0.2099782772584341,0,0,2,2,0.0,0.0,0.0,0.0,Closed
2026-08-20,7,PSYCHOLOGY,Psychology Consultation,False,False,0.3237399200183368,0,0,2,2,0.0,0.0,0.0,0.0,Closed
2026-08-20,8,PSYCHOLOGY,Psychology Consultation,False,True,0.6106642661326128,0,2,0,0,647.0,860.0,8.0,0.0,Low
2026-08-20,9,PSYCHOLOGY,Psychology Consultation,False,True,0.5676336616650527,2,2,0,0,0.0,0.0,8.0,25.0,Low
2026-08-20,10,PSYCHOLOGY,Psychology Consultation,False,True,0.5053295091216277,1,1,0,0,0.0,0.0,8.0,12.5,Low
2026-08-20,11,PSYCHOLOGY,Psychology Consultation,False,True,0.4522213122441393,1,1,0,0,0.0,0.0,8.0,12.5,Low
2026-08-20,12,PSYCHOLOGY,Psychology Consultation,False,True,0.3073800857995039,0,0,0,0,0.0,0.0,8.0,0.0,Low
2026-08-20,13,PSYCHOLOGY,Psychology Consultation,False,True,0.1776679705209858,0,0,0,0,0.0,0.0,8.0,0.0,Low
2026-08-20,14,PSYCHOLOGY,Psychology Consultation,False,True,0.1776679705209858,0,0,0,0,0.0,0.0,8.0,0.0,Low
2026-08-20,15,PSYCHOLOGY,Psychology Consultation,False,True,0.1678311227608615,0,0,0,0,0.0,0.0,8.0,0.0,Low
2026-08-20,16,PSYCHOLOGY,Psychology Consultation,False,True,0.1428098990098366,0,0,0,0,0.0,0.0,8.0,0.0,Low
2026-08-20,17,PSYCHOLOGY,Psychology Consultation,False,False,0.0968251978722362,0,0,0,0,0.0,0.0,0.0,0.0,Closed
2026-08-20,18,PSYCHOLOGY,Psychology Consultation,False,False,0.0968251978722362,0,0,0,0,0.0,0.0,0.0,0.0,Closed
2026-08-20,19,PSYCHOLOGY,Psychology Consultation,False,False,0.0968251978722362,0,0,0,0,0.0,0.0,0.0,0.0,Closed
2026-08-20,20,PSYCHOLOGY,Psychology Consultation,False,False,0.0968251978722362,0,0,0,0,0.0,0.0,0.0,0.0,Closed
2026-08-20,21,PSYCHOLOGY,Psychology Consultation,False,False,0.0968251978722362,0,0,0,0,0.0,0.0,0.0,0.0,Closed
2026-08-20,22,PSYCHOLOGY,Psychology Consultation,False,False,0.0968251978722362,0,0,0,0,0.0,0.0,0.0,0.0,Closed
2026-08-20,23,PSYCHOLOGY,Psychology Consultation,False,False,0.0968251978722362,0,0,0,0,0.0,0.0,0.0,0.0,Closed
2026-08-21,0,PSYCHOLOGY,Psychology Consultation,False,False,0.1987238163159818,0,0,0,0,0.0,0.0,0.0,0.0,Closed
2026-08-21,1,PSYCHOLOGY,Psychology Consultation,False,False,0.180457343365036,0,0,0,0,0.0,0.0,0.0,0.0,Closed
2026-08-21,2,PSYCHOLOGY,Psychology Consultation,False,False,0.1583477498487734,0,0,0,0,0.0,0.0,0.0,0.0,Closed
2026-08-21,3,PSYCHOLOGY,Psychology Consultation,False,False,0.1583477498487734,0,0,0,0,0.0,0.0,0.0,0.0,Closed
2026-08-21,4,PSYCHOLOGY,Psychology Consultation,False,False,0.1628054158385814,0,0,0,0,0.0,0.0,0.0,0.0,Closed
2026-08-21,5,PSYCHOLOGY,Psychology Consultation,False,False,0.1115495529982538,0,0,0,0,0.0,0.0,0.0,0.0,Closed
2026-08-21,6,PSYCHOLOGY,Psychology Consultation,False,False,0.2168352073016947,0,0,0,0,0.0,0.0,0.0,0.0,Closed
2026-08-21,7,PSYCHOLOGY,Psychology Consultation,False,False,0.3824649727971532,0,0,0,0,0.0,0.0,0.0,0.0,Closed
2026-08-21,8,PSYCHOLOGY,Psychology Consultation,False,True,0.5768837935588055,0,0,0,0,0.0,0.0,8.0,0.0,Low
2026-08-21,9,PSYCHOLOGY,Psychology Consultation,False,True,0.4808177041611963,0,0,0,0,0.0,0.0,8.0,0.0,Low
2026-08-21,10,PSYCHOLOGY,Psychology Consultation,False,True,0.3189873369699249,1,1,0,0,0.0,0.0,8.0,12.5,Low
2026-08-21,11,PSYCHOLOGY,Psychology Consultation,False,True,0.3143451642677623,0,0,0,0,0.0,0.0,8.0,0.0,Low
2026-08-21,12,PSYCHOLOGY,Psychology Consultation,False,True,0.2348530481835164,0,0,0,0,0.0,0.0,8.0,0.0,Low
2026-08-21,13,PSYCHOLOGY,Psychology Consultation,False,True,0.1629422084635446,0,0,0,0,0.0,0.0,8.0,0.0,Low
2026-08-21,14,PSYCHOLOGY,Psychology Consultation,False,True,0.1629422084635446,0,0,0,0,0.0,0.0,8.0,0.0,Low
2026-08-21,15,PSYCHOLOGY,Psychology Consultation,False,True,0.1599423211209624,0,0,0,0,0.0,0.0,8.0,0.0,Low
2026-08-21,16,PSYCHOLOGY,Psychology Consultation,False,True,0.1349210973699374,0,0,0,0,0.0,0.0,8.0,0.0,Low
2026-08-21,17,PSYCHOLOGY,Psychology Consultation,False,False,0.0889363962323371,0,0,0,0,0.0,0.0,0.0,0.0,Closed
2026-08-21,18,PSYCHOLOGY,Psychology Consultation,False,False,0.0889363962323371,0,0,0,0,0.0,0.0,0.0,0.0,Closed
2026-08-21,19,PSYCHOLOGY,Psychology Consultation,False,False,0.0889363962323371,0,0,0,0,0.0,0.0,0.0,0.0,Closed
2026-08-21,20,PSYCHOLOGY,Psychology Consultation,False,False,0.0889363962323371,0,0,0,0,0.0,0.0,0.0,0.0,Closed
2026-08-21,21,PSYCHOLOGY,Psychology Consultation,False,False,0.0889363962323371,0,0,0,0,0.0,0.0,0.0,0.0,Closed
2026-08-21,22,PSYCHOLOGY,Psychology Consultation,False,False,0.0889363962323371,0,0,0,0,0.0,0.0,0.0,0.0,Closed
2026-08-21,23,PSYCHOLOGY,Psychology Consultation,False,False,0.0889363962323371,0,0,0,0,0.0,0.0,0.0,0.0,Closed
2026-08-22,0,PSYCHOLOGY,Psychology Consultation,False,False,0.217669414569187,0,0,0,0,0.0,0.0,0.0,0.0,Closed
2026-08-22,1,PSYCHOLOGY,Psychology Consultation,False,False,0.2023439000624629,0,0,0,0,0.0,0.0,0.0,0.0,Closed
2026-08-22,2,PSYCHOLOGY,Psychology Consultation,False,False,0.1017448426516813,0,0,0,0,0.0,0.0,0.0,0.0,Closed
2026-08-22,3,PSYCHOLOGY,Psychology Consultation,False,False,0.0801396505564164,0,0,0,0,0.0,0.0,0.0,0.0,Closed
2026-08-22,4,PSYCHOLOGY,Psychology Consultation,False,False,0.0845973165462243,0,0,0,0,0.0,0.0,0.0,0.0,Closed
2026-08-22,5,PSYCHOLOGY,Psychology Consultation,False,False,0.0439761778088594,0,0,0,0,0.0,0.0,0.0,0.0,Closed
2026-08-22,6,PSYCHOLOGY,Psychology Consultation,False,False,0.1470581096751772,0,0,0,0,0.0,0.0,0.0,0.0,Closed
2026-08-22,7,PSYCHOLOGY,Psychology Consultation,False,False,0.242605799308102,0,0,0,0,0.0,0.0,0.0,0.0,Closed
2026-08-22,8,PSYCHOLOGY,Psychology Consultation,False,True,0.321251929934681,0,0,0,0,0.0,0.0,8.0,0.0,Low
2026-08-22,9,PSYCHOLOGY,Psychology Consultation,False,True,0.2551059498181559,0,0,0,0,0.0,0.0,8.0,0.0,Low
2026-08-22,10,PSYCHOLOGY,Psychology Consultation,False,True,0.219636544565871,0,0,0,0,0.0,0.0,8.0,0.0,Low
2026-08-22,11,PSYCHOLOGY,Psychology Consultation,False,True,0.2149943718637085,2,2,0,0,0.0,0.0,8.0,25.0,Low
2026-08-22,12,PSYCHOLOGY,Psychology Consultation,False,True,0.1535015427166443,1,1,0,0,0.0,0.0,8.0,12.5,Low
2026-08-22,13,PSYCHOLOGY,Psychology Consultation,False,True,0.1280043036223742,0,0,0,0,0.0,0.0,8.0,0.0,Low
2026-08-22,14,PSYCHOLOGY,Psychology Consultation,False,True,0.1280043036223742,0,0,0,0,0.0,0.0,8.0,0.0,Low
2026-08-22,15,PSYCHOLOGY,Psychology Consultation,False,True,0.1268171372692693,0,0,0,0,0.0,0.0,8.0,0.0,Low
2026-08-22,16,PSYCHOLOGY,Psychology Consultation,False,True,0.1124646700564129,0,0,0,0,0.0,0.0,8.0,0.0,Low
2026-08-22,17,PSYCHOLOGY,Psychology Consultation,False,False,0.0870353134134927,0,0,0,0,0.0,0.0,0.0,0.0,Closed
2026-08-22,18,PSYCHOLOGY,Psychology Consultation,False,False,0.0870353134134927,0,0,0,0,0.0,0.0,0.0,0.0,Closed
2026-08-22,19,PSYCHOLOGY,Psychology Consultation,False,False,0.0870353134134927,0,0,0,0,0.0,0.0,0.0,0.0,Closed
2026-08-22,20,PSYCHOLOGY,Psychology Consultation,False,False,0.0870353134134927,0,0,0,0,0.0,0.0,0.0,0.0,Closed
2026-08-22,21,PSYCHOLOGY,Psychology Consultation,False,False,0.0870353134134927,0,0,0,0,0.0,0.0,0.0,0.0,Closed
2026-08-22,22,PSYCHOLOGY,Psychology Consultation,False,False,0.0870353134134927,0,0,0,0,0.0,0.0,0.0,0.0,Closed
2026-08-22,23,PSYCHOLOGY,Psychology Consultation,False,False,0.0870353134134927,0,0,0,0,0.0,0.0,0.0,0.0,Closed
2026-08-23,0,PSYCHOLOGY,Psychology Consultation,False,False,0.2161167573967141,0,0,0,0,0.0,0.0,0.0,0.0,Closed
2026-08-23,1,PSYCHOLOGY,Psychology Consultation,False,False,0.20079124288999,0,0,0,0,0.0,0.0,0.0,0.0,Closed
2026-08-23,2,PSYCHOLOGY,Psychology Consultation,False,False,0.1001921854792085,0,0,0,0,0.0,0.0,0.0,0.0,Closed
2026-08-23,3,PSYCHOLOGY,Psychology Consultation,False,False,0.0785869933839436,0,0,0,0,0.0,0.0,0.0,0.0,Closed
2026-08-23,4,PSYCHOLOGY,Psychology Consultation,False,False,0.0830446593737515,0,0,0,0,0.0,0.0,0.0,0.0,Closed
2026-08-23,5,PSYCHOLOGY,Psychology Consultation,False,False,0.0424235206363866,0,0,0,0,0.0,0.0,0.0,0.0,Closed
2026-08-23,6,PSYCHOLOGY,Psychology Consultation,False,False,0.1455054525027044,0,0,0,0,0.0,0.0,0.0,0.0,Closed
2026-08-23,7,PSYCHOLOGY,Psychology Consultation,False,False,0.1916981483493222,0,0,0,0,0.0,0.0,0.0,0.0,Closed
2026-08-23,8,PSYCHOLOGY,Psychology Consultation,False,True,0.3196992727622083,0,0,0,0,0.0,0.0,8.0,0.0,Low
2026-08-23,9,PSYCHOLOGY,Psychology Consultation,False,True,0.2535532926456832,0,0,0,0,0.0,0.0,8.0,0.0,Low
2026-08-23,10,PSYCHOLOGY,Psychology Consultation,False,True,0.2180838873933983,0,0,0,0,0.0,0.0,8.0,0.0,Low
2026-08-23,11,PSYCHOLOGY,Psychology Consultation,False,True,0.2134417146912358,0,0,0,0,0.0,0.0,8.0,0.0,Low
2026-08-23,12,PSYCHOLOGY,Psychology Consultation,False,True,0.1519488855441715,0,0,0,0,0.0,0.0,8.0,0.0,Low
2026-08-23,13,PSYCHOLOGY,Psychology Consultation,False,True,0.1264516464499013,0,0,0,0,0.0,0.0,8.0,0.0,Low
2026-08-23,14,PSYCHOLOGY,Psychology Consultation,False,True,0.1264516464499013,0,0,0,0,0.0,0.0,8.0,0.0,Low
2026-08-23,15,PSYCHOLOGY,Psychology Consultation,False,True,0.1252644800967965,1,1,0,0,0.0,0.0,8.0,12.5,Low
2026-08-23,16,PSYCHOLOGY,Psychology Consultation,False,True,0.1109120128839401,0,0,0,0,0.0,0.0,8.0,0.0,Low
2026-08-23,17,PSYCHOLOGY,Psychology Consultation,False,False,0.0857111541303087,0,0,0,0,0.0,0.0,0.0,0.0,Closed
2026-08-23,18,PSYCHOLOGY,Psychology Consultation,False,False,0.0857111541303087,1,0,1,1,0.0,0.0,0.0,0.0,Closed
2026-08-23,19,PSYCHOLOGY,Psychology Consultation,False,False,0.0857111541303087,0,0,1,1,0.0,0.0,0.0,0.0,Closed
2026-08-23,20,PSYCHOLOGY,Psychology Consultation,False,False,0.0857111541303087,0,0,1,1,0.0,0.0,0.0,0.0,Closed
2026-08-23,21,PSYCHOLOGY,Psychology Consultation,False,False,0.0857111541303087,0,0,1,1,0.0,0.0,0.0,0.0,Closed
2026-08-23,22,PSYCHOLOGY,Psychology Consultation,False,False,0.0857111541303087,0,0,1,1,0.0,0.0,0.0,0.0,Closed
2026-08-23,23,PSYCHOLOGY,Psychology Consultation,False,False,0.0857111541303087,1,0,2,2,0.0,0.0,0.0,0.0,Closed
2026-08-24,0,PSYCHOLOGY,Psychology Consultation,False,False,0.2209587785727199,0,0,2,2,0.0,0.0,0.0,0.0,Closed
2026-08-24,1,PSYCHOLOGY,Psychology Consultation,False,False,0.2011773317995459,0,0,2,2,0.0,0.0,0.0,0.0,Closed
2026-08-24,2,PSYCHOLOGY,Psychology Consultation,False,False,0.1859460502243109,0,0,2,2,0.0,0.0,0.0,0.0,Closed
2026-08-24,3,PSYCHOLOGY,Psychology Consultation,False,False,0.1859460502243109,0,0,2,2,0.0,0.0,0.0,0.0,Closed
2026-08-24,4,PSYCHOLOGY,Psychology Consultation,False,False,0.1797611562896792,0,0,2,2,0.0,0.0,0.0,0.0,Closed
2026-08-24,5,PSYCHOLOGY,Psychology Consultation,False,False,0.1173760952963046,0,0,2,2,0.0,0.0,0.0,0.0,Closed
2026-08-24,6,PSYCHOLOGY,Psychology Consultation,False,False,0.243478145847214,1,0,3,3,0.0,0.0,0.0,0.0,Closed
2026-08-24,7,PSYCHOLOGY,Psychology Consultation,False,False,0.3563363728615457,0,0,3,3,0.0,0.0,0.0,0.0,Closed
2026-08-24,8,PSYCHOLOGY,Psychology Consultation,False,True,0.7797396952983747,0,3,0,0,473.3333333333333,820.0,8.0,0.0,Low
2026-08-24,9,PSYCHOLOGY,Psychology Consultation,False,True,0.6152043152289868,1,1,0,0,0.0,0.0,8.0,12.5,Low
2026-08-24,10,PSYCHOLOGY,Psychology Consultation,False,True,0.5501068545935184,1,1,0,0,0.0,0.0,8.0,12.5,Low
2026-08-24,11,PSYCHOLOGY,Psychology Consultation,False,True,0.4939110823340527,0,0,0,0,0.0,0.0,8.0,0.0,Low
2026-08-24,12,PSYCHOLOGY,Psychology Consultation,False,True,0.3185302084174591,1,1,0,0,0.0,0.0,8.0,12.5,Low
2026-08-24,13,PSYCHOLOGY,Psychology Consultation,False,True,0.1920214037505841,0,0,0,0,0.0,0.0,8.0,0.0,Low
2026-08-24,14,PSYCHOLOGY,Psychology Consultation,False,True,0.1920214037505841,0,0,0,0,0.0,0.0,8.0,0.0,Low
2026-08-24,15,PSYCHOLOGY,Psychology Consultation,False,True,0.1781360153558013,0,0,0,0,0.0,0.0,8.0,0.0,Low
2026-08-24,16,PSYCHOLOGY,Psychology Consultation,False,True,0.1531147916047764,0,0,0,0,0.0,0.0,8.0,0.0,Low
2026-08-24,17,PSYCHOLOGY,Psychology Consultation,False,False,0.1024441064543337,0,0,0,0,0.0,0.0,0.0,0.0,Closed
2026-08-24,18,PSYCHOLOGY,Psychology Consultation,False,False,0.1024441064543337,1,0,1,1,0.0,0.0,0.0,0.0,Closed
2026-08-24,19,PSYCHOLOGY,Psychology Consultation,False,False,0.1024441064543337,0,0,1,1,0.0,0.0,0.0,0.0,Closed
2026-08-24,20,PSYCHOLOGY,Psychology Consultation,False,False,0.1024441064543337,0,0,1,1,0.0,0.0,0.0,0.0,Closed
2026-08-24,21,PSYCHOLOGY,Psychology Consultation,False,False,0.1024441064543337,1,0,2,2,0.0,0.0,0.0,0.0,Closed
2026-08-24,22,PSYCHOLOGY,Psychology Consultation,False,False,0.1024441064543337,0,0,2,2,0.0,0.0,0.0,0.0,Closed
2026-08-24,23,PSYCHOLOGY,Psychology Consultation,False,False,0.1024441064543337,1,0,3,3,0.0,0.0,0.0,0.0,Closed
2026-08-25,0,PSYCHOLOGY,Psychology Consultation,False,False,0.2332913948027302,0,0,3,3,0.0,0.0,0.0,0.0,Closed
2026-08-25,1,PSYCHOLOGY,Psychology Consultation,False,False,0.2150249218517843,1,0,4,4,0.0,0.0,0.0,0.0,Closed
2026-08-25,2,PSYCHOLOGY,Psychology Consultation,False,False,0.1917097572050237,0,0,4,4,0.0,0.0,0.0,0.0,Closed
2026-08-25,3,PSYCHOLOGY,Psychology Consultation,False,False,0.1917097572050237,0,0,4,4,0.0,0.0,0.0,0.0,Closed
2026-08-25,4,PSYCHOLOGY,Psychology Consultation,False,False,0.185524863270392,0,0,4,4,0.0,0.0,0.0,0.0,Closed
2026-08-25,5,PSYCHOLOGY,Psychology Consultation,False,False,0.1231398022770173,0,0,4,4,0.0,0.0,0.0,0.0,Closed
2026-08-25,6,PSYCHOLOGY,Psychology Consultation,False,False,0.2681234908315791,0,0,4,4,0.0,0.0,0.0,0.0,Closed
2026-08-25,7,PSYCHOLOGY,Psychology Consultation,False,False,0.3893669824426614,1,0,5,5,0.0,0.0,0.0,0.0,Closed
2026-08-25,8,PSYCHOLOGY,Psychology Consultation,False,True,0.7079281506330903,1,6,0,0,408.0,838.0,8.0,12.5,Low
2026-08-25,9,PSYCHOLOGY,Psychology Consultation,False,True,0.6597753273680629,1,1,0,0,0.0,0.0,8.0,12.5,Low
2026-08-25,10,PSYCHOLOGY,Psychology Consultation,False,True,0.5831374641746341,0,0,0,0,0.0,0.0,8.0,0.0,Low
2026-08-25,11,PSYCHOLOGY,Psychology Consultation,False,True,0.5185564273184181,1,1,0,0,0.0,0.0,8.0,12.5,Low
2026-08-25,12,PSYCHOLOGY,Psychology Consultation,False,True,0.3431755534018236,0,0,0,0,0.0,0.0,8.0,0.0,Low
2026-08-25,13,PSYCHOLOGY,Psychology Consultation,False,True,0.1903044327569349,0,0,0,0,0.0,0.0,8.0,0.0,Low
2026-08-25,14,PSYCHOLOGY,Psychology Consultation,False,True,0.1903044327569349,1,1,0,0,0.0,0.0,8.0,12.5,Low
2026-08-25,15,PSYCHOLOGY,Psychology Consultation,False,True,0.1764190443621521,0,0,0,0,0.0,0.0,8.0,0.0,Low
2026-08-25,16,PSYCHOLOGY,Psychology Consultation,False,True,0.1513978206111272,0,0,0,0,0.0,0.0,8.0,0.0,Low
2026-08-25,17,PSYCHOLOGY,Psychology Consultation,False,False,0.1007271354606845,0,0,0,0,0.0,0.0,0.0,0.0,Closed
2026-08-25,18,PSYCHOLOGY,Psychology Consultation,False,False,0.1007271354606845,0,0,0,0,0.0,0.0,0.0,0.0,Closed
2026-08-25,19,PSYCHOLOGY,Psychology Consultation,False,False,0.1007271354606845,0,0,0,0,0.0,0.0,0.0,0.0,Closed
2026-08-25,20,PSYCHOLOGY,Psychology Consultation,False,False,0.1007271354606845,0,0,0,0,0.0,0.0,0.0,0.0,Closed
2026-08-25,21,PSYCHOLOGY,Psychology Consultation,False,False,0.1007271354606845,0,0,0,0,0.0,0.0,0.0,0.0,Closed
2026-08-25,22,PSYCHOLOGY,Psychology Consultation,False,False,0.1007271354606845,0,0,0,0,0.0,0.0,0.0,0.0,Closed
2026-08-25,23,PSYCHOLOGY,Psychology Consultation,False,False,0.1007271354606845,0,0,0,0,0.0,0.0,0.0,0.0,Closed
2026-08-26,0,PSYCHOLOGY,Psychology Consultation,False,False,0.2078575971785244,0,0,0,0,0.0,0.0,0.0,0.0,Closed
2026-08-19,1,RENAL,Dialysis,False,False,0.0,0,0,0,0,0.0,0.0,0.0,0.0,Closed
2026-08-19,2,RENAL,Dialysis,False,False,0.0,0,0,0,0,0.0,0.0,0.0,0.0,Closed
2026-08-19,3,RENAL,Dialysis,False,False,0.0,0,0,0,0,0.0,0.0,0.0,0.0,Closed
2026-08-19,4,RENAL,Dialysis,False,False,0.1466189883218611,0,0,0,0,0.0,0.0,0.0,0.0,Closed
2026-08-19,5,RENAL,Dialysis,False,False,0.4501647008017257,0,0,0,0,0.0,0.0,0.0,0.0,Closed
2026-08-19,6,RENAL,Dialysis,False,False,0.7703666683231468,2,0,2,2,0.0,0.0,0.0,0.0,Closed
2026-08-19,7,RENAL,Dialysis,False,False,2.4531331398660203,2,0,4,4,0.0,0.0,0.0,0.0,Closed
2026-08-19,8,RENAL,Dialysis,False,True,5.656518279403273,7,6,5,5,32.333333333333336,89.0,1.5,466.6666666666667,Critical
2026-08-19,9,RENAL,Dialysis,False,True,0.8624015423955058,3,0,8,8,0.0,0.0,1.5,200.0,Critical
2026-08-19,10,RENAL,Dialysis,False,True,0.5869458933678013,0,0,8,8,0.0,0.0,1.5,0.0,Critical
2026-08-19,11,RENAL,Dialysis,False,True,0.7311992237119451,0,0,8,8,0.0,0.0,1.5,0.0,Critical
2026-08-19,12,RENAL,Dialysis,False,True,0.7435882117387971,3,6,5,5,193.33333333333331,203.0,1.5,200.0,Critical
2026-08-19,13,RENAL,Dialysis,False,True,0.3797009556970374,0,0,5,5,0.0,0.0,1.5,0.0,Critical
2026-08-19,14,RENAL,Dialysis,False,True,0.3797009556970374,0,0,5,5,0.0,0.0,1.5,0.0,Critical
2026-08-19,15,RENAL,Dialysis,False,True,0.3836794872254953,0,0,5,5,0.0,0.0,1.5,0.0,Critical
2026-08-19,16,RENAL,Dialysis,False,True,0.3093701834431833,0,5,0,0,288.0,399.0,1.5,0.0,Low
2026-08-19,17,RENAL,Dialysis,False,False,0.2407453216012828,0,0,0,0,0.0,0.0,0.0,0.0,Closed
2026-08-19,18,RENAL,Dialysis,False,False,0.2208901766818807,0,0,0,0,0.0,0.0,0.0,0.0,Closed
2026-08-19,19,RENAL,Dialysis,False,False,0.2208901766818807,1,0,1,1,0.0,0.0,0.0,0.0,Closed
2026-08-19,20,RENAL,Dialysis,False,False,0.2045530381140348,0,0,1,1,0.0,0.0,0.0,0.0,Closed
2026-08-19,21,RENAL,Dialysis,False,False,0.2045530381140348,1,0,2,2,0.0,0.0,0.0,0.0,Closed
2026-08-19,22,RENAL,Dialysis,False,False,0.2045530381140348,0,0,2,2,0.0,0.0,0.0,0.0,Closed
2026-08-19,23,RENAL,Dialysis,False,False,0.2045530381140348,0,0,2,2,0.0,0.0,0.0,0.0,Closed
2026-08-20,0,RENAL,Dialysis,False,False,0.5258295706588572,0,0,2,2,0.0,0.0,0.0,0.0,Closed
2026-08-20,1,RENAL,Dialysis,False,False,0.5075630977079113,0,0,2,2,0.0,0.0,0.0,0.0,Closed
2026-08-20,2,RENAL,Dialysis,False,False,0.4831558253869639,0,0,2,2,0.0,0.0,0.0,0.0,Closed
2026-08-20,3,RENAL,Dialysis,False,False,0.5749438861176317,1,0,3,3,0.0,0.0,0.0,0.0,Closed
2026-08-20,4,RENAL,Dialysis,False,False,0.556359452767333,1,0,4,4,0.0,0.0,0.0,0.0,Closed
2026-08-20,5,RENAL,Dialysis,False,False,0.8530072708973266,1,0,5,5,0.0,0.0,0.0,0.0,Closed
2026-08-20,6,RENAL,Dialysis,False,False,1.4730156538527703,0,0,5,5,0.0,0.0,0.0,0.0,Closed
2026-08-20,7,RENAL,Dialysis,False,False,3.020040456850236,5,0,10,10,0.0,0.0,0.0,0.0,Closed
2026-08-20,8,RENAL,Dialysis,False,True,5.940528290636352,5,6,9,9,342.3333333333333,752.0,1.5,333.33333333333337,Critical
2026-08-20,9,RENAL,Dialysis,False,True,1.0387929994458034,2,0,11,11,0.0,0.0,1.5,133.33333333333331,Critical
2026-08-20,10,RENAL,Dialysis,False,True,0.595449432641282,0,0,11,11,0.0,0.0,1.5,0.0,Critical
2026-08-20,11,RENAL,Dialysis,False,True,0.7672318335404302,1,0,12,12,0.0,0.0,1.5,66.66666666666666,Critical
2026-08-20,12,RENAL,Dialysis,False,True,0.7540396425128693,0,6,6,6,254.83333333333331,282.0,1.5,0.0,Critical
2026-08-20,13,RENAL,Dialysis,False,True,0.3797009556970374,1,0,7,7,0.0,0.0,1.5,66.66666666666666,Critical
2026-08-20,14,RENAL,Dialysis,False,True,0.3797009556970374,0,0,7,7,0.0,0.0,1.5,0.0,Critical
2026-08-20,15,RENAL,Dialysis,False,True,0.3836794872254953,0,0,7,7,0.0,0.0,1.5,0.0,Critical
2026-08-20,16,RENAL,Dialysis,False,True,0.3093701834431833,0,6,1,1,389.8333333333333,463.0,1.5,0.0,Moderate
2026-08-20,17,RENAL,Dialysis,False,False,0.2407453216012828,0,0,1,1,0.0,0.0,0.0,0.0,Closed
2026-08-20,18,RENAL,Dialysis,False,False,0.2208901766818807,0,0,1,1,0.0,0.0,0.0,0.0,Closed
2026-08-20,19,RENAL,Dialysis,False,False,0.2208901766818807,0,0,1,1,0.0,0.0,0.0,0.0,Closed
2026-08-20,20,RENAL,Dialysis,False,False,0.2045530381140348,0,0,1,1,0.0,0.0,0.0,0.0,Closed
2026-08-20,21,RENAL,Dialysis,False,False,0.2045530381140348,0,0,1,1,0.0,0.0,0.0,0.0,Closed
2026-08-20,22,RENAL,Dialysis,False,False,0.2045530381140348,0,0,1,1,0.0,0.0,0.0,0.0,Closed
2026-08-20,23,RENAL,Dialysis,False,False,0.2045530381140348,0,0,1,1,0.0,0.0,0.0,0.0,Closed
2026-08-21,0,RENAL,Dialysis,False,False,0.4765044188608311,0,0,1,1,0.0,0.0,0.0,0.0,Closed
2026-08-21,1,RENAL,Dialysis,False,False,0.4582379459098853,2,0,3,3,0.0,0.0,0.0,0.0,Closed
2026-08-21,2,RENAL,Dialysis,False,False,0.4338306735889379,2,0,5,5,0.0,0.0,0.0,0.0,Closed
2026-08-21,3,RENAL,Dialysis,False,False,0.4338306735889379,0,0,5,5,0.0,0.0,0.0,0.0,Closed
2026-08-21,4,RENAL,Dialysis,False,False,0.4642777849897279,0,0,5,5,0.0,0.0,0.0,0.0,Closed
2026-08-21,5,RENAL,Dialysis,False,False,0.7767431801694377,1,0,6,6,0.0,0.0,0.0,0.0,Closed
2026-08-21,6,RENAL,Dialysis,False,False,1.4050156436885353,1,0,7,7,0.0,0.0,0.0,0.0,Closed
2026-08-21,7,RENAL,Dialysis,False,False,3.3350462280591744,5,0,12,12,0.0,0.0,0.0,0.0,Closed
2026-08-21,8,RENAL,Dialysis,False,True,5.158856588300303,3,6,9,9,453.6666666666667,1139.0,1.5,200.0,Critical
2026-08-21,9,RENAL,Dialysis,False,True,0.8583614805939781,0,0,9,9,0.0,0.0,1.5,0.0,Critical
2026-08-21,10,RENAL,Dialysis,False,True,0.6606795822002411,1,0,10,10,0.0,0.0,1.5,66.66666666666666,Critical
2026-08-21,11,RENAL,Dialysis,False,True,0.7595981758178254,1,0,11,11,0.0,0.0,1.5,66.66666666666666,Critical
2026-08-21,12,RENAL,Dialysis,False,True,0.7403735455239633,1,6,6,6,287.5,348.0,1.5,66.66666666666666,Critical
2026-08-21,13,RENAL,Dialysis,False,True,0.3796574135527009,0,0,6,6,0.0,0.0,1.5,0.0,Critical
2026-08-21,14,RENAL,Dialysis,False,True,0.3796574135527009,1,0,7,7,0.0,0.0,1.5,66.66666666666666,Critical
2026-08-21,15,RENAL,Dialysis,False,True,0.3249732306362585,0,0,7,7,0.0,0.0,1.5,0.0,Critical
2026-08-21,16,RENAL,Dialysis,False,True,0.3093266412988467,0,6,1,1,367.8333333333333,475.0,1.5,0.0,Moderate
2026-08-21,17,RENAL,Dialysis,False,False,0.2407017794569463,1,0,2,2,0.0,0.0,0.0,0.0,Closed
2026-08-21,18,RENAL,Dialysis,False,False,0.2208466345375442,0,0,2,2,0.0,0.0,0.0,0.0,Closed
2026-08-21,19,RENAL,Dialysis,False,False,0.2208466345375442,0,0,2,2,0.0,0.0,0.0,0.0,Closed
2026-08-21,20,RENAL,Dialysis,False,False,0.2045094959696984,0,0,2,2,0.0,0.0,0.0,0.0,Closed
2026-08-21,21,RENAL,Dialysis,False,False,0.2045094959696984,0,0,2,2,0.0,0.0,0.0,0.0,Closed
2026-08-21,22,RENAL,Dialysis,False,False,0.2045094959696984,0,0,2,2,0.0,0.0,0.0,0.0,Closed
2026-08-21,23,RENAL,Dialysis,False,False,0.2045094959696984,1,0,3,3,0.0,0.0,0.0,0.0,Closed
2026-08-22,0,RENAL,Dialysis,False,False,0.4662406645628356,0,0,3,3,0.0,0.0,0.0,0.0,Closed
2026-08-22,1,RENAL,Dialysis,False,False,0.4509151500561115,0,0,3,3,0.0,0.0,0.0,0.0,Closed
2026-08-22,2,RENAL,Dialysis,False,False,0.3456300574360847,0,0,3,3,0.0,0.0,0.0,0.0,Closed
2026-08-22,3,RENAL,Dialysis,False,False,0.3240248653408197,0,0,3,3,0.0,0.0,0.0,0.0,Closed
2026-08-22,4,RENAL,Dialysis,False,False,0.3544719767416102,0,0,3,3,0.0,0.0,0.0,0.0,Closed
2026-08-22,5,RENAL,Dialysis,False,False,0.6218954809577016,1,0,4,4,0.0,0.0,0.0,0.0,Closed
2026-08-22,6,RENAL,Dialysis,False,False,1.101047060470854,0,0,4,4,0.0,0.0,0.0,0.0,Closed
2026-08-22,7,RENAL,Dialysis,False,False,2.2561912778529183,2,0,6,6,0.0,0.0,0.0,0.0,Closed
2026-08-22,8,RENAL,Dialysis,False,True,4.21403024280802,6,6,6,6,432.1666666666667,1023.0,1.5,400.0,Critical
2026-08-22,9,RENAL,Dialysis,False,True,1.3978109371170944,0,0,6,6,0.0,0.0,1.5,0.0,Critical
2026-08-22,10,RENAL,Dialysis,False,True,0.9351774583391096,2,0,8,8,0.0,0.0,1.5,133.33333333333331,Critical
2026-08-22,11,RENAL,Dialysis,False,True,0.949557133897137,3,0,11,11,0.0,0.0,1.5,200.0,Critical
2026-08-22,12,RENAL,Dialysis,False,True,0.5722981891335441,1,6,6,6,202.16666666666663,230.0,1.5,66.66666666666666,Critical
2026-08-22,13,RENAL,Dialysis,False,True,0.3308722210918194,1,0,7,7,0.0,0.0,1.5,66.66666666666666,Critical
2026-08-22,14,RENAL,Dialysis,False,True,0.3308722210918194,1,0,8,8,0.0,0.0,1.5,66.66666666666666,Critical
2026-08-22,15,RENAL,Dialysis,False,True,0.2568402291783629,1,0,9,9,0.0,0.0,1.5,66.66666666666666,Critical
2026-08-22,16,RENAL,Dialysis,False,True,0.2447540654386501,0,6,3,3,283.6666666666667,355.0,1.5,0.0,Critical
2026-08-22,17,RENAL,Dialysis,False,False,0.217907136102425,0,0,3,3,0.0,0.0,0.0,0.0,Closed
2026-08-22,18,RENAL,Dialysis,False,False,0.204132843205333,1,0,4,4,0.0,0.0,0.0,0.0,Closed
2026-08-22,19,RENAL,Dialysis,False,False,0.204132843205333,0,0,4,4,0.0,0.0,0.0,0.0,Closed
2026-08-22,20,RENAL,Dialysis,False,False,0.1877957046374871,1,0,5,5,0.0,0.0,0.0,0.0,Closed
2026-08-22,21,RENAL,Dialysis,False,False,0.1877957046374871,0,0,5,5,0.0,0.0,0.0,0.0,Closed
2026-08-22,22,RENAL,Dialysis,False,False,0.1877957046374871,0,0,5,5,0.0,0.0,0.0,0.0,Closed
2026-08-22,23,RENAL,Dialysis,False,False,0.1877957046374871,0,0,5,5,0.0,0.0,0.0,0.0,Closed
2026-08-23,0,RENAL,Dialysis,False,False,0.6924405830068452,0,0,5,5,0.0,0.0,0.0,0.0,Closed
2026-08-23,1,RENAL,Dialysis,False,False,0.677115068500121,1,0,6,6,0.0,0.0,0.0,0.0,Closed
2026-08-23,2,RENAL,Dialysis,False,False,0.664427636706593,1,0,7,7,0.0,0.0,0.0,0.0,Closed
2026-08-23,3,RENAL,Dialysis,False,False,0.6428224446113281,0,0,7,7,0.0,0.0,0.0,0.0,Closed
2026-08-23,4,RENAL,Dialysis,False,False,0.6732695560121185,2,0,9,9,0.0,0.0,0.0,0.0,Closed
2026-08-23,5,RENAL,Dialysis,False,False,0.9406930602282094,0,0,9,9,0.0,0.0,0.0,0.0,Closed
2026-08-23,6,RENAL,Dialysis,False,False,1.3906348168838571,2,0,11,11,0.0,0.0,0.0,0.0,Closed
2026-08-23,7,RENAL,Dialysis,False,False,2.277963158475313,4,0,15,15,0.0,0.0,0.0,0.0,Closed
2026-08-23,8,RENAL,Dialysis,False,True,3.25121428848762,1,6,10,10,859.3333333333334,1135.0,1.5,66.66666666666666,Critical
2026-08-23,9,RENAL,Dialysis,False,True,1.4736316576938442,4,0,14,14,0.0,0.0,1.5,266.66666666666663,Critical
2026-08-23,10,RENAL,Dialysis,False,True,1.1395473288453717,0,0,14,14,0.0,0.0,1.5,0.0,Critical
2026-08-23,11,RENAL,Dialysis,False,True,1.0725106174863304,2,0,16,16,0.0,0.0,1.5,133.33333333333331,Critical
2026-08-23,12,RENAL,Dialysis,False,True,0.8730465806706428,2,6,12,12,408.3333333333333,570.0,1.5,133.33333333333331,Critical
2026-08-23,13,RENAL,Dialysis,False,True,0.6940557742170135,0,0,12,12,0.0,0.0,1.5,0.0,Critical
2026-08-23,14,RENAL,Dialysis,False,True,0.6940557742170135,0,0,12,12,0.0,0.0,1.5,0.0,Critical
2026-08-23,15,RENAL,Dialysis,False,True,0.6319233885686506,2,0,14,14,0.0,0.0,1.5,133.33333333333331,Critical
2026-08-23,16,RENAL,Dialysis,False,True,0.6303483508016943,0,6,8,8,454.5,507.0,1.5,0.0,Critical
2026-08-23,17,RENAL,Dialysis,False,False,0.6252265467986051,2,0,10,10,0.0,0.0,0.0,0.0,Closed
2026-08-23,18,RENAL,Dialysis,False,False,0.611452253901513,1,0,11,11,0.0,0.0,0.0,0.0,Closed
2026-08-23,19,RENAL,Dialysis,False,False,0.611452253901513,1,0,12,12,0.0,0.0,0.0,0.0,Closed
2026-08-23,20,RENAL,Dialysis,False,False,0.6129817532822999,1,0,13,13,0.0,0.0,0.0,0.0,Closed
2026-08-23,21,RENAL,Dialysis,False,False,0.6129817532822999,0,0,13,13,0.0,0.0,0.0,0.0,Closed
2026-08-23,22,RENAL,Dialysis,False,False,0.6129817532822999,0,0,13,13,0.0,0.0,0.0,0.0,Closed
2026-08-23,23,RENAL,Dialysis,False,False,0.6129817532822999,0,0,13,13,0.0,0.0,0.0,0.0,Closed
2026-08-24,0,RENAL,Dialysis,False,False,0.5197493235927896,0,0,13,13,0.0,0.0,0.0,0.0,Closed
2026-08-24,1,RENAL,Dialysis,False,False,0.4999678768196154,0,0,13,13,0.0,0.0,0.0,0.0,Closed
2026-08-24,2,RENAL,Dialysis,False,False,0.4836444875701936,0,0,13,13,0.0,0.0,0.0,0.0,Closed
2026-08-24,3,RENAL,Dialysis,False,False,0.4836444875701936,0,0,13,13,0.0,0.0,0.0,0.0,Closed
2026-08-24,4,RENAL,Dialysis,False,False,0.3732719934892275,0,0,13,13,0.0,0.0,0.0,0.0,Closed
2026-08-24,5,RENAL,Dialysis,False,False,0.5434960171902383,1,0,14,14,0.0,0.0,0.0,0.0,Closed
2026-08-24,6,RENAL,Dialysis,False,False,0.9940565505808344,3,0,17,17,0.0,0.0,0.0,0.0,Closed
2026-08-24,7,RENAL,Dialysis,False,False,2.0640733901544137,1,0,18,18,0.0,0.0,0.0,0.0,Closed
2026-08-24,8,RENAL,Dialysis,False,True,6.262032070170553,4,6,16,16,1252.3333333333333,1333.0,1.5,266.66666666666663,Critical
2026-08-24,9,RENAL,Dialysis,False,True,1.317685306005537,1,0,17,17,0.0,0.0,1.5,66.66666666666666,Critical
2026-08-24,10,RENAL,Dialysis,False,True,0.6566286510941358,4,0,21,21,0.0,0.0,1.5,266.66666666666663,Critical
2026-08-24,11,RENAL,Dialysis,False,True,0.7936658097836469,0,0,21,21,0.0,0.0,1.5,0.0,Critical
2026-08-24,12,RENAL,Dialysis,False,True,0.7852868434058513,1,6,16,16,1120.1666666666667,1236.0,1.5,66.66666666666666,Critical
2026-08-24,13,RENAL,Dialysis,False,True,0.3864251070247922,0,0,16,16,0.0,0.0,1.5,0.0,Critical
2026-08-24,14,RENAL,Dialysis,False,True,0.3864251070247922,0,0,16,16,0.0,0.0,1.5,0.0,Critical
2026-08-24,15,RENAL,Dialysis,False,True,0.3803991711518575,0,0,16,16,0.0,0.0,1.5,0.0,Critical
2026-08-24,16,RENAL,Dialysis,False,True,0.3060898673695454,0,6,10,10,674.5,1192.0,1.5,0.0,Critical
2026-08-24,17,RENAL,Dialysis,False,False,0.2374650055276449,0,0,10,10,0.0,0.0,0.0,0.0,Closed
2026-08-24,18,RENAL,Dialysis,False,False,0.2176098606082428,0,0,10,10,0.0,0.0,0.0,0.0,Closed
2026-08-24,19,RENAL,Dialysis,False,False,0.2176098606082428,0,0,10,10,0.0,0.0,0.0,0.0,Closed
2026-08-24,20,RENAL,Dialysis,False,False,0.2012727220403969,0,0,10,10,0.0,0.0,0.0,0.0,Closed
2026-08-24,21,RENAL,Dialysis,False,False,0.2012727220403969,0,0,10,10,0.0,0.0,0.0,0.0,Closed
2026-08-24,22,RENAL,Dialysis,False,False,0.2012727220403969,0,0,10,10,0.0,0.0,0.0,0.0,Closed
2026-08-24,23,RENAL,Dialysis,False,False,0.2012727220403969,0,0,10,10,0.0,0.0,0.0,0.0,Closed
2026-08-25,0,RENAL,Dialysis,False,False,0.5272209050785591,0,0,10,10,0.0,0.0,0.0,0.0,Closed
2026-08-25,1,RENAL,Dialysis,False,False,0.5089544321276133,1,0,11,11,0.0,0.0,0.0,0.0,Closed
2026-08-25,2,RENAL,Dialysis,False,False,0.4845471598066657,2,0,13,13,0.0,0.0,0.0,0.0,Closed
2026-08-25,3,RENAL,Dialysis,False,False,0.5763352205373335,0,0,13,13,0.0,0.0,0.0,0.0,Closed
2026-08-25,4,RENAL,Dialysis,False,False,0.5577507871870347,1,0,14,14,0.0,0.0,0.0,0.0,Closed
2026-08-25,5,RENAL,Dialysis,False,False,0.727974810888045,1,0,15,15,0.0,0.0,0.0,0.0,Closed
2026-08-25,6,RENAL,Dialysis,False,False,1.122125546839571,0,0,15,15,0.0,0.0,0.0,0.0,Closed
2026-08-25,7,RENAL,Dialysis,False,False,2.2492249370990978,2,0,17,17,0.0,0.0,0.0,0.0,Closed
2026-08-25,8,RENAL,Dialysis,False,True,6.82275097209827,4,6,15,15,1387.6666666666667,1435.0,1.5,266.66666666666663,Critical
2026-08-25,9,RENAL,Dialysis,False,True,0.9545620912841088,3,0,18,18,0.0,0.0,1.5,200.0,Critical
2026-08-25,10,RENAL,Dialysis,False,True,0.6265319933469624,0,0,18,18,0.0,0.0,1.5,0.0,Critical
2026-08-25,11,RENAL,Dialysis,False,True,0.7635691520364734,1,0,19,19,0.0,0.0,1.5,66.66666666666666,Critical
2026-08-25,12,RENAL,Dialysis,False,True,0.7734255230854852,1,6,14,14,1188.5,1523.0,1.5,66.66666666666666,Critical
2026-08-25,13,RENAL,Dialysis,False,True,0.384708136031143,0,0,14,14,0.0,0.0,1.5,0.0,Critical
2026-08-25,14,RENAL,Dialysis,False,True,0.384708136031143,0,0,14,14,0.0,0.0,1.5,0.0,Critical
2026-08-25,15,RENAL,Dialysis,False,True,0.3786822001582083,0,0,14,14,0.0,0.0,1.5,0.0,Critical
2026-08-25,16,RENAL,Dialysis,False,True,0.3043728963758962,1,6,9,9,597.5,794.0,1.5,66.66666666666666,Critical
2026-08-25,17,RENAL,Dialysis,False,False,0.2357480345339957,0,0,9,9,0.0,0.0,0.0,0.0,Closed
2026-08-25,18,RENAL,Dialysis,False,False,0.2158928896145936,0,0,9,9,0.0,0.0,0.0,0.0,Closed
2026-08-25,19,RENAL,Dialysis,False,False,0.2158928896145936,1,0,10,10,0.0,0.0,0.0,0.0,Closed
2026-08-25,20,RENAL,Dialysis,False,False,0.1995557510467477,0,0,10,10,0.0,0.0,0.0,0.0,Closed
2026-08-25,21,RENAL,Dialysis,False,False,0.1995557510467477,0,0,10,10,0.0,0.0,0.0,0.0,Closed
2026-08-25,22,RENAL,Dialysis,False,False,0.1995557510467477,0,0,10,10,0.0,0.0,0.0,0.0,Closed
2026-08-25,23,RENAL,Dialysis,False,False,0.1995557510467477,0,0,10,10,0.0,0.0,0.0,0.0,Closed
2026-08-26,0,RENAL,Dialysis,False,False,0.3411988557229077,0,0,10,10,0.0,0.0,0.0,0.0,Closed
2026-08-19,1,RESPIRATORY CENTER,Respiratory Consultation,False,False,0.0004894227732387,0,0,0,0,0.0,0.0,0.0,0.0,Closed
2026-08-19,2,RESPIRATORY CENTER,Respiratory Consultation,False,False,0.1928485619457723,0,0,0,0,0.0,0.0,0.0,0.0,Closed
2026-08-19,3,RESPIRATORY CENTER,Respiratory Consultation,False,False,0.1928485619457723,1,0,1,1,0.0,0.0,0.0,0.0,Closed
2026-08-19,4,RESPIRATORY CENTER,Respiratory Consultation,False,False,0.1950979642073707,1,0,2,2,0.0,0.0,0.0,0.0,Closed
2026-08-19,5,RESPIRATORY CENTER,Respiratory Consultation,False,False,0.1851099421568054,0,0,2,2,0.0,0.0,0.0,0.0,Closed
2026-08-19,6,RESPIRATORY CENTER,Respiratory Consultation,False,False,0.2927591160738241,0,0,2,2,0.0,0.0,0.0,0.0,Closed
2026-08-19,7,RESPIRATORY CENTER,Respiratory Consultation,False,False,0.3005777475689484,0,0,2,2,0.0,0.0,0.0,0.0,Closed
2026-08-19,8,RESPIRATORY CENTER,Respiratory Consultation,False,True,0.347955883146599,0,2,0,0,261.5,288.0,12.0,0.0,Low
2026-08-19,9,RESPIRATORY CENTER,Respiratory Consultation,False,True,0.3458732763056948,1,1,0,0,0.0,0.0,12.0,8.333333333333332,Low
2026-08-19,10,RESPIRATORY CENTER,Respiratory Consultation,False,True,0.2210401413960455,0,0,0,0,0.0,0.0,12.0,0.0,Low
2026-08-19,11,RESPIRATORY CENTER,Respiratory Consultation,False,True,0.2211277506437843,0,0,0,0,0.0,0.0,12.0,0.0,Low
2026-08-19,12,RESPIRATORY CENTER,Respiratory Consultation,False,True,0.1771344955180175,0,0,0,0,0.0,0.0,12.0,0.0,Low
2026-08-19,13,RESPIRATORY CENTER,Respiratory Consultation,False,True,0.1567003974084722,0,0,0,0,0.0,0.0,12.0,0.0,Low
2026-08-19,14,RESPIRATORY CENTER,Respiratory Consultation,False,True,0.1567003974084722,0,0,0,0,0.0,0.0,12.0,0.0,Low
2026-08-19,15,RESPIRATORY CENTER,Respiratory Consultation,False,True,0.1555132310553673,0,0,0,0,0.0,0.0,12.0,0.0,Low
2026-08-19,16,RESPIRATORY CENTER,Respiratory Consultation,False,True,0.1481445538008281,0,0,0,0,0.0,0.0,12.0,0.0,Low
2026-08-19,17,RESPIRATORY CENTER,Respiratory Consultation,False,False,0.1300041546299128,0,0,0,0,0.0,0.0,0.0,0.0,Closed
2026-08-19,18,RESPIRATORY CENTER,Respiratory Consultation,False,False,0.1300041546299128,1,0,1,1,0.0,0.0,0.0,0.0,Closed
2026-08-19,19,RESPIRATORY CENTER,Respiratory Consultation,False,False,0.1300041546299128,0,0,1,1,0.0,0.0,0.0,0.0,Closed
2026-08-19,20,RESPIRATORY CENTER,Respiratory Consultation,False,False,0.1300041546299128,0,0,1,1,0.0,0.0,0.0,0.0,Closed
2026-08-19,21,RESPIRATORY CENTER,Respiratory Consultation,False,False,0.1300041546299128,0,0,1,1,0.0,0.0,0.0,0.0,Closed
2026-08-19,22,RESPIRATORY CENTER,Respiratory Consultation,False,False,0.1300041546299128,0,0,1,1,0.0,0.0,0.0,0.0,Closed
2026-08-19,23,RESPIRATORY CENTER,Respiratory Consultation,False,False,0.1300041546299128,0,0,1,1,0.0,0.0,0.0,0.0,Closed
2026-08-20,0,RESPIRATORY CENTER,Respiratory Consultation,False,False,0.1525248376937078,0,0,1,1,0.0,0.0,0.0,0.0,Closed
2026-08-20,1,RESPIRATORY CENTER,Respiratory Consultation,False,False,0.1525248376937078,0,0,1,1,0.0,0.0,0.0,0.0,Closed
2026-08-20,2,RESPIRATORY CENTER,Respiratory Consultation,False,False,0.1518793997910408,1,0,2,2,0.0,0.0,0.0,0.0,Closed
2026-08-20,3,RESPIRATORY CENTER,Respiratory Consultation,False,False,0.1518793997910408,0,0,2,2,0.0,0.0,0.0,0.0,Closed
2026-08-20,4,RESPIRATORY CENTER,Respiratory Consultation,False,False,0.1541288020526391,0,0,2,2,0.0,0.0,0.0,0.0,Closed
2026-08-20,5,RESPIRATORY CENTER,Respiratory Consultation,False,False,0.131138291167955,0,0,2,2,0.0,0.0,0.0,0.0,Closed
2026-08-20,6,RESPIRATORY CENTER,Respiratory Consultation,False,False,0.2387874650849737,0,0,2,2,0.0,0.0,0.0,0.0,Closed
2026-08-20,7,RESPIRATORY CENTER,Respiratory Consultation,False,False,0.246606096580098,0,0,2,2,0.0,0.0,0.0,0.0,Closed
2026-08-20,8,RESPIRATORY CENTER,Respiratory Consultation,False,True,0.3005103134210652,0,2,0,0,548.5,791.0,12.0,0.0,Low
2026-08-20,9,RESPIRATORY CENTER,Respiratory Consultation,False,True,0.3137884481534819,0,0,0,0,0.0,0.0,12.0,0.0,Low
2026-08-20,10,RESPIRATORY CENTER,Respiratory Consultation,False,True,0.204017876149722,1,1,0,0,0.0,0.0,12.0,8.333333333333332,Low
2026-08-20,11,RESPIRATORY CENTER,Respiratory Consultation,False,True,0.2041054853974607,0,0,0,0,0.0,0.0,12.0,0.0,Low
2026-08-20,12,RESPIRATORY CENTER,Respiratory Consultation,False,True,0.1707148369263652,0,0,0,0,0.0,0.0,12.0,0.0,Low
2026-08-20,13,RESPIRATORY CENTER,Respiratory Consultation,False,True,0.1502807388168198,0,0,0,0,0.0,0.0,12.0,0.0,Low
2026-08-20,14,RESPIRATORY CENTER,Respiratory Consultation,False,True,0.1502807388168198,0,0,0,0,0.0,0.0,12.0,0.0,Low
2026-08-20,15,RESPIRATORY CENTER,Respiratory Consultation,False,True,0.149093572463715,0,0,0,0,0.0,0.0,12.0,0.0,Low
2026-08-20,16,RESPIRATORY CENTER,Respiratory Consultation,False,True,0.1417248952091758,0,0,0,0,0.0,0.0,12.0,0.0,Low
2026-08-20,17,RESPIRATORY CENTER,Respiratory Consultation,False,False,0.1235844960382604,0,0,0,0,0.0,0.0,0.0,0.0,Closed
2026-08-20,18,RESPIRATORY CENTER,Respiratory Consultation,False,False,0.1235844960382604,0,0,0,0,0.0,0.0,0.0,0.0,Closed
2026-08-20,19,RESPIRATORY CENTER,Respiratory Consultation,False,False,0.1235844960382604,0,0,0,0,0.0,0.0,0.0,0.0,Closed
2026-08-20,20,RESPIRATORY CENTER,Respiratory Consultation,False,False,0.1235844960382604,0,0,0,0,0.0,0.0,0.0,0.0,Closed
2026-08-20,21,RESPIRATORY CENTER,Respiratory Consultation,False,False,0.1235844960382604,0,0,0,0,0.0,0.0,0.0,0.0,Closed
2026-08-20,22,RESPIRATORY CENTER,Respiratory Consultation,False,False,0.1235844960382604,0,0,0,0,0.0,0.0,0.0,0.0,Closed
2026-08-20,23,RESPIRATORY CENTER,Respiratory Consultation,False,False,0.1235844960382604,0,0,0,0,0.0,0.0,0.0,0.0,Closed
2026-08-21,0,RESPIRATORY CENTER,Respiratory Consultation,False,False,0.1533271225967408,0,0,0,0,0.0,0.0,0.0,0.0,Closed
2026-08-21,1,RESPIRATORY CENTER,Respiratory Consultation,False,False,0.1533271225967408,0,0,0,0,0.0,0.0,0.0,0.0,Closed
2026-08-21,2,RESPIRATORY CENTER,Respiratory Consultation,False,False,0.1402281270473906,0,0,0,0,0.0,0.0,0.0,0.0,Closed
2026-08-21,3,RESPIRATORY CENTER,Respiratory Consultation,False,False,0.1402281270473906,0,0,0,0,0.0,0.0,0.0,0.0,Closed
2026-08-21,4,RESPIRATORY CENTER,Respiratory Consultation,False,False,0.1424775293089889,0,0,0,0,0.0,0.0,0.0,0.0,Closed
2026-08-21,5,RESPIRATORY CENTER,Respiratory Consultation,False,False,0.1182120060726809,0,0,0,0,0.0,0.0,0.0,0.0,Closed
2026-08-21,6,RESPIRATORY CENTER,Respiratory Consultation,False,False,0.2258611799896995,0,0,0,0,0.0,0.0,0.0,0.0,Closed
2026-08-21,7,RESPIRATORY CENTER,Respiratory Consultation,False,False,0.2336798114848238,0,0,0,0,0.0,0.0,0.0,0.0,Closed
2026-08-21,8,RESPIRATORY CENTER,Respiratory Consultation,False,True,0.2888590406774149,0,0,0,0,0.0,0.0,12.0,0.0,Low
2026-08-21,9,RESPIRATORY CENTER,Respiratory Consultation,False,True,0.3021371754098316,0,0,0,0,0.0,0.0,12.0,0.0,Low
2026-08-21,10,RESPIRATORY CENTER,Respiratory Consultation,False,True,0.1923666034060717,0,0,0,0,0.0,0.0,12.0,0.0,Low
2026-08-21,11,RESPIRATORY CENTER,Respiratory Consultation,False,True,0.1924542126538105,0,0,0,0,0.0,0.0,12.0,0.0,Low
2026-08-21,12,RESPIRATORY CENTER,Respiratory Consultation,False,True,0.1715171218293981,0,0,0,0,0.0,0.0,12.0,0.0,Low
2026-08-21,13,RESPIRATORY CENTER,Respiratory Consultation,False,True,0.1510830237198528,0,0,0,0,0.0,0.0,12.0,0.0,Low
2026-08-21,14,RESPIRATORY CENTER,Respiratory Consultation,False,True,0.1510830237198528,0,0,0,0,0.0,0.0,12.0,0.0,Low
2026-08-21,15,RESPIRATORY CENTER,Respiratory Consultation,False,True,0.1498958573667479,0,0,0,0,0.0,0.0,12.0,0.0,Low
2026-08-21,16,RESPIRATORY CENTER,Respiratory Consultation,False,True,0.1425271801122087,0,0,0,0,0.0,0.0,12.0,0.0,Low
2026-08-21,17,RESPIRATORY CENTER,Respiratory Consultation,False,False,0.1243867809412933,0,0,0,0,0.0,0.0,0.0,0.0,Closed
2026-08-21,18,RESPIRATORY CENTER,Respiratory Consultation,False,False,0.1243867809412933,0,0,0,0,0.0,0.0,0.0,0.0,Closed
2026-08-21,19,RESPIRATORY CENTER,Respiratory Consultation,False,False,0.1243867809412933,0,0,0,0,0.0,0.0,0.0,0.0,Closed
2026-08-21,20,RESPIRATORY CENTER,Respiratory Consultation,False,False,0.1243867809412933,0,0,0,0,0.0,0.0,0.0,0.0,Closed
2026-08-21,21,RESPIRATORY CENTER,Respiratory Consultation,False,False,0.1243867809412933,0,0,0,0,0.0,0.0,0.0,0.0,Closed
2026-08-21,22,RESPIRATORY CENTER,Respiratory Consultation,False,False,0.1243867809412933,0,0,0,0,0.0,0.0,0.0,0.0,Closed
2026-08-21,23,RESPIRATORY CENTER,Respiratory Consultation,False,False,0.1243867809412933,0,0,0,0,0.0,0.0,0.0,0.0,Closed
2026-08-22,0,RESPIRATORY CENTER,Respiratory Consultation,False,False,0.1660434392284973,0,0,0,0,0.0,0.0,0.0,0.0,Closed
2026-08-22,1,RESPIRATORY CENTER,Respiratory Consultation,False,False,0.1660434392284973,0,0,0,0,0.0,0.0,0.0,0.0,Closed
2026-08-22,2,RESPIRATORY CENTER,Respiratory Consultation,False,False,0.1521448399003155,0,0,0,0,0.0,0.0,0.0,0.0,Closed
2026-08-22,3,RESPIRATORY CENTER,Respiratory Consultation,False,False,0.1521448399003155,0,0,0,0,0.0,0.0,0.0,0.0,Closed
2026-08-22,4,RESPIRATORY CENTER,Respiratory Consultation,False,False,0.1212262796638102,0,0,0,0,0.0,0.0,0.0,0.0,Closed
2026-08-22,5,RESPIRATORY CENTER,Respiratory Consultation,False,False,0.0969607564275023,0,0,0,0,0.0,0.0,0.0,0.0,Closed
2026-08-22,6,RESPIRATORY CENTER,Respiratory Consultation,False,False,0.2111912038396584,0,0,0,0,0.0,0.0,0.0,0.0,Closed
2026-08-22,7,RESPIRATORY CENTER,Respiratory Consultation,False,False,0.2190098353347828,0,0,0,0,0.0,0.0,0.0,0.0,Closed
2026-08-22,8,RESPIRATORY CENTER,Respiratory Consultation,False,True,0.2624875868792359,0,0,0,0,0.0,0.0,12.0,0.0,Low
2026-08-22,9,RESPIRATORY CENTER,Respiratory Consultation,False,True,0.2757657216116526,0,0,0,0,0.0,0.0,12.0,0.0,Low
2026-08-22,10,RESPIRATORY CENTER,Respiratory Consultation,False,True,0.1727355497187463,0,0,0,0,0.0,0.0,12.0,0.0,Low
2026-08-22,11,RESPIRATORY CENTER,Respiratory Consultation,False,True,0.172823158966485,0,0,0,0,0.0,0.0,12.0,0.0,Low
2026-08-22,12,RESPIRATORY CENTER,Respiratory Consultation,False,True,0.1487210747957543,0,0,0,0,0.0,0.0,12.0,0.0,Low
2026-08-22,13,RESPIRATORY CENTER,Respiratory Consultation,False,True,0.1394739395628766,0,0,0,0,0.0,0.0,12.0,0.0,Low
2026-08-22,14,RESPIRATORY CENTER,Respiratory Consultation,False,True,0.1394739395628766,0,0,0,0,0.0,0.0,12.0,0.0,Low
2026-08-22,15,RESPIRATORY CENTER,Respiratory Consultation,False,True,0.1382867732097718,0,0,0,0,0.0,0.0,12.0,0.0,Low
2026-08-22,16,RESPIRATORY CENTER,Respiratory Consultation,False,True,0.1309180959552326,0,0,0,0,0.0,0.0,12.0,0.0,Low
2026-08-22,17,RESPIRATORY CENTER,Respiratory Consultation,False,False,0.1100391256064206,0,0,0,0,0.0,0.0,0.0,0.0,Closed
2026-08-22,18,RESPIRATORY CENTER,Respiratory Consultation,False,False,0.1100391256064206,0,0,0,0,0.0,0.0,0.0,0.0,Closed
2026-08-22,19,RESPIRATORY CENTER,Respiratory Consultation,False,False,0.1100391256064206,1,0,1,1,0.0,0.0,0.0,0.0,Closed
2026-08-22,20,RESPIRATORY CENTER,Respiratory Consultation,False,False,0.1100391256064206,0,0,1,1,0.0,0.0,0.0,0.0,Closed
2026-08-22,21,RESPIRATORY CENTER,Respiratory Consultation,False,False,0.1100391256064206,1,0,2,2,0.0,0.0,0.0,0.0,Closed
2026-08-22,22,RESPIRATORY CENTER,Respiratory Consultation,False,False,0.1100391256064206,0,0,2,2,0.0,0.0,0.0,0.0,Closed
2026-08-22,23,RESPIRATORY CENTER,Respiratory Consultation,False,False,0.1100391256064206,0,0,2,2,0.0,0.0,0.0,0.0,Closed
2026-08-23,0,RESPIRATORY CENTER,Respiratory Consultation,False,False,0.1644907820560245,0,0,2,2,0.0,0.0,0.0,0.0,Closed
2026-08-23,1,RESPIRATORY CENTER,Respiratory Consultation,False,False,0.1644907820560245,0,0,2,2,0.0,0.0,0.0,0.0,Closed
2026-08-23,2,RESPIRATORY CENTER,Respiratory Consultation,False,False,0.1505921827278427,1,0,3,3,0.0,0.0,0.0,0.0,Closed
2026-08-23,3,RESPIRATORY CENTER,Respiratory Consultation,False,False,0.1505921827278427,0,0,3,3,0.0,0.0,0.0,0.0,Closed
2026-08-23,4,RESPIRATORY CENTER,Respiratory Consultation,False,False,0.1196736224913375,0,0,3,3,0.0,0.0,0.0,0.0,Closed
2026-08-23,5,RESPIRATORY CENTER,Respiratory Consultation,False,False,0.0954080992550295,0,0,3,3,0.0,0.0,0.0,0.0,Closed
2026-08-23,6,RESPIRATORY CENTER,Respiratory Consultation,False,False,0.2096385466671857,1,0,4,4,0.0,0.0,0.0,0.0,Closed
2026-08-23,7,RESPIRATORY CENTER,Respiratory Consultation,False,False,0.21745717816231,0,0,4,4,0.0,0.0,0.0,0.0,Closed
2026-08-23,8,RESPIRATORY CENTER,Respiratory Consultation,False,True,0.2609349297067632,0,4,0,0,449.0,751.0,12.0,0.0,Low
2026-08-23,9,RESPIRATORY CENTER,Respiratory Consultation,False,True,0.2742130644391799,0,0,0,0,0.0,0.0,12.0,0.0,Low
2026-08-23,10,RESPIRATORY CENTER,Respiratory Consultation,False,True,0.1711828925462735,0,0,0,0,0.0,0.0,12.0,0.0,Low
2026-08-23,11,RESPIRATORY CENTER,Respiratory Consultation,False,True,0.1712705017940122,0,0,0,0,0.0,0.0,12.0,0.0,Low
2026-08-23,12,RESPIRATORY CENTER,Respiratory Consultation,False,True,0.1471684176232815,0,0,0,0,0.0,0.0,12.0,0.0,Low
2026-08-23,13,RESPIRATORY CENTER,Respiratory Consultation,False,True,0.1379212823904038,0,0,0,0,0.0,0.0,12.0,0.0,Low
2026-08-23,14,RESPIRATORY CENTER,Respiratory Consultation,False,True,0.1379212823904038,0,0,0,0,0.0,0.0,12.0,0.0,Low
2026-08-23,15,RESPIRATORY CENTER,Respiratory Consultation,False,True,0.136734116037299,0,0,0,0,0.0,0.0,12.0,0.0,Low
2026-08-23,16,RESPIRATORY CENTER,Respiratory Consultation,False,True,0.1293654387827598,0,0,0,0,0.0,0.0,12.0,0.0,Low
2026-08-23,17,RESPIRATORY CENTER,Respiratory Consultation,False,False,0.1087149663232366,0,0,0,0,0.0,0.0,0.0,0.0,Closed
2026-08-23,18,RESPIRATORY CENTER,Respiratory Consultation,False,False,0.1087149663232366,0,0,0,0,0.0,0.0,0.0,0.0,Closed
2026-08-23,19,RESPIRATORY CENTER,Respiratory Consultation,False,False,0.1087149663232366,0,0,0,0,0.0,0.0,0.0,0.0,Closed
2026-08-23,20,RESPIRATORY CENTER,Respiratory Consultation,False,False,0.1087149663232366,0,0,0,0,0.0,0.0,0.0,0.0,Closed
2026-08-23,21,RESPIRATORY CENTER,Respiratory Consultation,False,False,0.1087149663232366,1,0,1,1,0.0,0.0,0.0,0.0,Closed
2026-08-23,22,RESPIRATORY CENTER,Respiratory Consultation,False,False,0.1087149663232366,0,0,1,1,0.0,0.0,0.0,0.0,Closed
2026-08-23,23,RESPIRATORY CENTER,Respiratory Consultation,False,False,0.1087149663232366,0,0,1,1,0.0,0.0,0.0,0.0,Closed
2026-08-24,0,RESPIRATORY CENTER,Respiratory Consultation,False,False,0.1361605774393602,1,0,2,2,0.0,0.0,0.0,0.0,Closed
2026-08-24,1,RESPIRATORY CENTER,Respiratory Consultation,False,False,0.1361605774393602,0,0,2,2,0.0,0.0,0.0,0.0,Closed
2026-08-24,2,RESPIRATORY CENTER,Respiratory Consultation,False,False,0.1290387319658908,0,0,2,2,0.0,0.0,0.0,0.0,Closed
2026-08-24,3,RESPIRATORY CENTER,Respiratory Consultation,False,False,0.1290387319658908,0,0,2,2,0.0,0.0,0.0,0.0,Closed
2026-08-24,4,RESPIRATORY CENTER,Respiratory Consultation,False,False,0.1312881342274892,0,0,2,2,0.0,0.0,0.0,0.0,Closed
2026-08-24,5,RESPIRATORY CENTER,Respiratory Consultation,False,False,0.1213001121769239,1,0,3,3,0.0,0.0,0.0,0.0,Closed
2026-08-24,6,RESPIRATORY CENTER,Respiratory Consultation,False,False,0.2289492860939425,0,0,3,3,0.0,0.0,0.0,0.0,Closed
2026-08-24,7,RESPIRATORY CENTER,Respiratory Consultation,False,False,0.2367679175890668,0,0,3,3,0.0,0.0,0.0,0.0,Closed
2026-08-24,8,RESPIRATORY CENTER,Respiratory Consultation,False,True,0.3024976860070337,0,3,0,0,414.0,634.0,12.0,0.0,Low
2026-08-24,9,RESPIRATORY CENTER,Respiratory Consultation,False,True,0.3004150791661296,0,0,0,0,0.0,0.0,12.0,0.0,Low
2026-08-24,10,RESPIRATORY CENTER,Respiratory Consultation,False,True,0.2020983140727082,0,0,0,0,0.0,0.0,12.0,0.0,Low
2026-08-24,11,RESPIRATORY CENTER,Respiratory Consultation,False,True,0.202185923320447,1,1,0,0,0.0,0.0,12.0,8.333333333333332,Low
2026-08-24,12,RESPIRATORY CENTER,Respiratory Consultation,False,True,0.1581926681946801,0,0,0,0,0.0,0.0,12.0,0.0,Low
2026-08-24,13,RESPIRATORY CENTER,Respiratory Consultation,False,True,0.1377585700851347,0,0,0,0,0.0,0.0,12.0,0.0,Low
2026-08-24,14,RESPIRATORY CENTER,Respiratory Consultation,False,True,0.1377585700851347,0,0,0,0,0.0,0.0,12.0,0.0,Low
2026-08-24,15,RESPIRATORY CENTER,Respiratory Consultation,False,True,0.1365714037320299,0,0,0,0,0.0,0.0,12.0,0.0,Low
2026-08-24,16,RESPIRATORY CENTER,Respiratory Consultation,False,True,0.1292027264774907,0,0,0,0,0.0,0.0,12.0,0.0,Low
2026-08-24,17,RESPIRATORY CENTER,Respiratory Consultation,False,False,0.1110623273065754,0,0,0,0,0.0,0.0,0.0,0.0,Closed
2026-08-24,18,RESPIRATORY CENTER,Respiratory Consultation,False,False,0.1110623273065754,0,0,0,0,0.0,0.0,0.0,0.0,Closed
2026-08-24,19,RESPIRATORY CENTER,Respiratory Consultation,False,False,0.1110623273065754,0,0,0,0,0.0,0.0,0.0,0.0,Closed
2026-08-24,20,RESPIRATORY CENTER,Respiratory Consultation,False,False,0.1110623273065754,0,0,0,0,0.0,0.0,0.0,0.0,Closed
2026-08-24,21,RESPIRATORY CENTER,Respiratory Consultation,False,False,0.1110623273065754,1,0,1,1,0.0,0.0,0.0,0.0,Closed
2026-08-24,22,RESPIRATORY CENTER,Respiratory Consultation,False,False,0.1110623273065754,0,0,1,1,0.0,0.0,0.0,0.0,Closed
2026-08-24,23,RESPIRATORY CENTER,Respiratory Consultation,False,False,0.1110623273065754,0,0,1,1,0.0,0.0,0.0,0.0,Closed
2026-08-25,0,RESPIRATORY CENTER,Respiratory Consultation,False,False,0.1361605774393602,0,0,1,1,0.0,0.0,0.0,0.0,Closed
2026-08-25,1,RESPIRATORY CENTER,Respiratory Consultation,False,False,0.1361605774393602,0,0,1,1,0.0,0.0,0.0,0.0,Closed
2026-08-25,2,RESPIRATORY CENTER,Respiratory Consultation,False,False,0.1290387319658908,0,0,1,1,0.0,0.0,0.0,0.0,Closed
2026-08-25,3,RESPIRATORY CENTER,Respiratory Consultation,False,False,0.1290387319658908,1,0,2,2,0.0,0.0,0.0,0.0,Closed
2026-08-25,4,RESPIRATORY CENTER,Respiratory Consultation,False,False,0.1312881342274892,0,0,2,2,0.0,0.0,0.0,0.0,Closed
2026-08-25,5,RESPIRATORY CENTER,Respiratory Consultation,False,False,0.1213001121769239,0,0,2,2,0.0,0.0,0.0,0.0,Closed
2026-08-25,6,RESPIRATORY CENTER,Respiratory Consultation,False,False,0.2289492860939425,1,0,3,3,0.0,0.0,0.0,0.0,Closed
2026-08-25,7,RESPIRATORY CENTER,Respiratory Consultation,False,False,0.2367679175890668,0,0,3,3,0.0,0.0,0.0,0.0,Closed
2026-08-25,8,RESPIRATORY CENTER,Respiratory Consultation,False,True,0.3024976860070337,2,5,0,0,206.6,646.0,12.0,16.666666666666664,Low
2026-08-25,9,RESPIRATORY CENTER,Respiratory Consultation,False,True,0.3004150791661296,1,1,0,0,0.0,0.0,12.0,8.333333333333332,Low
2026-08-25,10,RESPIRATORY CENTER,Respiratory Consultation,False,True,0.2020983140727082,0,0,0,0,0.0,0.0,12.0,0.0,Low
2026-08-25,11,RESPIRATORY CENTER,Respiratory Consultation,False,True,0.202185923320447,0,0,0,0,0.0,0.0,12.0,0.0,Low
2026-08-25,12,RESPIRATORY CENTER,Respiratory Consultation,False,True,0.1581926681946801,0,0,0,0,0.0,0.0,12.0,0.0,Low
2026-08-25,13,RESPIRATORY CENTER,Respiratory Consultation,False,True,0.1377585700851347,0,0,0,0,0.0,0.0,12.0,0.0,Low
2026-08-25,14,RESPIRATORY CENTER,Respiratory Consultation,False,True,0.1377585700851347,0,0,0,0,0.0,0.0,12.0,0.0,Low
2026-08-25,15,RESPIRATORY CENTER,Respiratory Consultation,False,True,0.1365714037320299,0,0,0,0,0.0,0.0,12.0,0.0,Low
2026-08-25,16,RESPIRATORY CENTER,Respiratory Consultation,False,True,0.1292027264774907,0,0,0,0,0.0,0.0,12.0,0.0,Low
2026-08-25,17,RESPIRATORY CENTER,Respiratory Consultation,False,False,0.1110623273065754,1,0,1,1,0.0,0.0,0.0,0.0,Closed
2026-08-25,18,RESPIRATORY CENTER,Respiratory Consultation,False,False,0.1110623273065754,0,0,1,1,0.0,0.0,0.0,0.0,Closed
2026-08-25,19,RESPIRATORY CENTER,Respiratory Consultation,False,False,0.1110623273065754,0,0,1,1,0.0,0.0,0.0,0.0,Closed
2026-08-25,20,RESPIRATORY CENTER,Respiratory Consultation,False,False,0.1110623273065754,0,0,1,1,0.0,0.0,0.0,0.0,Closed
2026-08-25,21,RESPIRATORY CENTER,Respiratory Consultation,False,False,0.1110623273065754,0,0,1,1,0.0,0.0,0.0,0.0,Closed
2026-08-25,22,RESPIRATORY CENTER,Respiratory Consultation,False,False,0.1110623273065754,0,0,1,1,0.0,0.0,0.0,0.0,Closed
2026-08-25,23,RESPIRATORY CENTER,Respiratory Consultation,False,False,0.1110623273065754,0,0,1,1,0.0,0.0,0.0,0.0,Closed
2026-08-26,0,RESPIRATORY CENTER,Respiratory Consultation,False,False,0.1999704074192417,0,0,1,1,0.0,0.0,0.0,0.0,Closed
2026-08-19,1,SPECIALITY CLINIC,Speciality Consultation,False,False,1.485598111095304,3,0,3,3,0.0,0.0,0.0,0.0,Closed
2026-08-19,2,SPECIALITY CLINIC,Speciality Consultation,False,False,0.6995732213313602,2,0,5,5,0.0,0.0,0.0,0.0,Closed
2026-08-19,3,SPECIALITY CLINIC,Speciality Consultation,False,False,0.7422505205566168,0,0,5,5,0.0,0.0,0.0,0.0,Closed
2026-08-19,4,SPECIALITY CLINIC,Speciality Consultation,False,False,0.9177795912852132,3,0,8,8,0.0,0.0,0.0,0.0,Closed
2026-08-19,5,SPECIALITY CLINIC,Speciality Consultation,False,False,1.7209246336022022,1,0,9,9,0.0,0.0,0.0,0.0,Closed
2026-08-19,6,SPECIALITY CLINIC,Speciality Consultation,False,False,3.204364604051399,6,0,15,15,0.0,0.0,0.0,0.0,Closed
2026-08-19,7,SPECIALITY CLINIC,Speciality Consultation,False,False,7.516690539074492,8,0,23,23,0.0,0.0,0.0,0.0,Closed
2026-08-19,8,SPECIALITY CLINIC,Speciality Consultation,False,True,11.05755263744981,13,12,24,24,257.9166666666667,415.0,12.0,108.33333333333331,Critical
2026-08-19,9,SPECIALITY CLINIC,Speciality Consultation,False,True,7.127009846427867,3,12,15,15,118.08333333333331,151.0,12.0,25.0,Critical
2026-08-19,10,SPECIALITY CLINIC,Speciality Consultation,False,True,3.677196168534802,3,12,6,6,97.25,106.0,12.0,25.0,Moderate
2026-08-19,11,SPECIALITY CLINIC,Speciality Consultation,False,True,2.3477722983086022,4,10,0,0,37.9,104.0,12.0,33.33333333333333,Low
2026-08-19,12,SPECIALITY CLINIC,Speciality Consultation,False,True,0.8994962597027233,0,0,0,0,0.0,0.0,12.0,0.0,Low
2026-08-19,13,SPECIALITY CLINIC,Speciality Consultation,False,True,0.4313202224915037,0,0,0,0,0.0,0.0,12.0,0.0,Low
2026-08-19,14,SPECIALITY CLINIC,Speciality Consultation,False,True,0.3869276098519771,0,0,0,0,0.0,0.0,12.0,0.0,Low
2026-08-19,15,SPECIALITY CLINIC,Speciality Consultation,False,True,0.291560704708224,0,0,0,0,0.0,0.0,12.0,0.0,Low
2026-08-19,16,SPECIALITY CLINIC,Speciality Consultation,False,True,0.2248880151618369,1,1,0,0,0.0,0.0,12.0,8.333333333333332,Low
2026-08-19,17,SPECIALITY CLINIC,Speciality Consultation,False,False,0.09546442476513,0,0,0,0,0.0,0.0,0.0,0.0,Closed
2026-08-19,18,SPECIALITY CLINIC,Speciality Consultation,False,False,0.09546442476513,0,0,0,0,0.0,0.0,0.0,0.0,Closed
2026-08-19,19,SPECIALITY CLINIC,Speciality Consultation,False,False,0.09546442476513,0,0,0,0,0.0,0.0,0.0,0.0,Closed
2026-08-19,20,SPECIALITY CLINIC,Speciality Consultation,False,False,0.09546442476513,0,0,0,0,0.0,0.0,0.0,0.0,Closed
2026-08-19,21,SPECIALITY CLINIC,Speciality Consultation,False,False,0.09546442476513,0,0,0,0,0.0,0.0,0.0,0.0,Closed
2026-08-19,22,SPECIALITY CLINIC,Speciality Consultation,False,False,0.09546442476513,0,0,0,0,0.0,0.0,0.0,0.0,Closed
2026-08-19,23,SPECIALITY CLINIC,Speciality Consultation,False,False,0.09546442476513,0,0,0,0,0.0,0.0,0.0,0.0,Closed
2026-08-20,0,SPECIALITY CLINIC,Speciality Consultation,False,False,0.6471461155088837,1,0,1,1,0.0,0.0,0.0,0.0,Closed
2026-08-20,1,SPECIALITY CLINIC,Speciality Consultation,False,False,0.6288960362363477,0,0,1,1,0.0,0.0,0.0,0.0,Closed
2026-08-20,2,SPECIALITY CLINIC,Speciality Consultation,False,False,0.6486638692471411,0,0,1,1,0.0,0.0,0.0,0.0,Closed
2026-08-20,3,SPECIALITY CLINIC,Speciality Consultation,False,False,0.8326809659007698,1,0,2,2,0.0,0.0,0.0,0.0,Closed
2026-08-20,4,SPECIALITY CLINIC,Speciality Consultation,False,False,0.972356968370478,1,0,3,3,0.0,0.0,0.0,0.0,Closed
2026-08-20,5,SPECIALITY CLINIC,Speciality Consultation,False,False,1.858508274802943,2,0,5,5,0.0,0.0,0.0,0.0,Closed
2026-08-20,6,SPECIALITY CLINIC,Speciality Consultation,False,False,4.407128809406639,3,0,8,8,0.0,0.0,0.0,0.0,Closed
2026-08-20,7,SPECIALITY CLINIC,Speciality Consultation,False,False,9.187225536091496,10,0,18,18,0.0,0.0,0.0,0.0,Closed
2026-08-20,8,SPECIALITY CLINIC,Speciality Consultation,False,True,17.193190439739467,20,12,26,26,159.91666666666666,477.0,12.0,166.66666666666669,Critical
2026-08-20,9,SPECIALITY CLINIC,Speciality Consultation,False,True,12.535464614922253,13,12,27,27,80.0,88.0,12.0,108.33333333333331,Critical
2026-08-20,10,SPECIALITY CLINIC,Speciality Consultation,False,True,6.472596169670543,8,12,23,23,104.0,113.0,12.0,66.66666666666666,Critical
2026-08-20,11,SPECIALITY CLINIC,Speciality Consultation,False,True,3.581870800145059,4,12,15,15,120.58333333333331,135.0,12.0,33.33333333333333,Critical
2026-08-20,12,SPECIALITY CLINIC,Speciality Consultation,False,True,1.85888534888898,3,12,6,6,110.75,125.0,12.0,25.0,Moderate
2026-08-20,13,SPECIALITY CLINIC,Speciality Consultation,False,True,0.5954580128717316,0,6,0,0,49.5,104.0,12.0,0.0,Low
2026-08-20,14,SPECIALITY CLINIC,Speciality Consultation,False,True,0.4087730155153677,0,0,0,0,0.0,0.0,12.0,0.0,Low
2026-08-20,15,SPECIALITY CLINIC,Speciality Consultation,False,True,0.2885990488986519,0,0,0,0,0.0,0.0,12.0,0.0,Low
2026-08-20,16,SPECIALITY CLINIC,Speciality Consultation,False,True,0.2316685789687589,1,1,0,0,0.0,0.0,12.0,8.333333333333332,Low
2026-08-20,17,SPECIALITY CLINIC,Speciality Consultation,False,False,0.102244988572052,0,0,0,0,0.0,0.0,0.0,0.0,Closed
2026-08-20,18,SPECIALITY CLINIC,Speciality Consultation,False,False,0.102244988572052,1,0,1,1,0.0,0.0,0.0,0.0,Closed
2026-08-20,19,SPECIALITY CLINIC,Speciality Consultation,False,False,0.102244988572052,0,0,1,1,0.0,0.0,0.0,0.0,Closed
2026-08-20,20,SPECIALITY CLINIC,Speciality Consultation,False,False,0.102244988572052,1,0,2,2,0.0,0.0,0.0,0.0,Closed
2026-08-20,21,SPECIALITY CLINIC,Speciality Consultation,False,False,0.102244988572052,0,0,2,2,0.0,0.0,0.0,0.0,Closed
2026-08-20,22,SPECIALITY CLINIC,Speciality Consultation,False,False,0.102244988572052,0,0,2,2,0.0,0.0,0.0,0.0,Closed
2026-08-20,23,SPECIALITY CLINIC,Speciality Consultation,False,False,0.102244988572052,1,0,3,3,0.0,0.0,0.0,0.0,Closed
2026-08-21,0,SPECIALITY CLINIC,Speciality Consultation,False,False,0.5009261137155752,2,0,5,5,0.0,0.0,0.0,0.0,Closed
2026-08-21,1,SPECIALITY CLINIC,Speciality Consultation,False,False,0.4826760344430391,1,0,6,6,0.0,0.0,0.0,0.0,Closed
2026-08-21,2,SPECIALITY CLINIC,Speciality Consultation,False,False,0.5014081549745155,0,0,6,6,0.0,0.0,0.0,0.0,Closed
2026-08-21,3,SPECIALITY CLINIC,Speciality Consultation,False,False,0.5014081549745155,0,0,6,6,0.0,0.0,0.0,0.0,Closed
2026-08-21,4,SPECIALITY CLINIC,Speciality Consultation,False,False,0.6051958401204891,1,0,7,7,0.0,0.0,0.0,0.0,Closed
2026-08-21,5,SPECIALITY CLINIC,Speciality Consultation,False,False,1.638786432180597,1,0,8,8,0.0,0.0,0.0,0.0,Closed
2026-08-21,6,SPECIALITY CLINIC,Speciality Consultation,False,False,3.426432172146892,2,0,10,10,0.0,0.0,0.0,0.0,Closed
2026-08-21,7,SPECIALITY CLINIC,Speciality Consultation,False,False,8.867986323799082,7,0,17,17,0.0,0.0,0.0,0.0,Closed
2026-08-21,8,SPECIALITY CLINIC,Speciality Consultation,False,True,18.07763504731698,18,12,23,23,346.4166666666667,803.0,12.0,150.0,Critical
2026-08-21,9,SPECIALITY CLINIC,Speciality Consultation,False,True,15.566351889052084,13,12,24,24,85.08333333333333,110.0,12.0,108.33333333333331,Critical
2026-08-21,10,SPECIALITY CLINIC,Speciality Consultation,False,True,7.750185781975277,10,12,22,22,92.16666666666669,105.0,12.0,83.33333333333334,Critical
2026-08-21,11,SPECIALITY CLINIC,Speciality Consultation,False,True,4.175064537818829,6,12,16,16,99.66666666666669,117.0,12.0,50.0,Critical
2026-08-21,12,SPECIALITY CLINIC,Speciality Consultation,False,True,2.187240816440588,3,12,7,7,100.5,119.0,12.0,25.0,Moderate
2026-08-21,13,SPECIALITY CLINIC,Speciality Consultation,False,True,0.7750816813867275,0,7,0,0,62.85714285714285,93.0,12.0,0.0,Low
2026-08-21,14,SPECIALITY CLINIC,Speciality Consultation,False,True,0.4066056039486919,1,1,0,0,0.0,0.0,12.0,8.333333333333332,Low
2026-08-21,15,SPECIALITY CLINIC,Speciality Consultation,False,True,0.2639408269664602,0,0,0,0,0.0,0.0,12.0,0.0,Low
2026-08-21,16,SPECIALITY CLINIC,Speciality Consultation,False,True,0.207010357036567,1,1,0,0,0.0,0.0,12.0,8.333333333333332,Low
2026-08-21,17,SPECIALITY CLINIC,Speciality Consultation,False,False,0.0775867666398604,0,0,0,0,0.0,0.0,0.0,0.0,Closed
2026-08-21,18,SPECIALITY CLINIC,Speciality Consultation,False,False,0.0775867666398604,0,0,0,0,0.0,0.0,0.0,0.0,Closed
2026-08-21,19,SPECIALITY CLINIC,Speciality Consultation,False,False,0.0775867666398604,0,0,0,0,0.0,0.0,0.0,0.0,Closed
2026-08-21,20,SPECIALITY CLINIC,Speciality Consultation,False,False,0.0775867666398604,0,0,0,0,0.0,0.0,0.0,0.0,Closed
2026-08-21,21,SPECIALITY CLINIC,Speciality Consultation,False,False,0.0775867666398604,0,0,0,0,0.0,0.0,0.0,0.0,Closed
2026-08-21,22,SPECIALITY CLINIC,Speciality Consultation,False,False,0.0775867666398604,0,0,0,0,0.0,0.0,0.0,0.0,Closed
2026-08-21,23,SPECIALITY CLINIC,Speciality Consultation,False,False,0.0775867666398604,0,0,0,0,0.0,0.0,0.0,0.0,Closed
2026-08-22,0,SPECIALITY CLINIC,Speciality Consultation,False,False,0.511461104964009,1,0,1,1,0.0,0.0,0.0,0.0,Closed
2026-08-22,1,SPECIALITY CLINIC,Speciality Consultation,False,False,0.4961519841356947,0,0,1,1,0.0,0.0,0.0,0.0,Closed
2026-08-22,2,SPECIALITY CLINIC,Speciality Consultation,False,False,0.4321540037045631,0,0,1,1,0.0,0.0,0.0,0.0,Closed
2026-08-22,3,SPECIALITY CLINIC,Speciality Consultation,False,False,0.4105488116092978,2,0,3,3,0.0,0.0,0.0,0.0,Closed
2026-08-22,4,SPECIALITY CLINIC,Speciality Consultation,False,False,0.3984922066569153,0,0,3,3,0.0,0.0,0.0,0.0,Closed
2026-08-22,5,SPECIALITY CLINIC,Speciality Consultation,False,False,0.4637924193870215,0,0,3,3,0.0,0.0,0.0,0.0,Closed
2026-08-22,6,SPECIALITY CLINIC,Speciality Consultation,False,False,1.1464399904938714,1,0,4,4,0.0,0.0,0.0,0.0,Closed
2026-08-22,7,SPECIALITY CLINIC,Speciality Consultation,False,False,2.661221584882083,2,0,6,6,0.0,0.0,0.0,0.0,Closed
2026-08-22,8,SPECIALITY CLINIC,Speciality Consultation,False,True,3.1936233567903383,2,8,0,0,155.125,463.0,12.0,16.666666666666664,Low
2026-08-22,9,SPECIALITY CLINIC,Speciality Consultation,False,True,2.467686872000934,6,6,0,0,0.0,0.0,12.0,50.0,Low
2026-08-22,10,SPECIALITY CLINIC,Speciality Consultation,False,True,1.1407212764037993,1,1,0,0,0.0,0.0,12.0,8.333333333333332,Low
2026-08-22,11,SPECIALITY CLINIC,Speciality Consultation,False,True,1.0868895098780729,1,1,0,0,0.0,0.0,12.0,8.333333333333332,Low
2026-08-22,12,SPECIALITY CLINIC,Speciality Consultation,False,True,0.299396597368605,0,0,0,0,0.0,0.0,12.0,0.0,Low
2026-08-22,13,SPECIALITY CLINIC,Speciality Consultation,False,True,0.1944003711296948,0,0,0,0,0.0,0.0,12.0,0.0,Low
2026-08-22,14,SPECIALITY CLINIC,Speciality Consultation,False,True,0.2041425907461889,0,0,0,0,0.0,0.0,12.0,0.0,Low
2026-08-22,15,SPECIALITY CLINIC,Speciality Consultation,False,True,0.140882909744114,0,0,0,0,0.0,0.0,12.0,0.0,Low
2026-08-22,16,SPECIALITY CLINIC,Speciality Consultation,False,True,0.1327083155818686,0,0,0,0,0.0,0.0,12.0,0.0,Low
2026-08-22,17,SPECIALITY CLINIC,Speciality Consultation,False,False,0.0889062629545897,0,0,0,0,0.0,0.0,0.0,0.0,Closed
2026-08-22,18,SPECIALITY CLINIC,Speciality Consultation,False,False,0.0889062629545897,0,0,0,0,0.0,0.0,0.0,0.0,Closed
2026-08-22,19,SPECIALITY CLINIC,Speciality Consultation,False,False,0.0889062629545897,0,0,0,0,0.0,0.0,0.0,0.0,Closed
2026-08-22,20,SPECIALITY CLINIC,Speciality Consultation,False,False,0.0889062629545897,0,0,0,0,0.0,0.0,0.0,0.0,Closed
2026-08-22,21,SPECIALITY CLINIC,Speciality Consultation,False,False,0.0889062629545897,1,0,1,1,0.0,0.0,0.0,0.0,Closed
2026-08-22,22,SPECIALITY CLINIC,Speciality Consultation,False,False,0.0889062629545897,0,0,1,1,0.0,0.0,0.0,0.0,Closed
2026-08-22,23,SPECIALITY CLINIC,Speciality Consultation,False,False,0.0889062629545897,0,0,1,1,0.0,0.0,0.0,0.0,Closed
2026-08-23,0,SPECIALITY CLINIC,Speciality Consultation,False,False,0.5099084477915361,0,0,1,1,0.0,0.0,0.0,0.0,Closed
2026-08-23,1,SPECIALITY CLINIC,Speciality Consultation,False,False,0.4945993269632218,1,0,2,2,0.0,0.0,0.0,0.0,Closed
2026-08-23,2,SPECIALITY CLINIC,Speciality Consultation,False,False,0.43060134653209,0,0,2,2,0.0,0.0,0.0,0.0,Closed
2026-08-23,3,SPECIALITY CLINIC,Speciality Consultation,False,False,0.4089961544368249,0,0,2,2,0.0,0.0,0.0,0.0,Closed
2026-08-23,4,SPECIALITY CLINIC,Speciality Consultation,False,False,0.3969395494844425,0,0,2,2,0.0,0.0,0.0,0.0,Closed
2026-08-23,5,SPECIALITY CLINIC,Speciality Consultation,False,False,0.4622397622145486,1,0,3,3,0.0,0.0,0.0,0.0,Closed
2026-08-23,6,SPECIALITY CLINIC,Speciality Consultation,False,False,1.1448873333213982,2,0,5,5,0.0,0.0,0.0,0.0,Closed
2026-08-23,7,SPECIALITY CLINIC,Speciality Consultation,False,False,2.6533344980313243,1,0,6,6,0.0,0.0,0.0,0.0,Closed
2026-08-23,8,SPECIALITY CLINIC,Speciality Consultation,False,True,3.166858283285072,6,12,0,0,119.16666666666669,652.0,12.0,50.0,Low
2026-08-23,9,SPECIALITY CLINIC,Speciality Consultation,False,True,2.4064561831988995,1,1,0,0,0.0,0.0,12.0,8.333333333333332,Low
2026-08-23,10,SPECIALITY CLINIC,Speciality Consultation,False,True,1.1120551618893408,0,0,0,0,0.0,0.0,12.0,0.0,Low
2026-08-23,11,SPECIALITY CLINIC,Speciality Consultation,False,True,1.066581162085631,1,1,0,0,0.0,0.0,12.0,8.333333333333332,Low
2026-08-23,12,SPECIALITY CLINIC,Speciality Consultation,False,True,0.2790882495761633,0,0,0,0,0.0,0.0,12.0,0.0,Low
2026-08-23,13,SPECIALITY CLINIC,Speciality Consultation,False,True,0.2025899335737161,0,0,0,0,0.0,0.0,12.0,0.0,Low
2026-08-23,14,SPECIALITY CLINIC,Speciality Consultation,False,True,0.2025899335737161,0,0,0,0,0.0,0.0,12.0,0.0,Low
2026-08-23,15,SPECIALITY CLINIC,Speciality Consultation,False,True,0.1393302525716413,0,0,0,0,0.0,0.0,12.0,0.0,Low
2026-08-23,16,SPECIALITY CLINIC,Speciality Consultation,False,True,0.1311556584093959,0,0,0,0,0.0,0.0,12.0,0.0,Low
2026-08-23,17,SPECIALITY CLINIC,Speciality Consultation,False,False,0.0875821036714057,1,0,1,1,0.0,0.0,0.0,0.0,Closed
2026-08-23,18,SPECIALITY CLINIC,Speciality Consultation,False,False,0.0875821036714057,0,0,1,1,0.0,0.0,0.0,0.0,Closed
2026-08-23,19,SPECIALITY CLINIC,Speciality Consultation,False,False,0.0875821036714057,0,0,1,1,0.0,0.0,0.0,0.0,Closed
2026-08-23,20,SPECIALITY CLINIC,Speciality Consultation,False,False,0.0875821036714057,0,0,1,1,0.0,0.0,0.0,0.0,Closed
2026-08-23,21,SPECIALITY CLINIC,Speciality Consultation,False,False,0.0875821036714057,0,0,1,1,0.0,0.0,0.0,0.0,Closed
2026-08-23,22,SPECIALITY CLINIC,Speciality Consultation,False,False,0.0875821036714057,0,0,1,1,0.0,0.0,0.0,0.0,Closed
2026-08-23,23,SPECIALITY CLINIC,Speciality Consultation,False,False,0.0875821036714057,0,0,1,1,0.0,0.0,0.0,0.0,Closed
2026-08-24,0,SPECIALITY CLINIC,Speciality Consultation,False,False,0.6577098179474872,0,0,1,1,0.0,0.0,0.0,0.0,Closed
2026-08-24,1,SPECIALITY CLINIC,Speciality Consultation,False,False,0.6282058619654203,2,0,3,3,0.0,0.0,0.0,0.0,Closed
2026-08-24,2,SPECIALITY CLINIC,Speciality Consultation,False,False,0.6560575780477392,0,0,3,3,0.0,0.0,0.0,0.0,Closed
2026-08-24,3,SPECIALITY CLINIC,Speciality Consultation,False,False,0.8400746747013679,0,0,3,3,0.0,0.0,0.0,0.0,Closed
2026-08-24,4,SPECIALITY CLINIC,Speciality Consultation,False,False,1.3896328289777409,0,0,3,3,0.0,0.0,0.0,0.0,Closed
2026-08-24,5,SPECIALITY CLINIC,Speciality Consultation,False,False,3.2610599782267697,7,0,10,10,0.0,0.0,0.0,0.0,Closed
2026-08-24,6,SPECIALITY CLINIC,Speciality Consultation,False,False,7.32886617983712,6,0,16,16,0.0,0.0,0.0,0.0,Closed
2026-08-24,7,SPECIALITY CLINIC,Speciality Consultation,False,False,13.572929426463226,13,0,29,29,0.0,0.0,0.0,0.0,Closed
2026-08-24,8,SPECIALITY CLINIC,Speciality Consultation,False,True,16.1074930835726,13,12,30,30,256.1666666666667,873.0,12.0,108.33333333333331,Critical
2026-08-24,9,SPECIALITY CLINIC,Speciality Consultation,False,True,14.110236475467776,11,12,29,29,129.66666666666666,153.0,12.0,91.66666666666666,Critical
2026-08-24,10,SPECIALITY CLINIC,Speciality Consultation,False,True,7.761691709576044,1,12,18,18,130.5,148.0,12.0,8.333333333333332,Critical
2026-08-24,11,SPECIALITY CLINIC,Speciality Consultation,False,True,4.5582555053579386,3,12,9,9,135.75,150.0,12.0,25.0,Moderate
2026-08-24,12,SPECIALITY CLINIC,Speciality Consultation,False,True,1.881341110529268,4,12,1,1,77.41666666666667,134.0,12.0,33.33333333333333,Moderate
2026-08-24,13,SPECIALITY CLINIC,Speciality Consultation,False,True,0.8270657486663857,1,2,0,0,16.5,33.0,12.0,8.333333333333332,Low
2026-08-24,14,SPECIALITY CLINIC,Speciality Consultation,False,True,0.4474623388946825,1,1,0,0,0.0,0.0,12.0,8.333333333333332,Low
2026-08-24,15,SPECIALITY CLINIC,Speciality Consultation,False,True,0.2939120608602504,0,0,0,0,0.0,0.0,12.0,0.0,Low
2026-08-24,16,SPECIALITY CLINIC,Speciality Consultation,False,True,0.2919192607167996,0,0,0,0,0.0,0.0,12.0,0.0,Low
2026-08-24,17,SPECIALITY CLINIC,Speciality Consultation,False,False,0.1075580005336503,0,0,0,0,0.0,0.0,0.0,0.0,Closed
2026-08-24,18,SPECIALITY CLINIC,Speciality Consultation,False,False,0.1075580005336503,0,0,0,0,0.0,0.0,0.0,0.0,Closed
2026-08-24,19,SPECIALITY CLINIC,Speciality Consultation,False,False,0.1075580005336503,1,0,1,1,0.0,0.0,0.0,0.0,Closed
2026-08-24,20,SPECIALITY CLINIC,Speciality Consultation,False,False,0.1075580005336503,0,0,1,1,0.0,0.0,0.0,0.0,Closed
2026-08-24,21,SPECIALITY CLINIC,Speciality Consultation,False,False,0.1075580005336503,0,0,1,1,0.0,0.0,0.0,0.0,Closed
2026-08-24,22,SPECIALITY CLINIC,Speciality Consultation,False,False,0.1075580005336503,0,0,1,1,0.0,0.0,0.0,0.0,Closed
2026-08-24,23,SPECIALITY CLINIC,Speciality Consultation,False,False,0.1075580005336503,0,0,1,1,0.0,0.0,0.0,0.0,Closed
2026-08-25,0,SPECIALITY CLINIC,Speciality Consultation,False,False,0.6382088738836595,0,0,1,1,0.0,0.0,0.0,0.0,Closed
2026-08-25,1,SPECIALITY CLINIC,Speciality Consultation,False,False,0.6095596315057211,0,0,1,1,0.0,0.0,0.0,0.0,Closed
2026-08-25,2,SPECIALITY CLINIC,Speciality Consultation,False,False,0.6293274645165146,0,0,1,1,0.0,0.0,0.0,0.0,Closed
2026-08-25,3,SPECIALITY CLINIC,Speciality Consultation,False,False,0.8133445611701432,2,0,3,3,0.0,0.0,0.0,0.0,Closed
2026-08-25,4,SPECIALITY CLINIC,Speciality Consultation,False,False,1.1042836250722814,1,0,4,4,0.0,0.0,0.0,0.0,Closed
2026-08-25,5,SPECIALITY CLINIC,Speciality Consultation,False,False,1.971139576891309,3,0,7,7,0.0,0.0,0.0,0.0,Closed
2026-08-25,6,SPECIALITY CLINIC,Speciality Consultation,False,False,4.011348276848152,3,0,10,10,0.0,0.0,0.0,0.0,Closed
2026-08-25,7,SPECIALITY CLINIC,Speciality Consultation,False,False,7.870805771668246,7,0,17,17,0.0,0.0,0.0,0.0,Closed
2026-08-25,8,SPECIALITY CLINIC,Speciality Consultation,False,True,13.535297783142726,13,12,18,18,212.75,750.0,12.0,108.33333333333331,Critical
2026-08-25,9,SPECIALITY CLINIC,Speciality Consultation,False,True,10.440930391164526,9,12,15,15,71.16666666666667,85.0,12.0,75.0,Critical
2026-08-25,10,SPECIALITY CLINIC,Speciality Consultation,False,True,4.695027739180579,9,12,12,12,74.83333333333333,86.0,12.0,75.0,Critical
2026-08-25,11,SPECIALITY CLINIC,Speciality Consultation,False,True,2.6367922759442783,1,12,1,1,61.91666666666666,88.0,12.0,8.333333333333332,Moderate
2026-08-25,12,SPECIALITY CLINIC,Speciality Consultation,False,True,1.312791337034247,1,2,0,0,8.5,17.0,12.0,8.333333333333332,Low
2026-08-25,13,SPECIALITY CLINIC,Speciality Consultation,False,True,0.5366759465937216,2,2,0,0,0.0,0.0,12.0,16.666666666666664,Low
2026-08-25,14,SPECIALITY CLINIC,Speciality Consultation,False,True,0.3895963699244389,0,0,0,0,0.0,0.0,12.0,0.0,Low
2026-08-25,15,SPECIALITY CLINIC,Speciality Consultation,False,True,0.2901809241460273,0,0,0,0,0.0,0.0,12.0,0.0,Low
2026-08-25,16,SPECIALITY CLINIC,Speciality Consultation,False,True,0.2235082345996402,0,0,0,0,0.0,0.0,12.0,0.0,Low
2026-08-25,17,SPECIALITY CLINIC,Speciality Consultation,False,False,0.0940846442029333,2,0,2,2,0.0,0.0,0.0,0.0,Closed
2026-08-25,18,SPECIALITY CLINIC,Speciality Consultation,False,False,0.0940846442029333,0,0,2,2,0.0,0.0,0.0,0.0,Closed
2026-08-25,19,SPECIALITY CLINIC,Speciality Consultation,False,False,0.0940846442029333,0,0,2,2,0.0,0.0,0.0,0.0,Closed
2026-08-25,20,SPECIALITY CLINIC,Speciality Consultation,False,False,0.0940846442029333,0,0,2,2,0.0,0.0,0.0,0.0,Closed
2026-08-25,21,SPECIALITY CLINIC,Speciality Consultation,False,False,0.0940846442029333,0,0,2,2,0.0,0.0,0.0,0.0,Closed
2026-08-25,22,SPECIALITY CLINIC,Speciality Consultation,False,False,0.0940846442029333,0,0,2,2,0.0,0.0,0.0,0.0,Closed
2026-08-25,23,SPECIALITY CLINIC,Speciality Consultation,False,False,0.0940846442029333,0,0,2,2,0.0,0.0,0.0,0.0,Closed
2026-08-26,0,SPECIALITY CLINIC,Speciality Consultation,False,False,0.636861677863235,0,0,2,2,0.0,0.0,0.0,0.0,Closed
2026-08-19,1,TELEMEDICINE,Telemedicine Consultation,False,False,0.0054990678675711,0,0,0,0,0.0,0.0,0.0,0.0,Closed
2026-08-19,2,TELEMEDICINE,Telemedicine Consultation,False,False,0.123249266416378,0,0,0,0,0.0,0.0,0.0,0.0,Closed
2026-08-19,3,TELEMEDICINE,Telemedicine Consultation,False,False,0.123249266416378,0,0,0,0,0.0,0.0,0.0,0.0,Closed
2026-08-19,4,TELEMEDICINE,Telemedicine Consultation,False,False,0.1254986686779763,0,0,0,0,0.0,0.0,0.0,0.0,Closed
2026-08-19,5,TELEMEDICINE,Telemedicine Consultation,False,False,0.1164447788863864,0,0,0,0,0.0,0.0,0.0,0.0,Closed
2026-08-19,6,TELEMEDICINE,Telemedicine Consultation,False,False,0.1988258675501219,1,0,1,1,0.0,0.0,0.0,0.0,Closed
2026-08-19,7,TELEMEDICINE,Telemedicine Consultation,False,False,0.2280713756857404,0,0,1,1,0.0,0.0,0.0,0.0,Closed
2026-08-19,8,TELEMEDICINE,Telemedicine Consultation,False,True,0.408012232272422,0,1,0,0,77.0,77.0,18.0,0.0,Low
2026-08-19,9,TELEMEDICINE,Telemedicine Consultation,False,True,0.4061069247061022,0,0,0,0,0.0,0.0,18.0,0.0,Low
2026-08-19,10,TELEMEDICINE,Telemedicine Consultation,False,True,0.2749457517632253,1,1,0,0,0.0,0.0,18.0,5.555555555555555,Low
2026-08-19,11,TELEMEDICINE,Telemedicine Consultation,False,True,0.2673965869912512,1,1,0,0,0.0,0.0,18.0,5.555555555555555,Low
2026-08-19,12,TELEMEDICINE,Telemedicine Consultation,False,True,0.2066899495143274,0,0,0,0,0.0,0.0,18.0,0.0,Low
2026-08-19,13,TELEMEDICINE,Telemedicine Consultation,False,True,0.204307802029331,0,0,0,0,0.0,0.0,18.0,0.0,Low
2026-08-19,14,TELEMEDICINE,Telemedicine Consultation,False,True,0.204307802029331,1,1,0,0,0.0,0.0,18.0,5.555555555555555,Low
2026-08-19,15,TELEMEDICINE,Telemedicine Consultation,False,True,0.2454608786035202,0,0,0,0,0.0,0.0,18.0,0.0,Low
2026-08-19,16,TELEMEDICINE,Telemedicine Consultation,False,True,0.2721118074823215,0,0,0,0,0.0,0.0,18.0,0.0,Low
2026-08-19,17,TELEMEDICINE,Telemedicine Consultation,False,False,0.1775203149929227,2,0,2,2,0.0,0.0,0.0,0.0,Closed
2026-08-19,18,TELEMEDICINE,Telemedicine Consultation,False,False,0.1720361135045799,0,0,2,2,0.0,0.0,0.0,0.0,Closed
2026-08-19,19,TELEMEDICINE,Telemedicine Consultation,False,False,0.1720361135045799,0,0,2,2,0.0,0.0,0.0,0.0,Closed
2026-08-19,20,TELEMEDICINE,Telemedicine Consultation,False,False,0.1720361135045799,0,0,2,2,0.0,0.0,0.0,0.0,Closed
2026-08-19,21,TELEMEDICINE,Telemedicine Consultation,False,False,0.170350033907908,0,0,2,2,0.0,0.0,0.0,0.0,Closed
2026-08-19,22,TELEMEDICINE,Telemedicine Consultation,False,False,0.170350033907908,0,0,2,2,0.0,0.0,0.0,0.0,Closed
2026-08-19,23,TELEMEDICINE,Telemedicine Consultation,False,False,0.170350033907908,1,0,3,3,0.0,0.0,0.0,0.0,Closed
2026-08-20,0,TELEMEDICINE,Telemedicine Consultation,False,False,0.259094634742833,0,0,3,3,0.0,0.0,0.0,0.0,Closed
2026-08-20,1,TELEMEDICINE,Telemedicine Consultation,False,False,0.2386516120849537,0,0,3,3,0.0,0.0,0.0,0.0,Closed
2026-08-20,2,TELEMEDICINE,Telemedicine Consultation,False,False,0.2061740752799926,0,0,3,3,0.0,0.0,0.0,0.0,Closed
2026-08-20,3,TELEMEDICINE,Telemedicine Consultation,False,False,0.1959305497030749,0,0,3,3,0.0,0.0,0.0,0.0,Closed
2026-08-20,4,TELEMEDICINE,Telemedicine Consultation,False,False,0.1981799519646732,0,0,3,3,0.0,0.0,0.0,0.0,Closed
2026-08-20,5,TELEMEDICINE,Telemedicine Consultation,False,False,0.1920402269314301,0,0,3,3,0.0,0.0,0.0,0.0,Closed
2026-08-20,6,TELEMEDICINE,Telemedicine Consultation,False,False,0.2640148126748876,0,0,3,3,0.0,0.0,0.0,0.0,Closed
2026-08-20,7,TELEMEDICINE,Telemedicine Consultation,False,False,0.3281355994149083,1,0,4,4,0.0,0.0,0.0,0.0,Closed
2026-08-20,8,TELEMEDICINE,Telemedicine Consultation,False,True,0.4161503258870882,0,4,0,0,567.0,889.0,18.0,0.0,Low
2026-08-20,9,TELEMEDICINE,Telemedicine Consultation,False,True,0.4142450183207685,2,2,0,0,0.0,0.0,18.0,11.11111111111111,Low
2026-08-20,10,TELEMEDICINE,Telemedicine Consultation,False,True,0.2676819866140654,0,0,0,0,0.0,0.0,18.0,0.0,Low
2026-08-20,11,TELEMEDICINE,Telemedicine Consultation,False,True,0.2655948113692358,0,0,0,0,0.0,0.0,18.0,0.0,Low
2026-08-20,12,TELEMEDICINE,Telemedicine Consultation,False,True,0.2048881738923121,0,0,0,0,0.0,0.0,18.0,0.0,Low
2026-08-20,13,TELEMEDICINE,Telemedicine Consultation,False,True,0.2025060264073157,0,0,0,0,0.0,0.0,18.0,0.0,Low
2026-08-20,14,TELEMEDICINE,Telemedicine Consultation,False,True,0.2025060264073157,0,0,0,0,0.0,0.0,18.0,0.0,Low
2026-08-20,15,TELEMEDICINE,Telemedicine Consultation,False,True,0.2436591029815049,0,0,0,0,0.0,0.0,18.0,0.0,Low
2026-08-20,16,TELEMEDICINE,Telemedicine Consultation,False,True,0.2703100318603064,0,0,0,0,0.0,0.0,18.0,0.0,Low
2026-08-20,17,TELEMEDICINE,Telemedicine Consultation,False,False,0.1752037445422679,0,0,0,0,0.0,0.0,0.0,0.0,Closed
2026-08-20,18,TELEMEDICINE,Telemedicine Consultation,False,False,0.1697195430539251,0,0,0,0,0.0,0.0,0.0,0.0,Closed
2026-08-20,19,TELEMEDICINE,Telemedicine Consultation,False,False,0.1697195430539251,0,0,0,0,0.0,0.0,0.0,0.0,Closed
2026-08-20,20,TELEMEDICINE,Telemedicine Consultation,False,False,0.1697195430539251,0,0,0,0,0.0,0.0,0.0,0.0,Closed
2026-08-20,21,TELEMEDICINE,Telemedicine Consultation,False,False,0.1680334634572532,0,0,0,0,0.0,0.0,0.0,0.0,Closed
2026-08-20,22,TELEMEDICINE,Telemedicine Consultation,False,False,0.1680334634572532,0,0,0,0,0.0,0.0,0.0,0.0,Closed
2026-08-20,23,TELEMEDICINE,Telemedicine Consultation,False,False,0.1680334634572532,0,0,0,0,0.0,0.0,0.0,0.0,Closed
2026-08-21,0,TELEMEDICINE,Telemedicine Consultation,False,False,0.2672129135535204,0,0,0,0,0.0,0.0,0.0,0.0,Closed
2026-08-21,1,TELEMEDICINE,Telemedicine Consultation,False,False,0.2467698908956412,0,0,0,0,0.0,0.0,0.0,0.0,Closed
2026-08-21,2,TELEMEDICINE,Telemedicine Consultation,False,False,0.21429235409068,0,0,0,0,0.0,0.0,0.0,0.0,Closed
2026-08-21,3,TELEMEDICINE,Telemedicine Consultation,False,False,0.2040488285137624,0,0,0,0,0.0,0.0,0.0,0.0,Closed
2026-08-21,4,TELEMEDICINE,Telemedicine Consultation,False,False,0.2062982307753607,0,0,0,0,0.0,0.0,0.0,0.0,Closed
2026-08-21,5,TELEMEDICINE,Telemedicine Consultation,False,False,0.1988834933904936,0,0,0,0,0.0,0.0,0.0,0.0,Closed
2026-08-21,6,TELEMEDICINE,Telemedicine Consultation,False,False,0.2708580791339513,0,0,0,0,0.0,0.0,0.0,0.0,Closed
2026-08-21,7,TELEMEDICINE,Telemedicine Consultation,False,False,0.3349788658739718,0,0,0,0,0.0,0.0,0.0,0.0,Closed
2026-08-21,8,TELEMEDICINE,Telemedicine Consultation,False,True,0.3909137147958165,0,0,0,0,0.0,0.0,18.0,0.0,Low
2026-08-21,9,TELEMEDICINE,Telemedicine Consultation,False,True,0.3890084072294967,0,0,0,0,0.0,0.0,18.0,0.0,Low
2026-08-21,10,TELEMEDICINE,Telemedicine Consultation,False,True,0.2616473110995562,1,1,0,0,0.0,0.0,18.0,5.555555555555555,Low
2026-08-21,11,TELEMEDICINE,Telemedicine Consultation,False,True,0.2595601358547266,0,0,0,0,0.0,0.0,18.0,0.0,Low
2026-08-21,12,TELEMEDICINE,Telemedicine Consultation,False,True,0.198853498377803,0,0,0,0,0.0,0.0,18.0,0.0,Low
2026-08-21,13,TELEMEDICINE,Telemedicine Consultation,False,True,0.1964713508928065,0,0,0,0,0.0,0.0,18.0,0.0,Low
2026-08-21,14,TELEMEDICINE,Telemedicine Consultation,False,True,0.1964713508928065,0,0,0,0,0.0,0.0,18.0,0.0,Low
2026-08-21,15,TELEMEDICINE,Telemedicine Consultation,False,True,0.2444613878845378,1,1,0,0,0.0,0.0,18.0,5.555555555555555,Low
2026-08-21,16,TELEMEDICINE,Telemedicine Consultation,False,True,0.2711123167633393,0,0,0,0,0.0,0.0,18.0,0.0,Low
2026-08-21,17,TELEMEDICINE,Telemedicine Consultation,False,False,0.1760060294453009,0,0,0,0,0.0,0.0,0.0,0.0,Closed
2026-08-21,18,TELEMEDICINE,Telemedicine Consultation,False,False,0.1705218279569581,0,0,0,0,0.0,0.0,0.0,0.0,Closed
2026-08-21,19,TELEMEDICINE,Telemedicine Consultation,False,False,0.1705218279569581,0,0,0,0,0.0,0.0,0.0,0.0,Closed
2026-08-21,20,TELEMEDICINE,Telemedicine Consultation,False,False,0.1705218279569581,0,0,0,0,0.0,0.0,0.0,0.0,Closed
2026-08-21,21,TELEMEDICINE,Telemedicine Consultation,False,False,0.1688357483602861,0,0,0,0,0.0,0.0,0.0,0.0,Closed
2026-08-21,22,TELEMEDICINE,Telemedicine Consultation,False,False,0.1688357483602861,0,0,0,0,0.0,0.0,0.0,0.0,Closed
2026-08-21,23,TELEMEDICINE,Telemedicine Consultation,False,False,0.1688357483602861,0,0,0,0,0.0,0.0,0.0,0.0,Closed
2026-08-22,0,TELEMEDICINE,Telemedicine Consultation,False,False,0.2780768397658233,0,0,0,0,0.0,0.0,0.0,0.0,Closed
2026-08-22,1,TELEMEDICINE,Telemedicine Consultation,False,False,0.2605747755521657,0,0,0,0,0.0,0.0,0.0,0.0,Closed
2026-08-22,2,TELEMEDICINE,Telemedicine Consultation,False,False,0.1760251936921308,0,0,0,0,0.0,0.0,0.0,0.0,Closed
2026-08-22,3,TELEMEDICINE,Telemedicine Consultation,False,False,0.1441764760199483,0,0,0,0,0.0,0.0,0.0,0.0,Closed
2026-08-22,4,TELEMEDICINE,Telemedicine Consultation,False,False,0.1464258782815468,0,0,0,0,0.0,0.0,0.0,0.0,Closed
2026-08-22,5,TELEMEDICINE,Telemedicine Consultation,False,False,0.1035862481991458,0,0,0,0,0.0,0.0,0.0,0.0,Closed
2026-08-22,6,TELEMEDICINE,Telemedicine Consultation,False,False,0.1775658341936602,0,0,0,0,0.0,0.0,0.0,0.0,Closed
2026-08-22,7,TELEMEDICINE,Telemedicine Consultation,False,False,0.2416866209336809,0,0,0,0,0.0,0.0,0.0,0.0,Closed
2026-08-22,8,TELEMEDICINE,Telemedicine Consultation,False,True,0.2732601695065981,0,0,0,0,0.0,0.0,18.0,0.0,Low
2026-08-22,9,TELEMEDICINE,Telemedicine Consultation,False,True,0.2716686798970337,0,0,0,0,0.0,0.0,18.0,0.0,Low
2026-08-22,10,TELEMEDICINE,Telemedicine Consultation,False,True,0.2113811133185475,2,2,0,0,0.0,0.0,18.0,11.11111111111111,Low
2026-08-22,11,TELEMEDICINE,Telemedicine Consultation,False,True,0.209293938073718,1,1,0,0,0.0,0.0,18.0,5.555555555555555,Low
2026-08-22,12,TELEMEDICINE,Telemedicine Consultation,False,True,0.1587602566807493,0,0,0,0,0.0,0.0,18.0,0.0,Low
2026-08-22,13,TELEMEDICINE,Telemedicine Consultation,False,True,0.1675650720724205,0,0,0,0,0.0,0.0,18.0,0.0,Low
2026-08-22,14,TELEMEDICINE,Telemedicine Consultation,False,True,0.1675650720724205,0,0,0,0,0.0,0.0,18.0,0.0,Low
2026-08-22,15,TELEMEDICINE,Telemedicine Consultation,False,True,0.1593306394663926,1,1,0,0,0.0,0.0,18.0,5.555555555555555,Low
2026-08-22,16,TELEMEDICINE,Telemedicine Consultation,False,True,0.1523056316023603,0,0,0,0,0.0,0.0,18.0,0.0,Low
2026-08-22,17,TELEMEDICINE,Telemedicine Consultation,False,False,0.17184353355801,0,0,0,0,0.0,0.0,0.0,0.0,Closed
2026-08-22,18,TELEMEDICINE,Telemedicine Consultation,False,False,0.157717783419223,0,0,0,0,0.0,0.0,0.0,0.0,Closed
2026-08-22,19,TELEMEDICINE,Telemedicine Consultation,False,False,0.157717783419223,0,0,0,0,0.0,0.0,0.0,0.0,Closed
2026-08-22,20,TELEMEDICINE,Telemedicine Consultation,False,False,0.157717783419223,1,0,1,1,0.0,0.0,0.0,0.0,Closed
2026-08-22,21,TELEMEDICINE,Telemedicine Consultation,False,False,0.156031703822551,0,0,1,1,0.0,0.0,0.0,0.0,Closed
2026-08-22,22,TELEMEDICINE,Telemedicine Consultation,False,False,0.156031703822551,0,0,1,1,0.0,0.0,0.0,0.0,Closed
2026-08-22,23,TELEMEDICINE,Telemedicine Consultation,False,False,0.156031703822551,0,0,1,1,0.0,0.0,0.0,0.0,Closed
2026-08-23,0,TELEMEDICINE,Telemedicine Consultation,False,False,0.2765241825933504,0,0,1,1,0.0,0.0,0.0,0.0,Closed
2026-08-23,1,TELEMEDICINE,Telemedicine Consultation,False,False,0.2590221183796929,0,0,1,1,0.0,0.0,0.0,0.0,Closed
2026-08-23,2,TELEMEDICINE,Telemedicine Consultation,False,False,0.1744725365196581,0,0,1,1,0.0,0.0,0.0,0.0,Closed
2026-08-23,3,TELEMEDICINE,Telemedicine Consultation,False,False,0.1426238188474755,0,0,1,1,0.0,0.0,0.0,0.0,Closed
2026-08-23,4,TELEMEDICINE,Telemedicine Consultation,False,False,0.1448732211090739,0,0,1,1,0.0,0.0,0.0,0.0,Closed
2026-08-23,5,TELEMEDICINE,Telemedicine Consultation,False,False,0.102033591026673,0,0,1,1,0.0,0.0,0.0,0.0,Closed
2026-08-23,6,TELEMEDICINE,Telemedicine Consultation,False,False,0.1760131770211874,0,0,1,1,0.0,0.0,0.0,0.0,Closed
2026-08-23,7,TELEMEDICINE,Telemedicine Consultation,False,False,0.2401339637612082,0,0,1,1,0.0,0.0,0.0,0.0,Closed
2026-08-23,8,TELEMEDICINE,Telemedicine Consultation,False,True,0.2717075123341254,0,1,0,0,691.0,691.0,18.0,0.0,Low
2026-08-23,9,TELEMEDICINE,Telemedicine Consultation,False,True,0.270116022724561,0,0,0,0,0.0,0.0,18.0,0.0,Low
2026-08-23,10,TELEMEDICINE,Telemedicine Consultation,False,True,0.2098284561460747,1,1,0,0,0.0,0.0,18.0,5.555555555555555,Low
2026-08-23,11,TELEMEDICINE,Telemedicine Consultation,False,True,0.2077412809012452,0,0,0,0,0.0,0.0,18.0,0.0,Low
2026-08-23,12,TELEMEDICINE,Telemedicine Consultation,False,True,0.1572075995082765,0,0,0,0,0.0,0.0,18.0,0.0,Low
2026-08-23,13,TELEMEDICINE,Telemedicine Consultation,False,True,0.1660124148999477,0,0,0,0,0.0,0.0,18.0,0.0,Low
2026-08-23,14,TELEMEDICINE,Telemedicine Consultation,False,True,0.1660124148999477,1,1,0,0,0.0,0.0,18.0,5.555555555555555,Low
2026-08-23,15,TELEMEDICINE,Telemedicine Consultation,False,True,0.1577779822939198,0,0,0,0,0.0,0.0,18.0,0.0,Low
2026-08-23,16,TELEMEDICINE,Telemedicine Consultation,False,True,0.1507529744298875,0,0,0,0,0.0,0.0,18.0,0.0,Low
2026-08-23,17,TELEMEDICINE,Telemedicine Consultation,False,False,0.170519374274826,0,0,0,0,0.0,0.0,0.0,0.0,Closed
2026-08-23,18,TELEMEDICINE,Telemedicine Consultation,False,False,0.156393624136039,1,0,1,1,0.0,0.0,0.0,0.0,Closed
2026-08-23,19,TELEMEDICINE,Telemedicine Consultation,False,False,0.156393624136039,0,0,1,1,0.0,0.0,0.0,0.0,Closed
2026-08-23,20,TELEMEDICINE,Telemedicine Consultation,False,False,0.156393624136039,0,0,1,1,0.0,0.0,0.0,0.0,Closed
2026-08-23,21,TELEMEDICINE,Telemedicine Consultation,False,False,0.154707544539367,0,0,1,1,0.0,0.0,0.0,0.0,Closed
2026-08-23,22,TELEMEDICINE,Telemedicine Consultation,False,False,0.154707544539367,0,0,1,1,0.0,0.0,0.0,0.0,Closed
2026-08-23,23,TELEMEDICINE,Telemedicine Consultation,False,False,0.154707544539367,0,0,1,1,0.0,0.0,0.0,0.0,Closed
2026-08-24,0,TELEMEDICINE,Telemedicine Consultation,False,False,0.1332674153533897,0,0,1,1,0.0,0.0,0.0,0.0,Closed
2026-08-24,1,TELEMEDICINE,Telemedicine Consultation,False,False,0.0970574398625251,0,0,1,1,0.0,0.0,0.0,0.0,Closed
2026-08-24,2,TELEMEDICINE,Telemedicine Consultation,False,False,0.0694730283140076,0,0,1,1,0.0,0.0,0.0,0.0,Closed
2026-08-24,3,TELEMEDICINE,Telemedicine Consultation,False,False,0.0694730283140076,0,0,1,1,0.0,0.0,0.0,0.0,Closed
2026-08-24,4,TELEMEDICINE,Telemedicine Consultation,False,False,0.0717224305756058,0,0,1,1,0.0,0.0,0.0,0.0,Closed
2026-08-24,5,TELEMEDICINE,Telemedicine Consultation,False,False,0.1166485501417593,0,0,1,1,0.0,0.0,0.0,0.0,Closed
2026-08-24,6,TELEMEDICINE,Telemedicine Consultation,False,False,0.1990296388054948,0,0,1,1,0.0,0.0,0.0,0.0,Closed
2026-08-24,7,TELEMEDICINE,Telemedicine Consultation,False,False,0.228275146941113,0,0,1,1,0.0,0.0,0.0,0.0,Closed
2026-08-24,8,TELEMEDICINE,Telemedicine Consultation,False,True,0.4081548990628757,0,1,0,0,794.0,794.0,18.0,0.0,Low
2026-08-24,9,TELEMEDICINE,Telemedicine Consultation,False,True,0.406249591496556,1,1,0,0,0.0,0.0,18.0,5.555555555555555,Low
2026-08-24,10,TELEMEDICINE,Telemedicine Consultation,False,True,0.3016047883699067,1,1,0,0,0.0,0.0,18.0,5.555555555555555,Low
2026-08-24,11,TELEMEDICINE,Telemedicine Consultation,False,True,0.2511717393591569,0,0,0,0,0.0,0.0,18.0,0.0,Low
2026-08-24,12,TELEMEDICINE,Telemedicine Consultation,False,True,0.1904651018822336,0,0,0,0,0.0,0.0,18.0,0.0,Low
2026-08-24,13,TELEMEDICINE,Telemedicine Consultation,False,True,0.1890036186707535,0,0,0,0,0.0,0.0,18.0,0.0,Low
2026-08-24,14,TELEMEDICINE,Telemedicine Consultation,False,True,0.1890036186707535,1,1,0,0,0.0,0.0,18.0,5.555555555555555,Low
2026-08-24,15,TELEMEDICINE,Telemedicine Consultation,False,True,0.2301566952449427,1,1,0,0,0.0,0.0,18.0,5.555555555555555,Low
2026-08-24,16,TELEMEDICINE,Telemedicine Consultation,False,True,0.2568076241237443,0,0,0,0,0.0,0.0,18.0,0.0,Low
2026-08-24,17,TELEMEDICINE,Telemedicine Consultation,False,False,0.1622161316343453,0,0,0,0,0.0,0.0,0.0,0.0,Closed
2026-08-24,18,TELEMEDICINE,Telemedicine Consultation,False,False,0.1567319301460025,1,0,1,1,0.0,0.0,0.0,0.0,Closed
2026-08-24,19,TELEMEDICINE,Telemedicine Consultation,False,False,0.1567319301460025,0,0,1,1,0.0,0.0,0.0,0.0,Closed
2026-08-24,20,TELEMEDICINE,Telemedicine Consultation,False,False,0.1567319301460025,2,0,3,3,0.0,0.0,0.0,0.0,Closed
2026-08-24,21,TELEMEDICINE,Telemedicine Consultation,False,False,0.1550458505493306,1,0,4,4,0.0,0.0,0.0,0.0,Closed
2026-08-24,22,TELEMEDICINE,Telemedicine Consultation,False,False,0.1550458505493306,0,0,4,4,0.0,0.0,0.0,0.0,Closed
2026-08-24,23,TELEMEDICINE,Telemedicine Consultation,False,False,0.1550458505493306,0,0,4,4,0.0,0.0,0.0,0.0,Closed
2026-08-25,0,TELEMEDICINE,Telemedicine Consultation,False,False,0.1895339703462722,0,0,4,4,0.0,0.0,0.0,0.0,Closed
2026-08-25,1,TELEMEDICINE,Telemedicine Consultation,False,False,0.1645614778865285,0,0,4,4,0.0,0.0,0.0,0.0,Closed
2026-08-25,2,TELEMEDICINE,Telemedicine Consultation,False,False,0.1288931832664854,0,0,4,4,0.0,0.0,0.0,0.0,Closed
2026-08-25,3,TELEMEDICINE,Telemedicine Consultation,False,False,0.1288931832664854,0,0,4,4,0.0,0.0,0.0,0.0,Closed
2026-08-25,4,TELEMEDICINE,Telemedicine Consultation,False,False,0.1311425855280837,0,0,4,4,0.0,0.0,0.0,0.0,Closed
2026-08-25,5,TELEMEDICINE,Telemedicine Consultation,False,False,0.1220886957364938,1,0,5,5,0.0,0.0,0.0,0.0,Closed
2026-08-25,6,TELEMEDICINE,Telemedicine Consultation,False,False,0.2044697844002293,1,0,6,6,0.0,0.0,0.0,0.0,Closed
2026-08-25,7,TELEMEDICINE,Telemedicine Consultation,False,False,0.2337152925358474,0,0,6,6,0.0,0.0,0.0,0.0,Closed
2026-08-25,8,TELEMEDICINE,Telemedicine Consultation,False,True,0.3631010921938923,0,6,0,0,516.0,809.0,18.0,0.0,Low
2026-08-25,9,TELEMEDICINE,Telemedicine Consultation,False,True,0.3611957846275725,1,1,0,0,0.0,0.0,18.0,5.555555555555555,Low
2026-08-25,10,TELEMEDICINE,Telemedicine Consultation,False,True,0.2565509815009232,1,1,0,0,0.0,0.0,18.0,5.555555555555555,Low
2026-08-25,11,TELEMEDICINE,Telemedicine Consultation,False,True,0.2490018167289489,0,0,0,0,0.0,0.0,18.0,0.0,Low
2026-08-25,12,TELEMEDICINE,Telemedicine Consultation,False,True,0.1882951792520255,0,0,0,0,0.0,0.0,18.0,0.0,Low
2026-08-25,13,TELEMEDICINE,Telemedicine Consultation,False,True,0.185913031767029,0,0,0,0,0.0,0.0,18.0,0.0,Low
2026-08-25,14,TELEMEDICINE,Telemedicine Consultation,False,True,0.185913031767029,0,0,0,0,0.0,0.0,18.0,0.0,Low
2026-08-25,15,TELEMEDICINE,Telemedicine Consultation,False,True,0.2270661083412183,0,0,0,0,0.0,0.0,18.0,0.0,Low
2026-08-25,16,TELEMEDICINE,Telemedicine Consultation,False,True,0.2537170372200196,0,0,0,0,0.0,0.0,18.0,0.0,Low
2026-08-25,17,TELEMEDICINE,Telemedicine Consultation,False,False,0.1591255447306208,0,0,0,0,0.0,0.0,0.0,0.0,Closed
2026-08-25,18,TELEMEDICINE,Telemedicine Consultation,False,False,0.153641343242278,0,0,0,0,0.0,0.0,0.0,0.0,Closed
2026-08-25,19,TELEMEDICINE,Telemedicine Consultation,False,False,0.153641343242278,0,0,0,0,0.0,0.0,0.0,0.0,Closed
2026-08-25,20,TELEMEDICINE,Telemedicine Consultation,False,False,0.153641343242278,0,0,0,0,0.0,0.0,0.0,0.0,Closed
2026-08-25,21,TELEMEDICINE,Telemedicine Consultation,False,False,0.1519552636456061,0,0,0,0,0.0,0.0,0.0,0.0,Closed
2026-08-25,22,TELEMEDICINE,Telemedicine Consultation,False,False,0.1519552636456061,0,0,0,0,0.0,0.0,0.0,0.0,Closed
2026-08-25,23,TELEMEDICINE,Telemedicine Consultation,False,False,0.1519552636456061,0,0,0,0,0.0,0.0,0.0,0.0,Closed
2026-08-26,0,TELEMEDICINE,Telemedicine Consultation,False,False,0.1826002252188278,0,0,0,0,0.0,0.0,0.0,0.0,Closed
